﻿"index","news_title","prov_cde"
"2000.1.2","欢乐  文明  节俭  祥和  湖南要求两节加强廉政建设",43
"2000.1.2","长沙：庄严的成人宣誓",43
"2000.1.3","加大投入  强化管理  集中整顿  怀化切实加强基层党建",43
"2000.1.3","长沙：交警编织市民欢乐",43
"2000.1.4","湖南农业稳步发展农民增收  总产值同比增长3．4％  农民人均纯收入同比增长5．6％",43
"2000.1.6","湖南冬修水利再掀高潮",43
"2000.1.6","长沙市公安局依靠科技强警",43
"2000.1.7","加强监督  严格执法  长沙审计出一批“蛀虫”",43
"2000.1.8","蚌埠市一“法轮功”练习者  走火入魔吃人肉",43
"2000.1.9","张家界境车匪劫道　中巴司机听之任之",43
"2000.1.10","湖南金健公司为贫困地区赠订人民日报",43
"2000.1.13","完善培训网络  建立示范基地  怀化农业科技唱主角",43
"2000.1.14","常德大力发展品牌农业",43
"2000.1.14","湖南推进农村改厕　三成农户受益",43
"2000.1.17","开辟多种渠道  坚持送书下乡　湖南新华书店社会经济效益双丰收",43
"2000.1.18","中国金鹰电视艺术节将落户长沙",43
"2000.1.20","株洲国有企业重人才",43
"2000.1.20","十二部门联手推进　湖南拉开“三下乡”活动帷幕",43
"2000.1.23","转换经营机制  调整布局结构　湖南国企实现赢利",43
"2000.1.26","钱其琛会见郭炳湘一行",43
"2000.1.27","湖南：灾区群众过年有保障",43
"2000.1.27","解放军报等慰问赣湘红军老战士",43
"2000.1.31","首届“萧克教育奖”在郴州颁奖",43
"2000.2.1","谁进假货谁赔偿  长沙让无假货商店遍地开花",43
"2000.2.2","湖南：拨款帮助困难群众",43
"2000.2.2","重庆湖南党政领导慰问困难群众",43
"2000.2.3","本上记民情  心中装百姓——湖南衡阳市干部记“民情日记”为群众办实事",43
"2000.2.4","长沙净化春节文化市场",43
"2000.2.5","依靠科技  社会参与　湖南去年62万人脱贫",43
"2000.2.6","湖南：寻常百姓酒家过年",43
"2000.2.7","湖南确保城镇特困居民过好春节",43
"2000.2.9","政策扶持  建设基地　湖南高新技术产业成经济新增长点",43
"2000.2.11","湖南粮企去年减亏近20亿元　经营管理费用减幅达42．3％",43
"2000.2.14","一地一色 一县一业 一乡一品　永州培育农业支柱产业",43
"2000.2.16","湖南粮农联手加速优化湘米　淮北农业经济实现“链式效应”",43
"2000.2.16","突出特色  注重实效——湖南人大地方立法工作剪影",43
"2000.2.17","落实计划  调运良种  开展培训　湖南围绕农业结构调整扎实备耕",43
"2000.2.17","湖南邵阳市——药品销售牟暴利  百姓治病添负担",43
"2000.2.21","常德努力调整农产品品种结构",43
"2000.2.25","湖南：调整结构备耕早　江西：科教兴农涌春潮",43
"2000.2.25","衡阳城北公安分局强化队伍建设",43
"2000.3.2","中国散打王争霸赛本月推出　湖南卫视独家直播比赛",43
"2000.3.7","朱镕基参加湖南代表团审议时强调　调整农业结构  增加农民收入",43
"2000.3.10","把教育干部工作做细做实——访全国人大代表、湖南省委书记杨正午",43
"2000.3.13","创建促文明  文明促繁荣  繁荣出效益——关于南京市湖南路创建全国“百城万店无假货”活动示范街的调查",43
"2000.3.13","建行成为湘财证券主办行",43
"2000.3.14","廉政当先——记湖南省宁乡县电信局局长钟建沩",43
"2000.3.15","重视湘西生态建设",43
"2000.3.22","紧跟时代  常抓不懈  注重实效　长沙以学雷锋推动思想政治工作",43
"2000.3.24","湖南清理超面积建房　清退出1.7万套住房",43
"2000.3.25","湖南卫视领衔直播散打王争霸赛",43
"2000.3.25","女摄影家和《湘西的心灵》",43
"2000.3.26","湖南：调整农产品结构",43
"2000.3.27","医学创新惠万家——记湖南医科大学附属第二医院",43
"2000.3.27","3Com营建湖南省医疗保险信息网络",43
"2000.4.4","湖南研制出数字指纹识别系统",43
"2000.4.6","衡阳发现保持完好的明代女尸",43
"2000.4.15","夏昕，湖南人，干部——“三不懂”",43
"2000.4.16","湘鄂为西藏山南培养人才",43
"2000.4.18","吴邦国在江西湖南考察时指出  调整结构强化管理为国有企业跨世纪发展奠定基础",43
"2000.4.25","长沙政府采购封住资金“滴漏”",43
"2000.5.1","中南大学在湘成立",43
"2000.5.2","湖南农技推广体系促进科教兴农  全省科技进步对农业经济增长贡献率达43％",43
"2000.5.5","以师为本——湖南师大师资队伍建设纪事",43
"2000.5.7","“湘计算机”大举进军软件领域",43
"2000.5.10","全国男子举重赛  湖南队首日夺四金",43
"2000.5.14","湖南千年岳州窑亟待保护",43
"2000.5.14","携手保护长江生命之河  湖南青山湖实施湿地恢复工程",43
"2000.5.15","聘用人员竞争上岗　分流人员妥善安排  湖南为乡镇机构“消肿”",43
"2000.5.23","永州立足区位优势发展特色农业",43
"2000.5.23","攥紧五指出重拳——湖南农业结构调整追踪",43
"2000.5.24","武警怀化市支队提拔干部先过战士关",43
"2000.5.24","岳阳巡警注重健身强警",43
"2000.5.25","拆隔心墙  架连心桥——湖南慈利县分析如何密切农村党群干群关系",43
"2000.5.26","“电视湘军”结缘散打王争霸赛前后",43
"2000.5.28","北京长沙展演优秀儿童剧目",43
"2000.5.30","湖南省委扎实整改扩大“三讲”成果",43
"2000.5.30","湖南消防总队靠科技灭火防灾",43
"2000.5.31","衡阳科技强市初见成效",43
"2000.6.1","发展主导产业  建设市场体系　湖南推进农业产业化经营",43
"2000.6.1","湘潭采取措施　让擦鞋少年回校读书",43
"2000.6.5","一封来信起波澜　困难企业有希望——访湘潭市调速电机厂",43
"2000.6.6","郴州森林覆盖近六成",43
"2000.6.11","“全国儿童剧优秀剧目展演”在长沙举行",43
"2000.6.13","新产业带来新活力——长沙高新技术产业发展纪实",43
"2000.6.21","重塑人格——记湖南省新开铺劳教所的TC戒毒模式",43
"2000.6.29","中国体育用品博览会将在长沙举行　展台首次设于室内商业广场",43
"2000.6.30","多功能联名卡　在长沙面世",43
"2000.7.4","衡阳蒸水河特大桥顶推成功",43
"2000.7.9","湖南株洲钟鼓岭市场不和谐一幕　执法怎能不依法",43
"2000.7.11","教育部就湖南郴州嘉禾一中考场混乱问题强调　严查舞弊案件  维护招生秩序",43
"2000.7.13","决心重现“八百里洞庭”浩荡气势　湖南再造洞庭湖区经济生态优势",43
"2000.7.14","湖南查处嘉禾高考舞弊案",43
"2000.7.17","邵阳楠竹强市",43
"2000.7.19","张家界规模开发传统菜",43
"2000.7.23","百姓忧乐最关情——湖南省岳阳市乡镇干部转变作风纪事",43
"2000.7.24","武警湖南总队医院建立为兵服务回访机制",43
"2000.7.24","用其所长  发挥作用——江苏湖南广东培养使用党外干部述评",43
"2000.7.26","实践“三个代表”的战斗堡垒——来自长沙县印山村的报告",43
"2000.7.28","岳阳电业局依靠管理拓市场",43
"2000.8.2","湖南　不论官司谁输赢  都是法律的胜利",43
"2000.8.3","法盲“眼红”  害人害己——衡阳一位下岗工人回乡承包荒山的遭遇",43
"2000.8.3","变相搞传销  蒙亲又骗友——非法传销在怀化市沉渣泛起",43
"2000.8.8","“国人”兵败“岳阳楼”——湖南岳阳为什么难容外地啤酒",43
"2000.8.16","认真落实人大代表议案　邵阳市治理城市“脏乱差”",43
"2000.8.17","武警湖南总队医院提高青年思想业务素质",43
"2000.8.20","岳阳纸业集团投资造林　江心堤垸今成纸材基地",43
"2000.8.23","家庭暴力有法治你——湖南省出台预防和制止家庭暴力决议",43
"2000.8.23","株洲公安后勤保障有力",43
"2000.8.24","邵阳市人事局致函本报表示　接受批评改进工作",43
"2000.8.25","湖南党委一把手负责  四川规范秩序保重点",43
"2000.8.26","胡志刚，湖南株洲，职工——答案欠准确",43
"2000.8.27","长沙无偿收回252亩闲置土地",43
"2000.8.30","把思想工作做到农民心坎上——记江苏常熟市蒋巷村党支部书记常德盛",43
"2000.8.30","减轻负担与特色教学并举   湖南湘乡一中创建新课程体系",43
"2000.9.8","满意的服务引来顾客盈门　南京湖南路商业街文明建设出效益",43
"2000.9.11","湘财证券为高校教师过节",43
"2000.9.14","微机联锁信号系统在长沙运行",43
"2000.9.14","郴州市：给三峡移民一个温暖的家",43
"2000.9.18","郴州举办生态旅游节",43
"2000.9.21","常德“九·一”特大持枪杀人抢劫运钞车案告破",43
"2000.9.26","张家界武陵源区围绕旅游抓整改",43
"2000.10.8","湘黔又添新通道",43
"2000.10.8","本报群工部和郴州市委宣传部联合举办　“郴州杯头条竞赛”　征文启事",43
"2000.10.9","常德“九·一”大案　最后一名主要犯罪嫌疑人落网",43
"2000.10.9","武警湖南总队任用干部“五坚持”",43
"2000.10.10","衡阳圆了燃气梦",43
"2000.10.12","本报群工部、郴州山河集团联合举办　“‘山河杯’《社会聚焦》摄影比赛”启事",43
"2000.10.14","湘乡树人中学健身强校促发展",43
"2000.10.14","大江波涌下洞庭——走近电视湘军",43
"2000.10.15","本报群工部和郴州市委宣传部联合举办　“郴州杯头条竞赛”　征文启事",43
"2000.10.16","五百万“湘军”闯市场",43
"2000.10.19","本报群工部、郴州山河集团联合举办““山河杯”《社会聚焦》摄影比赛”启事",43
"2000.10.22","益阳公路施工环境混乱",43
"2000.10.27","金钥匙助学贷款火爆长沙",43
"2000.10.29","中国邵阳峎山旅游节举行",43
"2000.10.31","均分利息岂能“丢官”了事　湖南桃江县检察院深挖腐败案件",43
"2000.11.3","突破补肾壮阳定势  疏肝益阳胶囊获国家新药证书",43
"2000.11.5","湖南工商局两贪官被判死缓",43
"2000.11.6","怀化客运段争创进京文明列车",43
"2000.11.9","邵阳　变“三要”为“三送”",43
"2000.11.9","郴州市走可持续发展之路——保护自然资源　开发生态旅游",43
"2000.11.12","微雕作品《岳阳楼记》成世界之最",43
"2000.11.13","机制促管理  管理出效益  湘乡重视教育管理体制改革",43
"2000.11.15","园区孵化  市场开花  长沙呈现院士创业群新亮点",43
"2000.11.15","岳麓山下的思考——长沙体育用品博览会观感",43
"2000.11.18","首次以个人冠名　沈湘国际声乐比赛引人瞩目",43
"2000.11.19","情满三湘——湖南省干部转变作风纪实",43
"2000.11.19","湖南祁东县　干部离任审计流于形式",43
"2000.11.19","湖南人口普查工作稳妥扎实　某些媒体“漏登千万人”的传闻不实",43
"2000.11.20","湖南前十月进出口二十亿美元",43
"2000.11.21","湖南掀起冬修水利建设高潮　已出动劳力535万　投入资金14．13亿元",43
"2000.11.23","湖南　建青少年自我保护训练中心",43
"2000.11.24","抓好农技普及  推进科教兴农   湘潭实施“绿色培训工程”",43
"2000.11.26","娄底车站盗货猖獗",43
"2000.11.29","湘乡东山学校素质教育结硕果",43
"2000.11.29","“委员不满意，公安继续改”——湖南省双峰县公安局对人大常委会评议意见整改纪实",43
"2000.12.1","武警湖南总队退伍战士致富当标兵",43
"2000.12.2","改造农村电网  惠及广大农民　湖南黑龙江农村生活用电降价",43
"2000.12.3","规范引导社会办学——对湘乡市民办职校的调查与思考",43
"2000.12.3","长沙查封劣质麻油生产窝点　省质监局长现场讲法",43
"2000.12.5","湖南加大打假执法力度　执法过程中发生多起质监人员被打事件",43
"2000.12.5","杨林村农民为何不要责任田——来自湖南岳阳县杨林村的调查",43
"2000.12.6","民心稳则社会稳——湖南永州市徐家井派出所实施“民心工程”二三事",43
"2000.12.8","农业产值提高  农民收入增加  湖南农业结构调整成绩喜人",43
"2000.12.11","扎实开展农田水利建设　北京：平原节水灌溉山区集存雨水　湖南：健全质保体系监督督查结合",43
"2000.12.11","岳阳县公安局注重健身强警",43
"2000.12.12","优质稻：种难卖亦难——发生在湖南省沅江稻区的一场争论",43
"2000.12.14","长沙发生一起运输船爆炸事故死伤八人",43
"2000.12.15","面向新世纪的演进——访湖南师范大学",43
"2000.12.15","奇峰秀水张家界",43
"2000.12.17","袁隆平主持在湖南江苏大面积示范  “中国超级稻”平均亩产超过700公斤",43
"2000.12.17","长沙高桥大市场  消防隐患令人忧",43
"2000.12.18","内容丰富  形式多样  湖南积极实施厂务公开",43
"2000.12.19","湖南：落实订阅经费",43
"2000.12.19","散打王各级别冠军终有所属  争霸赛总冠军将在长沙决出",43
"2000.12.20","债转股企业开始回购股权  湖南人造板厂回购长城公司股权四百万元",43
"2000.12.20","邵阳人寿保险业务发展迅速",43
"2000.12.20","岳阳市公用事业局健身强局",43
"2000.12.23","优化产业结构 加快城镇建设　郴州大力发展县域经济",43
"2000.12.25","查摆问题  开门整顿  边整边改  建章立制  长沙整顿市直机关作风",43
"2000.12.26","湖南清理“红包”力度大　收礼2000元以上者，先免职再给处分",43
"2000.12.28","6名顶级高手汇聚长沙  中国武术散打王即将产生",43
"2000.12.31","湖南广播影视集团成立",43
"2000.12.31","张家界：旅游带动经济发展",43
"2000.12.31","重视党报批评  集中治理整顿　娄底车站盗货现象得到遏制",43
