﻿"index","news_title","prov_cde"
"2000.1.3","郑州铭功粮储平房仓建成使用",41
"2000.1.3","四优管理法出效益——记河南灵化集团的激励机制",41
"2000.1.3","一个百分之百  三个率先达标  郑州铁路安全管理有办法",41
"2000.1.3","新乡开展对口科技拥军",41
"2000.1.5","勇攀高峰创一流——驻马店检察机关加强基层院建设纪实",41
"2000.1.11","大学生篮球联赛东北赛区结束　东北师大河南大学分获男女冠军",41
"2000.1.14","河南建立沿黄无公害水稻基地",41
"2000.1.17","河南小南海石窟东窟岩体搬迁",41
"2000.1.19","执法不公找人大  人大能为民做主  ——商丘市睢阳区人大常委会个案监督二三事",41
"2000.1.20","全员竞争上岗  科教兴医兴院　漯河卫生系统以改革促发展",41
"2000.1.20","河南安阳市建立角膜库",41
"2000.1.20","河南淇县：村级招待被取消",41
"2000.1.21","正风气  顺民心  保稳定　河南加强农村党风廉政建设",41
"2000.1.23","洛阳化纤工程核心装置建成",41
"2000.1.26","许昌市魏都区少年帮教网络化",41
"2000.1.28","郑州外语学校优化课堂教学",41
"2000.1.28","戏曲《我爱我爹》走红河南",41
"2000.1.30","岂能用权力压服诉讼对手——河南农发公司依法上诉后被区政府查封",41
"2000.2.3","参政议政  不辱使命——记漯河市政协委员赵铁军",41
"2000.2.4","郑州白庙劳教所从严治所",41
"2000.2.11","体现急救的科学性和社会性　郑州建立城市现代急救新模式",41
"2000.2.12","吉林市河南街“内引外联”防假货",41
"2000.2.13","河南给“特权车”亮红灯",41
"2000.2.14","濮阳县法院注重队伍建设创佳绩",41
"2000.2.16","河南武陟计生漫画传递婚育新风",41
"2000.2.17","许昌卷烟厂效益居全省行业之首",41
"2000.2.17","攻不破的堡垒——河南3个模范村镇巩固思想文化阵地的调查",41
"2000.2.17","商丘在跨越",41
"2000.2.18","育人十年春当早  兴豫百业教为先　河南打响新春教育工作“开山炮”",41
"2000.2.19","李炳锁，河南舞阳人，编辑——办成文化沙龙",41
"2000.2.22","开拓新思路  探索新方法　郑州大学思想政治工作以人为本",41
"2000.2.23","以人为本  制度引路  领导带头　郑州市直机关事管局以改革促思想教育",41
"2000.2.24","温家宝在河南农村考察时指出　粮棉主产区要搞好结构调整",41
"2000.2.24","河南最后一批部委院校脱钩改制",41
"2000.2.24","河南上蔡县群众渴望：污水早日变清流",41
"2000.2.25","勤者有其惠  廉者有其荣  能者得其用　河南省全面加强基层检察院建设",41
"2000.2.25","南阳地税局考核干部“廉”字当头",41
"2000.2.26","“平顶山惨案”幸存者在东京作证　控诉侵华日军暴行",41
"2000.3.2","点线面三结合  管好农村交通  ——河南商丘市交警支队依法治路纪实",41
"2000.3.3","产学研结合生命力旺盛  新型烟叶烤房大面积推广  河南农大服务农村结新果",41
"2000.3.13","加快治理渭河南山支流",41
"2000.3.14","尉健行参加河南代表团审议时强调　正确看待反腐败形势  坚定反腐败信心",41
"2000.3.14","郑州一市民赤手斗歹徒",41
"2000.3.14","许昌市着力培养高素质经营管理者队伍",41
"2000.3.14","把村庄变成都市小区——记焦作市优秀共产党员、劳动模范胡桂生",41
"2000.3.21","提高素质  化解矛盾  凝聚人心　河南农村广泛开展政策法纪教育",41
"2000.3.21","地下庭院  ——河南陕县地坑院采风",41
"2000.3.22","打防并举  重在治本  ——南阳市中级人民法院积极参与社会治安综合治理",41
"2000.3.23","农民参与经营管理水利　焦作农业开发出现“水利股”",41
"2000.3.23","硬起手腕抓内管　河南省烟草专卖局",41
"2000.3.27","走出大别山——河南羚锐制药股份有限公司发展纪实",41
"2000.3.27","安阳市重视提高教师素质",41
"2000.3.28","残忍杀害三名小学生　洛阳一游戏厅老板一审被判死刑",41
"2000.3.28","健全责任制度  明确工作职责　许昌县深入开展农村党建“三级联创”活动",41
"2000.3.30","商丘公安机关大力构筑快速反应体系",41
"2000.3.30","焦作一影视厅发生特大火灾",41
"2000.4.3","焦作“3·29”特大火灾原因查明　12名涉案人员被依法拘留",41
"2000.4.3","河南公安机关加强快速反应",41
"2000.4.5","亡羊补牢急  除患措施力　河南重锤敲响安全警钟",41
"2000.4.7","竞聘局长的答卷——记郑州市卫生局长林则田",41
"2000.4.10","互联网，爱你有几分？——有关河南上网情况的调查",41
"2000.4.12","焦作特大火灾案又有3名犯罪嫌疑人被逮捕",41
"2000.4.13","山绿草青 人有情——记河南林业职工的无私奉献",41
"2000.4.14","规范运作  加强督导　开封村务公开真实持久",41
"2000.4.14","信阳人大主任景献琢违法违纪被查处",41
"2000.4.14","郑州车管所推出便民新举措",41
"2000.4.17","建章立制  规范管理  河南民政系统依法行政",41
"2000.4.19","李鹏在河南考察工作时指出  发展市场经济  完善民主法制建设",41
"2000.4.19","漯河地税局扶贫助困献爱心",41
"2000.4.23","河南：贸洽会上设网吧（）",41
"2000.4.24","开封国税局支持企业出口创汇",41
"2000.4.25","安阳北关地税局深入宣传税法",41
"2000.4.25","立足市场抓党建——河南金芒果集团公司党建工作纪实",41
"2000.4.25","平顶山广厦集团建立大政工机制",41
"2000.4.26","河南　堵源截流",41
"2000.4.27","听民声  化民怨  解民忧——河南驻马店地区开展干部与群众谈心活动的调查",41
"2000.4.28","郑州上街区法院建立工作新机制",41
"2000.4.28","奏响“西进序曲”共商开发方略  黄菊率上海市党政代表团赴河南陕西考察调研",41
"2000.5.1","《木兰从军》邮票在商丘首发",41
"2000.5.2","倡导读书自学  鼓励岗位成才  洛阳职工读书活动有声有色",41
"2000.5.3","豫东明珠",41
"2000.5.5","面向全体学生——记许昌实验小学的素质教育",41
"2000.5.7","河南小麦生产过程基本机械化",41
"2000.5.8","制定切实可行措施  建立领导人责任制  河南省委狠抓整改落实",41
"2000.5.8","郑州铁路局  当好西部开发先行官",41
"2000.5.10","旅游，如今成为人们休闲的热门选择，令人遐想翩翩。然而，尚未踏上旅游路，河南郑州的32名游客便掉进了——诱人的旅游“陷阱”",41
"2000.5.11","郑州市管城区国税局开展税法宣传月活动",41
"2000.5.11","进村入户  入心入脑  ——河南淅川县加强农村思想政治工作纪事",41
"2000.5.15","实行“四公开”　实现“四满意”  三门峡检察院实行“阳光鉴定”",41
"2000.5.16","推广唐河经验  发展高效农业　南阳科技滋育万顷田",41
"2000.5.17","认真贯彻江泽民关于教育问题谈话精神　河南加强和改进教育工作",41
"2000.5.18","为创收40亿元提供精神支撑——郑州铁路分局思想政治工作采访记",41
"2000.5.19","河南沁阳注重选拔退伍军人",41
"2000.5.20","杨艳芳，河南新乡人，干部——不良广告泛滥",41
"2000.5.22","开封地税局加强对旅游景区税收管理",41
"2000.5.22","工行漯河人民路支行支持医疗改革",41
"2000.5.22","焦作公安控申案件实行下访制度",41
"2000.5.24","雇佣凶手伤害举报人致死致残　平顶山原政法委书记李长河被判死刑",41
"2000.5.24","国企改革的“保护神”——河南省检察机关为国有企业改革服务纪实",41
"2000.5.26","引进高新技术 提高临床疗效　郑州儿童医院建设“龙头”专科",41
"2000.5.29","冀鲁豫边区革命纪念馆开馆　江泽民总书记题写馆名",41
"2000.5.30","河南加快小城镇建设",41
"2000.5.30","走出机关天地宽——河南省太康县二分之一轮岗分流工作制侧记",41
"2000.6.1","河南以“三优”策略抢滩新疆",41
"2000.6.6","农发行商丘分行实现省级文明单位“满堂红”",41
"2000.6.6","郑州市白庙劳教所开展创“人民满意”活动",41
"2000.6.7","知民情  融民心  帮民富——河南省驻马店地区农村思想政治工作纪实",41
"2000.6.7","河南濮阳市人大开会多人不到，对此，市人大常委会毅然决定——无故缺席者领“黄牌”",41
"2000.6.9","效率提高  成本下降  群众满意　链式管理搞活平顶山运输业",41
"2000.6.9","濮阳交警实行全员目标管理效果好",41
"2000.6.13","温家宝在河南安徽等地考察时强调　全力做好抗旱保“三夏”工作　发展节水灌溉  科学调度用水  广辟抗旱水源  增加抗旱投入",41
"2000.6.13","安阳北关国税局查获特大偷税案",41
"2000.6.13","大墙内的学校——河南省第一监狱采访见闻",41
"2000.6.13","安阳航校喜迎四十五岁生日",41
"2000.6.14","抓好责任追究  落实反腐任务——濮阳市抓党风廉政建设纪实",41
"2000.6.17","马长军，河南唐河，教师——治理草台班子",41
"2000.6.19","“让多的好起来，让好的多起来”——河南省周口地区率先调整农业产业结构纪实",41
"2000.6.20","新乡县法院抓思想教育促各项工作",41
"2000.6.21","豫冀鲁夏蝗防治全面展开",41
"2000.6.21","群防群治保平安——郑州市管城区治安防范工作纪实",41
"2000.6.21","爱民为民的好所长——记河南省正阳县雷寨乡派出所所长刘文功",41
"2000.6.26","政府官员：上网干什么？——河南省、市、县、镇四位领导干部说上网",41
"2000.6.29","三门峡市检察院牢固树立“三种形象”",41
"2000.6.30","代表群众利益的“村官”——记河南省濮阳县西辛庄村党支部书记李连成",41
"2000.7.1","豫剧现代戏《桑榆唱晚》晋京献演",41
"2000.7.2","浓浓手足情  盈盈一线牵——记河南商丘商业学校“九江班”的故事",41
"2000.7.3","河南平高电气股份有限公司简介",41
"2000.7.8","新疆人唱豫剧　讴歌兄弟民族深情",41
"2000.7.10","会说话就能上网  河南开通“号码通”网站",41
"2000.7.11","新郑州大学和河南大学成立",41
"2000.7.13","巨针补伤口  裸岩警世人　焦作“缝山”呼唤环保意识",41
"2000.7.14","漯河第一医院降低收费标准",41
"2000.7.16","焦作3．29特大火灾案主犯被判刑",41
"2000.7.18","看发展  压担子  重锻炼　　郑州加大培养选拔青年干部力度",41
"2000.7.19","生命绿洲——记河南医科大学第一附属医院",41
"2000.7.20","林业“卫士”竟成刀斧手——对河南内乡县涉林犯罪的调查",41
"2000.7.24","郑州白庙劳教所举办法律知识竞赛",41
"2000.7.25","执法敢公示 律己为百姓　南阳民政局依法行政",41
"2000.7.26","水是怎么被搅混的？——郑州市邙山区个别领导干部在农发公司一案中违法办案的再调查",41
"2000.7.27","河南用生物技术处理造纸废液",41
"2000.7.27","表率是无声的命令——记河南省三门峡市人民检察院党组一班人",41
"2000.7.29","河南日报报业集团成立",41
"2000.7.30","开展素质教育  塑造新型农民　周口地区全面加强农村思想政治工作",41
"2000.7.31","政府围绕企业转 企业有难我来帮　安阳为中小企业鸣锣开道",41
"2000.7.31","劳模背后是勤奋——记郑州市热力总公司党委书记、总经理刘先超",41
"2000.8.1","拓“带宽”  建“立交”  河南遏制职业教育滑坡",41
"2000.8.2","河南  依法治省先治“吏”",41
"2000.8.3","集中清查  设卡堵截  重点抓捕  河南积极开展打拐专项斗争",41
"2000.8.7","从全套引进到自主开发——河南安彩集团技术创新求发展纪实",41
"2000.8.7","开阔选人视野  拓宽用人渠道  焦作公开选拔干部走向科学化",41
"2000.8.9","一人一策  对症下药　洛阳西工区下功夫教育转化“法轮功”练习者",41
"2000.8.9","武警许昌支队加强执勤工作",41
"2000.8.14","构筑连心桥  新风进万家——河南上蔡县转变群众生育观念做好计生工作纪实",41
"2000.8.15","“三个代表”的生动实践——河南省郑州市农村党建“三级联创”活动调查",41
"2000.8.16","漯河创建全方位群体活动空间",41
"2000.8.17","许昌组织农民学政策学法律学科学",41
"2000.8.17","新乡县法官当上法制副校长",41
"2000.8.17","河南焦作将举行国际太极拳盛会",41
"2000.8.18","听民声  顺民意  帮民富　平顶山卫东区围绕难点抓整改",41
"2000.8.24","吉林：全省实行代收代订　河南：增强政治责任意识",41
"2000.8.24","焦作国际太极拳年会开幕",41
"2000.8.29","安阳市刑侦支队建立临时党支部",41
"2000.8.30","三门峡税官情系大山儿童",41
"2000.9.2","多方筹措资金  不使一人辍学　河南全力帮扶困难大学生",41
"2000.9.3","因道路拓宽改造　郑州500棵梧桐大迁移",41
"2000.9.5","信阳公用形象工程实行干前公示制",41
"2000.9.6","濮阳市加快发展城区教育",41
"2000.9.6","灵活多样强素质——郑州市上街区法院思想政治工作纪实",41
"2000.9.7","构筑发展平台  呵护产业群体　商丘市乡镇经济异军突起",41
"2000.9.11","为“打得赢”提供保障——洛阳市电业局支持部队科技练兵纪实",41
"2000.9.12","台湾高雄参访团访豫",41
"2000.9.13","河南新野法院执行注意维护稳定",41
"2000.9.18","河南送变电建设公司：施工机具投入大  上海石化：积极推行安全评价　辽河油田：建立安全责任保证体系",41
"2000.9.20","融入生产生活  围绕难点热点　焦作“四职一纠”正行风",41
"2000.9.21","洛阳人武系统扶贫攻坚　百余乡村摘掉贫困“帽子”",41
"2000.9.24","郑州火车站附近　公开兜售黄色光盘",41
"2000.9.28","开封运管处坚持抓职工素质教育",41
"2000.10.6","保护古都  建设新城  突出宋代  古今结合　文化名城开封护旧貌展新颜",41
"2000.10.8","河南叶县打好叶姓“牌”",41
"2000.10.9","焦作至巩义黄河公路大桥合龙",41
"2000.10.9","南阳“三资”企业报税电子化",41
"2000.10.11","南阳构建绿色城镇体系",41
"2000.10.11","郑州上街区警方为国有企业服务",41
"2000.10.11","驻马店地区审计局扶贫成效显著",41
"2000.10.12","河南沁阳发生特大客车坠崖事件",41
"2000.10.12","13万老同志发挥“余热”   安阳关工委向下一代奉献爱心",41
"2000.10.15","硕士学士加盟郑州社区",41
"2000.10.16","新乡一检察院实行“密码举报”",41
"2000.10.17","陈奎元同志任河南省委书记　郭金龙同志任西藏自治区党委书记",41
"2000.10.22","河南桐柏县林政人员　为完成创收  超范围检疫",41
"2000.10.23","抓住开发机遇  加大投资力度　河南高速路建设驶入高速道",41
"2000.10.24","还煤城绿水青山——河南平顶山市治污纪实",41
"2000.10.25","十七个民族是一家——洛阳瀍河回族区依法治理工作纪实",41
"2000.10.26","河南平顶山市　销毁假劣药品  动真格不手软",41
"2000.10.26","养命塘终于回来了……——河南省商丘市“以稳定促发展”纪实",41
"2000.10.31","郑州将建垃圾电站",41
"2000.11.1","郑州交警队伍建设扎实有效",41
"2000.11.2","教师得“回扣”  学生难“减负”——河南省鹿邑县盗版教辅材料畅销的背后",41
"2000.11.4","维吾尔少女唱豫剧",41
"2000.11.5","从根上治穷  求全面致富  信阳市220万人解决温饱",41
"2000.11.6","兴市富民  教育先行  河南省周口市大力加强基础教育",41
"2000.11.8","致富引路人——河南虞城县转变机关干部作风纪事",41
"2000.11.9","安阳  倾听呼声解难题",41
"2000.11.9","驻马店小额扶贫贷款起作用",41
"2000.11.10","郑州出台流动儿童教育暂行办法",41
"2000.11.11","河南发现特大金红石矿床",41
"2000.11.12","郑州“11·23”特大盗枪案件告破",41
"2000.11.12","《古代思想家——老子》  邮票在河南鹿邑首发",41
"2000.11.13","太行山下谱春秋——记河南省鹤壁市委书记李新民和他的“一班人”",41
"2000.11.15","河南新安县马沟小学教学楼：用移民款建的“豆腐渣”楼",41
"2000.11.17","焦作山阳区切实维护军人军属合法权益",41
"2000.11.19","连续五年攻关  增效三十四亿　河南肉牛养殖研究开发获重大突破",41
"2000.11.20","人行驻马店中心支行抓廉政促发展",41
"2000.11.21","河南科学家考察雅鲁藏布大峡谷",41
"2000.11.22","当好国企改革的护航人——访全国人大代表、河南省人民检察院检察长李学斌",41
"2000.11.23","城乡医院结对子  帮扶培训见成效   许昌市农民治病保健方便多了",41
"2000.11.24","中行周口分行典型教育促发展",41
"2000.11.27","在中西部贫困地区，能否建立龙头企业，带领农民走产业化经营的道路？扎根于贫困县河南虞城的科迪集团作了肯定的回答。  解读科迪",41
"2000.11.28","郑州事管局鼓士气聚人心",41
"2000.11.30","发展优势行业  培育优势产品　河南工业结构调整初见成效",41
"2000.11.30","郑州管城区  自我加压作表率",41
"2000.11.30","开封公安局车管所扶贫助困献爱心",41
"2000.11.30","卖兽药的何以经销人用药品？——河南禹州非法药品市场追踪记",41
"2000.12.1","供销合作总社整顿棉花收购秩序  河南山东部分棉花企业掺杂使假违法行为被查处",41
"2000.12.1","濮阳人民医院   收费明白患者放心",41
"2000.12.2","河南警方破获一起特大现金被盗案",41
"2000.12.2","古金婷，河南中牟，职员——医药广告有假",41
"2000.12.2","映日荷花别样红——评豫剧现代戏《香魂女》",41
"2000.12.3","骚扰和无效电话频繁　商丘“110”不堪重负",41
"2000.12.4","濮阳个人所得税连年增收",41
"2000.12.4","完善制度  拓宽渠道  强化措施 　郑州加大群众监督干部力度",41
"2000.12.4","安阳铁西地税规范审理程序",41
"2000.12.5","济源：“订单农业”走红",41
"2000.12.6","邮政车运输假冒皮鞋　这已是漯河市邮政局第三次因收寄假货被查处",41
"2000.12.7","不让小窟窿透过斗大的风　豫北棉纺织厂增效从小事抓起",41
"2000.12.7","濮阳重拳打击涉税犯罪",41
"2000.12.8","修复水毁工程  发展节水灌溉　河南冬修水利掀高潮",41
"2000.12.8","南阳摧毁一家不法“讨债公司”",41
"2000.12.8","新乡县法院服务国企改革",41
"2000.12.11","中心城市普通城市重点集镇三头并重　河南积极稳妥推进城镇化进程",41
"2000.12.11","有关部门昼夜不停调查查明　有毒大米  来自河南",41
"2000.12.13","中央综治委下发领导责任查究通知书　河北河南严查民警持枪杀人案领导责任",41
"2000.12.15","洛阳瀍河区千名干部进社区",41
"2000.12.15","郑州拓展大学生就业渠道",41
"2000.12.16","请君再看洛阳城",41
"2000.12.16","周士君，河南新乡，公务员——广告何时换“新颜”",41
"2000.12.17","请群众当裁判——郑州市公安局车管所转变作风纪实",41
"2000.12.18","咬住科技不放松——记河南援生制药有限公司",41
"2000.12.20","郑州花园路派出所做好防范教育",41
"2000.12.22","河南工行大力支持地方经济发展",41
"2000.12.24","利用区域优势  科学组织产销  河南沿黄优质稻米开发喜获突破",41
"2000.12.25","鹤壁市国税直属局积极开展廉政教育",41
"2000.12.27","河南建淇河盘石头水库",41
"2000.12.27","洛阳发生特大火灾当地全力组织抢救　根据党中央国务院指示石万鹏赴洛阳部署善后工作",41
"2000.12.27","为民除害——来自河南“打黑除恶”的报告",41
"2000.12.28","江泽民对洛阳“12·25”特大火灾事故作重要指示  全力救治受伤群众认真做好善后工作   朱镕基胡锦涛等领导同志作了批示",41
"2000.12.28","非法进行电焊施工  电焊工违章作业  洛阳特大火灾事故原因查明  事故调查处理小组确认死亡三百零九人",41
