﻿"index","news_title","prov_cde"
"2000.1.4","江西科技馆破土动工",36
"2000.1.5","面对日益严重的窃电现象，我国第一部反窃电的地方性法规——《江西省反窃电办法》，于去年12月1日起正式实施——反窃电，利剑出鞘",36
"2000.1.11","江西铜鼓县成立综合收费中心",36
"2000.1.14","李铁映在湖北江西考察时强调　一定要把精神文明建设搞好",36
"2000.1.20","江西乐平市规范公务接待",36
"2000.1.27","解放军报等慰问赣湘红军老战士",36
"2000.1.31","防冻材料入农户  科技人员到田头　江西依靠科技战冻害",36
"2000.2.2","南昌县：灾民节前迁新居",36
"2000.2.3","有所为有所不为——江西省广丰县县长汪德和谈县域经济发展原则",36
"2000.2.4","江西“百团百戏”送下乡",36
"2000.2.4","评头品足论长短  一切群众说了算　江西百万公民评公安",36
"2000.2.4","景德镇研制出瓷乐器",36
"2000.2.4","赣州个体“抢滩”体育市场",36
"2000.2.16","因大肆收受索取巨额贿赂　原江西省副省长胡长清一审被判死刑",36
"2000.2.17","赣榆农民大棚过年",36
"2000.2.21","江西切实减轻中小学生过重负担",36
"2000.2.25","湖南：调整结构备耕早　江西：科教兴农涌春潮",36
"2000.3.1","江西查处违纪资金3．5亿元",36
"2000.3.9","最高人民法院作出终审裁定并下达执行命令　原江西省副省长胡长清在南昌伏法",36
"2000.3.9","铲除腐败  民心所向　江西各界干部群众对胡长清伏法拍手称快",36
"2000.3.14","李岚清参加江西代表团审议时强调　加强基层政权建设和组织建设",36
"2000.3.15","萍乡“3·11”事故善后工作稳妥进行　群众情绪稳定，事故确切原因、责任调查在紧张进行",36
"2000.3.17","江西高院服务国企辟新路",36
"2000.3.24","再也不能靠湖吃湖——江西鄱阳湖自然保护区的抉择",36
"2000.3.29","“电耗子”被“电”了——江西婺源一起窃电案侦破始末",36
"2000.4.4","发挥“红色资源”优势  拓展教育宣传阵地　上饶爱国主义教育基地成热点",36
"2000.4.4","层层落实  分流整顿　九江加强农村基层党组织建设",36
"2000.4.11","赣榆渔民合股“养海”",36
"2000.4.14","理想信念是领导干部拒腐防变的根本——江西省原副省长胡长清严重违纪违法案警示之一",36
"2000.4.18","吴邦国在江西湖南考察时指出  调整结构强化管理为国有企业跨世纪发展奠定基础",36
"2000.4.20","党的根本宗旨一刻也不能丢——江西省原副省长胡长清严重违纪违法案警示之二",36
"2000.4.25","艰苦奋斗才能抗住腐败——江西省原副省长胡长清严重违纪违法案警示之三",36
"2000.4.27","必须严格遵守和执行党的纪律——江西省原副省长胡长清严重违纪违法案警示之四",36
"2000.4.28","切实加强对党员领导干部的监督——江西省原副省长胡长清严重违纪违法案警示之五",36
"2000.5.10","江西发放最大一笔汽车消费贷款",36
"2000.5.12","关停“五小”切断污源着力“三禁”山清水秀  宜春重塑环境优势开发生态农业",36
"2000.5.30","乡镇裁冗  农民减负——关于山东、江西两省清退分流乡镇超编干部职工的调查",36
"2000.5.31","连续作战  景德镇严打盗窃",36
"2000.6.3","监督不力  疏于管理　萍乡特大责任事故有关责任人受到严肃追究",36
"2000.6.7","“双休日学法”在南昌",36
"2000.6.10","黄永东，江西宜春，农民——农村文化市场问题多",36
"2000.6.19","江西给领导干部行为定规矩",36
"2000.6.20","赣榆开展流动人口专项整治",36
"2000.6.26","吉安农村党员科技致富显身手",36
"2000.6.29","积极  健康  向上  江西高校思想政治工作有声有色",36
"2000.7.1","赣南风情",36
"2000.7.2","浓浓手足情  盈盈一线牵——记河南商丘商业学校“九江班”的故事",36
"2000.7.3","武警新余支队引导义务兵正确对待荣誉",36
"2000.7.8","徐平崖，江西金溪，干部——净化网络文化",36
"2000.7.8","詹临福，江西临川，干部——管管算命先生",36
"2000.7.23","江西：选博士硕士人才　任专员市长助理",36
"2000.7.28","总结经验 完善机制 形成特色　宜春地区农村思想政治工作充满活力",36
"2000.7.31","萍乡石岭鞭炮厂爆炸案一审判决　原厂长沈志明被判处七年有期徒刑",36
"2000.8.4","井冈星火再放异彩——江西吉安老区学习贯彻“三个代表”思想见闻",36
"2000.8.5","刘金标，江西上饶，军人——别急着出书",36
"2000.8.7","国家经贸委调查处理江西萍乡“8·4”重大事故",36
"2000.8.11","一处一处打牢根基  一届一届抓住不放　江西大力激活县市经济",36
"2000.8.15","一次罕见的考试舞弊——对江西德兴市工商所公务员考试的调查",36
"2000.8.16","赣州建行简化小额质押贷款手续",36
"2000.8.17","从严治党  纯洁队伍——江西樟树市严肃处置违纪违法党员工作纪实",36
"2000.8.18","推广实用技术  帮助农民致富　吉安地区农技协会大显身手",36
"2000.8.22","萍乡又发生重大爆炸事故",36
"2000.8.22","假如……假如……何时了——江西上栗“8·4”爆炸事故采访记",36
"2000.8.23","吉安公安实行竞争上岗",36
"2000.8.31","热点问题不回避  难点问题不退缩  重点问题不放松　赣县领导深入基层解民难",36
"2000.8.31","江西金溪县检查私营企业发现——劳动关系双方权利义务不对等",36
"2000.9.2","杨敏，江西乐安，军人——这样考核比较全面",36
"2000.9.13","公开村务  促进发展——江西赣州加强农村基层民主建设",36
"2000.9.16","詹平相，江西乐安，干部——学会即兴讲话",36
"2000.9.19","公开选拔  竞争上岗  择优汰劣　江西整体推进干部人事制度改革　采取撤职降职待岗等形式调整五百多名不称职者",36
"2000.9.20","农民朋友有疑难  党员干部来排解　赣县“十进家门”播春风",36
"2000.9.23","赣乡风情戏：《红土地春韵》进京",36
"2000.9.25","江西：优先征订  确保完成",36
"2000.9.27","宜春网络评税堵漏增收",36
"2000.10.5","江西：生态旅游成热点",36
"2000.10.14","全国铁路10月21日第三次提速　重点在西部地区的陇海、兰新以及京九和浙赣线",36
"2000.10.18","钱其琛在江西考察时强调　完善配套设施   提高服务质量  发展旅游经济",36
"2000.10.20","江西于都时兴“大自然休闲”　垂钓又赏花  手执牧鞭忙",36
"2000.10.25","江西查究上栗县特大爆炸事故领导责任",36
"2000.10.25","为安居乐业献余热——南昌广外街道老年义务法制宣传队二三事",36
"2000.10.26","南昌火车站公布服务监督标准",36
"2000.10.26","江西南康市　国道桥面过窄  交通事故多发",36
"2000.10.31","江西科技进步带动经济发展",36
"2000.11.4","邹隆洲，江西大余，干部——“门缝广告”令人烦",36
"2000.11.14","五起向胡长清行贿案件在南昌陆续开庭审理",36
"2000.11.18","生态模式因地制宜  绿色食品形成气候　江西生态农业迈上新台阶",36
"2000.11.19","江西严查贪污贿赂经济犯罪大案要案",36
"2000.11.20","改进工作作风  接受群众评议　上饶密切乡村干部与群众关系",36
"2000.11.21","动态管理  长期帮扶　江西为特困职工建立档案",36
"2000.11.26","国家经贸委就江门、萍乡两起特重大烟花爆炸事故调查作出批复要求　认真汲取事故教训  切实加强安全生产管理",36
"2000.11.29","赣州市章贡区优抚政策落到实处",36
"2000.12.4","立足资源优势  把握市场脉搏　江西建设生态农业大省",36
"2000.12.6","九江巡警“反扒”斗争告捷",36
"2000.12.7","积极疏通“出口”  保持队伍先进　江西处置七千七百多名不合格党员",36
"2000.12.7","“优质棉”是怎样生产出来的——南昌市青云谱区“洋垃圾棉”加工厂探秘",36
"2000.12.8","深化内部改革  优化外部环境　江西国有工业企业整体扭亏为盈",36
"2000.12.12","纯洁党员队伍——江西樟树市严肃处置不合格党员的调查",36
"2000.12.15","武警江西总队加强团以上干部理论学习",36
"2000.12.19","反腐败必须反行贿——江西审理向胡长清行贿案见闻",36
"2000.12.22","整治经济软环境出“重拳”　九江市治理“三乱”见成效",36
"2000.12.25","柳暗花明又一村——萍乡市干部下村扶贫见实效",36
"2000.12.28","全国武术之乡比赛落幕江西上饶",36
