﻿"index","news_title","prov_cde"
"2000.1.1","国家环保模范城增至14个  苏州海口汕头岁尾获殊荣",32
"2000.1.2","南京：节日工地一派繁忙",32
"2000.1.3","依法维护国企生产经营秩序  江苏检察机关打防并举",32
"2000.1.3","男篮联赛打出一新气象  北京山东势头猛  江苏南钢节节高",32
"2000.1.5","科技为“海上南通”绘美景  今年产值可望超百亿元",32
"2000.1.5","向社区要岗位  南京市鼓楼区形成再就业新格局",32
"2000.1.5","追逐岩上芭蕾——江苏省江阴市第一中学攀岩运动侧记",32
"2000.1.6","江苏国税收入连年增长",32
"2000.1.6","江苏农民养猪由亏转盈",32
"2000.1.6","培育大集团  推进大配套  无锡1／3产品销国外",32
"2000.1.7","回良玉任中共江苏省委书记  王太华任中共安徽省委书记  周永康任中共四川省委书记",32
"2000.1.7","悠悠师生情——记南京琅琊路小学教师秦利秀",32
"2000.1.9","提供场所  设计载体  泰州老年文化活动丰富多彩",32
"2000.1.10","级别高低凭本事——南京市地税局试行“能级管理”纪事",32
"2000.1.11","乒乓球超级联赛　江苏无锡山禾女队夺冠",32
"2000.1.13","全国男篮甲A联赛第十六轮　弱旅接连告负  江苏一队逞强",32
"2000.1.14","上海南京路　又添鲜花港",32
"2000.1.14","苏州兴建城市湖泊景区",32
"2000.1.14","日本右翼势力组织召开否认南京大屠杀反动集会　中日两国人民同声谴责强烈抗议",32
"2000.1.14","苏州探索治污新路  今日天堂更靓",32
"2000.1.15","南京市将投资60多亿元修建地铁",32
"2000.1.15","徐州全力抢救大黄山煤矿井下被困职工",32
"2000.1.15","日中友协负责人发表谈话　谴责企否认南京大屠杀行径",32
"2000.1.15","羽毛球天王挑战赛苏州站开赛",32
"2000.1.15","陈洪培，江苏淮安人，职员——不能没有文化",32
"2000.1.17","历史岂容篡改  铁案岂容推翻　南京史学界强烈抗议日本右翼势力否认南京大屠杀反动集会",32
"2000.1.17","羽毛球天王挑战赛苏州站结束",32
"2000.1.18","旅日华侨抗议否定南京大屠杀　　团伊玖磨会长谴责日本右翼势力",32
"2000.1.20","日外务省发言人说　日军在南京有杀掠行为是不能否定的事实",32
"2000.1.21","南京各界痛斥日本右翼势力否认南京大屠杀",32
"2000.1.24","沈阳几十位老抗联老战士及专家学者集会　抗议日右翼势力否定南京大屠杀行径",32
"2000.1.24","四川发现汪伪时期南京地　《东史郎日记》又获一力证",32
"2000.1.24","针对右翼势力集会否定南京大屠杀　日本大阪民众表示强烈抗议　河野外相强调不能否定日军杀戮行为",32
"2000.1.24","徐州大黄山煤矿发生突水事故，几十名矿工被困——五天五夜生死关",32
"2000.1.25","南京大屠杀再添新证　刊登日本记者目击记的日本报纸在长春发现",32
"2000.1.25","南京各界人士冒雪举行集会　声讨日本右翼势力反华行径",32
"2000.1.25","徐州大黄山煤矿抢险工作结束　被困矿工四十一人生还，二十二人遇难",32
"2000.1.25","老兵东史郎及其支持者发表谈话　谴责日本高法无视史实　菲报批驳日右翼分子否认南京大屠杀",32
"2000.1.26","南京大学商学院校企联合办学",32
"2000.1.26","洒向边营都是情——记江苏张家港边检站政委余景宝",32
"2000.1.27","南京　示范引路 效果显著",32
"2000.1.28","颠倒黑白的判决终将遭历史唾弃　南京人民以各种形式声援东史郎",32
"2000.1.28","日军屠城暴行又添新证　《南京大屠杀——英美人士的目击报道》出版",32
"2000.1.28","日官房长官青木干雄表示　日军在南京暴行不可否认",32
"2000.1.29","揭露日军暴行的旷世文献  ——《镇江沦陷记》近日出版",32
"2000.1.31","苏州治市重调研",32
"2000.2.1","武警扬州支队积极支援地方建设",32
"2000.2.1","南京工业学校三增三减",32
"2000.2.2","日本《国际贸易》报强调　南京大屠杀不容否认",32
"2000.2.3","南京人乐在超市淘年货",32
"2000.2.3","历史不容篡改——油画《南京大屠杀》荷兰展出记",32
"2000.2.5","江苏开发区进入高速发展期　去年新批进企业比上年增53％",32
"2000.2.9","南京拜年广告好温馨",32
"2000.2.10","系列讲座——管用  农民兄弟——开窍　泰州市“理论下乡”经常化",32
"2000.2.10","南京：租车度假成时尚",32
"2000.2.14","盐城万名党员与下岗特困职工“结穷亲”",32
"2000.2.14","南京减轻中小学生负担",32
"2000.2.14","人间自有正义在——记油画《南京大屠杀》在荷兰成功展出",32
"2000.2.14","美跨国公司亿元收购江苏一乡镇企业",32
"2000.2.15","老树春深发新花——无锡靠技术创新推进传统产业升级",32
"2000.2.20","花60元可在8家公园玩一年　南京推出公园“一票通”",32
"2000.2.21","南京大学破例招收残疾青年　“轮椅大学生”邹飞健康成长",32
"2000.2.22","南京军区授予嵇琪“新时期硬骨头战士”称号",32
"2000.2.22","菲举行南京大屠杀展",32
"2000.2.23","品种更新  技术更新  知识更新　江苏科教兴农方兴未艾",32
"2000.2.23","课堂设在市场上  教学融入实践中  无锡商校职业教育面向市场",32
"2000.2.25","徐州云龙公安分局推行商业网点保安新举措",32
"2000.2.25","南京军区一○五医院科技协作促发展",32
"2000.2.28","谴责日本司法当局不公正判决  支持东史郎为正义而战的行为　南京举行声援东史郎座谈会",32
"2000.3.1","南京大屠杀见证报告会在京举行　辽宁档案馆披露南京大屠杀又一铁证",32
"2000.3.2","我国可持续发展能力“座次”排出  前五名分别是上海、北京、天津、广东、江苏",32
"2000.3.2","到校时间推迟  课间时间延长　南京小学生取消集体早读",32
"2000.3.3","《雕像在盐城》出版",32
"2000.3.6","李岚清参加江苏代表团审议时强调　实施科教兴国战略  推进医疗体制改革",32
"2000.3.9","技术创新是领先发展的原动力——访全国人大代表、江苏省委书记回良玉",32
"2000.3.13","创建促文明  文明促繁荣  繁荣出效益——关于南京市湖南路创建全国“百城万店无假货”活动示范街的调查",32
"2000.3.17","江苏从严考核警方执法质量",32
"2000.3.18","连云港上演舞蹈诗",32
"2000.3.18","南京杂技艺术受青睐",32
"2000.3.20","南京爱立信　供应链管理显神通",32
"2000.3.21","江苏公安边防坚持开展双拥共建",32
"2000.3.21","由项目合作转向全方位合作　南通伊犁东西牵手优势互补",32
"2000.3.23","建立覆盖面广反应灵敏的信息网络　江苏加强公安基础建设",32
"2000.3.23","镇江市公安推进侦防一体化",32
"2000.3.23","取缔卷烟自由批发市场　江苏省烟草专卖局",32
"2000.3.24","盐城第三医院为患者着想",32
"2000.3.27","江苏严格清理干部住房　重点是领导干部在分房、购房和建房方面以权谋私问题",32
"2000.3.28","全国排球联赛进入第二阶段　上海江苏女排将争冠",32
"2000.3.31","南京社区思想政治工作入户到人",32
"2000.4.3","苏州警方诚邀10万市民号脉",32
"2000.4.4","外交部长助理约见德国驻华使馆临时代办　就德国公民在南京遇害表示沉痛哀悼",32
"2000.4.5","南京军区第八十二医院心系老区群众",32
"2000.4.5","人民之托重如山——南通市人大代表“一号议案”办理侧记",32
"2000.4.7","泰州市注入巨资发展交通事业",32
"2000.4.7","南京二十六家单位“招标”看病",32
"2000.4.7","梦里水乡江苏行",32
"2000.4.8","田长霖博士受聘南京大学、东南大学名誉教授",32
"2000.4.8","“田长霖星”命名仪式在南京举行",32
"2000.4.9","徐州加快建设交通基础设施",32
"2000.4.9","酒向春蕾的阳光   宿迁市公安系统民警帮扶失、掇学女单重返课堂",32
"2000.4.14","江苏将举办服装节",32
"2000.4.17","一颗小行星被命名为扬州星",32
"2000.4.17","全国田径冠军赛南京站波澜不惊",32
"2000.4.19","徐州给“一府两院”打分",32
"2000.4.20","江苏田湾核电站获18．5亿美元保险",32
"2000.4.21","朱镕基在江苏考察时强调  坚定不移推进金融改革和整顿  千方百计确保农村稳定和发展",32
"2000.4.26","江苏　细微之处见真情",32
"2000.5.2","纪念中丹建交50周年  南京大屠杀展在丹麦举行",32
"2000.5.5","江苏宜兴大力发展环保产业",32
"2000.5.9","中新续写合作新篇  携手营造一流环境  苏州工业园开发建设进入新阶段",32
"2000.5.10","南京审计学院与ACCA携手  培养国际型会计审计人才",32
"2000.5.11","江苏电话用户突破1000万",32
"2000.5.12","道路通畅  心情舒畅  ——记南京城市交通文明管理",32
"2000.5.12","减少收费  提高效率  主动出击  常州新区改善软环境引来八方外商",32
"2000.5.12","筑巢引凤“高”取胜  ——无锡高新区创建一流科技工业园区",32
"2000.5.14","南京大学成立宗教学系",32
"2000.5.14","经营好“最大的国有资产”——南京市城市建设与管理扫描",32
"2000.5.15","铸剑蓝天——记南京军区空军某师飞行大队长崔文戈",32
"2000.5.15","南通社区民警实施“四个一”工作法",32
"2000.5.15","南京获第二届世界科技城市联盟大会承办权",32
"2000.5.15","南京实行中小学教师轮岗制",32
"2000.5.16","江泽民在江苏、浙江、上海考察工作强调  深入基层总结实践积极探索开拓前进　按照“三个代表”要求加强党的建设",32
"2000.5.17","江苏浙江上海学习江泽民总书记讲话精神　认真贯彻“三个代表”重要思想　全面推进新时期党的建设工作",32
"2000.5.18","亚洲杯铁人三项赛将在徐州举行",32
"2000.5.19","泰州开展理想信念教育",32
"2000.5.19","总后南京某储运站加强思想教育",32
"2000.5.19","苏州大学迎来百年华诞",32
"2000.5.22","江苏推动企业跨国经营",32
"2000.5.23","世界中学生排球赛南京三中三连冠",32
"2000.5.24","南京大学研讨戴安邦教育思想",32
"2000.5.28","中国第一书法之乡名有所属　江苏昆山市正仪镇获此殊荣",32
"2000.5.29","西安至南京铁路开始兴建",32
"2000.5.30","优势互补  联动发展　无锡奏响“西进序曲”",32
"2000.5.31","吴邦国在江苏考察时强调　切实加大技术创新力度",32
"2000.5.31","让农民休养生息——《江苏省农民负担监督管理条例》出台记",32
"2000.5.31","除“黑码头”  淮安手不软",32
"2000.6.3","刘志民（江苏南京人  军人）：　　还课桌以“清白”",32
"2000.6.5","苏州新区有了“出海口”",32
"2000.6.5","武警盐城市支队开展“我是共产党员”系列教育",32
"2000.6.8","徐州近百人自愿捐遗体",32
"2000.6.12","南京至黄山列车提速成功",32
"2000.6.12","创企业名牌的背后——江苏森达集团抓党建纪实",32
"2000.6.14","徐州东莞粮食五定班列开行五个月",32
"2000.6.14","武警无锡市支队“双思”教育成效大",32
"2000.6.15","亚洲杯铁人三项赛将在徐州举行",32
"2000.6.18","开拓进取  求实创新——南京军区某红军团政委魏殿举做思想政治工作记事",32
"2000.6.19","思源出信心  思进出干劲  “双思”教育为江苏城乡发展注入新动力",32
"2000.6.20","亚洲铁人赛落幕徐州",32
"2000.6.21","南京人大立法　让市民吃上放心菜",32
"2000.6.26","连云港75名党员干部受到责任追究",32
"2000.6.26","常州纺织　亡羊补牢",32
"2000.6.26","江苏纺织　技术人员比例下降",32
"2000.7.1","陈峰，江苏海安，干部——民间说唱团“跑调”",32
"2000.7.10","南京长江第二大桥南汊桥合龙",32
"2000.7.14","江苏建立紧急救治“绿色通道”　因公负伤民警可到定点医院得到优先救治",32
"2000.7.16","南京中院对杀害德国商人案作出一审判决",32
"2000.7.17","扬州“吴登云班”送医到农村",32
"2000.7.18","江苏见义勇为先进事迹报告团受欢迎",32
"2000.7.19","主客换位　互动管理　南京金丝利喜来登酒店服务个性化",32
"2000.7.20","武警徐州支队坚持培养法律骨干",32
"2000.7.20","南京为见义勇为者做实事",32
"2000.7.21","续写张家港的辉煌——江苏省张家港市“三讲”教育纪事",32
"2000.7.24","用其所长  发挥作用——江苏湖南广东培养使用党外干部述评",32
"2000.7.24","中华恐龙馆在常州建成",32
"2000.7.28","周末：南京人排队买家电……",32
"2000.7.30","南京军区党委作出决定　号召全区官兵向魏殿举学习",32
"2000.8.1","幸运的高中生——记江苏省梅村高级中学的个性教育",32
"2000.8.3","陆地赛猛虎  海上胜蛟龙  南京军区11万将士黄海东海大练兵",32
"2000.8.4","江苏经济运行质量提高  上半年实现国内生产总值同比增一成多",32
"2000.8.4","南京屠城新血证",32
"2000.8.6","南京对无牌无证车辆实施高限重罚",32
"2000.8.7","徐州泉山法院为军人设立合议庭",32
"2000.8.8","思想帮扶  生活帮扶  就业帮扶  盐城万名党员深入基层“结穷亲”",32
"2000.8.8","情寄黄土地——江苏徐州师大暑期“青年志愿者行动”剪影",32
"2000.8.9","江苏交通肇事逃逸明显减少",32
"2000.8.11","不断创新  勇攀高峰——记江苏综艺集团",32
"2000.8.12","南京再投1．35亿元改造农村电网",32
"2000.8.12","老年合唱节将在无锡举办",32
"2000.8.13","外向带动战略成为强大“推进器”　苏州经济跃上新台阶",32
"2000.8.14","四名“蛇头”在连云港被判刑",32
"2000.8.14","盐城为驻地武警官兵办实事",32
"2000.8.14","牢牢把握办学方向   南京大学“两课”教育有特色",32
"2000.8.14","全国保龄球俱乐部杯赛（南京站）结束",32
"2000.8.15","常州托普软件园开园",32
"2000.8.15","第七届中国广告节将在无锡举行",32
"2000.8.15","严格执法　热情服务  苏州公安建外管工作网络",32
"2000.8.15","无锡市政府为武警支队办实事",32
"2000.8.16","日本友人在南京举行南京大屠杀殉难者追悼集会",32
"2000.8.16","南通市“148”法律服务更简便",32
"2000.8.17","连云港墟沟派出所做好治安防范工作",32
"2000.8.17","土地权属纷争殃及丹顶鹤——来自江苏盐城市珍禽自然保护区的报告",32
"2000.8.20","日本前首相海部俊树访问南京",32
"2000.8.22","南京严打黄赌毒等社会丑恶现象",32
"2000.8.23","砸断罪恶之“链”——南京海关成功破获一起特大走私案",32
"2000.8.24","常州市进京展演艺术教育成果",32
"2000.8.26","苏州评弹艺术节九月初举行",32
"2000.8.26","刘永群，江苏丰县，教师——低于生活",32
"2000.8.26","盐城“二乔”",32
"2000.8.27","增加投资  精心创作  服务群众　江苏加快步伐建设文化大省",32
"2000.8.29","江苏铜山：投资百万育干部",32
"2000.8.30","把思想工作做到农民心坎上——记江苏常熟市蒋巷村党支部书记常德盛",32
"2000.8.31","常州高新技术开发区好消息不断　技术和产业创新渐入佳境",32
"2000.8.31","粗茶淡饭吃得来  群众土话说得上  农家粗活拿得起　江苏县（市）干部进村住户",32
"2000.8.31","北京：公款订阅首先确保人民日报　江苏：制止报刊发行中的无序竞争",32
"2000.9.1","崇高的使命——记心许马克思主义的解放军南京政治学院理论教员",32
"2000.9.1","中国江苏（常熟）首届服装服饰博览会下月举行",32
"2000.9.1","苏州大学加快高科技成果产业化",32
"2000.9.3","江苏省暨南京市各界人士纪念抗战胜利55周年",32
"2000.9.4","献身国防教育事业的典范——记总参炮兵学院南京分院教授刘怡昕",32
"2000.9.4","江苏省委授予任国庆“优秀援藏干部”称号",32
"2000.9.5","社区是个大家庭——南京市社区文明建设见闻",32
"2000.9.6","第二届江苏国际服装节开幕",32
"2000.9.6","江苏警方服务涉外商务",32
"2000.9.8","全国创建文明社区工作座谈会在南京召开　丁关根强调，努力创建文明社区，服务大局造福人民",32
"2000.9.8","满意的服务引来顾客盈门　南京湖南路商业街文明建设出效益",32
"2000.9.13","北京、江苏、福建、辽宁、云南、四川、宁夏、深圳、广州、武汉等地专门制定了奖励和保护见义勇为人员的地方性法规，为的是——让英雄不再流泪",32
"2000.9.13","连云港市云台区人民法院——强化管理  清理积案",32
"2000.9.15","张闻天生平和思想研讨会在无锡举行",32
"2000.9.16","但闻姑苏琵琶声——首届中国苏州评弹艺术节侧记",32
"2000.9.18","南通建成高标准建材批发市场",32
"2000.9.18","苏州园林在美落成",32
"2000.9.19","苏州河正在变清",32
"2000.9.20","南京金秋经贸洽谈会拉开帷幕",32
"2000.9.20","钱其琛在江苏考察时指出  研究旅游市场  有效开发资源",32
"2000.9.21","南京大学  研究生支教到伊犁",32
"2000.9.21","南京举办宽带IP城域网研讨会",32
"2000.9.22","吴印咸摄影展在江苏举行",32
"2000.9.29","第六届中国艺术节在南京开幕  李岚清出席开幕式",32
"2000.9.30","今日江苏出版业　过去未来共斟酌",32
"2000.9.30","扬州干丝",32
"2000.10.6","南京：灯火辉煌好夜游",32
"2000.10.8","维达杯保龄球冠军赛南京站落幕",32
"2000.10.8","西安南京铁路工程进展良好",32
"2000.10.9","世界杯男子乒乓球赛将在扬州举行",32
"2000.10.11","农网改造完成投资逾六成　年底江苏天津宁夏有望率先实现同网同价",32
"2000.10.13","江苏首届服装服饰博览会举行",32
"2000.10.13","江苏边防总队全力维护边防安全",32
"2000.10.15","李铁映在江苏省社科院建院二十周年庆祝大会上提出　人文社会科学研究要适应时代的变化",32
"2000.10.16","连云港墟沟治安工作抓得紧",32
"2000.10.16","今年1到7月，苏州市引进合同外资27．68亿美元，居全国大中城市之首。全市迄今已累计引进合同外资339亿美元，面对这骄人的业绩，人们惊诧——苏州如何引来339亿美元",32
"2000.10.18","李岚清同李显龙会谈　共同主持苏州工业园区中新联合协调理事会第五次会议",32
"2000.10.19","世界科技城市联盟大会在南京开幕　主题是“迈向二十一世纪的高新技术产业”",32
"2000.10.20","每天百家饭店开业百家饭店关门——南京餐饮业有点烦",32
"2000.10.25","开辟新天地——南京白下区依托社区拓展青少年法制教育",32
"2000.10.26","江苏全面推行干部任前公示制　3年公示各级干部6564人",32
"2000.10.26","江苏省建设厅原厅长徐其耀被逮捕",32
"2000.10.26","江苏射阳县　农村“三坊一站”  税收流失严重",32
"2000.10.28","伍柏，江苏常熟，编辑———广告，文雅含蓄为上品",32
"2000.10.29","江苏理工大学喜庆40岁生日　李岚清致信祝贺",32
"2000.10.31","武警盐城支队开展“五个一”教育",32
"2000.11.4","刘永群，江苏丰县，教师——泛滥且缺品位",32
"2000.11.9","南京军区福州总医院活体供肾闯出新路  率先攻克器官移植基因配型的世界难题",32
"2000.11.11","顾仁，江苏江都，干部——造势别造假",32
"2000.11.14","镇江加强非公有制经济组织党建工作",32
"2000.11.15","连云港首家维护军人合法权益合议庭挂牌",32
"2000.11.17","南通紫光公司红木制品获奖",32
"2000.11.17","武警无锡市支队为转业干部排忧解难",32
"2000.11.17","为申诉开通“绿色通道”　南京检察机关“民行接待日”受称赞",32
"2000.11.19","江苏外贸实现历史性突破　前10个月出口总额超过200亿美元",32
"2000.11.20","宿迁小额贷款与思想工作相结合　两年支持近30万农户调整产业结构",32
"2000.11.21","在京全国人大代表赴江苏视察",32
"2000.11.22","加快法治进程赢得发展先机——江苏省委书记回良玉谈依法治省方略",32
"2000.11.22","民心不可违——江苏灌南县六塘乡二圩村罢免村委会主任纪实",32
"2000.11.23","南京住房基金实行微机管理",32
"2000.11.23","对制售假冒伪劣一次性输液器行为打击不力　江苏通报批评四市县",32
"2000.11.23","江苏涟水：农电设施被盗严重",32
"2000.11.24","灵活  宽松  实用　江苏推出城市户籍管理新举措",32
"2000.11.24","“水巷流韵”醉了首都观众——苏州评弹艺术团晋京献演",32
"2000.11.24","重点查处伪劣农药和一次性输液器等9类商品　江苏出台七项措施加强打假",32
"2000.11.25","许书琴，江苏射阳，职员——广告也应讲品位",32
"2000.11.26","借助民力  依靠民资　泰州：小城镇建设走新路",32
"2000.11.27","在京全国人大代表结束对江苏浙江视察",32
"2000.11.27","南京加紧筹备第六届世界华商大会",32
"2000.11.28","不设围墙的工厂——江苏申海集团吸引人才纪事",32
"2000.11.29","江苏打假联合行动初战告捷　查处案件2400多件，标值3500余万元",32
"2000.11.29","南京大屠杀见证人起诉日本右翼分子",32
"2000.11.30","龙头昂起——徐州市发展农业产业化调整经济结构纪实",32
"2000.11.30","坚持以群众满意不满意为标准　南京市级机关作风建设十年不辍",32
"2000.12.2","李晓，江苏溧阳，医生——少做广告  多演节目",32
"2000.12.2","陆良君，江苏宜兴，干部——如此宣传值得商榷",32
"2000.12.2","季永健，江苏南通，干部——名人和古人效应",32
"2000.12.2","声清韵雅  理透情浓——看苏州评弹艺术团的晋京演出",32
"2000.12.6","履职为民议大计——在京九届全国人大代表视察江苏记事",32
"2000.12.7","全国男篮甲A联赛第六轮  八一受挫广东  江苏大胜吉林",32
"2000.12.8","居安思危更上层楼——记江苏常州市第一人民医院",32
"2000.12.10","保障工人合法权益  促进企业生产发展　江苏千余企业试行工资集体协商",32
"2000.12.10","河水调活  生命复活  人气激活　上海苏州河萌动生命活力",32
"2000.12.11","江苏公安边防严打“蛇头”",32
"2000.12.11","2000－2001年全国女排联赛开赛  上海八一江苏三强誓夺冠",32
"2000.12.11","农发行连云港分行确保秋粮收购",32
"2000.12.12","揭露侵华日军暴行  提醒世人勿忘历史   纽约华人纪念“南京大屠杀”死难同胞",32
"2000.12.13","南京地铁南北线开工建设",32
"2000.12.14","朱镕基在江苏浙江考察工作时强调　认真贯彻中央经济工作会议决策和部署　继续促进国民经济良性循环和较快发展",32
"2000.12.14","江苏各界悼念南京大屠杀遇难同胞",32
"2000.12.14","技术创新热徐州",32
"2000.12.17","江苏企业上网逾十二点五万",32
"2000.12.17","争创江苏“首善之区”——南京市鼓楼区“抓税源、做环境”纪实",32
"2000.12.17","袁隆平主持在湖南江苏大面积示范  “中国超级稻”平均亩产超过700公斤",32
"2000.12.18","江苏国内生产总值将超千亿美元",32
"2000.12.23","上海南京杭州　体味普通人的欢乐",32
"2000.12.25","江苏“扬力”新产品研发出硕果",32
"2000.12.25","南京海关税收大幅增长",32
"2000.12.25","以人为本造福万民——南京市“住宅小区整治出新”工程纪实",32
"2000.12.25","江苏　攻破多项技术难关",32
"2000.12.29","常州建设国际环保产业园",32
"2000.12.31","苏州今年税收过百亿  涉外税收近一半",32
"2000.12.31","“专”字做文章——记江苏省中医院",32
"2000.12.31","百年老院德艺双馨——记苏州医学院附属第一医院",32
