﻿"index","news_title","prov_cde"
"2000.1.2","青岛：太平晓钟迎接曙光",37
"2000.1.3","科技适应市场  市场引导科技  济宁加快科技经济一体化进程",37
"2000.1.3","潍坊中以溴化物有限公司揭牌",37
"2000.1.3","男篮联赛打出一新气象  北京山东势头猛  江苏南钢节节高",37
"2000.1.4","市府兑现承诺  市民喜上眉梢  青岛棚户区改造基本完工",37
"2000.1.4","临沂电业局实现安全生产十年",37
"2000.1.5","老百姓心中的丰碑——山东滨州地区群众吃水工程建设纪实",37
"2000.1.5","青岛中院：在改革中追求司法公正",37
"2000.1.7","依法治税  服务经济  青岛国税收入首破百亿",37
"2000.1.10","跃动的生命线——山东小鸭集团党委书记李淑敏思想政治工作纪事",37
"2000.1.10","男篮联赛第十五轮　山东永安三连胜",37
"2000.1.12","山东电力投巨资开发重庆北部新城",37
"2000.1.19","潍坊坊子区人武部科技兴武",37
"2000.1.19","纵向抓警种  横向抓层面　济宁公安狠抓队伍建设",37
"2000.1.20","山东农行网点通存通兑　一张存折走城乡",37
"2000.1.20","潍坊工商下乡开展普法活动",37
"2000.1.20","仁川—青岛豪华混装船开航",37
"2000.1.21","山东地税系统强化思想政治工作",37
"2000.1.22","吉林发展订单农业促进结构调整　山东依托冬季农业改善季节布局",37
"2000.1.24","山东电力花钱买批评",37
"2000.1.24","山东农行支持农电改造",37
"2000.1.24","济南为环保型轻骑摩托车开禁上牌",37
"2000.1.27","青岛：困难职工春节无忧虑",37
"2000.1.28","无形的权威  ——青岛港务局领导班子联系群众二三事",37
"2000.1.31","严格控制进校书  改革招生考试制度　山东切实为中小学生“减负”",37
"2000.2.1","德州市让优抚对象过好节",37
"2000.2.2","山东军星教育学院面向市场育英才",37
"2000.2.2","日照公安“严”字当头抓队伍",37
"2000.2.3","枣庄市国税分局税收突破四亿元",37
"2000.2.3","潍坊国际风筝会四月下旬举行",37
"2000.2.3","青岛东方商厦拥军办实事",37
"2000.2.3","全国男篮甲A联赛第一阶段结束　山东进入四强  辽宁排名第七",37
"2000.2.4","青岛科普猜谜龙灯挂街头",37
"2000.2.5","乌鲁木齐：载歌载舞迎新年　济南：礼花绽放贺新春",37
"2000.2.5","齐鲁大地上的亲情——山东省拥军优属工作纪实",37
"2000.2.8","济南民警扫雪忙",37
"2000.2.10","山东十六万人迁离黄河滩区",37
"2000.2.11","三年内投资660亿元进行产业结构优化升级　山东实施新一轮工业产品结构调整",37
"2000.2.12","山东严防黄河凌汛",37
"2000.2.12","不为眼前树丰碑 但求长远出效益　山东博兴“咬定”可持续发展做文章",37
"2000.2.13","“铁军”接轨——山东电建一公司履行国际惯例的故事",37
"2000.2.14","山东交警为驾驶员送温暖",37
"2000.2.14","青岛实施“三大工程”争创旅游名城",37
"2000.2.14","菏泽“科技闹春”春更浓",37
"2000.2.15","青岛努力解决拖欠职工医疗费问题",37
"2000.2.17","男篮联赛八一山东上海打入四强　广东辽宁尚有一拼",37
"2000.2.20","“铁老大”抢滩市场——青岛铁路分局调整结构挖潜增效纪实",37
"2000.2.20","“微型移动电脑”在青岛问世",37
"2000.2.21","济南“蓝天工程”启动",37
"2000.2.22","山东寿光瞄准高科技农业办学　每年投入教育经费2．3亿元",37
"2000.2.22","摆正位置天地宽——山东兖矿党组织发挥政治核心作用的调查",37
"2000.2.22","铸造“钢班子”——山东里能集团加强党建侧记",37
"2000.2.24","帮助基层解决难点热点问题　德州万名干部进村",37
"2000.2.24","青岛文明告示赛春联",37
"2000.2.25","泰安兴建抽水蓄能电站",37
"2000.2.25","青岛过年冷清  游客无处休闲",37
"2000.2.28","泉城济南喜降春雪",37
"2000.2.28","临沂电业局花钱买批评",37
"2000.2.28","济宁城区信用社支持企业技改",37
"2000.2.28","男篮联赛半决赛　广东扳平上海  八一两胜山东",37
"2000.2.29","山东公开选拔副厅级干部",37
"2000.3.1","永恒的追求——记“全国法院模范集体”济南槐荫区法院",37
"2000.3.3","农村抓整治  城市抓防范　山东社会治安持续好转",37
"2000.3.9","改革创新  促进发展——访全国人大代表、山东省委书记吴官正",37
"2000.3.14","李鹏参加山东河北代表团全体会议时指出　加强人大监督  促进司法公正",37
"2000.3.14","山东  抢占国外柜台",37
"2000.3.16","一切为了农民增收——山东省日照市发展农业产业化纪实",37
"2000.3.17","山东确保交通命脉安全畅通",37
"2000.3.17","山东省电子商务系统开通运行",37
"2000.3.20","治山治水治气  绿化美化净化　济南启动“蓝天工程”",37
"2000.3.23","向基础产业和行业龙头企业倾斜　山东农行增贷百亿元",37
"2000.3.26","明确责任目标  层层分解落实　山东国企扭亏脱困见成效",37
"2000.3.27","青岛举办“以港兴市”研讨会",37
"2000.3.27","淄博兴学街派出所保一方平安",37
"2000.3.27","华为承建山东省移动智能网",37
"2000.3.28","青岛市对新任领导干部　进行党风廉政建设专题教育",37
"2000.3.30","荣誉不搞终身制  卫生滑坡受批评　滨州等5城市被亮“黄牌”",37
"2000.3.31","固特丽抹灰粉在烟台问世",37
"2000.3.31","情洒老区  功垂沂蒙——山东临沂军分区组织民兵扶贫攻坚纪实",37
"2000.4.3","全国马拉松锦标赛在济南结束",37
"2000.4.5","广东企业西进找市场　目前已有技术合作项目70多项　烟台企业挺进中西部　创办企业452处，涉及十多个行业",37
"2000.4.5","建章立制从无到有——喜看山东省县级人大常委会制度建设",37
"2000.4.6","青岛实行党风廉政建设报告会制度",37
"2000.4.7","山东抓住主要矛盾开展“三讲”　蓟县确保“三讲”教育取得实效",37
"2000.4.10","惠风化雨润民心——山东省滨州地区加强思想政治工作纪实",37
"2000.4.11","人有爱心鸟有情　青岛呵护生态人鸟同乐",37
"2000.4.14","重庆警方  割掉校园周边“毒瘤”　山东公安  推行“校园一一○”",37
"2000.4.14","烟台地税实行依法行政反馈卡制度",37
"2000.4.14","新加坡总理访问青岛",37
"2000.4.14","济南铁路局　假日列车方便百姓",37
"2000.4.15","烟台市十人书法作品展在京举行",37
"2000.4.15","剑桥插考古史   山东画报出版社",37
"2000.4.16","靠制度落实政策  讲责任转变作风  东营市：高新技术项目一路绿灯",37
"2000.4.21","甲A联赛大连实德气势如虹　“双冠王”山东鲁能连丢五球",37
"2000.4.22","潍坊国际风筝大赛出现动人一幕——台胞放巨龙风筝盼两岸统一",37
"2000.4.24","促进全市产品结构优化升级　青岛推出名牌产品梯队发展战略",37
"2000.4.24","泰安国税局依法治税",37
"2000.4.25","潍坊查获一起“法轮功”骨干分子诈骗钱财案　犯罪嫌疑人被抓获钱物全部被追回",37
"2000.4.25","菏泽念好牡丹“经”",37
"2000.4.25","烟台市牟平区地税局狠抓行风建设",37
"2000.4.26","学习孔繁森座谈会在聊城举行　张全景提出要把学习孔繁森精神与“三讲”教育相结合",37
"2000.4.29","青岛推出广场文化系列主题活动",37
"2000.5.1","济南发展高科技主导产业  带动传统产业焕发生机",37
"2000.5.1","烟台的海",37
"2000.5.6","济南：商家齐打“假日牌”",37
"2000.5.7","百万游客涌青岛",37
"2000.5.8","加拿大军舰访华抵青岛",37
"2000.5.8","青岛花甲老人支援西部开发",37
"2000.5.10","维护法律尊严  促进司法公正  潍坊市人大对“两院”监督制度化",37
"2000.5.10","青岛政府自觉接受人大监督",37
"2000.5.16","烟台牟平警方破获重大拐卖妇女案",37
"2000.5.16","全国游泳冠军赛揭幕济南　山东上海选手各夺两金",37
"2000.5.23","家长放心  学生专心　山东高校着力治理校园环境",37
"2000.5.24","泰安岱岳区人武部开展“致富促训”",37
"2000.5.24","让“盆景”化作“田景”　烟台科普助推精准农业",37
"2000.5.24","济南市全民健身红红火火",37
"2000.5.28","从零星养殖到规模经营  从家庭副业到支柱产业　山东建成没有草原的畜牧大省",37
"2000.5.28","济宁塑机质量差　20多万元泡了汤",37
"2000.5.28","广泛宣传促销  完善旅游布局　孔孟之乡济宁笑迎八方宾客",37
"2000.5.29","从沂蒙走向世界——临沂市人民医院深化改革纪实",37
"2000.5.30","乡镇裁冗  农民减负——关于山东、江西两省清退分流乡镇超编干部职工的调查",37
"2000.6.1","思想政治工作机制的新探索——潍坊市“民心工程”的实施及其启示",37
"2000.6.1","临沂市河东区　“校园110”整治周边环境",37
"2000.6.4","山东沂南双堠镇　高价买石修废渠　看似为群众谋利益  实则加重农民负担",37
"2000.6.5","烟台绿色环保型肥料技术获突破",37
"2000.6.11","创新潮涌产业兴——烟台市依靠高新技术促发展纪实",37
"2000.6.12","乌鲁木齐青岛开通海铁联运",37
"2000.6.12","聊城警方重视解决刑事立案不实问题",37
"2000.6.12","济南采用华为设备建设大容量传输网",37
"2000.6.13","济南海慕法姆制药有限公司开业",37
"2000.6.13","精学理论  找准差距  追赶先进　济南军区某部开展“三个代表”教育活动",37
"2000.6.14","关注“乡企”——全国人大常委会赴山东、辽宁对乡镇企业法执法检查巡礼",37
"2000.6.16","蚕业正逢好年景——泰安科技兴蚕见闻",37
"2000.6.19","枣庄开通“敬老车”",37
"2000.6.19","济宁建行营业部狠抓内控建设　靖江企业利用普惠制扩大出口　仙居工行推出银税联网纳税业务　宝钢发债20亿元信用等级为3A",37
"2000.6.20","淄博税务干部到监狱“听课”",37
"2000.6.20","济南军区某仓库办校育才",37
"2000.6.20","铸造新的灵魂——山东省济宁监狱改造罪犯记事",37
"2000.6.22","菏泽地区科学行使监督职能　审计署和山东省政府对其记功表彰",37
"2000.6.25","济南在京聘任客座专业技术人才",37
"2000.6.26","携笔从戎铸军魂——记济南军区某营教导员、“优秀大学生干部”李国发",37
"2000.6.30","济宁市中区税银联手方便纳税",37
"2000.6.30","济南灵岩寺",37
"2000.7.2","青岛采取多种形式庆“七一”",37
"2000.7.3","风起潮涌黄河口——山东省东营市加快黄河三角洲建设和发展纪实",37
"2000.7.3","穷县也能办大事——山东沾化脱贫纪实",37
"2000.7.4","首届农村适用型工业品博览会将在临沂举行",37
"2000.7.5","滨州市区国税局积极培植税源",37
"2000.7.5","山东美华集团产品产销率达百分之百",37
"2000.7.5","潍坊地税局创新思想政治工作方式",37
"2000.7.5","把握特点  结合实际　青岛唱响德育主旋律",37
"2000.7.6","目标细化  严格奖惩　济宁国税局扎实抓创建实现“满堂红”",37
"2000.7.6","以管理为依托  以服务为桥梁　青岛思想政治工作深入社区",37
"2000.7.6","更新观念  重在培养——山东做好党外干部安排工作纪实",37
"2000.7.9","以人为本凝心聚力  文明办税蔚然成风　山东地税系统思想政治工作抓出成果",37
"2000.7.10","青岛企业积极进军西部",37
"2000.7.11","投诉有门  解决有人  处理有规  结案有期　青岛健全为侨企服务体系",37
"2000.7.12","持枪行凶法不容　烟台芝罘一歹徒被击毙",37
"2000.7.13","青岛开发区倾听民声办实事",37
"2000.7.14","努力创造干部能上能下的新机制——青岛市深化干部制度改革情况调查",37
"2000.7.14","用足优惠政策  拓展创业空间　烟台留学归国人员创业热情高",37
"2000.7.16","规矩  方圆  凝聚力———山东青州市实施村级工作规范化管理的调查",37
"2000.7.17","山东外商投资大幅增长",37
"2000.7.17","青岛市军地联手维护军人军属合法权益",37
"2000.7.18","足不出户可缴税　威海市国税局推行网上办税和电话办税",37
"2000.7.19","春风化雨护新枝——青岛市市北区检察院青少年维权岗纪事",37
"2000.7.21","带好队  收好税——山东泰安市国税局加强和改进思想政治工作纪实",37
"2000.7.22","历史，定格青岛",37
"2000.7.23","新山东大学成立",37
"2000.7.24","济南军区某部一批“学法用法标兵”入党",37
"2000.7.24","春风激荡旗更红——山东省单县地税局思想政治工作纪实",37
"2000.7.26","潍坊法院治积案　一个月清理2000余件",37
"2000.7.28","山东农行注资十五亿支持旧城改造",37
"2000.8.1","青岛工业生产实现“五个同步增长”",37
"2000.8.1","发挥科技优势  保护海洋环境  海洋科技与经济发展论坛在青岛举行",37
"2000.8.2","青岛出台劳动用工管理条例",37
"2000.8.2","潍坊风筝飞越黄河长江",37
"2000.8.2","法官李月臣公正办案惨遭杀害  聊城千人洒泪送英灵  四名凶手全部落法网",37
"2000.8.3","陈锦华在山东考察谈“十五”规划出发点  提高人民物质和文化生活水平",37
"2000.8.3","责任重于泰山——山东省蓬莱市人民法院“严格执法，热情服务”的调查",37
"2000.8.4","青岛加快养老服务设施建设",37
"2000.8.5","产业定位  资金支持  完善法规  青岛旅游业实施政府主导战略",37
"2000.8.6","天更蓝  地更绿  日照精心打造“绿色名”",37
"2000.8.6","在与市场的撞击中奋起——潍坊柴油机厂经营方略纪事",37
"2000.8.6","青岛公示医疗质量",37
"2000.8.6","山东莱州培植“海上牧场”",37
"2000.8.7","一丹心暖夕阳——记济宁市任城区南张镇敬老院院长杜永霞",37
"2000.8.7","济宁巩固成果狠抓落实",37
"2000.8.9","山东上半年工业企业效益显著提高  工业利税居全国第一，亏损面为全国最低",37
"2000.8.9","路畅民安——济南市实施“畅通工程”纪实",37
"2000.8.9","济南交警推出“制冷”10招",37
"2000.8.10","永无止境的追求——济南市公安局开展“三项教育”活动纪实",37
"2000.8.10","推行职业资格证书制度  青岛将向技术工人发放津贴",37
"2000.8.11","坚持以人为本  贴近改革实际  淄博：摸着群众脉搏做思想政治工作",37
"2000.8.11","建章立制抓重点  结合实际解难题  山东高法党组贯彻以人为本凝聚人心",37
"2000.8.17","威海市开展劳动保障执法大检查",37
"2000.8.18","山东十五亿元资金投向新疆大开发",37
"2000.8.18","枣庄重视军转干部安置工作",37
"2000.8.18","山东发行力度超往年",37
"2000.8.19","烟台推进无公害农业",37
"2000.8.20","改革创新求发展  招商引资上档次　枣庄创经济增长新优势",37
"2000.8.20","齐鲁农业迈坦途——山东省“农业产业化经营”发展追踪",37
"2000.8.21","山东：选拔优秀年轻干部不拘一格　重庆：公开选拔副厅局级领导干部",37
"2000.8.24","济南开展丰富多彩广场文化活动",37
"2000.8.27","深入基层走访群众切实解决热点问题　日照加强思想政治工作落在实处",37
"2000.8.27","第十届中国青岛国际啤酒节开幕",37
"2000.8.28","粮食—渔业—海产品加工　威海农村经济三级跳",37
"2000.8.28","威海环翠区实行“活化工资”制",37
"2000.8.28","在沂蒙老区山东郯城县，一位农村妇女徐敏英，痴情环卫，二十年如一日。熟悉她的人称她——环卫妈妈",37
"2000.8.29","人心齐  泰山移——民航山东省局机场建设部思想政治工作纪实",37
"2000.8.30","人大代表怎样看待代表工作——对烟台市人大代表调查问卷的分析　烟台市人大常委会人事代表工作室",37
"2000.8.31","一个士兵和三千贫困学子——记“国际青少年消除贫困奖”荣获者、济南陆军学院学员谢国江",37
"2000.9.1","临沂电业局向多种经营要效益",37
"2000.9.2","全国普通邮件全面提速　山东邮政推出新业务：限时递",37
"2000.9.3","德州市大幅度合并乡镇　减幅达40％多",37
"2000.9.4","淄博私企党组织逾两百",37
"2000.9.4","为有源头活水来——济南铁路局加强和改进思想政治工作纪实",37
"2000.9.5","济宁市中区国税局加大科技投入",37
"2000.9.5","青岛市人民医院人事制度改革“动真格”　20名主任医师高职低聘  59名护士转岗分流",37
"2000.9.6","从包办到自治  化制约为服务   山东连续9年实现低生育水平",37
"2000.9.6","执法责任制在济南",37
"2000.9.10","王忠禹在山东考察时表示　认真落实《决定》精神　努力稳定低生育水平",37
"2000.9.11","烟台研制出环保型液态有机肥",37
"2000.9.12","李瑞环在山东考察工作时强调　弄清群众在想些什么　尽力为群众做点什么",37
"2000.9.12","济南军区某部育才工作卓有成效",37
"2000.9.13","这里阳光灿烂——山东省法院系统“大立案”改革纪实",37
"2000.9.13","山东昌邑  “法制校长”进校园",37
"2000.9.14","二○○○年中国枣庄经洽会闭幕",37
"2000.9.15","时传祥纪念馆在山东齐河开馆",37
"2000.9.18","青岛城阳区出口大增",37
"2000.9.20","首届中老年广场舞蹈大赛在威海开幕",37
"2000.9.20","绘制第四张“名”——威海市健康促进活动纪实",37
"2000.9.20","世界华人雕塑园在青岛揭幕",37
"2000.9.21","2000年世界华人论坛在青岛开幕　吴官正、司马义·艾买提出席开幕式",37
"2000.9.21","济南铁路公安处以实际行动迎国庆",37
"2000.9.22","改革迎来艳阳天——山东省工业经济运行越过决胜的转折点",37
"2000.9.22","德州三万党政干部参与轮岗",37
"2000.9.25","淄博旅游业发展势头迅猛",37
"2000.9.25","滨州国税局推出“预约办税”服务",37
"2000.10.5","山东吕剧",37
"2000.10.6","风正一帆悬——山东时风集团强化管理改革发展纪实",37
"2000.10.6","青岛：碧海扬帆赏美景",37
"2000.10.9","青岛开发区国税局狠抓队伍建设",37
"2000.10.11","山东东营着力加强居委会建设",37
"2000.10.12","滨州地区优化警察队伍",37
"2000.10.12","青岛  社区连着你我他",37
"2000.10.13","招商引资与招才引智并举  青岛借外智加速发展",37
"2000.10.15","济南：交警精神谱新篇",37
"2000.10.16","烟台莱山区法院强化审判改革",37
"2000.10.16","济南军区某仓库科技练兵成效明显",37
"2000.10.16","北京山东吉林群众怒斥“法轮功”　多行不义  必遭覆亡",37
"2000.10.18","青岛代表不满意建议重新办",37
"2000.10.20","山东蒙山  新推特色生态游　上山住帐篷  下山采水果",37
"2000.10.23","全国青年足球联赛山东鲁能队夺冠",37
"2000.10.25","威海市改革卫生事业费分配办法   拨款给医院  百姓说了算",37
"2000.10.26","小冬枣  大文章——记山东省裕华集团的产业化之路",37
"2000.10.26","坚持以人为本  创建文明城市——访中共青岛市委副书记张旭升",37
"2000.10.27","山东深入基层深入群众",37
"2000.10.27","21世纪老年学论坛会议在青岛举行",37
"2000.10.27","涵养浩然正气——烟台养正小学素质教育管窥",37
"2000.10.29","抓住机遇乘势而上——山东聊城实干兴市纪实",37
"2000.10.30","聊城法院实施“阳光工程”",37
"2000.10.31","“挑战者”飞抵济南（）",37
"2000.11.1","青岛：集订分送  确保发行",37
"2000.11.6","讲文明比科技活动丰富  学科学用科学卓有成效  山东大力倡导科学文明",37
"2000.11.7","山东潍坊二中音乐教育有特色",37
"2000.11.8","山东师大庆祝建校五十周年",37
"2000.11.8","向改革要公正——记聊城市中级人民法院",37
"2000.11.9","济宁　扶贫帮困办实事",37
"2000.11.9","山东省费县：集资修路不见动工",37
"2000.11.10","山东海警渔政联合执法检查",37
"2000.11.10","滨州滨城国税分局狠抓廉政促治税",37
"2000.11.12","维达杯保龄球赛济南站结束",37
"2000.11.13","宇科电池公司在烟台投产",37
"2000.11.13","张万年在济南军区某部考察时要求  按照“五句话”总要求建设特别过硬部队",37
"2000.11.13","泰安国税局注重人才教育",37
"2000.11.15","百舸争流胶州湾——青岛港在改革创新中发展壮大",37
"2000.11.15","建立起用人不养人、留人不拴人的新机制  青岛实施“赢得未来”人才战略",37
"2000.11.16","山东公开招标海域使用权",37
"2000.11.17","山东临沂市区国税局完成税收计划",37
"2000.11.17","济宁农村信用社系统以正反典型作教材",37
"2000.11.18","代路作品研讨会在青岛举行",37
"2000.11.19","菏泽街头欠文明（）",37
"2000.11.20","朱镕基在山东考察工作时强调　把调整农业结构和增加农民收入放在首位　把国企改革和社会保障体系建设推向前进",37
"2000.11.20","青岛港百年码头改造工程动工",37
"2000.11.20","烟台地税局征税中心发挥窗口示范作用",37
"2000.11.21","国际版画双年展在青岛开幕",37
"2000.11.22","青岛探索国企股权多元化",37
"2000.11.22","为了黄土地的呼唤——济南军区某炮兵团培养农村建设带头人纪实",37
"2000.11.23","滨州市区国税局推行电子报税",37
"2000.11.23","新时期公安建设的指导思想——写在江泽民同志为济南交警题词五周年之际",37
"2000.11.24","振动两翼  迎风高翔——山东电力集团公司发展纪实",37
"2000.11.24","山东高速公路逾二千公里",37
"2000.11.25","山东省委省政府发出“警示令”  要求各地认真吸取“11·24”特大海难事故教训，进一步加强安全生产管理",37
"2000.11.25","“民心工程”的凝聚力——山东省青州市谭坊镇干群同心促发展纪实",37
"2000.11.25","建设山东文化大省",37
"2000.11.26","烟台大力发展高新技术产业　已形成电子信息、新材料、生物技术、机电一体化、海洋开发和环保与新能源等六大产业群体",37
"2000.11.26","威海康隆小区5号楼住户买楼买烦恼：“优质工程”质量堪忧",37
"2000.11.26","养虫子  制种子　山东宁阳农民增收有新法",37
"2000.11.27","山东东营切实减轻农民负担",37
"2000.11.27","栋梁之材更需精心扶助　济南加强对年轻干部监督",37
"2000.11.27","东营把党报订阅纳入“双考核”",37
"2000.11.27","巩固达标成果　持续改善环境　山东实施治污“再提高工程”",37
"2000.11.28","山东：查获掺油大米　50公斤大米竟掺入3两有毒工业基础油",37
"2000.11.29","拥军真情满沂蒙——临沂市委书记乔延春关心支持国防建设纪事",37
"2000.11.29","济南军区某医院医疗扶贫受表彰",37
"2000.11.29","东营人大常委会坚持述职评议",37
"2000.11.30","事前有目标  事中有督促  事后有奖惩　东营实行政务责任督查制",37
"2000.11.30","山东消费贷款余额超百亿",37
"2000.12.1","供销合作总社整顿棉花收购秩序  河南山东部分棉花企业掺杂使假违法行为被查处",37
"2000.12.1","进农家院  吃农家饭  摸农家情　山东四千名县以上领导干部包乡驻村",37
"2000.12.1","聊城重视引进高层次人才",37
"2000.12.4","全国男篮甲A联赛第五轮   山东未见起色  上海继续领先",37
"2000.12.5","小小庭院潜力大  依靠科技搞开发　家家手捧聚宝盆  户户绽开致富花　枣庄庭院经济成为农民增收新亮点",37
"2000.12.6","火车跑得快  全靠车头带——记张才奎和他管理的山东水泥厂",37
"2000.12.7","泰安国税局  思想教育念好“五字经”",37
"2000.12.9","薄文军，山东东营，编辑——广告通稿假的多",37
"2000.12.11","李岚清会见俄罗斯下诺夫哥罗德州州长",37
"2000.12.14","临沂电业局实现安全生产四千天",37
"2000.12.15","济宁国税六年无一骗税案件发生",37
"2000.12.16","目标管理、考绩评比相结合  青岛建立督查工作新机制",37
"2000.12.17","山东经济运行质量提高　内蒙古国企改革现活力",37
"2000.12.17","市场撑大了临沂市",37
"2000.12.18","书山有路“趣”为径  学海无涯“乐”作舟　烟台素质教育落实到课堂",37
"2000.12.18","全国女排联赛战罢第二轮　山东永安队击败上海有线队",37
"2000.12.22","济南站　售票网络方便乘客",37
"2000.12.22","山东阿胶  环保绿卡已落户",37
"2000.12.23","架起连心桥  新风润万家——山东电力集团公司实施“彩虹工程”加强行风建设纪实",37
"2000.12.24","鼓励企业“走出去”  招商实施“四对接” 山东省大力推进经济国际化战略",37
"2000.12.25","东营区农民联合闯市场",37
"2000.12.26","用科技铸造过硬质量　山东球墨铸铁管有限公司拓宽产品应用空间",37
"2000.12.29","烟台今冬火锅热",37
"2000.12.31","山东“阳信事件”正在妥善处理  目前群众情绪稳定，社会秩序正常",37
