﻿"index","news_title","prov_cde"
"2000.1.2","浙江城乡兴起  买气象信息",33
"2000.1.2","浙江石塘喜迎新千年曙光",33
"2000.1.3","林业经济新亮点  浙江大做“竹文章”",33
"2000.1.4","浙江取消乱收费200多项",33
"2000.1.4","浙江：江河湖海齐祝福",33
"2000.1.4","八天超额完成任务——浙江省上虞市改革党报党刊订阅办法纪事",33
"2000.1.4","辛劳换得满园春———记杭州二中校长、特级教师徐承楠",33
"2000.1.5","浙江9名劳模被撤销称号",33
"2000.1.10","浙江人保去年支付保险赔款十四多亿元",33
"2000.1.11","浙江经济保持较快增长",33
"2000.1.12","百户邻里守小区  ——记杭州下城区“百户邻里守小区”活动",33
"2000.1.17","杭州投资2亿疏浚西湖",33
"2000.1.21","杭州松下公司推出离心力洗衣机",33
"2000.1.25","更优更强更有效——宁波市属国有纺织工业改革重组纪实",33
"2000.1.25","解放思想  转变观念　湖州“三讲”教育出实招下真功",33
"2000.1.27","仇保兴当选杭州市市长",33
"2000.1.31","杭州：扶贫帮困制度化",33
"2000.1.31","浙江山村通车率达93．7％",33
"2000.2.4","浙江大米崛起一批名牌",33
"2000.2.4","浙江党政领导到山区访贫问苦",33
"2000.2.6","提高办事效率 加强市场调节　宁波市削减一半审批项目",33
"2000.2.6","杭州：灵峰探梅喜煞人",33
"2000.2.8","宁波：歌舞热闹生意火",33
"2000.2.8","杭州居委会里笑声多",33
"2000.2.10","宁波15万市民献爱心",33
"2000.2.10","浙江：农民赶集忙",33
"2000.2.13","要从此地过 必须塞红包　广东浙江某些收费站刁难车主",33
"2000.2.15","“好学生”杀母事件引起浙江各界反思　加强青少年思想道德教育和人格培养已成社会共识",33
"2000.2.16","浙江向农民发布粮食产销信息",33
"2000.2.16","金华再也不准学校按分数排名次",33
"2000.2.16","浙江进一步推进依法治省工作",33
"2000.2.17","农村应尽快调整能源结构——浙江一些农业专家对维护生态环境提出对策",33
"2000.2.19","浙江两名犯罪嫌疑人被国际刑警擒获归案",33
"2000.2.19","华南虎重现浙江",33
"2000.2.20","文明学校拂春风——农行湖州市南浔支行加强职工思想政治工作建设纪实",33
"2000.2.20","杭州：人鸟对话乐趣无穷",33
"2000.2.21","绍兴市软件开发崭露头角",33
"2000.2.23","装百姓心  解百姓愁——浙江省台州市切实转变乡镇干部工作作风记事",33
"2000.2.23","浙江城镇养老保险增长",33
"2000.2.25","李瑞环在浙江强调　听取群众意见要经常化制度化",33
"2000.2.25","浙江兴建农业高科技示范园区",33
"2000.2.25","浙江首次发现五代法堂遗址",33
"2000.2.28","杭州农贸市场全部进室内",33
"2000.2.28","科技信息及时雨  农民致富好帮手  衢州开通农技咨询热线",33
"2000.3.2","认真学习江总书记的重要谈话　浙江推进素质教育",33
"2000.3.6","杭州　激励和约束相结合",33
"2000.3.8","李岚清参加浙江、内蒙古代表团审议政府工作报告时指出　认真加强和改进青少年教育工作",33
"2000.3.14","浙江  大步跨出国门",33
"2000.3.15","江泽民参加浙江北京代表团全体会议时指出　抓住机遇只争朝夕知难而进开拓进取　坚定不移地实现我国社会主义现代化",33
"2000.3.18","浙江加大交通基础设施建设",33
"2000.3.20","CUBA总决赛  浙江大学队将与华侨大学队争冠",33
"2000.3.22","武警浙江总队坚持依法执勤",33
"2000.3.23","杭州铁路警方严打刑事犯罪",33
"2000.3.24","器官移植创佳绩——记浙江大学医学院附属第一医院",33
"2000.3.24","风采浙江路　　人间天堂游",33
"2000.3.25","为提前基本实现现代化夯实基础　浙江经济从量的扩张转向质的提高",33
"2000.3.28","争抢黄金一小时——记浙江大学医学院附属二院",33
"2000.3.29","全国体育大会组委会在宁波成立",33
"2000.3.29","根据需要制定法规  结合实际加强监督　浙江人大立法监督实现双突破",33
"2000.3.31","勇于负责  敢于碰硬——浙江天台县维护稳定促进发展纪事",33
"2000.3.31","顶上功夫敢争先——记浙江温州医学院第一附属医院",33
"2000.3.31","杭州将重建雷峰塔",33
"2000.4.2","江泽民等参加义务植树活动　江泽民指出，开展全民义务植树活动，一定要长期坚持下去。西部大开发首先要改善环境，加强生态建设，植树种草的工作要抓紧抓好　李鹏在杭州与当地干部群众一起植树朱镕基李瑞环胡锦涛尉健行李岚清等参加首都义务植树",33
"2000.4.3","李鹏在浙江考察工作时强调　切实发挥人大代表作用　开拓性开展地方人大工作",33
"2000.4.4","《浙江财政支农和农业税收》出版",33
"2000.4.4","浙江撤并公路收费站点",33
"2000.4.5","浙江开设汽车消费贷款“快速通道”",33
"2000.4.7","抓住身边典型事例举一反三　湖州百万干群致富思源富而思进",33
"2000.4.13","创制新药克顽症——记浙江省中医院",33
"2000.4.16","“世纪之光”接力长跑传至嘉兴",33
"2000.4.16","以名牌农产品为导向——浙江农业结构调整追踪",33
"2000.4.16","嘉兴  市场首选大上海",33
"2000.4.17","浙江东阳筹建国际文化城",33
"2000.4.18","浙大教授质询杭州电信  何以收取“振铃费”",33
"2000.4.19","王国平任杭州市委书记",33
"2000.4.19","医疗服务无盲区——记杭州市第一人民医院",33
"2000.4.19","市民提议  代表审议  杭州市政府确定“实事工程”",33
"2000.4.23","台州椒江街头　广告牌上错字多",33
"2000.4.26","浙江　电波教员",33
"2000.5.1","杭州工业出现近几年最高增幅",33
"2000.5.5","园林文物建设投资超过三亿元  杭州传统景点焕发青春",33
"2000.5.6","杭州：暖风吹得游人醉",33
"2000.5.9","发挥综合优势  激活传统学科  浙大人文社科研究拓展新空间",33
"2000.5.11","浙江“双思”教育促进社会经济发展",33
"2000.5.11","宁波“招宝山”轮触礁",33
"2000.5.11","认真贯彻江泽民关于教育问题谈话精神  浙江全面推进素质教育",33
"2000.5.12","综合实力增强  争创世界一流  浙江大学并校开拓高教改革之路",33
"2000.5.16","江泽民在江苏、浙江、上海考察工作强调  深入基层总结实践积极探索开拓前进　按照“三个代表”要求加强党的建设",33
"2000.5.17","江苏浙江上海学习江泽民总书记讲话精神　认真贯彻“三个代表”重要思想　全面推进新时期党的建设工作",33
"2000.5.17","舟山渔场出现大面积赤潮　农业部发出紧急防范通知",33
"2000.5.19","浙师大试开高校“直通车”",33
"2000.5.23","改革财务制度  节约政府开支　金华机关经费一个“算盘”管起来",33
"2000.5.24","走私者心怀叵测  缉私者被拉下水　舟山一边防大队长被判刑",33
"2000.5.28","科教人才为支点  推动经济再腾飞　宁波实施科教兴市“一号工程”",33
"2000.5.29","首次非奥运会项目综合性运动会　全国体育大会在宁波开幕",33
"2000.5.30","全国体育大会海模比赛　浙江选手冯锐创一项世界纪录",33
"2000.5.31","温州“地下组织部长”陈时松被判刑",33
"2000.5.31","青山遮不住——温州罢免“村官”留下的思考",33
"2000.6.5","杭州文明创建的“五个一”",33
"2000.6.5","文明城市  温馨家园——杭州市文明建设纪实之一",33
"2000.6.6","群众呼声是“第一信号”——杭州市文明建设纪实之二",33
"2000.6.7","创建文明城的秘诀——杭州市文明建设纪实之三",33
"2000.6.7","巧用草药  妙手回春——记杭州西湖区人民医院专家马康生",33
"2000.6.8","常抓不懈  创建一流——访浙江省委副书记李金明",33
"2000.6.9","浙江出口增幅全国第一",33
"2000.6.12","杭州查获三起特大香烟走私案",33
"2000.6.13","浙江农民赚“洋钱”",33
"2000.6.18","浙江在京设立人才交流机构",33
"2000.6.19","绍兴公安机关抓教育促整改",33
"2000.6.19","宁波钢厂关与不关的对话",33
"2000.6.19","浙江人的“傻”",33
"2000.6.20","杭州启动“市民林”",33
"2000.6.21","李岚清在浙江考察时强调　教育要为经济和社会发展更好服务",33
"2000.6.21","农行宁波分行扶持高新技术产业",33
"2000.6.22","违反民意  越权干预——浙江苍南县象北村村委会选举的调查",33
"2000.6.22","浙江中学生弃学“从E”引争议",33
"2000.6.25","探索加强和改进思想政治工作的新路子　浙江农行系统推广创办文明学校",33
"2000.6.25","第十届中国新闻奖评选在浙举行",33
"2000.6.26","浙江日报报业集团挂牌",33
"2000.6.28","离家放心  回家舒心  全家安心　杭州城乡发案少治安好",33
"2000.7.4","浙江丽水撤地设市",33
"2000.7.5","创办“三校”  保护明天——浙江诸暨市青少年法制教育走出新路子",33
"2000.7.7","李金华就加强中央预算管理提出　切实加强中央部门财务管理",33
"2000.7.7","李金华在报告1999年中央预算执行和其他财政收支的审计情况时表示　去年中央预算执行和其他财政收支情况是比较好的",33
"2000.7.7","李金华报告1999年审计查出的主要问题及处理情况时说　挤占挪用专项资金问题突出",33
"2000.7.10","浙江重拳严打假冒伪劣产品",33
"2000.7.16","思想政治工作面向群众落到实处　安徽力求工作重心下移　浙江注重了解社情民意",33
"2000.7.16","第二届中国舟山国际沙雕节开幕",33
"2000.7.22","全国极限运动大赛在湖州开赛",33
"2000.7.24","浙江淳安千岛湖旅游走势良好",33
"2000.7.24","运河边上景色新——浙江省余杭市“三讲”教育纪事",33
"2000.7.25","杭州第三医院让病人选医生",33
"2000.7.27","技术创新之光——浙江舜宇集团发展纪事",33
"2000.8.1","武警浙江总队考核理论学习",33
"2000.8.1","建立高教园区  鼓励社会办学  浙江六成考生能圆大学梦",33
"2000.8.2","浙江个体私营经济出口增加",33
"2000.8.2","湖州钟情极限运动",33
"2000.8.4","浙江经济增长速度加快  主要经济指标高于全国平均水平",33
"2000.8.6","党旗高扬人振奋——浙江省温州市非公有制企业党建工作纪实",33
"2000.8.7","温州积极推行现代化导向战略",33
"2000.8.9","注重“载体”  多送温暖——绍兴市塔山街道社区思想政治工作纪实",33
"2000.8.11","浙江外贸出口快速增长  同比增长百分之六十一点一二，居全国前列",33
"2000.8.12","西部大有潜力  东部大有可为——浙江投资63亿参与新疆、甘肃开发建设",33
"2000.8.16","杭州将开放家庭旅馆",33
"2000.8.20","杭州市民可办临时家庭旅馆",33
"2000.8.21","搞好经济责任审计——访审计署审计长李金华",33
"2000.8.23","湖北：严肃发行纪律　浙江：规范征订秩序",33
"2000.8.23","严肃执法保公正——记浙江省义乌市人民法院",33
"2000.8.23","桩桩件件系民情——温州人大代表现场接受群众投诉纪实",33
"2000.8.27","夺得千江翠色来——农业银行浙江省南浔支行文明学校记事",33
"2000.8.28","浙江取消多项检查项目",33
"2000.8.31","温州礼品城即将开业",33
"2000.9.1","有感于“浙江精神”",33
"2000.9.1","办学体制的重要变革——记浙江省的民办教育",33
"2000.9.5","只有9亿元家底却亏了5亿元的浙江供销社，靠什么走出了困境？　以体制创新求效益",33
"2000.9.6","群众至上——杭州上城区社区思想政治工作纪事",33
"2000.9.11","杭州：扩大覆盖面  填补空白点",33
"2000.9.11","今年夏天，电突然紧张起来，先是广东用电告急，后是北京差点拉闸，接着，浙江、福建、广西、四川许多省份供电告急——电，又短缺了吗？",33
"2000.9.11","善待海洋——来自海洋经济大县浙江省象山县的报道",33
"2000.9.12","制定标准  规范管理   浙江整顿文化娱乐场所",33
"2000.9.13","田纪云在浙江考察工作时指出　认清形势迎接挑战深化改革以创新求发展",33
"2000.9.14","浙江研制出数码喷射印花机",33
"2000.9.14","致力发展高新技术产业   浙江创建“硅谷天堂”",33
"2000.9.15","浙江国际时装技术学院成立",33
"2000.9.17","《中国浙江》网脱颖而出",33
"2000.9.21","吴邦国在浙江考察工作时强调　加快国有企业改革和发展  增强国有经济控制力",33
"2000.9.21","浙江大学  智力输出造福地方",33
"2000.9.25","转变工作作风  减轻群众负担　浙江取消一批检查评比达标项目",33
"2000.9.26","了解真实情况  解决具体困难　宁波千名干部走访下岗职工",33
"2000.9.28","消除隐患  稳定社会　金华千余干部下乡排查纠纷",33
"2000.9.28","“我心安处即故乡”——浙江安置三峡移民见闻录",33
"2000.10.5","杭州：优美环境引客来",33
"2000.10.7","中国舞蹈“荷花奖”决赛在宁波举行",33
"2000.10.9","实现“人间天堂”梦想   杭州营造一流人居环境",33
"2000.10.12","“希玛保龄”全国保龄球俱乐部杯赛   杭州站比赛开战",33
"2000.10.14","全国铁路10月21日第三次提速　重点在西部地区的陇海、兰新以及京九和浙赣线",33
"2000.10.16","温州　存款保险“捆绑经营”",33
"2000.10.16","百万民工涌温州",33
"2000.10.18","就监督你一个——杭州市人大常委会“定向视察”活动纪实",33
"2000.10.21","保龄球俱乐部杯赛杭州站落幕",33
"2000.10.22","中国杭州西湖博览会开幕　钱其琛在浙江考察时强调要大力发展入境旅游",33
"2000.10.25","浙江民营企业投资八亿元   北京吉利大学崛起京郊",33
"2000.10.27","浙江推动高校各项工作",33
"2000.10.29","“糊涂账”伤了民心　“明白墙”乐了百姓——浙江武义县桃溪滩乡实行财务公开见成效",33
"2000.10.29","宁波服装尽显专业特色　客商成交踊跃  5天成交44亿",33
"2000.10.31","杭州撤了五十二个“领导小组”",33
"2000.10.31","杭州纪念夏衍百年诞辰",33
"2000.10.31","温州普及乡村电子信息馆",33
"2000.11.1","民主理事  制度治村——宁波开展创建“民主法治示范村”活动纪实",33
"2000.11.2","为了这土地——记浙江省宁波慈溪市蔬菜开发公司经理、优秀共产党员张建昌",33
"2000.11.3","宁波　山水得天然  人文底蕴丰",33
"2000.11.6","武警浙江总队  编织“两网”解难题",33
"2000.11.9","东风吹来满眼春——浙江非公有制企业思想政治工作和精神文明建设纪事",33
"2000.11.12","浙江出现“新闻招手停”",33
"2000.11.17","“三讲”不合格  整改不袒护　浙江处理六十七名县处级以上干部",33
"2000.11.18","浙江教育社推出一批　面向青少年的新书",33
"2000.11.19","杭州即将重建雷峰塔",33
"2000.11.20","浙江力争提前基本实现现代化",33
"2000.11.20","明确监督重点  增强自律意识  规范从政行为　浙江加大对党政“一把手”监督力度",33
"2000.11.20","澳门全国人大代表结束对浙江视察",33
"2000.11.20","嘉兴市改革订阅办法效果好　溆浦会同提前完成发行任务",33
"2000.11.21","共产党人的廉洁本色——记浙江省嘉兴市教委主任马健",33
"2000.11.22","打假治劣是一项系统工程——浙江乐清市十年打假治劣的调查",33
"2000.11.23","征用土地应依法——浙江诸暨市大唐镇政府擅自多征土地的调查",33
"2000.11.23","温州　助外来务工青年成才",33
"2000.11.27","在京全国人大代表结束对江苏浙江视察",33
"2000.11.27","碧水清流更宜人——杭州市治理水污染纪实",33
"2000.11.28","浙江省直机关树形象转作风",33
"2000.11.29","浙江节水灌溉年创效益五亿元",33
"2000.11.29","公开审批  集中办理  提高效率  接受监督　浙江全面推进审批制度改革",33
"2000.12.2","宁波3家金融机构违规被撤",33
"2000.12.5","浙江两名厅局级干部被立案审查",33
"2000.12.5","选准发展中的重点课题　台州市县领导深入实际搞调研",33
"2000.12.6","建言献策谋发展——在京九届全国人大代表视察浙江侧记",33
"2000.12.7","嘉兴南湖  首次疏浚",33
"2000.12.7","武警绍兴支队利用驻地人文景观施教",33
"2000.12.11","青海每个党支部须订一份　浙江加大征订和督查力度　贯彻中办通知精神做好人民日报发行",33
"2000.12.12","开通“绿色通道”　浙江进京招贤　重庆真情拥军",33
"2000.12.13","简化审批程序  修订完善政策  浙江经验落地张掖",33
"2000.12.14","朱镕基在江苏浙江考察工作时强调　认真贯彻中央经济工作会议决策和部署　继续促进国民经济良性循环和较快发展",33
"2000.12.15","迈向教育现代化——绍兴县实施素质教育纪实",33
"2000.12.16","贵州粮食生产连续8年稳步增长　浙江黑龙江签订粮食购销协议",33
"2000.12.16","一个台标  六套节目  浙江无线有线教育三台合并  这一改革在全国省级电视台中还是首次",33
"2000.12.17","浙江首例见义勇为损害赔偿案审结  遇难者家属获赔8．5万元",33
"2000.12.21","浙江少数暴力抗法者被逮捕",33
"2000.12.23","上海南京杭州　体味普通人的欢乐",33
"2000.12.27","浙江上三高速公路通车",33
"2000.12.29","农行与浙江大学全面合作",33
"2000.12.31","宁波市委举行首次廉情公布会　领导干部说明收入用车住房情况",33
