﻿"index","news_title","prov_cde"
"2000.1.7","回良玉任中共江苏省委书记  王太华任中共安徽省委书记  周永康任中共四川省委书记",34
"2000.1.7","坚持依法治教  不断加大投入  安徽基本实现“普九”目标",34
"2000.1.8","蚌埠市一“法轮功”练习者  走火入魔吃人肉",34
"2000.1.9","维护游客权益　保护黄山声誉　“皖南处处皆黄山”  当休矣",34
"2000.1.12","合肥一商场发生特大火灾",34
"2000.1.15","徐州全力抢救大黄山煤矿井下被困职工",34
"2000.1.15","原“法轮功”芜湖辅导站站长李光华重获新生",34
"2000.1.17","大黄山煤矿被困人员获全力营救",34
"2000.1.17","管住教学用书  控制教学课时　安徽切实减轻学生书包重量",34
"2000.1.19","合肥市落实人大一号议案动真格",34
"2000.1.21","安徽落榜学子踊跃“春考”",34
"2000.1.24","徐州大黄山煤矿发生突水事故，几十名矿工被困——五天五夜生死关",34
"2000.1.25","合肥筹措资金让困难职工过好年",34
"2000.1.25","徐州大黄山煤矿抢险工作结束　被困矿工四十一人生还，二十二人遇难",34
"2000.1.27","方兆祥当选安徽省政协主席",34
"2000.1.29","许仲林当选安徽省省长",34
"2000.1.30","整治路边站  封杀“三无车”　合肥整顿公路客运市场",34
"2000.2.3","安徽“文化下乡”丰富多彩",34
"2000.2.5","合肥“购物放心店”节前纷纷下乡　农民买得放心  商家又添信心",34
"2000.2.9","宿州“三下乡”　注重“五结合”",34
"2000.2.10","安徽：果农巧念致富经",34
"2000.2.12","黄山晓日",34
"2000.2.14","原“法轮功”安庆辅导站副站长叶脉延　悬崖勒马  重获新生",34
"2000.2.16","湖南粮农联手加速优化湘米　淮北农业经济实现“链式效应”",34
"2000.2.22","苏台经贸合作形成互惠格局　皖台文化学术交流健康发展",34
"2000.2.23","滁州市国税局狠抓党风廉政建设",34
"2000.2.28","优化结构做大做强　安徽：资产重组活国企",34
"2000.3.2","从“暗箱操作”到“阳光执法”  ——安徽省交警部门探索事故处理新路子",34
"2000.3.11","胡锦涛在参加安徽代表团审议时强调　巩固农业基础地位  加强农村基层组织建设",34
"2000.3.14","朱镕基参加安徽代表团审议时强调　关心群众疾苦  减轻农民负担　加强水利建设",34
"2000.3.14","维护群众的切身利益——访全国人大代表、安徽省委书记王太华",34
"2000.3.17","黄山获国际文化景观保护与管理奖",34
"2000.3.19","让多的优起来——安徽农业结构调整追踪",34
"2000.3.19","科技兴农：阜阳农民真“牛”",34
"2000.3.22","敢斗恶魔  ——记安徽省砀山县官庄派出所所长纵华阳",34
"2000.3.24","安徽省六安地区撤地建市",34
"2000.3.30","挑战生命——追记马鞍山市向山区反贪局长吴信林",34
"2000.4.5","安庆保护个体私营经济合法权益",34
"2000.4.6","一种植物和一个人的追求——记安徽大学生命科学院植物学教师何家庆",34
"2000.4.7","联检联评联合演练  共建共管共保安全　武警安徽总队与公安合手联防",34
"2000.4.12","合肥校园“创安”活动受欢迎",34
"2000.4.15","党中央国务院决定进行农村税费改革试点　温家宝在安徽调查时强调加强领导周密部署积极稳妥地搞好农村税费改革试点工作",34
"2000.4.15","刘家宝，安徽人，教师——多创作儿童歌",34
"2000.4.17","甘于清贫  乐于奉献  报效祖国  服务人民  何家庆先进事迹在安徽引起强烈反响",34
"2000.4.18","安徽农村税费改革试点全面启动",34
"2000.4.18","围绕市场  发展特色  提高效益  安徽全力推进农业结构调整",34
"2000.4.19","让人民了解人大  安徽省人大通过公民旁听办法",34
"2000.4.25","合肥海关打击走私保持高压态势",34
"2000.4.28","强化素质教育注重全面发展  安徽教育“减负”不降质",34
"2000.4.29","张文林，安徽人，干部——如何关注生活",34
"2000.5.6","黄山五天接待游客十万多人",34
"2000.5.6","实行“面额翻番”交易法不容　合肥一商场畸形促销被制止",34
"2000.5.8","滁州市国税局稽查局加强廉政监督",34
"2000.5.10","煤城淮北力促绿色产业",34
"2000.5.10","安徽党校开设民主法制建设课程",34
"2000.5.11","安徽动员打好抗旱硬仗  全省农作物受旱面积达4563万亩",34
"2000.5.12","钱其琛在安徽考察旅游业指出  加大旅游业开发和开放工作力度",34
"2000.5.16","黄山有多大",34
"2000.6.12","南京至黄山列车提速成功",34
"2000.6.13","温家宝在河南安徽等地考察时强调　全力做好抗旱保“三夏”工作　发展节水灌溉  科学调度用水  广辟抗旱水源  增加抗旱投入",34
"2000.6.18","增强开放开发意识  加快两山一湖建设　安徽大力发展旅游经济",34
"2000.6.19","安徽公安厅开信访流动窗",34
"2000.6.21","既打雷又下雨——宿州市埇桥区人大评议法院纪实",34
"2000.6.23","注重实效　形式多样　合肥自来水公司思想政治工作促发展",34
"2000.7.2","安徽百万党员开展奉献活动",34
"2000.7.5","与法同行——安徽安庆市创建法治校园活动纪实",34
"2000.7.16","思想政治工作面向群众落到实处　安徽力求工作重心下移　浙江注重了解社情民意",34
"2000.7.19","探索服务经济新途径　淮北市公安局设立警务室",34
"2000.7.24","开大处方  拿促销费　安徽四家违纪医院受查处",34
"2000.7.26","四川、安徽检察机关对署名举报作出承诺——及时反馈  严格保密  重奖功臣",34
"2000.8.2","注重培养  大胆使用  安徽各地加快选拔年轻干部",34
"2000.8.2","马鞍山金家庄公安分局从优待警",34
"2000.8.9","安徽省辖市：包裹直投到户",34
"2000.8.9","安庆市严格执行环保法",34
"2000.8.10","合肥市开始限量供水",34
"2000.8.12","涉嫌严重经济犯罪  原阜阳市市长肖作新被提起公诉",34
"2000.8.12","孙菁梅，安徽淮北，农民——明星闹笑话非偶然",34
"2000.8.14","进一步减轻乡（镇）村负担　安徽农村税费改革顺利进行",34
"2000.8.16","世纪之桥——芜湖长江大桥",34
"2000.8.21","受教育  长才干  做贡献   皖鄂大学生暑期“三下乡”丰富多彩",34
"2000.8.29","安徽农民育种致富（）",34
"2000.9.5","滴滴难舍奥运情——记安徽沙河王集团为中国奥运健儿壮行",34
"2000.9.5","农村“费改税”改革是实行家庭联产承包经营后的又一次重大改革。安徽是目前全国唯一的试点省，改革进展如何？一滴水可以见太阳，请看——栏杆镇“费改税”三步棋",34
"2000.9.6","全国中医药交易会将在亳州举办",34
"2000.9.6","安徽公安机关从严治警",34
"2000.9.7","点燃一盏灯，照亮一个村——芜湖县实施“酵母工程”奔小康的调查",34
"2000.9.8","阜阳市原市长夫妇贪赃受审　诸暨“刮地书记”屠鸣被判死缓",34
"2000.9.8","实行奖助减免  力推银行贷款   合肥工大构筑贫困生“绿色通道”",34
"2000.9.11","安徽建设数据通信网工程",34
"2000.9.12","又一个金色的秋季，又一批历经寒窗苦读的学生迈进大学校园。但他们中间的贫困生喜悦之余，却因逐渐增加的学费而一筹莫展。为让这些寒门学子不因贫困而失学，安徽省作出郑重承诺：　不让一个贫困生失学",34
"2000.9.20","亳州中医药交易会结硕果",34
"2000.9.21","安徽  构建森林生态网络",34
"2000.9.25","安徽：严格纪律  具体部署",34
"2000.9.29","医药费用下降  医疗质量提高  安徽省立医院变以药养医为以医养医",34
"2000.10.1","芜湖长江大桥建成通车　吴邦国希望参建职工再创铁路建设新成绩",34
"2000.10.8","安徽怀远县孝仪乡：拖欠教师工资  没有任何说法",34
"2000.10.18","维护司法公正——合肥市人大常委会首次运用特定问题调查委员会监督司法案件",34
"2000.10.27","造福百姓健康——记安徽医科大学第一附属医院",34
"2000.11.6","武警安徽三支队十获“文明单位”称号",34
"2000.11.9","武警宿州市支队建起执勤战备信息网",34
"2000.11.13","淮北人武部确保兵员质量",34
"2000.11.13","改革审批制度  转变政府职能  安徽砍掉一批审批和收费项目",34
"2000.11.20","合肥王小郢污水厂喜获鲁班奖",34
"2000.11.21","抓重点工程  除水旱灾害　安徽加快防洪保安基础设施建设",34
"2000.11.22","风华正茂看华茂——安徽华茂集团走质量成本效益型之路纪实",34
"2000.11.24","圆患者的“幸福”梦——记皖南医学院弋矶山医院",34
"2000.11.25","孙中，安徽郎溪，公务员——请教姜昆",34
"2000.11.26","马鞍山市长电话百天受理来电一万四",34
"2000.11.27","积极预防重点工程建设中的职务犯罪　安徽检察机关推行“两个协议同签”",34
"2000.11.27","硬环境不足，软环境补。在招商引资方面尝到了甜头的安庆人笃信——“每个人的脸都是投资环境”",34
"2000.11.28","淮南铁路复线通车（）",34
"2000.11.28","安徽萧县推行党员发展公示制",34
"2000.11.29","安徽宪法知识竞赛高潮迭起",34
"2000.11.30","阜阳原市长肖作新夫妇重大经济犯罪案一审判决",34
"2000.11.30","制定扶持政策  加快基地建设　安徽高新技术产业健康发展",34
"2000.11.30","提高认识  推进改革  建设队伍——安徽省委书记王太华谈统战工作",34
"2000.12.5","宿州形成农业新技术推广体系",34
"2000.12.8","合肥一怪：发票当街喊着卖",34
"2000.12.8","安徽内蒙古　抓紧落实人民日报征订工作",34
"2000.12.10","过去出门找市场  如今在家上农网　“安徽农网”为农民架起致富桥",34
"2000.12.11","武警安徽总队四支队重视法纪教育",34
"2000.12.13","安徽省公安机关侦破一批经济大案",34
"2000.12.17","合肥海尔工业园正式开园",34
"2000.12.22","铜陵发展都市型农业",34
"2000.12.23","调有目标种有技术卖有出路　阜阳抓农业结构调整不放松",34
"2000.12.27","以税费改革为契机  安徽积极推动农村党风廉政建设",34
"2000.12.29","安徽基本实现环保“一控双达标”　淮河干流和巢湖水质有所改善",34
