﻿"index","news_title","prov_cde"
"2000.1.1","成都举办画展迎接新千年",51
"2000.1.3","大力消肿减员  实行计件工资  四川威钢走出困境",51
"2000.1.5","抓龙头  建队伍  重培养  四川建设高素质人才队伍",51
"2000.1.7","回良玉任中共江苏省委书记  王太华任中共安徽省委书记  周永康任中共四川省委书记",51
"2000.1.8","四川烧腊牛肉",51
"2000.1.10","四川成立西部开发研究院",51
"2000.1.12","顺民意  得民心  ——四川仁寿县委书记赵国基改善干群关系的故事",51
"2000.1.14","四川去年九十万人解决温饱",51
"2000.1.14","个人信用贷款在成都",51
"2000.1.16","达州撤地建市仪式简朴",51
"2000.1.17","攀枝花民用机场破土动工",51
"2000.1.17","四川患病大熊猫误入农家获救护",51
"2000.1.18","成都水族馆风波的是与非",51
"2000.1.19","建章立制  奖惩并举　四川积极推进国企党风廉政建设",51
"2000.1.19","巴拿马表示将继续发展巴中关系",51
"2000.1.20","巴中乡镇干部制度改革出活力",51
"2000.1.22","成都西岭雪山建成大型滑雪场",51
"2000.1.23","中巴中斯就“入世”问题达成协议　欧盟宣布将与中国举行双边会谈",51
"2000.1.23","管住一张嘴  管好两条腿——四川广元市制止部分乡镇挥霍公款的调查",51
"2000.1.24","四川发现汪伪时期南京地　《东史郎日记》又获一力证",51
"2000.1.24","排球联赛  四川男队上海女队各领风骚",51
"2000.1.25","绵阳市公安局强素质严治警",51
"2000.1.26","天府筑起绿色屏障——《四川省天然林保护条例》出台前后",51
"2000.1.28","习近平当选福建省省长  包叙定当选重庆市市长  张中伟当选四川省省长",51
"2000.2.2","摸清现状  找准问题  提出对策　四川广泛开展思想政治工作调研活动",51
"2000.2.3","四川研究经济犯罪新特点  加大打击力度",51
"2000.2.5","成都局安全运送旅客三百万",51
"2000.2.5","世界500强有30家入川　四川对内对外开放成绩显著",51
"2000.2.5","成昆铁路四川境内电气化开通",51
"2000.2.5","四川：光纤电缆进山村",51
"2000.2.6","成都新时尚：网上过年",51
"2000.2.8","带动全省新一轮经济增长　四川集中抓好重点企业技改",51
"2000.2.12","巴山蜀水的文明新歌——农业银行四川省分行与武警四川省总队共建文明行业纪实",51
"2000.2.12","张世英，成都人，职员——不同于市场文化",51
"2000.2.13","四川工业企业扭亏取得实效",51
"2000.2.13","不信迷信信科学 不求巫术求人才　成都为农村致富送“真经”",51
"2000.2.16","四川投巨资改造电网",51
"2000.2.16","成都茶馆“龙门阵”",51
"2000.2.17","北京加强德育合理设计教学　四川推进教改提出六项措施",51
"2000.2.20","四川警方确保民工安全出川",51
"2000.2.21","大渡河水腾巨浪  官兵勇谱爱民曲　武警乐山支队营救沉船事故遇险游客",51
"2000.2.21","全国排球联赛战罢第六轮　上海女队四川男队积分领先",51
"2000.2.23","治水改土  退耕还林  建园种草　四川加快农林水利建设",51
"2000.2.25","为投资创业创造良好的治安环境　四川公安为西部大开发铺路",51
"2000.2.26","绵阳积极筹办全国农运会",51
"2000.2.27","胡锦涛在四川考察时强调　抓住西部大开发难得机遇　千方百计把经济建设搞上去",51
"2000.3.1","绵阳：车站派出所严打拆盗犯罪",51
"2000.3.3","西部大开发  人文资源也是宝　四川电视台屡获电视大奖",51
"2000.3.7","李岚清和四川代表团一起审议政府工作报告　要求有关部门认真研究代表意见建议",51
"2000.3.10","周永康等接受中外记者集体采访时表示　四川力争十年内建成西部经济强省",51
"2000.3.14","团结稳定是加快发展的前提和基础——访全国人大代表、四川省委书记周永康",51
"2000.3.14","四川  跻身国际承包公司行列",51
"2000.3.14","把村庄变成都市小区——记焦作市优秀共产党员、劳动模范胡桂生",51
"2000.3.16","男篮联赛全明星赛将在成都举行",51
"2000.3.19","从根本上遏制水土流失　四川退耕还林工程进展顺利",51
"2000.3.20","泸州警方整治校园内外秩序",51
"2000.3.23","广开思路  勇于探索　成都中院创造性解决“执行难”",51
"2000.3.27","成都上演男篮联赛全明星赛",51
"2000.3.28","四川推出世界遗产精品旅游线",51
"2000.3.28","功在当代  福及子孙　四川“侨心工程”成绩斐然",51
"2000.3.29","清障、维权、预防——四川检察机关为国有企业服务纪实",51
"2000.3.29","四川边防总队优化口岸环境",51
"2000.3.29","成都市公安局一一○受理群众警务投诉",51
"2000.3.30","走“农科教”结合之路　四川农大加强校地合作",51
"2000.3.31","中国民间文艺家协会迎来50华诞　首届“山花奖”颁奖大会在成都举行",51
"2000.3.31","第十一届软交会在成都举行",51
"2000.4.3","武警眉山地区支队开设“网上政工”",51
"2000.4.3","上海女排蝉联冠军　四川男排夺冠无望",51
"2000.4.5","武警宜宾市支队厉行节约受表彰",51
"2000.4.6","清理旧文件  出台新举措　四川积极营造良好投资环境",51
"2000.4.7","植树千山  绿染西南　成都军区官兵踊跃造林",51
"2000.4.7","小菜做起大买卖　四川泡菜俏京城（）",51
"2000.4.8","中华海外联谊会考察团结束在四川考察　王兆国希望更多地向海外宣传西部",51
"2000.4.8","献祥，成都人，职员——老歌新唱与新歌老唱",51
"2000.4.11","武警乐山支队激励官兵争做忠诚卫士",51
"2000.4.11","“乐山鱼”死得不明不白",51
"2000.4.14","抓住机遇  加快发展——四川实施西部大开发纪事",51
"2000.4.18","成都县级“三讲”整改力度大　沧州新华区转变作风办实事",51
"2000.4.18","成都兴起“赏花经济”",51
"2000.4.23","绵阳三泉造纸厂污染重",51
"2000.4.24","青山幽幽情意浓——眉山车辆厂思想政治工作纪实",51
"2000.4.26","绵阳加紧筹备全国农运会",51
"2000.5.8","眉山公安利用高科技“打拐”",51
"2000.5.10","全国田径大奖赛成都站比赛开战",51
"2000.5.12","四川省交通厅原副厅长郑道访收受巨额贿赂被逮捕",51
"2000.5.12","假日，回学校打球去  ——四川省筹办全国大运会见闻",51
"2000.5.18","四川通江县政协的一项调查表明　尽快提高基层干部科技素质",51
"2000.5.24","四川什邡市为群众排忧解难",51
"2000.5.25","柯达第五千家快速彩扩店落户成都",51
"2000.5.28","广安电厂一期工程投产",51
"2000.5.30","四川郎酒集团实行多元化经营",51
"2000.6.3","四川全省奋起抗旱减灾",51
"2000.6.5","努力实现“追赶型”、“跨越式”发展　四川确定实施西部大开发方略",51
"2000.6.5","巴西愿扩大巴中信息产业合作",51
"2000.6.7","用生命映红警徽——追记雅安市公安局碧峰峡派出所所长刘志斌",51
"2000.6.12","雄鹰翔雪域吉祥播高原——成都—拉萨航线安全飞行35周年略记",51
"2000.6.12","四川警官高等专科学校成立",51
"2000.6.15","博茨瓦纳总统离京赴成都访问",51
"2000.6.15","四川大学获赠漂流探险艇",51
"2000.6.15","千里彝寨造新村——四川凉山形象扶贫工程纪实",51
"2000.6.16","撑起一晴空——成都市青羊区社区教育纪实",51
"2000.6.18","中国西部经济研究中心在成都成立",51
"2000.6.20","建立利益导向机制  发展社会保障事业　四川加大力度搞好计划生育工作",51
"2000.6.21","四川全面创建“无毒社区”",51
"2000.6.22","四川围绕企业改革生产经营",51
"2000.6.23","联系农村各项工作　促进经济社会发展　四川农村思想政治工作显威力",51
"2000.6.23","四川合江发生一起特大翻船事故",51
"2000.6.25","告别贫困——四川南充市270万贫困人口越过温饱线",51
"2000.6.26","武警眉山支队开设“军人成功指南”网页",51
"2000.6.26","四川农村推行村务公开和民主管理",51
"2000.6.26","成都鼓励技术人才成果入股",51
"2000.6.28","成都公安全力维护城市重点工程",51
"2000.6.29","绵阳警方扎实开展“三项教育”",51
"2000.6.29","教育  实践  提高　四川学校思想政治工作特色鲜明",51
"2000.6.30","成都经济技术开发区列为国家级",51
"2000.7.3","成都军区某部官兵常年保护森林",51
"2000.7.9","乐山街头：送殡车辆招摇过市",51
"2000.7.10","吴仪在四川考察时强调　认清形势抓住机遇加快开放步伐",51
"2000.7.10","全国足球甲A联赛第十七轮　北京国安胜四川全兴",51
"2000.7.11","加强地方林业立法  构筑绿色生态屏障　四川强化依法保护森林资源",51
"2000.7.12","泸州筑一“禁毒绿洲”",51
"2000.7.13","公开选拔　公开使用　公开监督　四川高县加强干部队伍建设纪实",51
"2000.7.18","四川处理三起煤矿事故责任人",51
"2000.7.20","武警四川总队加强未婚官兵婚恋教育",51
"2000.7.22","歌乐山纪念馆获赠《我以我血荐轩辕》",51
"2000.7.23","凉山筑路忙（）",51
"2000.7.23","建四好班子  带一流队伍  促税收增长　四川国税系统两个文明双丰收　税收平均每年增长十亿元  成为省级文明行业",51
"2000.7.24","工业提速  投资回升  市场趋旺  出口扩大　四川经济逐渐回升",51
"2000.7.24","情洒基层办实事——四川省什邡市“三讲”教育纪事",51
"2000.7.25","首届中国西部书市在成都举办",51
"2000.7.26","四川、安徽检察机关对署名举报作出承诺——及时反馈  严格保密  重奖功臣",51
"2000.7.27","吴邦国在四川考察工作时强调　扎扎实实贯彻落实西部大开发战略　认认真真搞好国企改革和结构调整",51
"2000.7.28","吸取合江“6·22”特大翻船事故教训　四川确保安全生产",51
"2000.7.28","原四川省交通厅厅长刘中山等涉嫌巨额经济犯罪被提起公诉",51
"2000.8.1","凉山彝族火把节带来良好效益",51
"2000.8.2","对人民负责——记绵阳市人民检察院",51
"2000.8.2","撑起一明朗的天——四川省乡镇政务公开综述",51
"2000.8.5","四川省人大常委会依法罢免两名厅级领导干部代表职务",51
"2000.8.5","黄寰，成都，学生——“流星”与“恒星”",51
"2000.8.9","四川金筠地方铁路全面开工建设",51
"2000.8.9","高海拔山梁机场在攀枝花市兴建",51
"2000.8.11","岷江壮歌——武警四川总队阿坝州支队六中队抢险救人纪实",51
"2000.8.12","情暖长城好“后勤”——记四川预师副政委、成都市委常务副书记苏碧群",51
"2000.8.15","国务院新闻办就西部开发有关工作情况举行记者招待会  国家十月出台西部开发统一政策  二○○○·中国西部论坛将在成都举办",51
"2000.8.15","广泛宣传讲解政策　注意保护农民利益  四川退耕还林试点进展顺利",51
"2000.8.16","改变传统农业模式  突出优质高效特色　四川面向市场调整农业结构",51
"2000.8.17","“中心农场＋农户”　雅安走退耕还草新路",51
"2000.8.17","关键是提高劳动者素质——乐山市民族地区教育的调查与思考",51
"2000.8.22","葱茏林木映深情——四川省江油市白玉村思想政治工作记事",51
"2000.8.22","四川省公安消防总队开展爱民助民活动",51
"2000.8.22","国产路由器产品在成都问世",51
"2000.8.24","成都军区某空防工程处为西藏人民造福",51
"2000.8.24","天涯海角任走  管理不留空当　四川二十万流动党员离乡不离“家”",51
"2000.8.24","四川与台商签订近30项经贸协议",51
"2000.8.25","湖南党委一把手负责  四川规范秩序保重点",51
"2000.8.27","培育大市场搞活大流通　成都商业网络辐射全国",51
"2000.8.27","北京广安大街改扩建工程开工",51
"2000.8.28","反骄破满解放思想  切实解决群众难题　眉山着力实践“三个代表”重要思想",51
"2000.8.30","乡镇人大不能成为摆设——对四川部分地区乡镇人大工作现状的调查",51
"2000.9.1","坚定反腐败的信心与决心　四川宁夏领导干部观看《生死抉择》",51
"2000.9.4","成都出租车该管管了",51
"2000.9.5","把矛盾化解在基层——四川德阳八角井镇排查调处纠纷维护稳定纪实",51
"2000.9.5","中国大学生体协会员代表大会在成都召开",51
"2000.9.6","四川工业经济增势不减　一至七月产品销售收入同比增百分之十二点一八",51
"2000.9.6","四川青年志愿者开展支教扶贫",51
"2000.9.7","成都有关部门对本报就成都出租车宰客事件曝光做出积极反应　宰客司机受到处罚",51
"2000.9.8","成都：热了茶水冷了咖啡",51
"2000.9.9","李岚清在四川省考察工作时强调　充分释放科学技术能量  努力提高国民经济素质",51
"2000.9.11","今年夏天，电突然紧张起来，先是广东用电告急，后是北京差点拉闸，接着，浙江、福建、广西、四川许多省份供电告急——电，又短缺了吗？",51
"2000.9.12","四川部分工作在乡镇、住宿在城里的干部早出晚归来回跑，带来诸多弊端，被农民讥讽为“走读乡官”。日前，四川省委责令这些干部——结束走读！　“走读乡官”要住下来",51
"2000.9.13","四川省交通厅原副厅长郑道访被判处死刑",51
"2000.9.13","四川警方侦破一特大爆炸案",51
"2000.9.13","北京、江苏、福建、辽宁、云南、四川、宁夏、深圳、广州、武汉等地专门制定了奖励和保护见义勇为人员的地方性法规，为的是——让英雄不再流泪",51
"2000.9.15","成都宇航科教园项目通过论证",51
"2000.9.18","深入基层  服务群众　四川全面推进乡镇干部作风转变",51
"2000.9.18","五十年后再度跨越鸭绿江　四川志愿军老战士赴朝访问",51
"2000.9.21","坚持实事求是  拓宽选人视野　四川公推直选3．3万名村支书",51
"2000.9.25","四川采取措施力保假日旅游运输安全",51
"2000.9.25","深化干部制度改革  坚持群众举贤荐能　眉山地区不拘一格选用人才",51
"2000.9.26","变“闭门选官”为“开门纳贤”  成都近四千干部竞争上岗",51
"2000.9.26","找准工作着力点——成都市交警一大队思想政治工作调查",51
"2000.9.29","清泉送万家——记成都市自来水六厂日元贷款工程",51
"2000.10.6","四川：生态景区醉游客",51
"2000.10.6","公安部通缉罪犯郑明清在四川落网",51
"2000.10.7","最大城中湖在绵阳建成",51
"2000.10.8","四川天全县依靠科技退耕还林　二郎山区山变绿水变清",51
"2000.10.9","资阳地区各级党委政府拥军动真情",51
"2000.10.11","惟有公正为满意——四川什邡市检察院创“人民满意的检察院”纪实",51
"2000.10.15","街道通畅  空气清新　我国首个“无车日”在成都启动",51
"2000.10.16","武警内江支队联系实际开展法纪教育",51
"2000.10.16","第四届全国农运会月底在绵阳揭幕",51
"2000.10.17","成都全面开放服务贸易领域",51
"2000.10.18","四川五牛集团进军保健食品业",51
"2000.10.18","宜宾市依靠创新提高竞争力   科技对经济增长的贡献率提高到45％",51
"2000.10.18","加强舆论监督  推进公正执法——访四川省委副书记秦玉琴",51
"2000.10.19","城市建设与环境国际大会闭幕   会议通过《成都宣言》",51
"2000.10.21","四川扶贫开发的回顾与展望",51
"2000.10.21","苦干实干  全力攻坚——四川扶贫攻坚的几点作法",51
"2000.10.21","依托调整农业结构、发展小城镇、旅游产业等多种途径——　四川开发劳务扶贫结硕果　贫困地区年向县外、省外输出劳务人员逾200万创收约70亿元",51
"2000.10.22","辩证看四川  实现新跨越",51
"2000.10.23","中国西部论坛在成都闭幕",51
"2000.10.23","与四川签署合作协议   三九集团大举西进",51
"2000.10.24","高唱英雄赞歌  慰问战斗功臣　四川举办各种活动纪念抗美援朝50周年",51
"2000.10.26","四川关闭小煤矿5015处",51
"2000.10.30","第四届全国农民运动会在绵阳开幕　3300名运动员将参加13个大项的角逐",51
"2000.11.1","依法管理求发展——四川省依法治企掠影",51
"2000.11.3","公仆本色——记四川省射洪县民政局长蔡绍福",51
"2000.11.3","乐山  “城市名”助游人",51
"2000.11.5","改写大巴山区人民行路难历史  达州交通建设促进经济发展",51
"2000.11.5","农运会四川队雄居榜首",51
"2000.11.10","成都为西部大开发净化软环境",51
"2000.11.14","转变干部作风从治“走”开始——四川省各地整治乡镇干部“走读”现象纪实",51
"2000.11.16","不许借西部开发之名骗取企业钱财　四川取缔两家非法机构",51
"2000.11.17","四川省交通厅原副厅长郑道访终审被判死刑",51
"2000.11.20","西岭警魂——追记成都市大邑县公安局西岭派出所副所长姚建云",51
"2000.11.22","高速路修到大凉山",51
"2000.11.22","规范程序　跟踪检查　改革创新　四川干部选拔任用把好“三关”",51
"2000.11.23","以切肤之痛批歪理邪说——记四川省新津县反“法轮功”宣传队",51
"2000.11.27","推广实用技术　开展技术承包　达州50万人靠科技脱贫",51
"2000.11.29","四川开辟出海大通道　隆纳高速公路通车",51
"2000.12.1","绵阳高新区开展环境认证",51
"2000.12.2","四川映秀至小金输电线路加紧施工（）",51
"2000.12.3","减轻农民负担  转变干部作风  抓好组织建设　四川以农村稳定促经济社会发展",51
"2000.12.6","成都一学校拒收单亲家庭子女　教育部有关部门态度明确：　这种做法违法！",51
"2000.12.6","走出普法新路——记四川省大邑县国土系统开展普法工作",51
"2000.12.10","凉山有了高速公路（）",51
"2000.12.11","插上腾飞的翅膀——四川引智工作见闻",51
"2000.12.15","立足抓早  重点抓实　四川农村开展“三个代表”教育活动",51
"2000.12.18","四川生产两台大型核电汽轮机",51
"2000.12.18","四川丰田柯斯达客车下线",51
"2000.12.19","永远的好民警——追记四川大邑县西岭镇派出所副所长姚建云",51
"2000.12.20","成都两架流标走私飞机重新拍卖",51
"2000.12.23","中央军委为炮兵某团记一等功　庆功大会在成都军区举行",51
"2000.12.24","人心思干  人心思进　四川经济走出低谷全面回升　今年国内生产总值可增长9％",51
"2000.12.26","成都追剿“垃圾棉被”",51
"2000.12.26","四川广安“第一路”——广邻高速公路",51
"2000.12.27","堵住职务犯罪的源头——四川检察机关预防职务犯罪工作综述",51
"2000.12.27","保护西部秀美山川  四川检察机关查处涉林案件4031起",51
"2000.12.30","乐山乐",51
