﻿"index","news_title","prov_cde"
"2000.1.1","国家环保模范城增至14个  苏州海口汕头岁尾获殊荣",44
"2000.1.2","跨市旅游穿梭巴士在粤开通",44
"2000.1.2","广州：万紫千红花车巡游",44
"2000.1.2","抓科研创特色——记广州医学院附属第二医院",44
"2000.1.2","新年第一天  深圳人书城忙“充电”",44
"2000.1.4","广东决定撤并一批公路收费站",44
"2000.1.4","广州开发区平均12天投产1家企业",44
"2000.1.4","居安思危找差距  深化改革不停步  深圳华侨城销售收入超百亿",44
"2000.1.4","创业史卷的浓墨  改革历程的写真——读《李灏深圳工作文集》",44
"2000.1.5","越富越要讲精神文明——访深圳市布吉镇南岭村",44
"2000.1.5","变人文优势为产业优势  中山大力发展旅游业",44
"2000.1.5","广东农村卫生面貌大变样  卫生户厕普及率达60％",44
"2000.1.6","民航广州区域全面实施雷达管制",44
"2000.1.6","“外脑”给广东带来什么？——’99广东经济发展国际咨询会扫描",44
"2000.1.7","汕头  关注难点热点边整边改　大同  集中整治净化市容市貌",44
"2000.1.7","正骨技艺美名扬——记广东省佛山市中医院",44
"2000.1.9","黄金海岸的钢铁防线——武警湛江市支队保持革命气节记事",44
"2000.1.9","深圳贤合村殡葬改革一步到位",44
"2000.1.11","深圳外贸出口再创佳绩",44
"2000.1.11","保护江河源头生态环境　青海大力开发太阳能资源",44
"2000.1.11","点燃希望之火——记中山医科大学校长黄洁夫教授",44
"2000.1.12","上海　广州　乌鲁木齐　海关税收创历史新高",44
"2000.1.13","深圳实现养老保险社会化　领钱上银行　看病刷磁卡　生活找社区",44
"2000.1.13","深圳海关征税140亿元",44
"2000.1.13","为可持续发展营造适宜人口环境　广东  农村生育政策从严",44
"2000.1.13","汕头惩治诽谤者",44
"2000.1.14","繁忙的深圳蛇口港（）",44
"2000.1.17","广东水利投资创新高",44
"2000.1.20","深圳海关缉私成效大",44
"2000.1.21","全国记协工作会议在广州召开",44
"2000.1.24","中石化兼并广州乙烯",44
"2000.1.24","为了维护法律的尊严——佛山中院破解“执行难”工作侧记",44
"2000.1.25","开展效能监察  促进党风廉政建设　深圳市和马钢开展效能监察效果明显",44
"2000.1.25","团队合作战“死神”——记中山医科大学附属第一医院",44
"2000.1.25","点亮生命里的那盏灯——记广州残疾者英语培训中心",44
"2000.1.25","少花钱  多办事——看深圳工商如何管市场",44
"2000.1.26","全速出击——湛江海关808艇查获特大走私光盘案纪实",44
"2000.1.27","男篮联赛八一广东击败劲敌",44
"2000.1.27","东莞两起恶性事件引人关注",44
"2000.1.28","深圳大厦全面开业",44
"2000.1.30","清茶一杯拜早年　深圳市节日活动不铺张浪费",44
"2000.1.30","汕头传媒机构新尝试　　报社“搭台”  商家“唱戏”",44
"2000.1.30","广州：电脑城里盗版多",44
"2000.1.31","广州铁路春运创纪录　日发送旅客十二万人",44
"2000.2.1","深圳伤残打工者领了补助返家乡",44
"2000.2.1","广州火车站：日送旅客十四万",44
"2000.2.2","李鹏在广东考察调研时提出　依法治省工作广东要走在全国前列",44
"2000.2.3","深圳回乡客如潮",44
"2000.2.4","四维影馆落座深圳",44
"2000.2.4","广州宝洁公司党组织不断壮大",44
"2000.2.4","湛江丰富群众节日生活",44
"2000.2.4","广东省领导分赴各地送温暖",44
"2000.2.4","广州新春舞台齐贺岁",44
"2000.2.5","30万人昨日离港回乡度岁  深圳各口岸顺畅有序",44
"2000.2.6","把廉政建设再推进一步　深圳设“组织部长接待日”",44
"2000.2.8","密切配合  全力以赴　汕头公安协助外地警方抓逃犯",44
"2000.2.10","汕头：送“票”作年礼",44
"2000.2.10","广州军区战士杂技团再获国际金奖",44
"2000.2.11","香港广东社团总会举行新春团拜会",44
"2000.2.11","新年新楼新气象——春节期间的珠海拱北口岸",44
"2000.2.12","瞄准市场  依托科技  讲究效益　广东加大农业结构调整力度",44
"2000.2.12","手持彩练当空舞——广东省茧丝绸行业经营管理体制改革纪实",44
"2000.2.13","要从此地过 必须塞红包　广东浙江某些收费站刁难车主",44
"2000.2.14","第六届深圳国际电子生产设备暨微电子工业展将在8月举行",44
"2000.2.15","李鹏在深圳考察调研时希望　把深圳建成文明美丽的现代化城市",44
"2000.2.15","广东高新产品出口强劲",44
"2000.2.15","一年一条主线  一年一个系列　深圳公安局探索思想政治工作新路子",44
"2000.2.15","经济形势好转  人才需求增加　广东大学生就业形势乐观",44
"2000.2.15","中国队确定世乒赛阵容　出征前在广东汕头热身",44
"2000.2.16","抓调整机遇  拓发展空间　广东非公经济不断壮大",44
"2000.2.16","心正风清竞争先——来自广东基层检察院“争创”活动的报告",44
"2000.2.17","制度完备  落实认真　珠海双拥纳入法制化轨道",44
"2000.2.17","措施到位  资金到位  就地开发　广东力争31万贫困户如期脱贫",44
"2000.2.17","中国乒乓球队汕头热身赛收拍",44
"2000.2.17","男篮联赛八一山东上海打入四强　广东辽宁尚有一拼",44
"2000.2.18","富裕之后的新追求——广东各地创建卫生城市掠影",44
"2000.2.20","延包农村土地  理顺管理体制  减轻农民负担　广东在农民关心的热点问题下功夫",44
"2000.2.21","江泽民出席广东茂名高州市领导干部“三讲”教育会议发表重要讲话进行动员",44
"2000.2.21","男篮联赛广东坐定四强最后一席",44
"2000.2.22","“新天地”是怎样创造出来的——记广东物资集团三年打赢翻身仗（上）",44
"2000.2.22","珠海F2000方程式锦标赛　王超刘洋优势明显",44
"2000.2.24","金融秩序不容破坏——广东顺德非法吸收公众存款案引人深思",44
"2000.2.25","按经济规律抓收购运销　广东粮食市场活而有序",44
"2000.2.25","“新天地”是怎样创造出来的——记广东物资集团三年打赢翻身仗（下）",44
"2000.2.25","广东农信坚持为农服务",44
"2000.2.26","江泽民在广东考察工作强调　紧密结合新的历史条件加强党的建设　始终带领全国人民促进生产力的发展",44
"2000.2.28","广东加大投入改造农村电网",44
"2000.2.28","广东农行获三项科研成果",44
"2000.2.28","深圳  增强“三讲”教育紧迫感",44
"2000.2.28","广东  加强对县级“三讲”教育的领导",44
"2000.2.28","男篮联赛半决赛　广东扳平上海  八一两胜山东",44
"2000.3.1","首部海洋环保地方法规出台　深圳提出保护海洋就是保护生产力",44
"2000.3.1","顶风偷印“法轮功”出版物　广州10家印刷企业受处罚",44
"2000.3.1","深圳平安科健足球队冠名",44
"2000.3.1","广东人大常委会履行任免权　两名正厅级提名人未获通过",44
"2000.3.2","我国可持续发展能力“座次”排出  前五名分别是上海、北京、天津、广东、江苏",44
"2000.3.2","男篮联赛半决赛　八一三战过关  上海领先广东",44
"2000.3.3","江泽民在广东的讲话引起强烈反响",44
"2000.3.3","认真学习贯彻江泽民在广东重要讲话精神　进一步推动“三讲”教育深入开展　中央“三讲”教育检查组工作座谈会在京召开",44
"2000.3.3","“两会”代表委员畅谈学习江总书记在广东考察时的重要讲话体会时认为　“三个忠实代表”为党的建设指明了方向",44
"2000.3.4","沿海地区认真学习领会江总书记考察广东的重要讲话精神  广泛深入开展“致富思源、富而思进”教育活动",44
"2000.3.5","各地各级干部认真学习贯彻江总书记在广东的重要讲话　扎实开展“三讲”教育  大力推进各项工作",44
"2000.3.9","坚决贯彻江总书记在粤考察时的重要讲话精神　广东开展“致富思源、富而思进”教育",44
"2000.3.10","“两会”部分代表委员座谈学习江总书记在广东的重要讲话认为　讲话是指导县（市）“三讲”教育的强大思想武器",44
"2000.3.12","壮大实力  先行一步——访全国人大代表、广东省省长卢瑞华",44
"2000.3.12","加强粤港澳交流合作",44
"2000.3.13","继承中山遗愿  共促祖国统一　海内外人士在京聚会纪念孙中山逝世75周年",44
"2000.3.13","北京上海纪念孙中山逝世七十五周年",44
"2000.3.15","广州抽水蓄能电站建成投产　总装机容量居世界首位",44
"2000.3.18","以江总书记讲话精神为强大动力　广东省县级“三讲”教育全面铺开",44
"2000.3.19","黄河源头开发忙",44
"2000.3.20","在继承中创新——记广州中医药大学第一附属医院",44
"2000.3.20","广东小家电热销海外",44
"2000.3.21","边学边整  边整边改  边改边干　广东围绕大局抓“三讲”",44
"2000.3.21","百年树长青  ——记中山医科大学孙逸仙纪念医院",44
"2000.3.23","发挥稽查队伍的作用　广东省烟草专卖局稽查处",44
"2000.3.24","为了经济特区安宁——汕头警方加强治安防范二三事",44
"2000.3.27","治理江河源头  发展生态经济　青海向全国拍卖800多万亩荒地",44
"2000.3.27","汕头企业西进觅商机",44
"2000.3.29","广东学子就业青睐私企",44
"2000.3.29","深圳平安俱乐部严厉处罚6名违纪球员",44
"2000.3.29","深圳市检察机关快步向“五好”",44
"2000.3.29","乐做农民的保护伞——记韶关市人大常委会依法维护农民利益二三事",44
"2000.3.30","电子商务服务农业　智能型农产品批发市场广东问世",44
"2000.3.30","深圳福田区为群众办实事",44
"2000.3.30","中国足协支持深圳平安俱乐部处理违纪球员",44
"2000.3.30","孙中山与中国民族问题",44
"2000.3.31","与“法轮功”彻底决裂——东莞市医院耳鼻喉科主任管志伟的心路历程",44
"2000.4.3","广州本田的品牌战略",44
"2000.4.3","广州地税局依法治税",44
"2000.4.3","广东外贸持续增长势头不减",44
"2000.4.4","深圳数码港正式启动",44
"2000.4.5","广东企业西进找市场　目前已有技术合作项目70多项　烟台企业挺进中西部　创办企业452处，涉及十多个行业",44
"2000.4.5","正确处理多种关系  坚持从严查摆问题　深圳结合实际搞好“三讲”教育",44
"2000.4.8","广东农业产业化经营发展迅猛　产销一体化的龙头企业达一千四百家，带动农户一百四十余万户",44
"2000.4.8","越南国会主席离沪赴深圳",44
"2000.4.8","谢军和卡尔波夫抵广州",44
"2000.4.10","名家名企携起手  科技创新齐步走　院士专家受聘广东私企",44
"2000.4.11","贯彻落实江泽民在广东高州讲话精神　各地县（市）领导干部深入群众倾听意见解决问题",44
"2000.4.11","张全景在广东检查指导“三讲”教育工作时强调　坚持高标准高质量搞好县（市）“三讲”",44
"2000.4.11","武警深圳支队“三步优选法”选拔干部",44
"2000.4.11","驻华武官团参观访问广东云南",44
"2000.4.12","广东端掉11个卷烟制假窝点",44
"2000.4.13","食用菌克霉王在广州问世",44
"2000.4.13","越是改革开放越要加强精神文明建设——访中共深圳市委副书记李容根",44
"2000.4.13","广州优化青少年成长环境",44
"2000.4.15","咏肇庆七星岩",44
"2000.4.16","广东对外贸易高速增长　一季度进出口额同比增长百分之三十六点六",44
"2000.4.18","深圳口岸首季进出口大幅增长  国企成为出口主力军",44
"2000.4.18","象棋大师冠军赛落幕  广东棋手庄玉庭脱颖而出",44
"2000.4.18","现实可行的中国式城市化发展路子——东莞市实施农村城市化、城乡一体化战略的启示",44
"2000.4.19","使命与职责——广东省各级人大代表行使职权纪事",44
"2000.4.20","信息产业：广东工业第一大支柱  电子信息制造业总产值连续9年位居全国首位",44
"2000.4.25","尉健行在广东省深圳市等地考察时强调　从改革体制、机制、制度入手  加大从源头上预防和治理腐败的力度",44
"2000.4.25","首批广州雅阁2．0Exi与北京用户见面",44
"2000.4.25","妇婴健康的护卫者——记佛山市第一人民医院",44
"2000.4.26","经济特区的治安劲旅——记深圳市保安服务公司",44
"2000.4.26","深圳　校园卫士",44
"2000.4.27","一个科龙  四个名牌——访广东科龙集团董事长总经理王国端",44
"2000.4.27","“反台独、促统一”研讨会在深圳开幕　两岸及港澳各界人士200多人出席研讨会呼吁未来的台湾当局顺应历史潮流，在一个中国原则问题上作出明智选择",44
"2000.4.28","广东省内海关领导干部换防",44
"2000.4.28","肇庆十万民兵带头思源思进",44
"2000.4.28","汕尾中级法院有错必纠",44
"2000.4.28","“反台独、促统一”研讨会在深圳闭幕　会议发起举办单位发表“反台独、保和平、促统一”共同声明",44
"2000.5.1","深圳市民：欢欢喜喜迎“五一”",44
"2000.5.1","广东外向型经济加快发展  培育六大新增长点",44
"2000.5.2","催生中国特色的经理人才市场  ——记深圳市企业高级经理人才评价推荐中心",44
"2000.5.5","江河源头地区实施大规模植树造林计划  青海未来10年将新增森林2300多万亩",44
"2000.5.6","深圳：书城真火爆",44
"2000.5.8","这也是素质教育——深圳高级中学“学生自律仲裁法庭”侧记",44
"2000.5.8","广州发现“爱虫”病毒",44
"2000.5.10","汕尾海关一天查案十二宗",44
"2000.5.10","象棋团体赛  广东河北上演“强强对话”",44
"2000.5.11","全国人大常委会在粤开始土地法执法检查",44
"2000.5.12","广州查获大宗“摇头丸”",44
"2000.5.12","李长春在听取广东有关部门汇报时要求  继续保持“两打一扫”严打态势",44
"2000.5.12","今年中国航展将于十一月在珠海举行",44
"2000.5.13","广东支持西部能源发展  10年投入电力建设资金23．9亿元，7年支付西电电费40亿元",44
"2000.5.15","○中国万智牌冠军赛在京举行  ○爱立信珠海汽车赛揭幕  ○国际象棋团体赛上海领先",44
"2000.5.19","痛击走私盗版不法行为　广州销毁500万张盗版光盘",44
"2000.5.20","丹青自沃若  碧水春山中——“中国画家肇庆行”侧记",44
"2000.5.22","全国人大常委会土地法执法检查组在广东检查时提出　加大执法力度确保土地法贯彻落实",44
"2000.5.24","新益求新拭鹏城——深圳城市环境建设采访印象",44
"2000.5.25","广州国企以重组实现新发展  一至四月国有大中型工业企业实现增加值同比增长二成",44
"2000.5.25","李嘉诚再向汕头大学捐款6亿元",44
"2000.5.27","张高丽当选为中共深圳市委书记",44
"2000.5.29","深圳·保尔·乌克兰——又一个春天的故事",44
"2000.5.29","广州本田：有能力与进口车竞争",44
"2000.5.30","广州巨资整治珠江",44
"2000.5.30","阳江用“三个代表”的论述指导“三讲”",44
"2000.6.1","深圳海关查获走私象牙案",44
"2000.6.2","广州地铁二号线全面动工",44
"2000.6.2","深圳建立家电网上采购平台",44
"2000.6.2","广州少儿手工劳作艺术展开幕",44
"2000.6.3","物业管理  以人为本——记深圳市万厦居业公司的物业管理",44
"2000.6.3","陈锦辉（广东南海人  教师）：清理书包里的垃圾",44
"2000.6.3","任国升（广东佛山人  职员）：　“地摊文化”谁来管？",44
"2000.6.3","南海潮声——湛江高校后勤集团纪事",44
"2000.6.5","深圳龙岗垃圾发电厂通过验收",44
"2000.6.6","广东海上旧轮胎走私突出",44
"2000.6.9","医用磁共振成像系统在深圳诞生",44
"2000.6.10","国际象棋奥赛选拔赛在广州揭幕",44
"2000.6.11","国内九大彩电企业老总聚会深圳　呼吁行业自律建立合作机制",44
"2000.6.12","广东广西加强扶贫协作　异地安置广西贫困人口8万多人，达成经贸项目414个",44
"2000.6.14","徐州东莞粮食五定班列开行五个月",44
"2000.6.18","张高丽于幼军分别当选为深圳市人大常委会主任和市长",44
"2000.6.18","博茨瓦纳总统离开广州赴香港",44
"2000.6.19","广州全面清理压缩　检查评比表彰活动",44
"2000.6.20","中山市一私营企业十九名外来工遭受殴打　谁来保护他们的权益？",44
"2000.6.22","广东将实施新入境便利政策　外国人到“珠三角”旅游更加便利",44
"2000.6.22","平泉美化辽河源森林公园",44
"2000.6.23","李铁映在广东考察时强调　社会科学要认真总结改革发展实践中的经验",44
"2000.6.24","中国功夫广州迎战  美国拳手有备而来",44
"2000.6.25","发挥高新技术“孵化器”作用　深圳数码港吸引51家IT企业进驻",44
"2000.6.26","广东为西藏林芝建设作贡献",44
"2000.6.27","燃料化肥换植被　江河源头得保护",44
"2000.6.27","并蒂花更红——香港回归三周年粤港经济合作综述",44
"2000.6.30","一个债务高达四十五亿元的特大亏损企业，重组半年就再现生机——广州乙烯救活了",44
"2000.6.30","香港广东社团总会举办联欢会　庆祝香港回归三周年",44
"2000.6.30","深圳华侨城兴建　第五大主题公园",44
"2000.7.2","广东江门发生特大烟花爆炸事故",44
"2000.7.3","广东江门重大爆炸事故善后工作有序进行　江泽民总书记作出重要指示",44
"2000.7.3","广东加快粮食产业结构调整",44
"2000.7.4","国务院研究部署广东江门重大爆炸事故善后工作时强调　坚决贯彻江总书记批示　切实做好安全生产工作",44
"2000.7.5","江门“六三○”爆炸事件善后工作加紧进行　广东各地迅速采取措施加强安全生产检查",44
"2000.7.6","全国小学生乒乓球赛将在广东恩平举行",44
"2000.7.6","“双思”教育在广东",44
"2000.7.10","经济反哺文化  生活丰富创作　深圳市文化建设精品迭出局面喜人",44
"2000.7.10","广东缺电哪里补　为广西、云南、贵州水电开发留出市场空间  尽快研究输电线路建设工作",44
"2000.7.11","找准切入点  探索新途径　广东力争交出两个文明建设合格答卷",44
"2000.7.14","武警深圳支队推行“集体采购制”",44
"2000.7.15","江门“6·30”爆炸事故 　6名犯罪嫌疑人被逮捕",44
"2000.7.17","全国银行同业市场交易量大增　深圳社会保险应用指纹鉴别技术　吉林确定液晶产业为新支柱",44
"2000.7.17","清除建设死角  优化城市形象　　珠海开始改造“城中村”",44
"2000.7.17","深圳蛇口兴建信息岛",44
"2000.7.17","全国小学生乒乓球赛在广东开幕",44
"2000.7.18","广东专利申请全国第一",44
"2000.7.18","京粤两地加强科技成果交流",44
"2000.7.19","上半年广东外贸进出两旺",44
"2000.7.19","执法者岂能违法——广东东莞一起严重超期羁押案透视",44
"2000.7.20","新风拂古城  甘霖润荔乡——广东省高州市“三讲”教育纪事",44
"2000.7.21","公路建设者乱弃渣土，造成南水河泄洪道严重堵塞，河床平均抬高三至五米，直接威胁到下游十万百姓的生命财产安全，此事引起了广东省政府的高度重视——为了十万百姓安全度汛",44
"2000.7.24","农田节水新技术在广东试验成功",44
"2000.7.24","广州交通银行银企合作开拓信息产业",44
"2000.7.24","用其所长  发挥作用——江苏湖南广东培养使用党外干部述评",44
"2000.7.25","上半年汕头外贸出口大幅增长",44
"2000.7.28","推动优势转变  敞开投资大门　珠海实施功能区带动战略",44
"2000.7.28","原四川省交通厅厅长刘中山等涉嫌巨额经济犯罪被提起公诉",44
"2000.7.31","广东多项资金经费被挪用挤占",44
"2000.7.31","广东建筑设计院获“詹天佑”奖",44
"2000.8.1","中国汽车拉力赛将在广东举行",44
"2000.8.2","广东全面整治珠江出海口门",44
"2000.8.2","全国学生三人制篮球赛   广州赛区大学组比赛开战",44
"2000.8.2","一切权力属于人民——广东出台各级人大常委会讨论决定重大事项规定",44
"2000.8.2","法沐江河源——青海省依法治理一隅",44
"2000.8.3","贵州广东签订黔电送粤协议",44
"2000.8.3","深圳龙岗区坚持为群众办实事",44
"2000.8.3","散打王争霸赛高潮再起  燕山圣手欲擒粤海威龙",44
"2000.8.3","全国学生三人制篮球赛  广州赛区决出初中组两强",44
"2000.8.3","抓住源头  依靠法律  积极参与　深圳妇联会维权",44
"2000.8.4","国务院中央军委追授邵荣雁“舍己救人好干部”荣誉称号  命名大会在广州举行",44
"2000.8.4","抓好示范点  开展对比活动  广东“两思”教育注重实效",44
"2000.8.5","深圳举行中国国际互联网站展",44
"2000.8.5","全国学生三人制篮球赛  广州赛区比赛雨中鸣金",44
"2000.8.6","广东上半年经济景气明显回升  国有工业收入居全国之首，外贸进出口总额在全国领先",44
"2000.8.6","加大整治力度  务求抓出实效  广东压减三成娱乐服务电子游戏场所",44
"2000.8.6","汕头  向重点企业授牌　实施无干扰保护",44
"2000.8.8","广东加大打击走私力度  近两年查获走私案件1．8万件，案值59亿元",44
"2000.8.9","国务院新闻办举行中外记者招待会  深圳介绍经济社会发展现状和前景",44
"2000.8.10","广东电白高考舞弊案水落石出　涉案者受严厉查处，33名作弊考生被取消成绩，3年内不准参加高考",44
"2000.8.12","三峡库区首批外迁移民即将动迁　7000多名移民将迁往上海广东等11个省市",44
"2000.8.14","广州实施“分解指标”“集订分送”确保征订",44
"2000.8.14","广东：高校重组向教育强省迈进",44
"2000.8.15","广州交通银行支持广东公路建设",44
"2000.8.15","广东海关清退不符合规定车辆",44
"2000.8.15","“深圳二十年”展在港开幕",44
"2000.8.15","首套有线宽频高清晰度数字电视在深圳开播",44
"2000.8.16","广东赴京洽谈经贸合作",44
"2000.8.17","打盗版—中国2000年大行动获重大战果　广东省一举查缴非法光盘生产线8条",44
"2000.8.17","深圳海关原关长赵玉存大肆受贿被查处",44
"2000.8.18","深圳成为南方高新技术产业化基地　上半年全市高新技术产业实现产值423亿多元",44
"2000.8.18","香港至广州陆空联运开通",44
"2000.8.19","清华科技园落户珠海",44
"2000.8.19","广东进京经贸洽谈实现“开门红”　首日项目签约突破两百亿",44
"2000.8.20","深圳上半年出口额居全国首位",44
"2000.8.20","广东（北京）名优产品经贸洽谈会展品丰富　田纪云吴邦国姜春云参观",44
"2000.8.21","贴近实际  融入生活——广东省东莞市加强新时期思想政治工作纪实",44
"2000.8.21","最好我们三年不见面——珠海格力电器公司的质量观",44
"2000.8.21","拱北海关打击粤澳间直通车走私",44
"2000.8.21","“猎人”与“狐狸”的较量——广东省破获8条非法光盘生产线纪实",44
"2000.8.21","粤科清华电子陶瓷基板生产线竣工",44
"2000.8.22","梅坎铁路——连通粤闽的捷径",44
"2000.8.22","京粤税控收款机受用户青睐",44
"2000.8.23","加快立法  加强监督  依法行政　广东全面推进依法治省",44
"2000.8.26","深圳：面貌日新  成就辉煌  珠海：沧桑巨变  跨越发展  汕头：奠定基础  突飞猛进  厦门：通达四方  欣欣向荣",44
"2000.8.27","在特区的怀抱中成长——深圳中兴通讯以技术创新促发展",44
"2000.8.28","广东中行推出全天候“外汇宝”业务",44
"2000.8.29","为了“乐满中华”——广州乐华集团支持中国奥运健儿纪实",44
"2000.8.30","东江至深圳供水改造工程动工",44
"2000.8.30","广东侦破跨国海盗案",44
"2000.8.31","广泛征求意见  紧密联系实际　深圳宝安区针对问题边讲边改",44
"2000.8.31","深圳美术书法摄影作品展在京举行",44
"2000.8.31","情寄江河源——海峡两岸大学生生态环保夏令营剪影",44
"2000.8.31","东莞台商子弟学校迎来首批新生",44
"2000.9.6","抓薄弱环节  建一流项目　广东对口援藏力度大起点高",44
"2000.9.6","粤港澳台将在科技领域广泛合作　广东已制定相关方案",44
"2000.9.7","深圳有个外企运动会",44
"2000.9.8","深圳盐田港保税区正式投入运作",44
"2000.9.8","广东海关查获走私光盘近一千二百万张",44
"2000.9.8","保定各县干部住进村里办实事　深圳罗湖领导深入基层解难题",44
"2000.9.11","今年夏天，电突然紧张起来，先是广东用电告急，后是北京差点拉闸，接着，浙江、福建、广西、四川许多省份供电告急——电，又短缺了吗？",44
"2000.9.12","珠海结束没有大学历史",44
"2000.9.12","广东省科技厅负责人表示　粤港澳台科技领域合作前景广阔",44
"2000.9.13","北京、江苏、福建、辽宁、云南、四川、宁夏、深圳、广州、武汉等地专门制定了奖励和保护见义勇为人员的地方性法规，为的是——让英雄不再流泪",44
"2000.9.14","广东社会保险走在全国前列　上半年养老保险净增人数210多万",44
"2000.9.14","广东月饼远销海外",44
"2000.9.15","广东全省范围内基本铲除非法传销",44
"2000.9.18","向着廉洁高效迈进——深圳政府体制改革纪事（上）",44
"2000.9.18","“黔电送粤”工程启动",44
"2000.9.19","改革中的创新与探索——深圳政府体制改革纪事（下）",44
"2000.9.19","感受深圳",44
"2000.9.24","无污染  少占地  技术新  服务强　汕头构建临海型城市工业体系",44
"2000.9.25","制定两项地方性法规　珠海首次行使“较大市立法权”",44
"2000.9.25","珠海：新邮箱堵了谁的门？",44
"2000.9.28","粤港合作联席会议举行第三次会议",44
"2000.9.29","广州五星酒店　节期降价迎客",44
"2000.9.30","珠海崛起大学园区",44
"2000.10.2","广州：国庆掀起“招商热”",44
"2000.10.4","广东调整规范中小学收费",44
"2000.10.7","“大写的二十年·打工文学研讨会”在深圳宝安召开",44
"2000.10.8","国庆长假期间深圳口岸百万人出入境",44
"2000.10.9","广州“晖展”为奥运健儿庆功",44
"2000.10.11","深圳市现代物流规划通过评审",44
"2000.10.13","第二届中国国际高交会在深圳开幕　吴邦国出席开幕式并致辞",44
"2000.10.14","非洲40国官员访问广东",44
"2000.10.16","吴邦国在深圳考察工作时强调　抓住新的历史机遇实现生产力跨越式发展",44
"2000.10.17","汕头：落实责任  集订分送　珠海：凭卡订阅“一把手”抓",44
"2000.10.17","粤东打假取得突破　端掉假冒伪劣产品窝点29个，案值近1600万元",44
"2000.10.17","创新：企业长盛不衰的动力——广东汕头超声电子（集团）公司的启示",44
"2000.10.18","我国加快建设信息高速路   宽带网热了深圳高交会",44
"2000.10.19","广东工商界救助失学儿童",44
"2000.10.23","一份满意的答卷——深圳精神文明建设纪实之一",44
"2000.10.23","湛江将举办海洋经济博览会",44
"2000.10.23","三十位专家学者聚首深圳   安康计划关注贫弱儿童",44
"2000.10.24","建设文化绿洲——深圳精神文明建设纪实之二",44
"2000.10.25","广东借钱不还企业被曝光",44
"2000.10.25","今日深圳人——深圳精神文明建设纪实之三",44
"2000.10.26","内蒙古　认识到位政策到位工作到位  深圳　“一把手”签下订阅责任状",44
"2000.10.27","青春在这里闪光——记深圳笋岗出入境检验检疫局动检科",44
"2000.10.27","侨胞和港澳台同胞赠粤三百亿",44
"2000.10.29","珠海：工资有了“指导价”",44
"2000.10.30","深圳8月出口又创新高",44
"2000.10.31","广东企业乱收费严重",44
"2000.10.31","奥运体操金牌得主亮相深圳",44
"2000.10.31","深圳市民敢告官",44
"2000.11.1","北京中山书画社二十年展开幕",44
"2000.11.2","“神舟第一伞”将亮相珠海航展",44
"2000.11.2","读《孙中山与中国近代化道路研究》",44
"2000.11.3","广州宣判五宗非法出版构成犯罪案  陈伟成等十名被告人分别以非法经营罪、制作或复制淫秽物品牟利罪被判处五年至无期徒刑",44
"2000.11.4","软件企业紧跟国际步伐  电信巨人看好广州软件",44
"2000.11.5","及时化解矛盾纠纷  切实维护人民利益  粤鲁桂京鄂闽等地重视信访工作  本报群工部一九九九年重点来信转办函答复率为百分之八十七",44
"2000.11.6","“云电送粤”启幕",44
"2000.11.6","广东建成水土流失遥感调查系统",44
"2000.11.6","第三届珠海航展国际化水平提高  二十七个国家和地区的八十九架飞机参展",44
"2000.11.6","珠海国际汽车赛落幕",44
"2000.11.6","广东省对非洲贸易稳步增长",44
"2000.11.7","国务院新闻办在珠海举行记者招待会  中国政府积极推进航空航天事业新发展",44
"2000.11.8","汕头致力推进“信息港”建设",44
"2000.11.9","东芝第二十三家在华公司在珠海成立",44
"2000.11.9","自助电子票务网站在深圳开通",44
"2000.11.9","创新是深圳经济特区发展的灵魂——纪念深圳经济特区建立二十周年",44
"2000.11.12","深圳人读书热情高  每年90万成年人忙“充电”",44
"2000.11.13","不事炒作  不虚名  重在实效  深圳中科西部种草静悄悄",44
"2000.11.13","全国政协纪念孙中山诞辰134周年",44
"2000.11.13","第一届世界龙狮锦标赛竞逐广东三水",44
"2000.11.13","全国卡丁车锦标赛深圳站比赛结束",44
"2000.11.14","深圳同乐检查站规范执勤",44
"2000.11.14","湛江特大走私受贿案一批遗留涉案人员受处理",44
"2000.11.15","深圳经济特区建立20周年庆祝大会举行  江泽民强调经济特区要继续当好改革开放和社会主义现代化建设的排头兵",44
"2000.11.15","在深圳经济特区建立二十周年庆祝大会上的讲话（二○○○年十一月十四日）",44
"2000.11.15","离深圳前往出席亚太经合组织领导人非正式会议并访问文莱  江泽民主席抵斯里巴加湾  离柬时西哈努克国王在王宫与江主席亲切话别",44
"2000.11.15","邓小平同志塑像揭幕仪式在深圳举行  江泽民为塑像揭幕",44
"2000.11.15","推动在一个中国原则基础上进行两岸对话与谈判  两岸关系论坛在珠海开幕",44
"2000.11.16","广东请来“洋顾问”　　“十五”计划献良策",44
"2000.11.16","政府引导  政策扶持  分步实施  逐步推广　国家“学生饮用奶计划”正式启动　北京上海天津广州沈阳五个城市率先试点",44
"2000.11.16","王在希在珠海接受记者专访时表示　承认一个中国原则是打开两岸僵局唯一出路",44
"2000.11.16","唐树备在珠海接受记者专访时强调　“九二共识”不容歪曲和否认",44
"2000.11.16","两岸关系论坛在珠海闭幕",44
"2000.11.16","全国保龄球俱乐部杯赛（广州站）开赛",44
"2000.11.16","现代化与体制创新——“现代化和社会体制创新——走向现代化的深圳”研讨会简述",44
"2000.11.17","易建网为广州地铁提供在线服务",44
"2000.11.17","广州军区某部注重对症下药",44
"2000.11.17","孕育希望的热土——记中山国家健康科技产业基地",44
"2000.11.18","全国九运会将于明年11月在广东举行  共设30个项目，会期15天",44
"2000.11.18","中山三昧",44
"2000.11.22","留学人员科技交流会将在广州举行",44
"2000.11.22","珠海将举办中国航空运动大赛",44
"2000.11.24","汕头兴建艺苑文化广场",44
"2000.11.26","国家经贸委就江门、萍乡两起特重大烟花爆炸事故调查作出批复要求　认真汲取事故教训  切实加强安全生产管理",44
"2000.11.26","广东严厉打击骗取出口退税",44
"2000.11.27","湛江海口北海等成立北部湾经济合作组织　共创“北部湾品牌”",44
"2000.11.27","广东发展银行存款超千亿元",44
"2000.11.27","茂名巩固老订户发展新订户",44
"2000.11.27","五双眼睛看海洋——从2000年湛江海洋经济博览会说起",44
"2000.11.28","广东农行与广州快速等开展银企合作",44
"2000.11.28","“广州山水城市建设论坛”举行",44
"2000.11.29","法院公开委托评估拍卖　广东建起公正“隔离带”",44
"2000.11.29","广州军区某团党委心系基层",44
"2000.11.30","敢闯敢试敢为先——“深圳第一镇”布吉镇20年发展记",44
"2000.11.30","广州军区某部做好退伍老兵思想工作",44
"2000.11.30","中国资讯科技与风险投资高峰会在深圳举行",44
"2000.11.30","佛山电信通过国际标准认证",44
"2000.12.1","目击汕头打假",44
"2000.12.1","科技兴区  教育强区  环境建区　广州天河区创造可持续发展模式",44
"2000.12.2","珠海国家高新区“二次启动”　“科技创新海岸”长达10余公里",44
"2000.12.3","深圳中小学生获赠防毒手册",44
"2000.12.4","今年广东进口“洋花木”400多万美元",44
"2000.12.4","太阳能产业园将在深圳兴建",44
"2000.12.4","“输血”“造血”  众手扶贫  深圳宝安“双联”帮扶见成效",44
"2000.12.4","绿满特区千峰翠——珠海实施可持续发展战略述评",44
"2000.12.4","三问南海信息化——对广东南海市推进信息化的调查与思考",44
"2000.12.6","深圳荣获国际“花园城市”桂冠",44
"2000.12.6","首条广州始发直达澳洲航线开通",44
"2000.12.7","湛江“紫荆七号”客货轮爆炸事故主要责任人受处理",44
"2000.12.7","全国男篮甲A联赛第六轮  八一受挫广东  江苏大胜吉林",44
"2000.12.8","强化监督  增进了解  融洽关系　深圳村务公开率达100％",44
"2000.12.8","中山环保故事多",44
"2000.12.10","建设服从规划  规划服从环保　深圳优化生态环境促进经济发展",44
"2000.12.12","围追堵截  全面清查　广东清除“毒米”隐患",44
"2000.12.12","贪欲编织的腐败链——珠海市城监支队集体受贿案透视",44
"2000.12.12","深圳出租车启用防伪标志",44
"2000.12.13","打黑锄恶  造福人民——广东省揭阳市严厉打击黑帮势力",44
"2000.12.14","广东原国土厅副厅长雷杰严重违纪被查处",44
"2000.12.15","紧密结合本地实际  把握经济运行规律  广东确立五个转变发展新思路",44
"2000.12.15","广东英源集团被撤消外贸经营权",44
"2000.12.16","广州军区文工团庆澳门回归周年演出精彩纷呈",44
"2000.12.18","《澳门，你好》文艺晚会在珠海举行",44
"2000.12.18","珠澳携手铸辉煌——访珠海市代市长方旋",44
"2000.12.19","广东昂泰热心公益事业",44
"2000.12.19","东江清流河源来——广东河源市保护东江水源纪实",44
"2000.12.22","广州市最大的人行隧道将通行",44
"2000.12.23","广东  广西  海南　让千万人贴近舞台",44
"2000.12.24","董建华将访问广东",44
"2000.12.25","造就无坚不摧的反贪铁军——广州市海珠区人民检察院思想政治工作纪实",44
"2000.12.25","重视保护优质水源——广东省河源市脱贫途中不忘环保的探索",44
"2000.12.26","广东：重拳出击禁“红包”",44
"2000.12.29","从改革机制上防治腐败  深圳着力行政审批制度改革",44
"2000.12.29","广州搞促销商家出新",44
"2000.12.31","金人庆到汕头慰问国务院打击骗取出口退税工作组  潮阳普宁专项斗争取得初步胜利",44
"2000.12.31","尽医者仁心——记中山市人民医院",44
