﻿"index","news_title","prov_cde"
"2000.1.1","北京举行2000年新年音乐会  李岚清等与各界群众一同欣赏",11
"2000.1.2","北京地方财政同比增两成",11
"2000.1.2","让首都的天空更蓝——北京市环保局副局长余小萱谈汽车尾气治理",11
"2000.1.3","下放财权事权  强化基层职能  北京继续深化城市管理体制改革",11
"2000.1.3","男篮联赛打出一新气象  北京山东势头猛  江苏南钢节节高",11
"2000.1.3","北京刷新一项多米诺骨牌纪录",11
"2000.1.4","北京地税完成收入259亿元",11
"2000.1.4","北京龙庆峡冰灯冰雪节开幕",11
"2000.1.4","北京高校启动国家助学贷款",11
"2000.1.5","北京纪念荀慧生尚小云百年诞辰  李瑞环为纪念活动题词",11
"2000.1.5","北京整治校园周边环境",11
"2000.1.6","想看北京城",11
"2000.1.6","全国男篮甲A联赛第十四轮  北京上海主场不败同时终结",11
"2000.1.7","中国天主教在北京举行主教祝圣仪式",11
"2000.1.7","利用新技术  改造旧设备  北京军区某油库向科技要效益",11
"2000.1.7","看芭蕾  过新年——北京人又一新时尚",11
"2000.1.8","谭利华  办好北京交响乐团",11
"2000.1.10","保障司法公正  维护法制统一  北京检察机关强化执法监督",11
"2000.1.10","北京将进一步加快城市建设步伐　提高基础设施供给能力，搞好居民住宅建设，加快治理环境污染",11
"2000.1.10","北京植物园建成大型展览温室",11
"2000.1.10","麻烦留自己  方便给病人　北京口腔医院推出系列便民措施",11
"2000.1.11","兵撒千里外  指导不断线　北京军区某汽车营开展跟踪教育",11
"2000.1.11","国务院新闻办举行新闻发布会　第三届北京高新技术产业国际周5月举办",11
"2000.1.11","两进北京舞金龙",11
"2000.1.11","北京“双高”人才发展服务中心挂牌",11
"2000.1.12","北京景山公园举办冰灯艺术展",11
"2000.1.12","北京确保困难职工过好春节　一千七百五十万元送温暖资金筹措到位",11
"2000.1.12","北京多条高速公路因降雪关闭",11
"2000.1.13","北京：人工增雪小试锋芒",11
"2000.1.13","北京书订货会与国际接轨",11
"2000.1.14","北京  连降两场雪　车险理赔忙",11
"2000.1.14","北京电脑“下乡”",11
"2000.1.15","名师执教北京昌文武校",11
"2000.1.15","北京社科书店重张",11
"2000.1.17","佳木斯—北京空中航线正式通航",11
"2000.1.17","新疆师大附中与北京五中合作办学",11
"2000.1.17","全国保龄球俱乐部杯赛北京锡华队夺魁",11
"2000.1.18","跃上高科技的平台——北京书订货会印象",11
"2000.1.18","北京奥申会徽设计邀请赛在京举行",11
"2000.1.18","北京龙潭庙会民俗韵味浓",11
"2000.1.19","北京化工大学与昌平合作办学",11
"2000.1.19","北京申奥会徽总评选确定佳作十件",11
"2000.1.20","北京将取消国企行政级别",11
"2000.1.20","北京去年六万下岗职工实现再就业",11
"2000.1.20","为了北京天更蓝",11
"2000.1.21","北京查处旅游违规案件　旅游者别贪便宜吃大亏",11
"2000.1.21","北京西站“打的”难",11
"2000.1.21","北京首次春季高考波澜不惊",11
"2000.1.21","北京二○○○年送您一百二十三道旅游套餐",11
"2000.1.21","“海盗王子”献艺北京",11
"2000.1.22","铁路春运第一天　北京铁路发送旅客16．1万人",11
"2000.1.22","北京交通台三年接警三十六万个",11
"2000.1.22","最高法院向北京市全国人大代表征求意见",11
"2000.1.22","北京体育好新闻评选揭晓",11
"2000.1.24","北京工行人均创利32万元",11
"2000.1.24","北京军区表彰“武状元”",11
"2000.1.24","男篮联赛  上海东方北京首钢涉险过关",11
"2000.1.24","北京小学倡议：过一个轻松快乐的寒假",11
"2000.1.25","江泽民在北京市考察工作",11
"2000.1.25","北京今年人才大市场开幕",11
"2000.1.25","分层教学考试  作业形式多样　北京垂杨柳学区把“减负”落到实处",11
"2000.1.25","北京市体委更名为体育局　全力把握发展机遇",11
"2000.1.26","制作精 有特色　北京春节荧屏丰富多彩",11
"2000.1.26","依法治教  确保投入　北京教育经费连续四年大幅增长",11
"2000.1.26","北京地坛春节文化庙会将举办",11
"2000.1.27","中国与欧盟就我入世谈判取得进展　　双方同意2月下旬在北京进行技术级磋商",11
"2000.1.27","何鲁丽看望北京儿童福利院孤残儿童时说　感谢社会各方对儿童福利事业的关心",11
"2000.1.27","北京西城公安分局成绩显著",11
"2000.1.27","北京7所小学改革考试办法　学生由怕考变为乐考，由追求分数变为追求特长",11
"2000.1.28","北京经济发展保持良好势头　去年国内生产总值2169.7亿元，比上年增长10％",11
"2000.1.28","北京有家哮喘学校（）",11
"2000.1.28","世界第一“白天鹅”今晚亮相北京城",11
"2000.1.28","北京春节活动上网",11
"2000.1.29","江泽民看望北京军区某部官兵",11
"2000.1.31","北京：补助金全部送到位",11
"2000.1.31","服务无止境——北京斯普瑞得公司优质服务纪实",11
"2000.1.31","北京德沃会想润滑油公司投产",11
"2000.1.31","北京德外社区狮舞秧歌迎新春",11
"2000.1.31","北京武术队献技新春佳节",11
"2000.1.31","波导冠名北京宽利队",11
"2000.1.31","马俊仁率队出战北京国际公路接力赛",11
"2000.2.1","北京步行街上迎新春",11
"2000.2.1","吴仪考察北京农村春节市场提出  连锁超市向农村延伸",11
"2000.2.1","北京军区某炮团向共建要战斗力保障力",11
"2000.2.2","北京二○○八年奥申委会徽和口号确定",11
"2000.2.2","北京：平安大街贴春联",11
"2000.2.2","北京市公安机关全力以赴  为春节创造良好治安环境",11
"2000.2.2","为了母亲的微笑——记北京妇产医院",11
"2000.2.2","北京　租本书过大年",11
"2000.2.2","北京房山区电业中学探索改革之路",11
"2000.2.2","北京司法行政  发挥职能作用  维护首都稳定",11
"2000.2.3","春运速写——北京西站见闻",11
"2000.2.4","遵纪守法促转变  走好人生军旅路　武警北京十支队加强法纪教育",11
"2000.2.4","北京健康特快咨询网站开通",11
"2000.2.4","北京评选春节节目",11
"2000.2.5","工业成为拉动主力　北京国企脱困初战告捷",11
"2000.2.5","北京：八方游客逛庙会",11
"2000.2.6","历时四个月  跋涉四万公里　凤凰卫视采访车队抵达北京",11
"2000.2.7","老北京的春节",11
"2000.2.8","北京：群众文化活动多姿多彩",11
"2000.2.12","北京增开临客列车",11
"2000.2.12","棋友杯全国象棋大赛东南赛区开赛　西南航空赞助八一男排　北京有线电视台体育节目精彩纷呈",11
"2000.2.12","神游“老北京”——盛锡珊老北京市井风情画展观后",11
"2000.2.13","以市场为导向以效益为中心　北京全力改造传统农业",11
"2000.2.14","第九届北京国际电子生产设备暨微电子工业展11月举行",11
"2000.2.15","把握主题  缩短会期  减少简报　北京市政协改革会风",11
"2000.2.15","北京旅游业新年看好",11
"2000.2.15","北京社会发展水平全国第一",11
"2000.2.15","北京铁路列车段确保春运安全",11
"2000.2.15","新松恨不高千尺——记甲级新军北京男排",11
"2000.2.15","北京国际公路接力赛周日开赛　马俊仁将率领中国队参加角逐",11
"2000.2.15","北京八十不老网球队　喜庆八岁生日",11
"2000.2.16","用爱心浇灌花朵——记北京第二实验小学思想品德教育",11
"2000.2.17","全国文化系统群英聚会北京　朱镕基李岚清看望出席表彰大会代表",11
"2000.2.17","北京市财干院创立美容美发系",11
"2000.2.17","北京筹建警察博物馆",11
"2000.2.17","北京加强德育合理设计教学　四川推进教改提出六项措施",11
"2000.2.17","北京国际室内田径赛名将云集",11
"2000.2.18","北京“两会”代表、委员关注申办奥运",11
"2000.2.18","北京心肺血管疾病抢救中心成立",11
"2000.2.19","马浩流，北京人，干部——创造文化空间",11
"2000.2.20","让好的多起来——北京农业结构调整追踪",11
"2000.2.20","北京房山区乡镇机构“消肿”　分流人员1800  年省开支1000万",11
"2000.2.21","北京市人代会决议支持政府申办奥运会",11
"2000.2.21","北京新源里中学拓宽德育渠道　双休日学生俱乐部受欢迎",11
"2000.2.21","北京国际公路接力赛鸣枪　马俊仁率队赢得满堂红",11
"2000.2.21","我们首先考虑下岗职工——访北京市劳动和社会保障局",11
"2000.2.22","北京一七一中学德育常抓常新",11
"2000.2.23","开创新的生存发展之路——北京市糖业烟酒公司深化改革记事",11
"2000.2.23","北京朝阳区发展社区卫生服务",11
"2000.2.24","高校管理体制和结构调整迈出关键一步　二十三所部委属院校划转北京市管理",11
"2000.2.24","北京开展青少年课外导读活动",11
"2000.2.24","全国室内田径赛北京站落幕　马俊仁率队包揽女子1500米前七名",11
"2000.2.24","北京爱心真情献功臣",11
"2000.2.25","全国“110”联动率先在北京实行",11
"2000.2.25","武警北京总队健全法律咨询网络",11
"2000.2.25","马俊仁情系北京国际公路接力赛",11
"2000.2.26","任若平，北京人，干部——离不开政府的全力支持",11
"2000.2.28","政协九届常委会第八次会议决定　政协九届三次会议3月3日在北京召开",11
"2000.2.28","完达山“乳珍”在北京上市",11
"2000.2.28","认真组织  广泛动员　北京全力筹备“高新技术产业国际周”",11
"2000.3.1","北京引进美国楷模环保涂料",11
"2000.3.1","国际传统医药大会（北京2000）下月在京召开　李岚清等任名誉主席",11
"2000.3.1","北京：天地法律事务所法律助农",11
"2000.3.2","北京加大交通违章处罚力度",11
"2000.3.2","我国可持续发展能力“座次”排出  前五名分别是上海、北京、天津、广东、江苏",11
"2000.3.2","北京申奥进入实战阶段",11
"2000.3.2","北京积极开展马克思主义民族观宗教政策教育活动",11
"2000.3.3","中宣部教育部北京市委联合举行报告会　学习贯彻江总书记关于教育问题的谈话　李岚清出席报告会并作报告",11
"2000.3.3","科技部拨款支持北京环保研究",11
"2000.3.3","塑造青少年的灵魂——北京市朝阳区中小学开展思想教育纪事",11
"2000.3.6","李鹏参加北京代表团审议时指出　全社会要关心中小学生减负问题",11
"2000.3.6","北京  千呼万唤出水面",11
"2000.3.9","以科技、体制和管理创新树首都优势——访全国人大代表、北京市委书记贾庆林",11
"2000.3.9","稳定是硬任务　北京代表谈取缔“法轮功”维护社会稳定",11
"2000.3.12","北京将建国际展览体育中心",11
"2000.3.13","北京上海纪念孙中山逝世七十五周年",11
"2000.3.13","北京行政审批事项精简40％",11
"2000.3.15","江泽民参加浙江北京代表团全体会议时指出　抓住机遇只争朝夕知难而进开拓进取　坚定不移地实现我国社会主义现代化",11
"2000.3.15","北京开展消费者权益周活动",11
"2000.3.15","国际残疾人组织领导人会议在京举行　会议通过了《新世纪残疾人权利北京宣言》",11
"2000.3.15","公正是仲裁的灵魂和生命——记北京仲裁委员会",11
"2000.3.16","全国业余网球晋级赛北京站结束",11
"2000.3.17","北京部署加强街道社区党建工作",11
"2000.3.17","北京展映当代西班牙电影",11
"2000.3.20","北京雷锋小学命名十周年大会举行",11
"2000.3.20","北京老山发现大型西汉陵墓",11
"2000.3.20","北京理工大学与吉林合作",11
"2000.3.20","北京市教委提醒消费者　别上某些留学中介的当",11
"2000.3.20","北京在巴黎举行旅游说明会",11
"2000.3.20","冰球C组世锦赛重回北京　中国队力争冲上B组",11
"2000.3.21","北京下月提高公房租金　加快开放房产二级市场",11
"2000.3.21","以情感人  政策留人  事业引人　北京留学归国医学人才挑大梁",11
"2000.3.21","北京吉利大学城在昌平奠基",11
"2000.3.21","北京二十五中命名“廖贻训班”",11
"2000.3.21","北京市推出中老年健身操",11
"2000.3.21","走进大众传媒  ——记北京理工大学研究员杨东平",11
"2000.3.22","北京举办首届美国教育展",11
"2000.3.22","首都社科界支持北京申奥",11
"2000.3.22","北京城建女足欲练新人",11
"2000.3.23","北京假日商品销售增加一成　　广西加大城乡建设启动消费",11
"2000.3.23","北京华靳制药开发新品",11
"2000.3.23","北京雷锋小学注重德育教育",11
"2000.3.23","红双喜双喜临门　北京推出专卖店  器材进军奥运会",11
"2000.3.23","净化首都卷烟市场　北京市烟草专卖局",11
"2000.3.24","北京旅游业首次赴欧促销",11
"2000.3.24","北京五州公司努力开发新产品",11
"2000.3.24","北京奥申委通报申奥进展情况　北京力争入围申办奥运会候选城市",11
"2000.3.24","北京耳鼻咽喉科会诊中心成立",11
"2000.3.24","北京市消协对消费者的调查显示　维权意识喜忧参半",11
"2000.3.24","知识受尊重  青春饭不香　北京女性钟爱十类职业",11
"2000.3.25","世界大运会信息系统工程在京签约　第三十七届北京春季长跑赛将举行　北京市将举办篮球争霸赛　中国柔道队获企业支持",11
"2000.3.27","北京铁路局安全生产1300天",11
"2000.3.27","北京华联引进美国先进商业自动化设备",11
"2000.3.27","确保首都社会稳定　北京市将对外来人口实行总量控制",11
"2000.3.27","贝尔实验室北京建院",11
"2000.3.27","北京扬沙尘  西安下“泥雨”　沙尘暴又来了",11
"2000.3.27","福特员工情系北京绿化",11
"2000.3.27","北京举行春季长跑比赛",11
"2000.3.28","北京建国饭店坚持高标准严管理带来持续高水平盈利——十八年赚回二十三个饭店",11
"2000.3.28","北京新建“上海大众”维修站",11
"2000.3.28","高中男篮联赛北京赛区结束",11
"2000.3.29","竞争上岗  择优录用——北京门头沟区检察院人事制度改革纪实",11
"2000.3.29","北京日报报业集团成立",11
"2000.3.29","北京试行反贪主办检察官责任制",11
"2000.3.30","北京举办钙制剂研究成果报告会",11
"2000.3.30","日本京瓷株式会社北京办事处成立",11
"2000.3.30","北京推进新建企业工会组建工作",11
"2000.3.30","北京军区为首都治理大气污染作贡献",11
"2000.3.30","武警北京总队十支队加强思想教育工作",11
"2000.3.31","让学生快乐成长——访北京一师附小校长张忠萍",11
"2000.4.1","北京爱车俱乐部成立",11
"2000.4.1","期待五月  相约北京",11
"2000.4.1","北京的雪",11
"2000.4.2","迟浩田回到北京",11
"2000.4.2","香港北京分别举行研讨会　纪念基本法颁布10周年",11
"2000.4.3","北京电子城集中供热工程启动",11
"2000.4.3","改善投资环境  适应“入世”规则　北京加快实施“首都重大创新工程”",11
"2000.4.3","我国依法保护海洋环境　北京等地大力宣传有关法律  海上实施船舶溢油应急计划",11
"2000.4.3","北京国有工业企业“换脑子”",11
"2000.4.5","北京军区开设“军营网吧”",11
"2000.4.5","锐意改革  启蒙明天　北京明天幼稚集团播种未来",11
"2000.4.5","北京将举行世界大运会宣传周",11
"2000.4.6","十年任务用三年完成　北京将建100平方公里城市森林",11
"2000.4.6","北京伟豪武校闯办学新路",11
"2000.4.7","北京铁路分局开辟5条旅游专线",11
"2000.4.7","建一流屋宇  保百年安居——记北京住总集团六公司总经理王宝申",11
"2000.4.7","北京军区某部运用网络开展思想政治工作",11
"2000.4.7","北京命名市级风景名胜区",11
"2000.4.7","北京台播出《罪证》",11
"2000.4.7","要让传统艺术出新　北京文艺台将全面改版",11
"2000.4.8","北京市将举行保龄球锦标赛精英赛",11
"2000.4.8","《北京市2008年奥运会申办委员会会徽》纪念封发行",11
"2000.4.8","孙焕英，北京人，评论家——歌坛不是筐",11
"2000.4.9","科技部与北京市签订高技术产业合作协议",11
"2000.4.10","新加坡总理吴作栋抵达北京",11
"2000.4.10","城南新事——北京名校丰台办学纪实",11
"2000.4.10","北京旅游探新路　赴欧促销引客来",11
"2000.4.11","北京新建金盏郁金香花园",11
"2000.4.11","闪亮的“铁班子”——记武警北京总队十五支队党委",11
"2000.4.12","北京举办第三届旅游商品设计大赛",11
"2000.4.12","教育部北京市联合召开会议要求　切实抓好学校安全工作",11
"2000.4.12","北京安德路中学将辟周恩来事迹教育室",11
"2000.4.12","当人民满意的执法人——北京市人民检察院强化监督职能纪实",11
"2000.4.13","北京佳尼公关公司成立",11
"2000.4.13","北京法院着力培养涉外审案人才",11
"2000.4.13","北京联合大学广告学院成立",11
"2000.4.13","北京61中建成综合实习大楼",11
"2000.4.14","北京将举办21世纪数字城市论坛",11
"2000.4.14","北京近日破获特大盗车案",11
"2000.4.14","中央单位和北京市举办军转干部选调会　进京安置的近三千名转业干部参加",11
"2000.4.14","北京军区开展向王双亭学习活动",11
"2000.4.14","北京青少年科学论文报告会举行",11
"2000.4.15","国际科联环境问题科学委员会在北京举行会议",11
"2000.4.15","老北京：新世纪的沉思",11
"2000.4.17","“北京—澳门国际商业会议”举行",11
"2000.4.17","武警北京十支队全面展开带新工作",11
"2000.4.17","北京成立宏志中学",11
"2000.4.17","坚持改革  勇于实践  北京景山学校40年桃李满园",11
"2000.4.17","北京西郊农场靠科技减亏",11
"2000.4.17","北京召开税收与经济发展研讨会",11
"2000.4.18","北京市工商行拓展高校金融业务",11
"2000.4.18","《寻找“北京人”》历史纪实出版",11
"2000.4.19","北京市个人购房比例迅速增长",11
"2000.4.19","北京军区某油库安全管理创佳绩",11
"2000.4.19","李岚清致信北京市  赞扬文明工程捐电脑下乡活动  希望继续坚持这样做，形成一种制度",11
"2000.4.19","改革服务模式  人人享有保健　北京实施“基本医疗保障工程”",11
"2000.4.19","中国数网在北京开通",11
"2000.4.19","北京举办名园名花名树观赏节",11
"2000.4.20","北京海关从邮运渠道查获毒品",11
"2000.4.21","北京学生获“风格与设计奖学金”",11
"2000.4.23","第五届全国残运会五月在沪举行  圣火火种在北京中华世纪坛采集",11
"2000.4.23","出席南方首脑会议并圆满结束四国之行  李岚清回到北京",11
"2000.4.24","收获的不仅仅是绿色——北京绿化隔离带建设初探",11
"2000.4.24","聪明旅游者的经济旅游线——食宿天津  玩在北京",11
"2000.4.24","北京东城公安分局破获盗车大案",11
"2000.4.24","北京：“三盆”还有多少水",11
"2000.4.25","北京软件出口值位居全国首位",11
"2000.4.25","首批广州雅阁2．0Exi与北京用户见面",11
"2000.4.25","中韩高科技园区落户北京",11
"2000.4.25","北京组建亚太最大天然气车队",11
"2000.4.25","北京高校网络辩论赛开赛",11
"2000.4.25","国际传统医药大会在京闭幕　通过《北京倡议》，强调传统医药的地位和作用",11
"2000.4.26","亮点纷呈  引人注目——记开幕在即的“中国北京高新技术产业国际周”",11
"2000.4.26","北京　寓教于审",11
"2000.4.27","北京音乐厅奏响“春之声”",11
"2000.4.27","传统文化是现代化的宝贵思想资源——访北京大学教授楼宇烈",11
"2000.4.27","青春无悔——记北京市优秀青年突击队队长张运龙",11
"2000.4.28","北京台播放《永不瞑目》（）",11
"2000.4.29","圆满结束对亚欧非五国国事访问并在埃及会晤穆巴拉克总统后  江泽民主席回到北京  朱镕基胡锦涛等到人民大会堂迎接",11
"2000.4.29","北京将举办中国友好城市国际大会",11
"2000.4.29","北京演出场场爆满　舞剧《大梦敦煌》引人入胜",11
"2000.4.29","“二○○○相约北京”（）",11
"2000.5.1","北京新建“活体蔬菜”温室",11
"2000.5.2","“2000相约北京”联欢活动拉开帷幕  李岚清出席开幕式并观看演出",11
"2000.5.2","北京举办“海疆颂国画展”",11
"2000.5.2","北京市民争购国债",11
"2000.5.2","北京出租车加入救护行列",11
"2000.5.4","胡锦涛视察北京市和平街街道青年文明社区时强调  营造有利于青少年成长发展的良好环境",11
"2000.5.5","北京景山学校庆祝建校四十周年  李岚清致信祝贺",11
"2000.5.6","北京：百年学府翰墨香",11
"2000.5.6","北京大学生电影节开幕",11
"2000.5.7","北京中关村技术交易中心开业",11
"2000.5.8","人寿为北京高新周保险6亿元",11
"2000.5.8","北京市长国际企业家顾问会议举行年会",11
"2000.5.8","交流高新技术信息  推进国际国内合作  西部省区亮相北京“国际周”",11
"2000.5.9","朱镕基会见出席北京高新技术产业国际周外宾时强调  中国的发展离不开世界　 世界的繁荣也需要中国",11
"2000.5.9","真诚的愿望  扎实的工作——关心支持北京申办二○○八年奥运会",11
"2000.5.9","北京高新技术产业国际周开  幕贾庆林吴仪等出席开幕式",11
"2000.5.9","“除夕弘法”破灭记——北京警方成功粉碎“法轮功”顽固分子一次天安门广场非法聚集活动",11
"2000.5.9","北京市保龄球协会会员联赛开赛",11
"2000.5.10","国务院新闻办举行新闻发布会  介绍我国执行北京世妇会《行动纲领》进展等情况",11
"2000.5.10","北京城建一公司重视人才培养",11
"2000.5.10","北京东城区两周内办结一委员提案",11
"2000.5.11","李鹏参观北京高新技术产业国际周展览",11
"2000.5.11","北京法院年内将全部推行“主执行官”制",11
"2000.5.11","留学人员归国创业　北京开辟“绿色通道”",11
"2000.5.12","北京太阳城国际老年公寓奠基",11
"2000.5.13","中国北京高新技术产业国际周圆满落幕  5天签署合资合作等协议总计60多亿美元",11
"2000.5.13","北京将再次期待",11
"2000.5.13","五月相约北京——文化部部长孙家正答记者问",11
"2000.5.14","京开高速公路（北京段）开工",11
"2000.5.14","“花香”引来“彩蝶舞”  北京经济技术开发区引资17亿美元",11
"2000.5.14","北京市领导表示要妥善安置好军转干部",11
"2000.5.15","北京赛特：瞄准目标顾客",11
"2000.5.15","北京成立中关村投资基金",11
"2000.5.15","诺基亚进驻北京星网工业园",11
"2000.5.16","北京朝阳区法院知识产权庭成立",11
"2000.5.16","“中外摄影家聚焦北京”活动举行",11
"2000.5.17","公民旁听  体验民主——北京市实行公民旁听市人大常委会会议纪实",11
"2000.5.18","首都社区党旗红——北京社区党建工作巡礼",11
"2000.5.19","北京债转股工作基本完成",11
"2000.5.19","北京建行推出两项房贷新品种",11
"2000.5.19","武警北京总队某部积极助残",11
"2000.5.19","北京交管部门提供网上服务",11
"2000.5.19","贾庆林在北京奥申领导小组会议上强调　扎扎实实推进申办工作",11
"2000.5.19","北京举办韩国电影周",11
"2000.5.19","艾格尔将在北京献艺",11
"2000.5.21","相会在北京——记中日文化观光交流大会",11
"2000.5.21","游园不能忘乎所以——北京世界公园即景",11
"2000.5.22","北京石景山改善商业环境见成效",11
"2000.5.22","北京建行简化个人房贷程序",11
"2000.5.22","北京朝阳区投资服务大厅启用",11
"2000.5.22","制定具体措施  加大援助力度　北京倾力支援西部教育",11
"2000.5.22","北京驰野探险俱乐部成立",11
"2000.5.23","北京市手机出口激增",11
"2000.5.23","贯彻“谈话”精神  推进素质教育　北京抓住机遇深化教育改革",11
"2000.5.23","北京抗癌乐园喜庆十周岁",11
"2000.5.24","老字号做出大文章　北京华天饮食集团以创新求发展",11
"2000.5.24","为西部大开发提供人才支持　北京组织人事部门制定优惠政策",11
"2000.5.24","北京新创公司思想政治工作抓“四同”",11
"2000.5.24","北京歌手向残疾儿童献爱心",11
"2000.5.25","圆满结束对美洲4国正式友好访问　李瑞环回到北京",11
"2000.5.25","北京农行为航天机电二院授信五亿元",11
"2000.5.25","北京林大与建设银行合作",11
"2000.5.26","北京大兴西瓜节将举办",11
"2000.5.26","北京国际车展　邀您过把车瘾",11
"2000.5.26","北京莫斯科列车通行四十年",11
"2000.5.27","北京感受“九寨沟之春”",11
"2000.5.28","北京长沙展演优秀儿童剧目",11
"2000.5.29","北京海关进行纠风整纪问卷调查",11
"2000.5.29","中国国际内燃机展在北京举行",11
"2000.5.29","北京奥申委获赞助",11
"2000.5.29","山地车系列赛首站揭幕北京昌平",11
"2000.5.29","北京吉普2022——首辆自主开发具有先进水平的多用途车",11
"2000.5.30","北京推出新型太阳能集热器",11
"2000.5.30","武警北京总队某部“三讲”教育扎实有效",11
"2000.6.1","北京十年环保投入千亿元",11
"2000.6.1","北京首次实行检察官等级制度",11
"2000.6.1","让革命精神代代相传　十二支火炬接力队汇聚北京",11
"2000.6.1","北京和平里一小环保教育显特色",11
"2000.6.1","北京将举行国际垒球邀请赛　中国队继续为奥运会热身",11
"2000.6.2","外国大公司青睐　北京国际汽车展",11
"2000.6.2","北京市切实加强水资源管理",11
"2000.6.3","彭珮云看望失足青少年　对北京少管所工作表示肯定",11
"2000.6.3","北京大学生足球联赛鸣金　彪马街霸足球赛决战京城　迎奥运万人长跑即将举行",11
"2000.6.3","积累四十多场演出经验　芭蕾《二泉映月》进北京",11
"2000.6.3","“郭沫若研究与文化反思”　学术讨论会在北京召开",11
"2000.6.5","北京城市隔离带绿化三点五万亩",11
"2000.6.5","北京推出“特困大学生自立计划”",11
"2000.6.5","北京国际垒球邀请赛　中国队全胜夺冠",11
"2000.6.5","吉恩斯获全国马术赛北京站冠军",11
"2000.6.6","北京加快高新技术产业化　高新技术对工业增长的贡献率近百分之七十",11
"2000.6.6","北京空气质量继续好转",11
"2000.6.6","北京举行中国式摔跤赛",11
"2000.6.6","历史·城市·人民　中外摄影家聚焦北京（）",11
"2000.6.7","北京车展爆了棚",11
"2000.6.7","《全面禁止核试验条约》北京研讨会开幕",11
"2000.6.7","北京第十届“灵山杯”评选揭晓",11
"2000.6.7","北京市将举行全民健身宣传周活动",11
"2000.6.8","北京国际车展　展场上人山人海　研讨会高朋满座",11
"2000.6.8","加大资金投入　强化治理措施　北京痛下决心抓环保",11
"2000.6.8","悉尼奥运会100天倒计时钟揭幕北京",11
"2000.6.9","李鹏在北京市考察工作时指出　加强党的领导是坚持完善人代会制度根本保证",11
"2000.6.9","北京朝阳区提前完成绿化任务",11
"2000.6.9","精品的背后——记八捧“鲁班奖”的北京建工六建公司",11
"2000.6.9","北京市知识产权局挂牌",11
"2000.6.9","重任一身兼——记北京景山学校党总支书记范禄燕",11
"2000.6.9","北京举办二○○○年国际电视周",11
"2000.6.9","北京举办《我们是共产主义接班人》音乐会",11
"2000.6.12","武警北京总队十支队加强犯罪预防",11
"2000.6.12","北京城建四公司注重安全卫生",11
"2000.6.12","○北京举办首届龙舟邀请赛　○全国高台蹦极赛7月举行　○首都体育馆攀岩中心落成",11
"2000.6.13","永远凝聚在党旗下——北京市崇文区职介中心流动人员党支部纪事",11
"2000.6.13","第六届北京国际汽车展圆满结束",11
"2000.6.13","北京高校优秀学生奖学金颁发",11
"2000.6.13","北京将举行国际独轮车大会",11
"2000.6.14","北京出现今年以来最高温天气　华北平原高温天气将逐步缓解",11
"2000.6.15","北京成功借助世行贷款搞危改",11
"2000.6.15","耕耘在教改试验田——访北京中加学校校长王本中",11
"2000.6.16","国宾卫士的风采——记北京钓鱼台国宾馆武警警卫队",11
"2000.6.16","大胆应对全球化——北京国际车展引发的思考（一）",11
"2000.6.16","北京整治校园及周边娱乐场所",11
"2000.6.17","环北京地区治沙工程将启动",11
"2000.6.18","北京市领导在考察北京主要水源上游地区时强调　加快防沙治沙步伐  搞好官厅水库治理",11
"2000.6.18","首届北京市领导干部电子商务与网络经济培训班开班",11
"2000.6.18","北京“148”法律服务专线在网上开通",11
"2000.6.19","提高自主开发能力——北京国际车展引发的思考（二）",11
"2000.6.19","武警北京某部开展“三想”“四结合”活动",11
"2000.6.19","北京奥申委获支持",11
"2000.6.19","房价是怎么高上去的？——北京房价问题调查",11
"2000.6.19","看北京人炒外汇",11
"2000.6.20","一热一冷为哪般？——北京国际车展引发的思考（三）",11
"2000.6.20","北京将办五人足球赛",11
"2000.6.21","北京：三条保障线落实良好　允许困难企业借支养老金  提高失业保险金标准  多种措施帮扶城镇低收入居民",11
"2000.6.21","北京举办夏季商品房交易展示会",11
"2000.6.21","北京奥亚德汇展中心投入使用",11
"2000.6.21","申请举办2008年奥运会　北京奥申委向国际奥委会递交报告",11
"2000.6.22","北京严格非机动车和行人交通违章管理",11
"2000.6.22","北京新添六处游泳场",11
"2000.6.22","青藏高原国际自行车赛8月启程　北京将举行公益环保汽车拉力赛　飞利浦大学生足球联赛征集标志",11
"2000.6.23","切实加强和改进思想政治工作　北京举行“双思”事迹报告会",11
"2000.6.23","五项世界领先的背后——看北京天坛医院怎样做思想政治工作",11
"2000.6.23","北京市眼科会诊中心成立",11
"2000.6.24","北京将举办街头篮球赛",11
"2000.6.24","北京电影学院举办毕业作业回顾展",11
"2000.6.26","北京严惩毒贩　七名罪犯被处死刑",11
"2000.6.26","北京举行庆祝奥林匹克日长跑",11
"2000.6.26","北京国企与外企争人才",11
"2000.6.28","应邀出访欧洲六国及欧盟总部　朱镕基离开北京",11
"2000.6.28","圆满结束欧亚六国之行　李鹏回到北京",11
"2000.6.28","让每颗星星都闪亮——北京西单友谊集团总经理刘秀玲做思想政治工作记事",11
"2000.6.28","彭珮云考察北京戒毒所时指出　加大禁毒工作力度",11
"2000.6.28","西班牙首相在北京参观",11
"2000.6.28","小甲A足球活动即将开始　保龄球冠军赛北京站结束　中国篮协开发品牌运动表",11
"2000.6.28","北京高校优秀学生奖学金颁发",11
"2000.6.28","对选民负责  受选民监督——北京市东城区人大代表述职记事",11
"2000.6.29","北京市公安局将实施警务回执制度",11
"2000.6.29","北京市开展系列文化广场活动",11
"2000.6.29","北京大学表彰优秀共产党员",11
"2000.6.29","《北京市思想道德建设创新实践丛书》出版",11
"2000.6.29","北京新建青少年活动基地",11
"2000.6.29","北京震旦羽毛球俱乐部成立",11
"2000.7.1","李岚清在北京考察艺术院校时强调　大力推进高校管理体制改革  高度重视艺术教育",11
"2000.7.3","北京个人所得税入库大增",11
"2000.7.3","北京市监狱局聘请监督员",11
"2000.7.3","工行向北京理工大学贷款",11
"2000.7.3","北京送医送药到延安",11
"2000.7.4","一切从客户需要出发——北京电信普遍服务纪事",11
"2000.7.5","北京丰田汽车维修部坚持服务特色",11
"2000.7.5","北京推出五项举措",11
"2000.7.5","北京市民吃上“放心菜”　全国“无农药残毒放心菜”创建拉开序幕",11
"2000.7.5","北京举办“我和我的家园”征文",11
"2000.7.5","电波传亲情——北京市劳教局“亲情电话”采访记",11
"2000.7.6","北京一司机撞坏天安门金水桥被判刑",11
"2000.7.6","北京“叶氏集团”抓党建促发展",11
"2000.7.6","中外城市保护专家聚会北京　为文物保护与城市发展“诊脉”",11
"2000.7.7","北京五中分校重视德育",11
"2000.7.7","缺水北京咋用水",11
"2000.7.7","国产喜剧新突破  北京台播出《万家轶事》",11
"2000.7.8","江泽民主席回到北京",11
"2000.7.8","五点六万北京考生参加高考",11
"2000.7.8","法国诗人和老北京",11
"2000.7.10","北京商家盯紧高考场",11
"2000.7.10","中国文化遗产保护与城市发展国际会议闭幕　《北京共识》发表",11
"2000.7.10","全国足球甲A联赛第十七轮　北京国安胜四川全兴",11
"2000.7.10","六月十六日，我国第一家保险经纪公司——江泰保险经纪有限公司在北京正式成立，从此  经纪人登上保险舞台",11
"2000.7.10","北京城建二公司实现项目施工网络化管理",11
"2000.7.10","西电东送　让北京不再拉闸限电",11
"2000.7.11","北京可网上办理装电话",11
"2000.7.11","北京商业银行为“两广”路扩建贷款",11
"2000.7.11","北京公安机关破获一起特大贩毒案",11
"2000.7.11","三千辆捷达将进入北京出租车市场",11
"2000.7.11","北京家禽育种公司获质量认证",11
"2000.7.11","北京森高林产品市场规范有序",11
"2000.7.11","国际大体联考察北京大运会筹备工作",11
"2000.7.13","北京海淀公安分局破案率提高",11
"2000.7.13","武警北京某部建立两用人才培训基地",11
"2000.7.13","区域化经营  高质量服务　北京组建跨校后勤服务集团",11
"2000.7.13","北京加大自主版权软件开发",11
"2000.7.13","两家公司赞助中国奥委会、北京奥申委",11
"2000.7.14","圆满结束对欧洲六国和欧盟总部正式访问  朱镕基总理回到北京　钱其琛等在人民大会堂迎接",11
"2000.7.14","北京市第二中级人民法院判处三起台湾间谍案",11
"2000.7.14","北京二药拥有生物制药新技术",11
"2000.7.14","国际圆号大师聚集北京",11
"2000.7.16","亚洲公共行政改革研讨会在北京召开",11
"2000.7.17","国航北京——奥克兰开航",11
"2000.7.17","贾庆林向国际大体联承诺　　北京将把大运会办得精彩圆满",11
"2000.7.18","加强思想教育  普及科学知识　　北京启动农民综合素质教育工程",11
"2000.7.18","北京启动现代农业示范窗口",11
"2000.7.19","中俄北京宣言",11
"2000.7.19","北京旅游业又创新高",11
"2000.7.19","北京青年报网站改版",11
"2000.7.19","北京高校住宅建设获贷款支持",11
"2000.7.19","进一步优化卫生资源配置　北京天坛医疗集团组建",11
"2000.7.19","酷暑北京环保热",11
"2000.7.20","电热膜产品进入北京市场",11
"2000.7.20","武警北京总队十支队重视文化教育工作",11
"2000.7.20","社会主义研究三题——访北京大学曹长盛教授",11
"2000.7.21","北京暑期旅游  情趣别有",11
"2000.7.24","产业结构优化  高新技术拉动　北京经济稳步走强",11
"2000.7.24","服务快捷高效 政策落实到位　北京昌平科技园快速发展",11
"2000.7.24","曾经积极向中国推介电动汽车技术的汽车巨头，在北京车展上却只展示了三四辆性能一般的电动车，有人说这意味着电动车取代燃油车是根本不可能的，中国不必在发展电动汽车上花功夫了——发展电动汽车　没有包袱就是优势",11
"2000.7.24","北京调价·补贴·严查",11
"2000.7.25","北京内蒙古经济合作再上台阶",11
"2000.7.25","北京城建一公司通过环境认证",11
"2000.7.25","北京电信推出ISDN解决方案",11
"2000.7.25","全国高校在京计划招生超过3．8万人　北京今年高考升学率将超过70％",11
"2000.7.25","第三届北京国际武术邀请赛八月举行",11
"2000.7.26","北京高性能计算机应用中心正式运行　江泽民总书记为高性能计算机系统题名“神威”　李岚清到运行现场祝贺 国务院发贺电",11
"2000.7.26","北京集中整顿报刊市场",11
"2000.7.26","北京世界大学生运动会选拔礼仪青年",11
"2000.7.27","北京市公安局召开科技大会",11
"2000.7.27","北京推行计划生育优质服务",11
"2000.7.28","北京住房消费成为热点",11
"2000.7.28","层层落实安全生产承包责任制　北京城建把安全放首位",11
"2000.7.28","北京调高居民最低生活保障标准",11
"2000.7.30","把提高外来务工人员文明素质作为思想政治工作重点　北京城建集团建楼育人双丰收",11
"2000.7.30","北京军区扶贫帮困　驻地一百八十多万人脱贫",11
"2000.7.31","圆满结束对亚欧五国的正式访问　胡锦涛回到北京　钱其琛等前往人民大会堂迎接",11
"2000.7.31","第五届北京书节将举办",11
"2000.7.31","北京太阳影视艺术专修学院建成",11
"2000.7.31","北京丰台区开设肾病治疗中心",11
"2000.8.1","灵魂工程的开拓者——记北京军区“模范指导员”王志刚",11
"2000.8.1","新的北京中医药大学成立",11
"2000.8.1","北京市清理整顿文化娱乐市场  1个月查处违法娱乐服务场所1866家",11
"2000.8.1","来自中国的“健康使者”——访北京科泰新技术公司总经理杨涛",11
"2000.8.2","趋利更应避害  开发就是资源——北京建立发展垃圾回收利用产业的评述",11
"2000.8.2","北京全面开展户口整顿",11
"2000.8.2","武警北京总队十支队一大队与驻地共庆“八一”",11
"2000.8.3","量化考核  加强管理  北京东区邮电局党建工作常抓不懈",11
"2000.8.3","改善环境质量  展现古都新貌  北京加大现代化城市建设力度",11
"2000.8.3","北京青年创新创业计划大赛开始",11
"2000.8.5","罗干在北京市公安局考察时要求  首都科技强警应走在全国前面",11
"2000.8.5","外交部发言人谈北京中非  合作论坛2000年部长级会议",11
"2000.8.5","孙焕英，北京，评论家——歌唱不是唱歌",11
"2000.8.5","牛福志，北京，干部——学学孙道临",11
"2000.8.7","北京外来人口犯罪率开始下降",11
"2000.8.7","北京恢复整修圆明园遗址公园",11
"2000.8.7","北京市体育事业发展势头喜人",11
"2000.8.8","北京首次面向全国招聘“双高”人才",11
"2000.8.8","北京足球西部之旅启程",11
"2000.8.9","远治山区  中治路河  近植隔离带  北京加快构筑三道绿色生态屏障",11
"2000.8.9","北京赛迪翰林电子商务公司成立",11
"2000.8.9","北京教育报为大学生择业服务",11
"2000.8.9","北京国际武术邀请赛作出新贡献",11
"2000.8.10","曹刚川在北京军区有关会议上强调  依靠科技进步提高现有装备保障能力",11
"2000.8.10","“实”与“正”的魅力——北京理工大学党委书记焦文俊印象",11
"2000.8.10","北京西城区城建不忘保护民居风貌",11
"2000.8.10","北京国际公路自行车赛即将举行",11
"2000.8.11","北京牡丹国际卡激增",11
"2000.8.11","北京首家社区医疗集团成立",11
"2000.8.12","北京朝阳国际商务节开幕在即",11
"2000.8.12","北京申奥网络宣传联盟成立",11
"2000.8.12","2000年北京国际马拉松赛有新意",11
"2000.8.12","季羡林出任北京卓达大学名誉校长",11
"2000.8.13","中国林科院与北京联手治沙",11
"2000.8.13","首都市民争做“文明北京人”",11
"2000.8.15","乌金空中走　光明送北京——内蒙古西电东送十年记",11
"2000.8.15","2000年北京经济论坛将举行",11
"2000.8.16","84家中央级旅行社下放北京",11
"2000.8.16","北京破获一起卖淫案",11
"2000.8.16","北京朝阳国际商务节开幕　贾庆林等出席开幕式",11
"2000.8.17","北京国际书博览会将举办",11
"2000.8.18","普通职工圆了“老板”梦　北京城建小企业向职工出售产权",11
"2000.8.18","增加干部使用透明度　北京推行干部任前公示制",11
"2000.8.18","北京外企最新薪酬调查——“新经济”雇员腰包最鼓",11
"2000.8.19","北京将建商务中心区",11
"2000.8.19","北京举行“通光杯”记者保龄球赛",11
"2000.8.20","北京朝阳国际商务节签约148亿元",11
"2000.8.20","广东（北京）名优产品经贸洽谈会展品丰富　田纪云吴邦国姜春云参观",11
"2000.8.20","北京举办打击和预防经济犯罪展览",11
"2000.8.20","北京朝阳医院肾移植超千例",11
"2000.8.21","五千辆富康出租车投放北京",11
"2000.8.22","北京嘉华中学：一切为了学生",11
"2000.8.23","北京市高级人民法院驳回成克杰上诉",11
"2000.8.23","英雄永在人们心中——追忆北京海淀公安分局民警袁时光烈士",11
"2000.8.23","北京市开展市民学讲英语活动",11
"2000.8.23","全国少年卡丁车锦标赛北京站比赛结束",11
"2000.8.23","守好北京南大门——河北省高速公路交警一支队创建“平安大道”纪实",11
"2000.8.24","北京电焊机厂开发绿色产品",11
"2000.8.24","北京将举行铁人越野挑战赛",11
"2000.8.25","北京将举办世界大城市首脑会议",11
"2000.8.25","2000年北京种子交易会召开",11
"2000.8.26","以申奥促环保  以环保助申奥　北京推出《绿色奥运行动计划》",11
"2000.8.27","北京广安大街改扩建工程开工",11
"2000.8.28","北京海关筹建寄售维修保税中心",11
"2000.8.28","北京颐和园文物库馆——文昌院建成开放",11
"2000.8.28","二○○八年申奥候选城市呼之欲出   北京申奥官方网站将及时报道",11
"2000.8.28","医学科普进万家——访北京协和医院教授郎景和",11
"2000.8.29","出席千年议长大会并访问冰岛等五国　李鹏离开北京　田纪云等前往人民大会堂送行",11
"2000.8.29","北京获得2008年奥运会申办资格",11
"2000.8.29","武警北京十支队开展忠诚卫士教育",11
"2000.8.29","北京——拉萨汽车拉力赛启程",11
"2000.8.30","北京设立出租车司机基金",11
"2000.8.30","金灿集团大举投资北京大兴",11
"2000.8.30","规定课程与实践课程并行  北京电业中学素质教育常抓不懈",11
"2000.8.30","从北京到纽约",11
"2000.8.30","北京申奥顺利闯过第一关  在五个候选城市中具有很强竞争力",11
"2000.8.30","北京边缘的“流动学校”（）",11
"2000.8.31","北京：公款订阅首先确保人民日报　江苏：制止报刊发行中的无序竞争",11
"2000.8.31","敦煌，不再遥远——北京“敦煌艺术大展”侧记",11
"2000.8.31","第八届北京国际书博览会开幕",11
"2000.8.31","北京奥申委召开新闻发布会   对夺取申奥第二阶段胜利充满信心",11
"2000.9.1","第三届北京国际旅游文化节：京城推新线　邀你玩个够",11
"2000.9.1","北京市电视艺术“春燕奖”揭晓",11
"2000.9.2","萨马兰奇认为北京是申办奥运的强大竞争者",11
"2000.9.2","北京市召开申奥工作动员大会　努力实现以申奥促发展以发展助申奥的既定目标",11
"2000.9.2","绿色的北京老城",11
"2000.9.3","挂牌服务  群众监督　北京全面推行乡镇政务公开",11
"2000.9.4","北京体育大学欢送奥运健儿",11
"2000.9.4","北京国际自行车赛第二赛段战罢   我国选手肖业谌获第二名",11
"2000.9.5","前往纽约出席联合国千年首脑会议　江泽民主席离开北京　胡锦涛等到人民大会堂送行",11
"2000.9.5","北京国际汽车贸易服务园区开张迎客",11
"2000.9.5","杀害民警袁时光的凶手被判死刑　持枪伤害北京三民警的歹徒归案",11
"2000.9.5","文明长河书作舟——第八届北京国际书博览会述评",11
"2000.9.5","北京国际公路自行车赛第三赛段战罢   哈萨克斯坦队一马当先",11
"2000.9.6","北京破获一起特大团伙盗车案",11
"2000.9.6","圆满结束访美和参加世界和平千年大会后　中国宗教领袖代表团返回北京",11
"2000.9.6","北京奥申委喜获赞助",11
"2000.9.6","北京国际公路自行车赛收兵",11
"2000.9.7","北京建行力助吉通架“金桥”",11
"2000.9.7","北京西山国家森林公园即将开园",11
"2000.9.7","北京奥申委部署第二阶段申奥工作",11
"2000.9.7","北京向教师发放消费信贷",11
"2000.9.7","北京市邮政管理局在文明行业创建活动中，千方百计做到——让市民满意",11
"2000.9.8","北京市高院驳回李平上诉　维持无期徒刑原判",11
"2000.9.8","山区教师喜逛北京城（）",11
"2000.9.9","北京高校教师喜迁花园小区",11
"2000.9.11","出席联合国千年首脑会议后　江泽民主席回到北京　胡锦涛等前往人民大会堂迎接",11
"2000.9.11","今年夏天，电突然紧张起来，先是广东用电告急，后是北京差点拉闸，接着，浙江、福建、广西、四川许多省份供电告急——电，又短缺了吗？",11
"2000.9.12","北京史家胡同小学探索教学新路",11
"2000.9.13","北京商业打造新形象",11
"2000.9.13","北京、江苏、福建、辽宁、云南、四川、宁夏、深圳、广州、武汉等地专门制定了奖励和保护见义勇为人员的地方性法规，为的是——让英雄不再流泪",11
"2000.9.14","北京首钢新钢有限责任公司成立",11
"2000.9.14","北京百余名院士共度中秋",11
"2000.9.14","为旅游培养高素质人才——访北京第二外国语学院院长杜江",11
"2000.9.15","北京奥申委发表公告感谢群众支持　重申原则上不提倡不鼓励个人捐款",11
"2000.9.18","北京举办汽车保险国际研讨会",11
"2000.9.18","北京崇文区计生工作服务于民",11
"2000.9.19","北京百万读者游书海",11
"2000.9.20","出席千年议长大会并出访六国后　李鹏委员长回到北京　田纪云等前往人民大会堂迎接",11
"2000.9.20","北京贝尔承建铁道部七号信令网",11
"2000.9.21","北京商业银行设立中关村支行",11
"2000.9.21","携手同行——武警北京总队二支队与中央民族大学双拥共建纪实",11
"2000.9.23","老北京人的生活",11
"2000.9.24","北京理工大学庆祝建校60周年　李鹏到会祝贺  李岚清发来贺信",11
"2000.9.25","北京南四环路建成通车",11
"2000.9.25","北京王府井东安集团成立",11
"2000.9.25","北京三露厂获质量体系认证",11
"2000.9.25","北京：集中经费  统一收订",11
"2000.9.25","国防科工委教育部北京市携手共建北京理工大学",11
"2000.9.25","荣茂书馆矗立北京化工大学",11
"2000.9.25","举手之劳为环保——北京市委市政府机关见闻",11
"2000.9.26","北京公开宣判特大组织卖淫案",11
"2000.9.27","《北京旅游珍藏册》限量出版发行",11
"2000.9.27","武警北京十支队着力提高干部素质",11
"2000.9.27","北京医院喜庆九十五华诞",11
"2000.9.28","北京国际旅游文化节开幕",11
"2000.9.28","北京王府井新华书店重新开业",11
"2000.9.29","北京卷烟厂注重文化建设",11
"2000.9.29","北京商业旅游“十一”引客",11
"2000.9.29","演绎老北京风情  再现皇宫服饰　嘉德拍卖《西洋镜》服装道具",11
"2000.9.30","加强理解  相互尊重  共同发展　世界大城市首脑签署《北京宣言》",11
"2000.9.30","郭峰：为北京申奥万里歌",11
"2000.10.1","朱镕基在北京考察环境综合治理和住宅小区建设强调　再接再厉把首都建设得更加美好",11
"2000.10.2","北京天主教界人士庆祝新中国成立51周年",11
"2000.10.3","中国体育代表团载誉回到北京　李岚清等到机场迎接，代表党中央国务院欢迎体育健儿胜利归来",11
"2000.10.4","江泽民主席致信萨马兰奇　完全支持北京申办2008年奥运会",11
"2000.10.4","北京市欢迎奥运健儿凯旋",11
"2000.10.5","北京完全有能力办成高水平奥运会",11
"2000.10.5","北京市委书记贾庆林发表谈话　北京将以非凡努力做好申奥工作",11
"2000.10.6","北京电影学院成立50周年　江泽民李鹏分别题词祝贺",11
"2000.10.6","关爱老人  奉献爱心　老区老人重阳节逛北京",11
"2000.10.6","中国音乐面向世界的窗口　第三届北京国际音乐节大幕将启",11
"2000.10.8","北京：遨游书海度佳节",11
"2000.10.9","投巨资建文化设施  抓改革促文化产业　北京强化文化中心功能",11
"2000.10.9","全国公路摩托车锦标赛（北京站）结束",11
"2000.10.9","北京国际滑水公开赛即将推出",11
"2000.10.9","北京外企服务集团创办大学城",11
"2000.10.10","十年投资千亿元  环境质量正改观  北京营造绿色大都市",11
"2000.10.10","北京林大创立科技股份公司",11
"2000.10.10","突出申奥主题  倡导全民健身  北京国际马拉松赛周日鸣枪",11
"2000.10.11","中非合作论坛—北京2000年部长级会议开幕",11
"2000.10.11","中非携手合作  共迎新的世纪　在“中非合作论坛—北京二○○○年部长级会议”开幕式上的讲话",11
"2000.10.11","北京市人事局推行政务公开成效显著",11
"2000.10.11","青年精英特使团支持北京申奥",11
"2000.10.11","北京清洁燃料车逾千辆",11
"2000.10.11","大学生篮球联赛北京地区选拔赛开赛",11
"2000.10.12","北京引种墨西哥仙人掌成功",11
"2000.10.12","难忘重阳——老区老人重阳北京观光行",11
"2000.10.13","北京推出运动社区概念",11
"2000.10.13","北京为西部地区举办高新技术培训班",11
"2000.10.13","中非合作论坛北京宣言",11
"2000.10.14","百炼成钢铸名牌——写在北京国际马拉松赛二十周年之际",11
"2000.10.14","王晓辉，北京，职员——应对公众生活负责",11
"2000.10.15","国内企业界支持北京　申办二○○八年奥运会",11
"2000.10.16","北京吉普续写辉煌",11
"2000.10.16","亚洲预防犯罪基金会第八届国际大会闭幕　会议通过《刑事司法与预防犯罪北京宣言》",11
"2000.10.16","北京山东吉林群众怒斥“法轮功”　多行不义  必遭覆亡",11
"2000.10.16","北京国际马拉松赛魏亚楠获女子冠军",11
"2000.10.17","怎样保护“北京人”遗址",11
"2000.10.18","北京兴绿原生物技术中心启动",11
"2000.10.18","北京小歌手“和鸟儿一起歌唱”",11
"2000.10.18","北京首次在街道设立人大工作机构",11
"2000.10.20","北京医院  疼痛门诊解疼痛",11
"2000.10.21","朝日将在北京举行下轮邦交正常化谈判　荷外交大臣称荷已确定与朝建交　美对英德准备与朝建交表示欢迎",11
"2000.10.21","北京申奥进入攻坚阶段",11
"2000.10.21","冰球联赛北京站齐齐哈尔队夺冠",11
"2000.10.23","访问日韩并出席亚欧会议后　朱镕基回到北京",11
"2000.10.25","国企改制怎样才算达标　北京率先推出评价标准",11
"2000.10.25","北京华信技术学院成立",11
"2000.10.25","北京大气质量持续改善　第五阶段治理即将开始",11
"2000.10.25","浙江民营企业投资八亿元   北京吉利大学崛起京郊",11
"2000.10.25","一切为了当事人——北京一中院改革审判工作纪实",11
"2000.10.26","北京贷款100亿发展高速公路",11
"2000.10.26","推出不推卸  放手不放松   北京军区总医院后勤保障社会化",11
"2000.10.26","有效减少二氧化硫排放   北京首套湿法脱硫工程竣工",11
"2000.10.26","北京为抗癌明星祝寿",11
"2000.10.26","秦皇岛市倾力支持北京申奥",11
"2000.10.27","首届羽绒服装节亮相北京",11
"2000.10.27","北京工大40年硕果累累",11
"2000.10.28","支持北京申奥网上签名逾百万",11
"2000.10.28","北京举办将军与农民书画展",11
"2000.10.28","迟浩田结束访朝回到北京",11
"2000.10.28","北京举办国际曲艺节",11
"2000.10.29","北京国际科教影视展评研讨会开幕",11
"2000.10.30","北京大兴与建行签署合作协议",11
"2000.10.30","北京军区表彰一批先进基层单位和个人",11
"2000.10.30","北京良乡重视改善教育环境",11
"2000.10.30","北京举办流动人口家教班",11
"2000.10.30","祝北京申办奥运成功——访VISA国际组织高级副总裁",11
"2000.10.31","圆满结束四国之行　尉健行回到北京",11
"2000.10.31","持续技改保环境　国华北京热电厂治理污染见实效",11
"2000.10.31","第十二届国际水土保持大会将在北京举行",11
"2000.11.1","北京中山书画社二十年展开幕",11
"2000.11.3","减少环节  降低药价  让利于民  北京试行医院集中招标购药",11
"2000.11.3","北京奥申委在港聘请顾问",11
"2000.11.3","中外专家聚首北京  展望21世纪社科与人文科学",11
"2000.11.3","北京国际科教影视展评揭晓",11
"2000.11.3","北京研讨包国晨作品",11
"2000.11.4","北京国际音乐节耐人回味  难忘《托斯卡》",11
"2000.11.5","北京支持香港申办亚运会　澳门支持北京申办奥运会",11
"2000.11.6","七星国际越野挑战赛结束  芬兰队再次登顶  北京队荣获第十",11
"2000.11.7","北京军区某分部实现训练手段网络化模拟化",11
"2000.11.7","中韩足球再次对抗  北京国安队将迎战水原三星队",11
"2000.11.8","北京空港工业区出口创汇激增",11
"2000.11.8","北京城建二公司获职业安全管理认证",11
"2000.11.8","发扬传统  继往开来  北京东城区利用历史遗迹进行爱国教育",11
"2000.11.9","北京西站更新改造引导系统",11
"2000.11.9","欧洲金融银行集团北京代表处成立",11
"2000.11.9","中国银行与北京大学签署全面合作协议",11
"2000.11.9","北京藏医院插上高科技翅膀",11
"2000.11.9","北京压缩3391家娱乐服务场所",11
"2000.11.9","北京有足够经济实力办奥运会",11
"2000.11.9","车顶超载装货  车内超员塞客  北京至赤峰长途汽车存在安全隐患",11
"2000.11.10","武警北京十支队注重提高士官素质",11
"2000.11.10","北京　调查居民出行",11
"2000.11.11","计算机现代通信为支撑  产值五年增长五点四倍  北京崛起电子信息业",11
"2000.11.11","龙新民谈北京国际音乐节  走向成熟的盛会",11
"2000.11.12","第三届北京国际音乐节落下帷幕  李岚清等出席闭幕式",11
"2000.11.12","21名奥运冠军签名支持北京申奥",11
"2000.11.13","北京在丰宁营造“记者林”",11
"2000.11.13","政府引导  企业参与  北京实施产学研工程促进区域经济发展",11
"2000.11.15","北京宣武区成立名师讲学团",11
"2000.11.16","政府引导  政策扶持  分步实施  逐步推广　国家“学生饮用奶计划”正式启动　北京上海天津广州沈阳五个城市率先试点",11
"2000.11.16","营造良好氛围  培养健全人格　北京史家胡同小学重视学生心理健康",11
"2000.11.16","集思广益  精益求精   北京市部署下一阶段申奥工作",11
"2000.11.17","北京新燕莎控股（集团）成立",11
"2000.11.17","武警北京总队十支队法纪教育灵活多样",11
"2000.11.17","北京医院　肩关节外科中心治愈千例",11
"2000.11.18","《北京文学》打造文学品牌",11
"2000.11.19","江泽民主席回到北京",11
"2000.11.19","强化税源监控  加大征管检查　北京前10个月地税逾250亿元",11
"2000.11.19","社区成为再就业主渠道　北京市前十个月再就业率近67％",11
"2000.11.20","推进水利富民工程  拓宽农民增收渠道　北京夯实山区经济发展根基",11
"2000.11.22","北京将举办应届生公务员资格考试",11
"2000.11.22","北京送别“平民艺术家”李婉芬",11
"2000.11.22","帮助培养人才  加强对口支援　北京教育界倾力支持西部大开发",11
"2000.11.23","北京鞋靴产品畅销俄罗斯",11
"2000.11.23","全国男篮甲A联赛第二轮   上海东方北京首钢连胜两场",11
"2000.11.24","北京建行个人房贷首次突破200亿",11
"2000.11.24","让祖国的花朵更美丽 ——记北京儿童医院",11
"2000.11.24","祝北京申办成功——访VISA国际组织高级副总裁汤姆·谢普",11
"2000.11.25","结构调整增活力  改革转制添后劲　北京工业前10月产值利润增幅居全国首位",11
"2000.11.25","吴邦国结束访问返回北京",11
"2000.11.25","小甲A球员致信萨马兰奇支持北京申奥",11
"2000.11.25","北京国际曲艺节落幕",11
"2000.11.26","北京“五河十路”绿化工程启动",11
"2000.11.27","出席第四次东盟—中日韩领导人会晤和中国—东盟领导人会晤后　朱镕基总理回到北京",11
"2000.11.27","北京蝶阀厂探讨自身发展战略",11
"2000.11.27","窗口行业展示首都文明形象　北京首次评选出租车“十佳百优”",11
"2000.11.27","北京崇文区订阅数量大幅上升",11
"2000.11.27","袁伟民说北京申奥工作健康进行",11
"2000.11.28","北京市控制大气污染见成效　空气质量达二级或好于二级的天数近半",11
"2000.11.28","北京一中院快递送文书",11
"2000.11.28","班主任当顾问  学生管理自己　北京前门小学改革班级管理模式",11
"2000.11.28","创新·活力·实效——北京市房山区开展三级联创的做法与成效",11
"2000.11.29","北京二中院执结总标的额突破46亿",11
"2000.11.29","充分体现绿色奥运人文奥运科技奥运  北京奥运场馆建设规划初定",11
"2000.11.30","建设精品工程  发挥整体效益　北京城市水系治理造福于民",11
"2000.11.30","香港金融研讨会在北京举行",11
"2000.11.30","北京给旅游厕所评星级",11
"2000.11.30","北京市公安局刑侦总队成立",11
"2000.11.30","北京站客运员热情服务",11
"2000.12.1","认清形势  坚定信心  统揽全局  把握重点  狠抓落实  乘势前进　中央经济工作会议在北京召开　江泽民朱镕基作重要讲话  李鹏李瑞环胡锦涛尉健行李岚清出席会议",11
"2000.12.1","北京“常职”人事管理探新路",11
"2000.12.1","北京加强校园周边环境整治",11
"2000.12.2","莫斯科杜马代表团访问北京市",11
"2000.12.2","城市交响的华彩乐章——繁荣发展的北京城市雕塑",11
"2000.12.4","民盟北京市委为繁荣首都经济献策",11
"2000.12.4","浓浓申奥情——支持北京申奥签名“北京校园行”开幕式侧记",11
"2000.12.4","开创北京武术新局面——访北京市体育局局长孙康林",11
"2000.12.5","武警北京指挥学院为美化首都做贡献",11
"2000.12.5","2001年北京新年音乐会将在人民大会堂举行",11
"2000.12.5","《北京人英语一百句》系列节目开播",11
"2000.12.6","北京实行保税仓库集中监管",11
"2000.12.6","北京生物信息学研讨会举行",11
"2000.12.6","北京大兴：加快建设生态县",11
"2000.12.7","黑龙江绿色食品落户北京",11
"2000.12.7","北京商行向四环绿地“输血”",11
"2000.12.7","北京旅游商品设计大赛结束",11
"2000.12.7","“开门政府”——北京劳动保障系统推行政务公开纪实",11
"2000.12.8","北京药品再次降价",11
"2000.12.8","北京明年继续试行春季高考",11
"2000.12.10","厂甸庙会将重现北京　传统花会天桥绝活届时亮相",11
"2000.12.11","扎实开展农田水利建设　北京：平原节水灌溉山区集存雨水　湖南：健全质保体系监督督查结合",11
"2000.12.11","武警北京总队医院送医到基层",11
"2000.12.12","北京申办护照出现高峰",11
"2000.12.12","北京投巨资建设中关村科技园区　实施方案已确定力争三年大变样",11
"2000.12.12","北京奥申委代表团赴洛桑“赶考”",11
"2000.12.12","北京国际公路接力赛开始报名",11
"2000.12.13","李岚清回到北京",11
"2000.12.13","适应城市管理重心下移的变化　北京丰台实施社区党建综合工程",11
"2000.12.13","工行北京朝阳支行　斩“魔爪”身手不凡",11
"2000.12.14","宇智科通（北京）网络技术公司成立",11
"2000.12.14","接受国际奥委会执委会“面试”  北京奥申委代表团作陈述报告",11
"2000.12.15","北京外贸进出口额突破百亿美元",11
"2000.12.15","北京二中院严惩销售假烟者",11
"2000.12.17","北京加快发展电子信息业　中国北方微电子产业基地开工",11
"2000.12.18","北京市提前完成全年财政收入",11
"2000.12.18","北京保护蔡元培故居",11
"2000.12.18","北京电信与中公网联手推出上网卡",11
"2000.12.19","“运动100”亮相北京",11
"2000.12.19","北京启动市民科学健身活动",11
"2000.12.20","民航北京区域管制中心工程开工",11
"2000.12.20","高速公路网紧密连结  车辆进出北京不堵了",11
"2000.12.20","北京海淀公安捣毁制售假章窝点",11
"2000.12.20","北京收到二十个国际单项体育组织认证书",11
"2000.12.21","北京饭店百年老店换新颜",11
"2000.12.21","北京公开评选九十年代十大建筑",11
"2000.12.21","北京宣武区人武部提高干部素质",11
"2000.12.21","中国网通成为北京奥申委声援团成员",11
"2000.12.21","全国新闻界网球邀请赛将开幕  《祖国的光荣  人民的骄傲》出版  申奥翻译者日活动在北京启动",11
"2000.12.22","北京重现莲花池与后门桥风貌",11
"2000.12.23","北京相约世纪坛",11
"2000.12.23","君子兰精品展为北京添彩",11
"2000.12.25","二十四小时可以炒汇　北京建行开通外汇买卖全天候交易",11
"2000.12.25","北京市商业银行代收市话费",11
"2000.12.25","北京海关查获假耐克鞋",11
"2000.12.26","垃圾分类走进北京社区",11
"2000.12.27","北京奥申委收到全部28个单项组织认证书",11
"2000.12.28","北京审判印制散发“法轮功”邪教宣传品案　四人因犯利用邪教组织破坏法律实施罪被判刑",11
"2000.12.28","北京开展现代数理教学新尝试",11
"2000.12.28","北京市朝阳区进行绿色申奥总动员",11
"2000.12.29","北京向爱滋病患者献爱心",11
"2000.12.29","世界肥料大会将在北京举行",11
"2000.12.29","北京大饭店通宵盛宴",11
"2000.12.29","众星聚荧屏，佳节献好戏　北京电视台元旦春节有好戏",11
