﻿"index","news_title","prov_cde"
"2000.1.2","重走长征之路  传播绿色文明  广西举办主题登山活动",45
"2000.1.3","由“不设防”到“设防”  柳州梧州崛起道道防洪大堤",45
"2000.1.3","广西出现霜冻天气农作物受灾  自治区党政主要领导节日深入基层部署救灾",45
"2000.1.5","广西热火朝天建“地头水柜”  内蒙古黄灌区闹“节水革命”",45
"2000.1.6","南宁海关税收逾十亿元",45
"2000.1.10","柳州钢铁（集团）公司：　比价采购一年省1亿",45
"2000.1.14","冰柜搜出大蟒蛇  铁笼救出小灵猫　南宁拯救野生动物见行动",45
"2000.1.23","1999年：广西新疆经济稳步发展",45
"2000.1.23","钦州城区：有人乱拉电源线",45
"2000.1.30","桂林：与山水同美",45
"2000.1.30","“城市客厅”：桂林城建的杰作",45
"2000.1.31","广西玉柴向见义勇为基金会捐款",45
"2000.1.31","找准突破口  完善责任制　玉林切实加强思想政治工作",45
"2000.2.2","百色：春到老区永常村",45
"2000.2.5","通水通路  异地安置　广西去年百万人解决温饱",45
"2000.2.6","南宁百万市民观焰火",45
"2000.2.12","广西二十五万特困人口异地移民开发",45
"2000.2.15","广西推行干部任前公示制",45
"2000.2.15","北海将建海洋生态保护区",45
"2000.2.16","稳中求进——广西妥善处理国企改革发展与稳定关系",45
"2000.2.21","保持高压态势  严防走私回潮　南宁海关打私战果显著",45
"2000.2.21","南宁取消中小学公布考试名次",45
"2000.3.8","尉健行参加广西代表团审议政府工作报告时指出　领导干部廉洁自律必须和严格监督相结合",45
"2000.3.14","柳州要成为西部开发“桥头堡”",45
"2000.3.17","桂林“绣球”抛京城　用优惠政策和优美环境吸纳人才",45
"2000.3.23","广西提前实现基本解决贫困人口温饱问题　今后将加大生态、科技和教育扶贫的力度",45
"2000.3.23","北京假日商品销售增加一成　　广西加大城乡建设启动消费",45
"2000.3.25","《百色大地宣言》出版",45
"2000.3.26","广西：什么高效种什么",45
"2000.3.27","第九届金鸡百花电影节11月在南宁举行",45
"2000.3.28","以江泽民高州讲话为动力　广西扎实抓好县（市）“三讲”教育",45
"2000.3.29","生命至上——记广西医科大学第一附属医院",45
"2000.4.1","扭亏脱困  制度创新　广西：积极推进国企改革整顿",45
"2000.4.3","广西半数以上大石山重披绿装　兰州实施南北两山环境绿化工程",45
"2000.4.4","瘠土上开出高科技之花——桂林国家高新技术产业开发区巡礼",45
"2000.4.5","壮乡医苑绽新枝——记广西壮族自治区人民医院",45
"2000.4.5","广西河池推进生态建设",45
"2000.4.5","桂林掀起大规模“厕所革命”",45
"2000.4.6","采取积极措施  迎接西部开发　广西加快基础设施建设　内蒙古推出新人才政策",45
"2000.4.16","北海非法传销死灰复燃",45
"2000.4.22","广西壮族自治区人大常委会第17次会议决定  罢免成克杰全国人大代表职务",45
"2000.4.22","中纪委严肃查处成克杰案件深得民心  广西各族干部群众反响强烈坚决拥护",45
"2000.4.24","以权谋私  大肆受贿  暴敛钱财　巨贪李乘龙在玉林伏法",45
"2000.4.24","上汽、柳州五菱与美国通用宣布联手，让人们看到了中国汽车工业“强强联合”的曙光——大重组的前奏曲",45
"2000.4.25","拱北海关查获走私“洋垃圾”",45
"2000.4.27","壮大阵容  求实创新——南宁市长林国强谈经济欠发达地区如何进行精神文明建设",45
"2000.5.1","广西妥善处理两起特大拐骗未成年人案",45
"2000.5.3","早准备  抓服务  强管理  桂林北海假日旅游经济渐入佳境",45
"2000.5.9","北海警方破获系列拐卖儿童案",45
"2000.5.10","为圆团圆梦——广西“打拐”纪实",45
"2000.5.15","体察民情　倾听民声　解决难题  广西县乡干部进村入户重温“三同”",45
"2000.5.18","希望之光——农行广西分行实施小额信贷扶贫纪实",45
"2000.5.18","广西：不把贫困带入新世纪",45
"2000.5.25","南宁尖峰岭林场的悲哀：坟头多了千余个  树苗砍掉万余棵（）",45
"2000.5.31","“阳光”与审判同在——广西新城区人民法院以公开促公正纪实",45
"2000.6.2","广西两名人贩子一审被判死刑",45
"2000.6.5","万余件走私洋烟在南宁公开拍卖",45
"2000.6.5","驻日美军在北海道进行射击训练",45
"2000.6.6","拱北海关查获走私车六百辆",45
"2000.6.9","广西全力收缴非法枪弹",45
"2000.6.12","桂林普降大雨漓江封航",45
"2000.6.12","广东广西加强扶贫协作　异地安置广西贫困人口8万多人，达成经贸项目414个",45
"2000.6.13","广西生态旅游热",45
"2000.6.16","下移重心  拓宽途径　玉林构建思想政治工作“连心网”",45
"2000.6.21","北海捣毁一批地下赌球窝点　参赌者百分之六十为中学生",45
"2000.6.22","铝合金的魅力——广西平果铝业公司思想政治工作纪实",45
"2000.6.29","调整工作内容  改进活动方式　柳州加强国企党建工作",45
"2000.7.5","南宁制定优惠政策  启动住房二级市场",45
"2000.7.9","西部开发出新招　广西开出首列旅游铁路“大篷车”",45
"2000.7.10","广西利用外资扶贫攻坚",45
"2000.7.10","广东缺电哪里补　为广西、云南、贵州水电开发留出市场空间  尽快研究输电线路建设工作",45
"2000.7.11","柳州特大交通事故敲响警钟　公交车坠入柳江已打捞77具遇难者尸体",45
"2000.7.12","柳州“7·7”事故善后工作有序进行",45
"2000.7.14","广西开展安全生产大检查",45
"2000.7.22","庞开松，广西梧州，职员——这种“挑战”无聊",45
"2000.7.26","“美人鱼”重回北海",45
"2000.7.28","创新·创业·创牌——广西“两面针”公司快速发展纪实",45
"2000.7.28","柳州“7·7”特大交通事故8名犯罪嫌疑人被捕",45
"2000.8.2","广西干部群众坚决拥护对成克杰一审判决  区党委表示要深入开展警示教育",45
"2000.8.2","广西加大技改投入",45
"2000.8.2","南宁海关查获退役改装走私油船",45
"2000.8.4","桂林山水搭建大舞台  广西筹排实景歌剧《刘三姐》",45
"2000.8.13","实施三大任务  为民办好实事  广西加大边境地区建设力度",45
"2000.8.14","组织执法队伍开展“地毯式”清理　广西北海严打非法传销活动",45
"2000.8.18","更新硬件  推出力作　桂林实施六大工程推动文化建设",45
"2000.8.20","抓住西部开发机遇  建设好西南出海口　北海市行动起来争当后起之秀　六大基础设施工程加快推进",45
"2000.8.21","拱北海关打击粤澳间直通车走私",45
"2000.8.21","北海彻查非法传销",45
"2000.8.28","桂林猫儿山古铁杉“起死回生”",45
"2000.9.7","红盾之歌——广西工商系统精神文明建设纪实",45
"2000.9.11","今年夏天，电突然紧张起来，先是广东用电告急，后是北京差点拉闸，接着，浙江、福建、广西、四川许多省份供电告急——电，又短缺了吗？",45
"2000.9.15","各地干部群众认为对成克杰依法严惩　反映了党和政府反腐败的决心　广西区党委表示，要以此为警示，做好各项工作",45
"2000.9.18","凝聚战胜贫困的心气——从“茅草屋改造工程”看广西的扶贫攻坚",45
"2000.9.21","迎接“十一”旅游黄金周　民航：全力以赴保出行需求　桂林：向游客推出监督指南　故宫：每天多开放一个小时　上海：铁路增加运力保旅游",45
"2000.9.28","深入开展警示教育  增强拒腐防变能力　中共广西壮族自治区委员会",45
"2000.9.30","开幕式新颖盛大　国际民歌艺术节将在南宁举行",45
"2000.10.1","从今日起——桂林公厕一律免费",45
"2000.10.9","南宁大力整顿学校周边书报刊市场",45
"2000.10.10","北海道开发启示录",45
"2000.10.12","广西公审原财政厅厅长佘国信",45
"2000.10.13","金鸡百花电影节将在南宁举行",45
"2000.10.15","广西公审甘维仁向成克杰行贿案",45
"2000.10.15","评审不合格  不发“通行证”　广西注销三十四家企业食品出口资格",45
"2000.10.16","广西取消500多项行政事业性收费",45
"2000.10.19","虚名  办假案——广西博白县人民法院“办案”的调查",45
"2000.10.24","柳州酸雨消  鹭鸶去复来",45
"2000.10.26","拱北海关查获特大外币走私案",45
"2000.10.30","热血浇铸青春丰碑——追记海军北海舰队炸礁队优秀青年科技干部郝文平",45
"2000.11.1","柳州　法律为企业改革服务",45
"2000.11.6","广西宜州铜鼓山歌艺术节落幕",45
"2000.11.10","治理污染源头  调整工业结构  桂林市环境与经济呈协调发展态势",45
"2000.11.10","荔浦　桂林旅游圈的黑马",45
"2000.11.11","北海提高海产养殖科技含量  已涌现5000余公顷“万元水”",45
"2000.11.11","努力创作有新鲜感的作品——谈“广西贵港风情写生”作品",45
"2000.11.13","赵南起在广西考察生态建设时强调  加大红水河流域森林资源保护力度",45
"2000.11.13","南宁工商：编织打假网",45
"2000.11.14","创新的魅力——广西南宁化工集团加强和改进思想政治工作纪事",45
"2000.11.17","加固水库大坝  建设河海堤防  广西兴起冬修水利热潮",45
"2000.11.18","’2000南宁国际民歌艺术节开幕　李铁映等观看演出",45
"2000.11.20","八个高新技术项目在南宁开工",45
"2000.11.23","广西陆川：乡村客运亟须整顿",45
"2000.11.26","描绘兴边富民的壮丽画卷　广西创建南疆发展新环境",45
"2000.11.27","湛江海口北海等成立北部湾经济合作组织　共创“北部湾品牌”",45
"2000.11.28","香港特区全国人大代表视察广西",45
"2000.12.5","倾听群众呼声  反腐警钟长鸣　广西近万干部进村住户问冷暖",45
"2000.12.8","广西首批集装箱岸桥落靠北海港",45
"2000.12.8","柳州：赏石文化最是浓",45
"2000.12.8","山水桂林凸现历史文化",45
"2000.12.13","大风浪之夜——记南宁海关查获特大白糖走私案",45
"2000.12.15","北海嘉峪关  企业家的新选择　改善环境待客来",45
"2000.12.17","东方歌舞团赴广西农村慰问演出",45
"2000.12.18","痛定思痛  疏浚“源头”  柳州公安创新机制从严治警",45
"2000.12.23","广东  广西  海南　让千万人贴近舞台",45
"2000.12.25","营造边境文化长廊  组织群众文化活动  广西用先进文化引导城乡群众",45
"2000.12.31","广西21万特困人口异地安居",45
