﻿"index","news_title","prov_cde"
"2000.1.1","上海迎接新千年活动精彩纷呈",31
"2000.1.3","南联盟甲级联队胜上海申花队",31
"2000.1.5","新年开市第一天沪深股市强力反弹",31
"2000.1.5","春风化雨保平安——记上海做好化解矛盾维护稳定工作",31
"2000.1.6","全国男篮甲A联赛第十四轮  北京上海主场不败同时终结",31
"2000.1.6","世界杯短池游泳赛上海站落幕  中国队又夺十五金",31
"2000.1.7","上海吸收合同外资41亿美元（）",31
"2000.1.7","国企大盘股和石化板块带领  沪深股市再现升势",31
"2000.1.7","上海有了电子邮局",31
"2000.1.9","上海经济连续8年两位数增长  去年完成国内生产总值同比增长10．2％，居全国前列",31
"2000.1.12","上海　广州　乌鲁木齐　海关税收创历史新高",31
"2000.1.13","上海市场产品质量有下降趋势",31
"2000.1.13","上海创办“时间银行”",31
"2000.1.14","上海南京路　又添鲜花港",31
"2000.1.15","规范管理  强化责任  严处违纪　上海治理中小学乱收费",31
"2000.1.17","真情凝聚人心——上海临汾路街道社区开展思想政治工作纪实",31
"2000.1.17","全国排球联赛战罢第二轮　　上海女排八一男排充当领头羊",31
"2000.1.19","中宣部组织召开座谈会　京沪交流社区思想政治工作经验",31
"2000.1.20","卢湾看“改煤”",31
"2000.1.21","上海大规模科技下乡活动拉开帷幕　近百个科研机构把百项实用成果送到乡村",31
"2000.1.21","上海春季高考准备就绪",31
"2000.1.21","异性亲属肾移植手术在上海获得成功",31
"2000.1.21","上海人挣多少　薪资单见分晓",31
"2000.1.23","在“转化”上做大文章——来自上海科技成果转化的报告",31
"2000.1.24","上海海关重头戏开锣",31
"2000.1.24","男篮联赛  上海东方北京首钢涉险过关",31
"2000.1.24","排球联赛  四川男队上海女队各领风骚",31
"2000.1.29","黄菊要求上海各级领导干部　做到“三减三深”  狠抓工作落实",31
"2000.1.31","全国排球联赛战罢第四轮　上海女排一路奏凯",31
"2000.2.2","上海一寿险客户获赔30万元",31
"2000.2.2","上海查获违法倾废事件",31
"2000.2.2","1000万元贷款贴息是否要调减？宝山区人大常委会给说法",31
"2000.2.3","宝山钢铁股份有限公司创立",31
"2000.2.3","上海海关查获走私大案",31
"2000.2.3","上海中小学足球联赛活跃",31
"2000.2.5","严打走私见成效　沪海关去年征收关税全国居首",31
"2000.2.5","上海地铁二号线开通试运营",31
"2000.2.12","足坛引入现代企业制度　上海申花实施资产重组",31
"2000.2.14","上海百万农家女争相科技致富",31
"2000.2.14","华山有道闯为先——记上海医科大学附属华山医院",31
"2000.2.14","全国排球联赛重开战　上海女队保持领先",31
"2000.2.15","减轻作业负担  丰富课外生活　上海中小学生寒假轻松愉快",31
"2000.2.15","龙年股市开门红　沪深股市大涨9％以上",31
"2000.2.16","围棋新人王战在沪落子",31
"2000.2.17","姬鹏飞同志遗体在京火化　朱镕基胡锦涛李岚清等到八宝山革命公墓向姬鹏飞同志告别　姬鹏飞同志病重期间和逝世后，江泽民李鹏李瑞环尉健行等前往医院看望或以各种形式表示沉痛哀悼并向其亲属表示亲切慰问",31
"2000.2.17","男篮联赛八一山东上海打入四强　广东辽宁尚有一拼",31
"2000.2.18","龙年报喜：商品市场销售开门红  京沪津渝春节销售同比增长20％左右",31
"2000.2.21","调整结构  创立精品　上海社办期刊连创佳绩",31
"2000.2.21","全国排球联赛战罢第六轮　上海女队四川男队积分领先",31
"2000.2.21","杉杉一番诚意表扬　上海领导自我批评",31
"2000.2.23","上海证券市场税收创纪录",31
"2000.2.23","办好残运会 挚爱满申城——访上海市副市长冯国勤",31
"2000.2.24","男篮联赛半决赛　八一上海首战告捷",31
"2000.2.27","上海信用社业务网络通过鉴定",31
"2000.2.28","男篮联赛半决赛　广东扳平上海  八一两胜山东",31
"2000.2.28","从小到大，从差到好——上海商业“国退民进”",31
"2000.3.1","上海将设首家合资钻石交易所",31
"2000.3.2","我国可持续发展能力“座次”排出  前五名分别是上海、北京、天津、广东、江苏",31
"2000.3.2","男篮联赛半决赛　八一三战过关  上海领先广东",31
"2000.3.2","全国室内田径锦标赛上海站比赛落幕",31
"2000.3.3","上海引进氩氦超导手术系统",31
"2000.3.5","国际象棋特级大师赛在沪开盘",31
"2000.3.5","全国排球联赛第八轮战罢首回合　上海女排已稳晋四强",31
"2000.3.6","机遇难得  责无旁贷  ——上海代表谈西部开发",31
"2000.3.6","劳动力市场体制逐步建立　上海再就业服务中心出大于进",31
"2000.3.7","日在长崎—上海间实验超高速船",31
"2000.3.8","江泽民在参加上海代表团审议时强调　适应新形势  迎接新挑战  增创新优势  赢得新发展",31
"2000.3.12","阔步走出去  开放正向前——访全国人大代表、上海市委书记黄菊",31
"2000.3.13","北京上海纪念孙中山逝世七十五周年",31
"2000.3.13","男篮联赛决赛首场上海不敌八一",31
"2000.3.15","普陀山妙善大和尚圆寂",31
"2000.3.17","上海各界人士痛别谢希德同志",31
"2000.3.20","急人民所急——上海倾力解决居民住行和环境三大难题纪实",31
"2000.3.20","美常驻联合国代表抵达上海",31
"2000.3.27","摩托罗拉城落户上海",31
"2000.3.28","北京新建“上海大众”维修站",31
"2000.3.28","全国排球联赛进入第二阶段　上海江苏女排将争冠",31
"2000.3.28","锐意进取  勇于竞争——关于中国十三冶上海公司改革的思考",31
"2000.3.29","刚果共和国总统离沪赴香港",31
"2000.3.30","上海外高桥汽车交易市场开业",31
"2000.3.31","京沪中学生假日赛状元",31
"2000.4.1","上海提出经济人口环境协调发展重点",31
"2000.4.2","直辖市发挥辐射功能  东西部联手开发西部　重庆与京津沪“联助工程”拉开序幕",31
"2000.4.3","上海女排蝉联冠军　四川男排夺冠无望",31
"2000.4.3","京沪穗消费者信心指数高涨",31
"2000.4.5","李鹏在上海考察时指出　人大要在依法治国中发挥积极作用　今年将对刑事诉讼法等法律进行执法检查",31
"2000.4.6","近几年，上海涌现出一批含金量大、附加值高的知名品牌，这些品牌产品成为上海经济的有力“加速器”　重振“上海牌”雄风",31
"2000.4.7","吉林菜勇闯上海滩",31
"2000.4.8","越南国会主席离沪赴深圳",31
"2000.4.9","行政管理有序  人民安居乐业　上海千余文明小区向文明城区跨越",31
"2000.4.10","全国排球联赛上海队有望夺冠",31
"2000.4.10","个人信用调查公司在上海开张",31
"2000.4.11","上海市工业工委以“三讲”促发展",31
"2000.4.12","上海组建特大型煤电企业",31
"2000.4.12","京沪举办澳大利亚教育周",31
"2000.4.12","上海推行悬赏制",31
"2000.4.13","上海征收利息税近亿元",31
"2000.4.15","上海首季外贸出口大幅增长",31
"2000.4.15","上海别克降价格推新款",31
"2000.4.16","嘉兴  市场首选大上海",31
"2000.4.17","吴作栋访问上海",31
"2000.4.17","全国男排联赛落幕  上海队首登王座",31
"2000.4.17","全民健身工程现场会在上海召开",31
"2000.4.18","上海口岸一季度进口全面增长",31
"2000.4.18","德国拜仁慕尼黑足球队下月将作客上海",31
"2000.4.19","企业孵化与技术创新大会在沪开幕",31
"2000.4.19","田径冠军赛上海站关英楠跃出六米八一  女子跳远成为首日亮点",31
"2000.4.23","第五届全国残运会五月在沪举行  圣火火种在北京中华世纪坛采集",31
"2000.4.24","全国足球甲A联赛第七轮　上海申花队仍居积分榜首",31
"2000.4.26","上海　心系少年严执法",31
"2000.4.28","上海海关查获知识产权侵权案",31
"2000.4.28","奏响“西进序曲”共商开发方略  黄菊率上海市党政代表团赴河南陕西考察调研",31
"2000.4.28","新复旦　新同济　在沪组建",31
"2000.5.1","武警上海总队干部晋职实行答辩考核制",31
"2000.5.3","上海：“五一”春游超春运",31
"2000.5.6","上海以“三个转变”推动持续发展  经济发展由“留”到“流”城市建设由“内”向“外”人才政策由“刚”变“柔”",31
"2000.5.7","第五届全国残运会在沪隆重开幕  江泽民发来贺信向大会表示热烈祝贺  李瑞环宣布运动会开幕  一千八百多名运动员参赛",31
"2000.5.8","商业  京津沪做大生意",31
"2000.5.8","2000年中国足协杯赛在上海揭幕  浦东队1∶0淘汰云南红塔队",31
"2000.5.9","中国国际物流展览会将在沪举行",31
"2000.5.9","撑起一绿荫——记上海残运会志愿者",31
"2000.5.11","宁波“招宝山”轮触礁",31
"2000.5.12","黄浦江畔新风景  ——上海全民健身活动采风",31
"2000.5.12","传世经典亮相京沪",31
"2000.5.13","美国亚洲协会企业年会在沪闭幕",31
"2000.5.14","春潮激荡黄浦江——上海人民思源思进再展宏",31
"2000.5.15","上海：假期之外营造旺季",31
"2000.5.15","上海公安“扫丑除害”显身手",31
"2000.5.15","○中国万智牌冠军赛在京举行  ○爱立信珠海汽车赛揭幕  ○国际象棋团体赛上海领先",31
"2000.5.16","江泽民在江苏、浙江、上海考察工作强调  深入基层总结实践积极探索开拓前进　按照“三个代表”要求加强党的建设",31
"2000.5.16","吴仪在2010年上海世博会申办委员会情况介绍会上宣布　中国政府全力支持上海申办世博会",31
"2000.5.16","全国游泳冠军赛揭幕济南　山东上海选手各夺两金",31
"2000.5.17","江苏浙江上海学习江泽民总书记讲话精神　认真贯彻“三个代表”重要思想　全面推进新时期党的建设工作",31
"2000.5.17","透支免息期最长的信用卡在沪发行",31
"2000.5.18","学习贯彻江泽民总书记重要谈话精神　上海素质教育开创新局面",31
"2000.5.19","菲律宾总统离京赴沪访问",31
"2000.5.19","冯学敏摄影艺术作品在沪展出",31
"2000.5.23","体育产业也能拉动内需——上海市体委主任金国祥一席谈",31
"2000.5.24","上海边检总站注重党建工作",31
"2000.5.25","上海大众公司向希望小学赠订报刊",31
"2000.5.26","上海宾馆  信息网上行",31
"2000.5.27","四国女排赛上海站　中国队两战两胜",31
"2000.5.27","全国中学生足球联赛上海赛区决赛开始",31
"2000.5.27","上海申花队负于沃尔夫斯堡队",31
"2000.5.27","倪守正，上海人，职员——消灭病态用语",31
"2000.5.29","四国女排邀请赛上海站结束　中国队再度全胜夺冠",31
"2000.5.29","上海不久前举行的高速公路网项目招商会，只发了一百张通知，却来了三百五十多家企业——招商会缘何“爆棚”",31
"2000.5.30","上海市民维护“享绿权”",31
"2000.5.31","赵朴初同志遗体在京火化　江泽民李瑞环胡锦涛李岚清等到八宝山革命公墓向赵朴初作最后悼别　赵朴初同志病重期间和逝世后，李鹏朱镕基尉健行等前往医院看望或以各种形式向其家属表示亲切慰问",31
"2000.6.2","国企股带动大盘传佳音　沪市收盘首次越过1900点",31
"2000.6.2","上海“打拐”斗争多策并举",31
"2000.6.4","“中国金融发展战略研讨会”在上海举行",31
"2000.6.5","上海巧克力进口激增",31
"2000.6.6","上海货币走私案上升",31
"2000.6.6","上海帕萨特轿车今日上市　普通型价格二十四点五万元",31
"2000.6.8","上海组建网上房地产交易中心",31
"2000.6.9","整合小区资源  共创文明大家　上海虹储居民区党支部用真情聚民心",31
"2000.6.10","貌埃访问上海",31
"2000.6.11","把握国情民意  学会战略思维　上海着力培养高素质年轻干部",31
"2000.6.12","上海发布“黑名单”打击逃套骗汇",31
"2000.6.13","上海皇家房屋公司产品投入使用",31
"2000.6.14","让百姓有一个平安的家——上海市创建安全小区工程纪实",31
"2000.6.14","中豪律师所在沪设分所",31
"2000.6.16","武警上海指挥学校“双思”教育形式多样",31
"2000.6.16","全能电子货币卡在沪问世",31
"2000.6.19","上海石化四期工程开工建设",31
"2000.6.19","迎奥运火炬接力赛在沪鸣枪",31
"2000.6.19","从以产品为中心转向以客户为中心——工行上海分行有了客户经理",31
"2000.6.20","紧急避孕药进入上海超市",31
"2000.6.21","江泽民将出席“上海五国”元首会晤　并对中亚两国进行国事访问",31
"2000.6.21","石家庄（上海）经洽会成果丰硕",31
"2000.6.22","上海首家老年人才市场正式挂牌",31
"2000.6.26","华为呼叫中心全面服务上海电信",31
"2000.6.28","生机·活力·源泉——上海加强和改进思想政治工作纪实",31
"2000.6.30","耿飚同志遗体在京火化　胡锦涛李岚清前往八宝山最后送别",31
"2000.6.30","“上海五国”的由来及历次会晤情况",31
"2000.7.3","哈高度评价“上海五国”元首会晤机制",31
"2000.7.3","我国首批武术博士生学位论文答辩会在沪举行",31
"2000.7.5","上海全力推进新一轮东西合作　黄菊强调要逐步实行参与方式和主体等“四个转向”",31
"2000.7.5","“上海五国”外长举行首次会晤",31
"2000.7.5","让孩子“亲临其境”学法——上海市青少年“三五”普法掠影",31
"2000.7.6","江泽民在“上海五国”元首会晤上发表讲话　携手并进，继续推动“上海五国”进程向前发展",31
"2000.7.6","上海海关上半年征税226亿元",31
"2000.7.6","科技促进上海职工再就业",31
"2000.7.8","睦邻互信  携手并进  增进友谊  深化合作——热烈祝贺江泽民主席出席“上海五国”元首会晤和访问塔、土两国圆满成功（）",31
"2000.7.9","上海500只110报警灯箱投入使用",31
"2000.7.11","中国国际物流展览会将在沪举行",31
"2000.7.12","上海  路通  车畅",31
"2000.7.14","掌握规律  服务群众——上海市公安干警参加社区文明建设纪实",31
"2000.7.15","国产单机容量最大火电机组在沪投产　吴邦国致信祝贺  黄菊参加投产仪式",31
"2000.7.17","亚洲自行车锦标赛揭幕上海　　姜翠华首日夺得一金",31
"2000.7.18","武警上海总队贴近官兵做工作",31
"2000.7.19","上海国企利润总额增加近七成",31
"2000.7.19","院长走向审判第一线——记上海法院系统司法改革",31
"2000.7.20","沪市首次飞越2000点　昨天最高摸至2004．46点",31
"2000.7.21","天津水上乐园，两名蹦极者本要享受一番“失重”的刺激，却被摔裂颅骨丧生；上海佘山锦江水上漂流世界，女青年袁某还未尝够“冒险”的滋味，却一下被漩涡吸入地下排水管道，长眠于“冒险岛”——　游乐园：玩的不是命",31
"2000.7.24","上海鼓励出租车用气",31
"2000.7.25","全国学生三人制篮球赛将在沪揭幕",31
"2000.7.28","上海建立信息化研究生培养基地",31
"2000.7.29","夏日酷暑不敌篮球激情　全国学生三人制篮球赛在沪鏖战两日",31
"2000.7.30","声音通道的探索者——记上海第二军医大学长征医院博士赵舒薇",31
"2000.7.31","八路新军  冒雨激战　全国学生三人制篮球赛上海赛区鸣金",31
"2000.7.31","上海有座“就业加油站”",31
"2000.8.2","上海帕萨特日产逾百辆",31
"2000.8.2","沪宁海关联手力促外贸出口",31
"2000.8.5","潘静安同志逝世",31
"2000.8.5","王乾德，上海，编辑——应当做“杂家”",31
"2000.8.7","上海信息技术创业投资有限公司成立",31
"2000.8.8","上海经济持续快速增长  上半年国内生产总值同比增10．3％",31
"2000.8.9","上海交通事故“阳光作业”",31
"2000.8.12","上海将由社会投资兴建五大市政工程",31
"2000.8.12","三峡库区首批外迁移民即将动迁　7000多名移民将迁往上海广东等11个省市",31
"2000.8.12","上海召开国际胃肠病学术会议",31
"2000.8.13","上海成立植物基因研究中心",31
"2000.8.13","全国教育政策分析研讨会在上海举行",31
"2000.8.14","多种保障选择  保证最低收益　万能寿险京沪面市",31
"2000.8.15","贪污受贿  挪用公款  侵吞捐资  上海三名“贪官”相继落网",31
"2000.8.17","崇明岛迎接三峡移民　",31
"2000.8.17","“柔性流动”——激活上海人才市场",31
"2000.8.18","三峡库区首批移民抵上海　上海有关部门向移民发放土地承包证和房地产权证",31
"2000.8.19","京沪评论家盛赞影《生死抉择》——反腐倡廉的精品力作",31
"2000.8.21","全国足球甲联赛战罢二十一轮  上海申花战胜大连实德",31
"2000.8.21","国内首家个人信用联合征信服务系统——上海资信有限公司成立并运行一个多月来，生意红红火火。眼下，该征信系统的个人资信数据已经不够用了——个人资信服务：推进消费信贷",31
"2000.8.24","养老机构纷纷建起  老人入住并不积极　传统的养老观念有待转变——上海养老市场现状和前景",31
"2000.8.28","构建服务新体系——上海医药卫生体制改革纪实",31
"2000.8.28","大型文献电视专题《陈毅》在上海开镜",31
"2000.9.1","上海中小学课业簿册四分之一不合格",31
"2000.9.4","上海建行开发消费贷款新品种",31
"2000.9.4","武警上海总队实施“百对助学解困工程”",31
"2000.9.7","姜春云率执法检查组在沪检查居委会组织法实施情况时强调　做好基层基础工作极为重要",31
"2000.9.11","阿根廷总统抵达上海",31
"2000.9.11","大连实德上海申花双双战平   足球甲A联赛谁夺冠仍是谜",31
"2000.9.12","阿根廷总统在上海访问",31
"2000.9.13","几内亚总理在上海访问",31
"2000.9.14","追求实效  重在创新——上海积极参与西部大开发",31
"2000.9.14","上海国际工业博览会将举行",31
"2000.9.14","爱尔兰驻沪总领事馆开馆",31
"2000.9.15","法航一客机滑出机场跑道　上海虹桥国际机场被迫关闭",31
"2000.9.15","两位世界级音乐大师京沪献艺",31
"2000.9.18","美国总统轮船公司将在沪设单证中心",31
"2000.9.18","印度海军舰艇编队访问上海",31
"2000.9.18","河南送变电建设公司：施工机具投入大  上海石化：积极推行安全评价　辽河油田：建立安全责任保证体系",31
"2000.9.21","迎接“十一”旅游黄金周　民航：全力以赴保出行需求　桂林：向游客推出监督指南　故宫：每天多开放一个小时　上海：铁路增加运力保旅游",31
"2000.9.27","公证员走上证人席——上海市首例公证员出庭作证侧记",31
"2000.9.30","让歌迷惊喜一场　韩国明星将聚集京沪",31
"2000.10.5","上海等六省市天主教会分别举行座谈会　抗议梵蒂冈利用“封圣”搞反华的行径",31
"2000.10.5","上海：节日夜市人气旺",31
"2000.10.8","京沪津穗假日销售再掀高潮",31
"2000.10.8","武警上海总队加大共建力度",31
"2000.10.10","让人民放心——上海各级党组织认真实践“三个代表”纪实",31
"2000.10.10","香港联队捧走沪港杯",31
"2000.10.12","上海  区校共制“暑假套餐”",31
"2000.10.14","阿尔及利亚总统访问上海",31
"2000.10.15","上海新四军历史研究会第20集团军委员会举行抗美援朝50周年纪念会",31
"2000.10.19","中国国际旅游交易会在上海开幕　钱其琛黄菊出席开幕式",31
"2000.10.20","京沪穗三市调查显示　消费者对电信有五项意见",31
"2000.10.21","田纪云在上海考察工作",31
"2000.10.21","各国名家将在沪联袂出演　歌剧《阿依达》场面壮观",31
"2000.10.23","上海网球公开赛决出女单冠军",31
"2000.10.23","上海贝尔开发出新型拨号接入系统　可为我国节省巨额投资",31
"2000.10.24","诺曼蝉联上海网球公开赛冠军",31
"2000.10.25","上海国际工业博览会开幕　江泽民为博览会题名",31
"2000.10.25","丁关根在上海调研时强调　积极全面准确深入地宣传贯彻五中全会精神",31
"2000.10.25","社区是大家  家和万事兴——上海卢湾区全面落实“三五”普法工作",31
"2000.10.27","龙永在上海国际工业博览会论坛上说　中国完全有诚意和能力履行“入世”承诺",31
"2000.10.28","上海成立国家级钻石交易所",31
"2000.10.31","上海巨资开发卫星通信",31
"2000.10.31","上海联合打击盗版",31
"2000.11.1","“畅通工程”的指示灯——写在上海第2000个路口交通信号灯开通使用之际",31
"2000.11.2","中外艺术交流的盛会——祝贺第二届中国上海国际艺术节开幕",31
"2000.11.2","火树银花迎盛典——第二届中国上海国际艺术节拉开帷幕",31
"2000.11.3","第二届中国上海国际艺术节开幕  一个月内将展演50多台剧（节）目",31
"2000.11.7","运用网络手段  倾听群众呼声  上海架设市民与政府沟通的网上“直通车”",31
"2000.11.10","中行与上海浦发行全面合作",31
"2000.11.11","场面宏大　色彩斑斓——《阿依达》在沪演出侧记",31
"2000.11.11","在艺术中微笑——黄苗子、郁风上海联展感言",31
"2000.11.12","不买假  不售假  不制假  上海市长领衔万人参与签名活动",31
"2000.11.13","胡绳同志遗体在上海火化",31
"2000.11.14","上海：把轨道建上天——“明珠线”轻轨扫描",31
"2000.11.16","武警上海总队“菜篮子”工程获效益",31
"2000.11.16","政府引导  政策扶持  分步实施  逐步推广　国家“学生饮用奶计划”正式启动　北京上海天津广州沈阳五个城市率先试点",31
"2000.11.17","亚太经合组织第九次领导人非正式会议明年十月在上海举行　江主席介绍会议筹备情况",31
"2000.11.17","胡锦涛在上海考察工作时强调　学习贯彻好十五届五中全会精神是当前全党全国的一件大事",31
"2000.11.20","上海工业企业利润大幅度增长",31
"2000.11.20","上海口岸出口贸易首次突破500亿美元（）",31
"2000.11.22","上海率先建立现代企业制度基本框架",31
"2000.11.22","在资金技术人才管理方面携手　上海青海新签九项合作协议",31
"2000.11.22","货款究竟付没付？——上海市徐汇区检察院维护民营企业合法权益纪实",31
"2000.11.23","将分散的“五指”握为“一拳”——上海文化综合执法的效应",31
"2000.11.23","全国男篮甲A联赛第二轮   上海东方北京首钢连胜两场",31
"2000.11.24","沪深综指双双刷新历史纪录",31
"2000.11.27","邹家华在上海考察工作时指出　提高环保科学技术水平　探索环保产业运行机制",31
"2000.11.27","全国男篮甲A联赛   三轮过后上海独秀",31
"2000.11.28","上海港集装箱年吞吐量逾500万箱（）",31
"2000.11.29","以人为本  综合治污　上海市民切身感到环境改善",31
"2000.11.30","全国男篮甲联赛   上海连胜  八一又输",31
"2000.12.1","瑞泰药理研讨会在沪召开",31
"2000.12.2","第二届上海国际艺术节闭幕",31
"2000.12.2","世界杯游泳赛上海站开赛　中国泳将首日揽十金",31
"2000.12.3","上海超级计算中心初步建成",31
"2000.12.4","上海证交所交易系统全面升级",31
"2000.12.4","世界杯游泳赛上海站结束  两项全国纪录被刷新",31
"2000.12.4","全国男篮甲A联赛第五轮   山东未见起色  上海继续领先",31
"2000.12.4","牡丹Visa金盛卡在沪发行",31
"2000.12.8","上海海关严打走私",31
"2000.12.9","国家邮政局新闻发言人指出　“美国邮政公司登陆上海滩”报道失实",31
"2000.12.9","车游上海",31
"2000.12.10","河水调活  生命复活  人气激活　上海苏州河萌动生命活力",31
"2000.12.11","2000－2001年全国女排联赛开赛  上海八一江苏三强誓夺冠",31
"2000.12.12","上海口岸进出口贸易持续增长",31
"2000.12.14","古代文论国际研讨会在沪召开",31
"2000.12.18","第二届华晨杯全国中学生足球联赛在沪开幕",31
"2000.12.18","全国男篮甲A联赛第九轮　上海东方继续保持不败",31
"2000.12.18","全国女排联赛战罢第二轮　山东永安队击败上海有线队",31
"2000.12.19","我国第一条国道主干线  京沪高速公路全线贯通",31
"2000.12.20","上海证交所迎来十岁生日",31
"2000.12.20","童建平获上海铁路局“十佳乘警”称号",31
"2000.12.20","超霸杯足球赛将在上海举行",31
"2000.12.23","上海南京杭州　体味普通人的欢乐",31
"2000.12.25","我国公路现代化建设的里程碑——写在京沪高速公路全线贯通之际",31
"2000.12.25","上海  经济发展的助推器",31
"2000.12.25","京沪高速公路建设大事记",31
"2000.12.26","在建立现代企业制度中探索路子 上海积极推进国企党风廉政建设",31
"2000.12.27","感受青色长龙——“京沪高速公路千里行”侧记",31
"2000.12.28","全国男篮甲A联赛战罢第一循环 上海东方领跑前半程",31
"2000.12.29","坚持开创性、坚韧性、操作性统一   上海物质精神两份答卷出色喜人",31
"2000.12.29","上海浦江岸火树银花",31
"2000.12.31","上海与多伦多举行世纪对话",31
