﻿"index","news_title","prov_cde"
"2000.1.2","实事办好  好事办实  特事特办  福建大力支持武警部队建设",35
"2000.1.3","福建秀屿港正式对外轮开放",35
"2000.1.3","依法行政  集中处理  科学治污  泉州又现碧水蓝天",35
"2000.1.4","以退为进天地宽  论资源、论规模，福建煤炭企业在全国均排在末几位。然而，福建国有煤矿却无一亏损，职工人均年收入超过一万元",35
"2000.1.5","每度电超过一元的，有权拒交  福建整顿农村电价农民笑颜开",35
"2000.1.5","福建依法控制人口增长",35
"2000.1.11","招商引资须防陷阱——对宁德市一起诈骗案的调查与思考",35
"2000.1.12","福建掀起冬春水利建设高潮　到去年底已累计投劳7755万工日",35
"2000.1.13","抓住重点  突破难点　泉州双拥“四连冠”",35
"2000.1.16","十里水仙花市人头涌动　漳州进入花卉畅销季节",35
"2000.1.25","福建举行台胞台属迎新春联欢会",35
"2000.1.28","习近平当选福建省省长  包叙定当选重庆市市长  张中伟当选四川省省长",35
"2000.1.31","爱艇  爱岛  爱海洋　厦门海警三支队开展“三爱”活动",35
"2000.2.1","规划一张  建设一盘棋  泉州崛起“半小时”城市群",35
"2000.2.4","福建为高山族同胞改善居住条件",35
"2000.2.5","加大邮递类业务开发力度　福建邮政一年减亏近5亿",35
"2000.2.6","福建：出门旅游过春节",35
"2000.2.7","厦门：海峡两岸共赏焰火",35
"2000.2.16","福建公安边防总队积极完成各项任务　缉私超亿元  破获查处刑事治安案件超三千起",35
"2000.2.17","泉州公安边防支队科技强警　广泛应用计算机网络技术",35
"2000.2.21","朱亚衍当选厦门市市长",35
"2000.2.22","闽台两岸试点直航运量增长逾四成",35
"2000.2.23","福清闽江调水工程通水",35
"2000.2.24","福建边防紧急救助海上遇险游客",35
"2000.2.24","福建9县630个农户减负抽查显示：“三个确保”目标基本实现  个别地方仍有过重负担",35
"2000.2.28","福建海警一支队做好船艇维护保养工作",35
"2000.3.6","三明治挑战汉堡包",35
"2000.3.8","朱镕基参加甘肃福建黑龙江宁夏代表团审议时指出  抓住新机遇  扎扎实实做好西部大开发工作　适应新形势  努力把对外开放提到更高水平",35
"2000.3.10","李鹏分别参加福建吉林代表团审议时表示　立法工作要走群众路线经受实践检验",35
"2000.3.10","发挥政治优势  促进事业发展——访全国人大代表、福建省委书记陈明义",35
"2000.3.15","以民为本——福建省人大工作综述",35
"2000.3.16","加强闽台交流  促进祖国统一",35
"2000.3.17","漳州手机可自动接收短消息",35
"2000.3.21","福建边防海警培训潜水员",35
"2000.3.21","大步追赶看宁德",35
"2000.3.24","福建严打经济犯罪",35
"2000.3.28","福建漳浦公安边防英勇救台轮",35
"2000.3.30","辽宁帮青海  福建助宁夏　东西协作共同发展",35
"2000.3.31","福建省委书记批评对外开放中的官僚作风　管好自家人  用好手中权",35
"2000.4.11","“白鹭”高飞——访厦门航空有限公司总经理吴荣南",35
"2000.4.11","两岸情相连——福建首批台轮停泊点崇武港见闻",35
"2000.4.12","福建省人大常委会信访室负责同志说，希望有一天，各种问题和矛盾都能解决好，上访的群众越来越少，这就是我们——最大的心愿",35
"2000.4.15","不要忘根背祖——福建省南靖县吕氏宗亲痛责吕秀莲",35
"2000.4.15","架起“连心桥”  开通“快车道”——漳州市“组织部长夜谈”纪实",35
"2000.4.17","厦门对台交易会成交额达1．5亿美元",35
"2000.4.19","“你模拟了吗？”——记厦门大学网络模拟大赛",35
"2000.4.26","福建　把好玩具关",35
"2000.5.8","福建益生源公司重视思想政治工作",35
"2000.5.10","厦门人大注重利用网站拓展宣传",35
"2000.5.13","东方尔，福建武夷山市人，编辑——从书看文化媚俗",35
"2000.5.17","福建宁德　“打拐”走群众路线",35
"2000.5.26","今天能改不留到明天 本级能改不推给上级　福建县级“三讲”动真格重实效",35
"2000.5.26","福天福地福建游",35
"2000.5.30","福建处罚污染企业",35
"2000.6.5","自找差距加压力  增创优势迎挑战　福建加快跨世纪发展步伐",35
"2000.6.6","厦门消夏",35
"2000.6.7","福建浯屿加强外来人口管理",35
"2000.6.19","耕耘一方沃土——厦门市同安区创建全国先进文化区纪实",35
"2000.6.22","漳州弘扬“五种精神”",35
"2000.7.3","福建公安边防加大打击偷渡力度",35
"2000.7.3","中国女排移师漳州备战奥运会",35
"2000.7.3","河南平高电气股份有限公司简介",35
"2000.7.11","漳州边防勇斗火魔救台轮脱险",35
"2000.7.13","“急”字当头——记福建省立医院",35
"2000.7.16","牢固建立党在新形势下执政的群众基础　　福建加强非公有制经济组织党建工作",35
"2000.7.17","福建工业增长稳中见快",35
"2000.7.18","入夏以来，福建警方组织警力，严厉打击走私偷渡和非法移民，尤其对偷渡组织者（蛇头）大力围剿——六千里海疆斩蛇头——来自福建沿海的反偷渡报告",35
"2000.7.21","厦门市长朱亚衍访问高雄计划受阻",35
"2000.7.23","上半年国民经济发展稳中见快　福建经济运行质量继续改善",35
"2000.7.24","中国女排结束漳州集训",35
"2000.7.26","闽侯县人武部拥政爱民受称赞",35
"2000.7.27","走在前头作表率——福建省机关党建工作记事",35
"2000.8.3","建设勤政廉洁政府  提高干部队伍素质  福建推进机关效能建设",35
"2000.8.10","三明市公安局为出国人员热情服务",35
"2000.8.11","拓宽经济发展空间  实现资源优化配置  福建山区和沿海协作深入发展",35
"2000.8.11","厦门海关捣毁特大生产盗版光盘窝点",35
"2000.8.15","察民情  解民忧  助民富——福建县级领导干部在“三讲”教育中开展住村入户活动纪事",35
"2000.8.15","经济越发达越要重视思想政治工作——访中共福建省委副书记、省长习近平",35
"2000.8.19","福建九龙江北溪引水改造工程开工",35
"2000.8.20","吸引高层次专业人才　福建：让真才实学者得其利",35
"2000.8.22","梅坎铁路——连通粤闽的捷径",35
"2000.8.22","维达杯全国保龄球冠军赛厦门站比赛结束",35
"2000.8.24","福建奋起抗御强台风",35
"2000.8.26","深圳：面貌日新  成就辉煌  珠海：沧桑巨变  跨越发展  汕头：奠定基础  突飞猛进  厦门：通达四方  欣欣向荣",35
"2000.8.27","厦门实验小学与企业捐助纠纷　不要殃及学童",35
"2000.8.31","广泛听取群众意见  提高选人用人质量　福建推行干部任前公示制",35
"2000.9.4","福建四个行业扭亏为盈",35
"2000.9.4","抓典型  创特色  上水平　闽侯“万千百十”活动促党建",35
"2000.9.4","奉节移民落户福建（）",35
"2000.9.7","构筑沿江长城  确保安民兴省　福建千里江堤建设全面攻坚",35
"2000.9.9","第四届中国投资贸易洽谈会在厦门开幕",35
"2000.9.11","凝聚党心  顺应民心  激励人心　福建农村党支部“两推一选”全面铺开",35
"2000.9.11","今年夏天，电突然紧张起来，先是广东用电告急，后是北京差点拉闸，接着，浙江、福建、广西、四川许多省份供电告急——电，又短缺了吗？",35
"2000.9.11","今年上半年，福建省煤炭工业集团总公司创利润近三千万元。作为国企“三年改革与脱困”的突破口，这确实让人兴奋，然而，分析其来龙去脉，却不禁让人萌生——扭亏为盈后的忧虑",35
"2000.9.12","福建新大陆“新品”迭出",35
"2000.9.12","经贸往来增加  民间交流频繁　闽台合作互动呈上升势头",35
"2000.9.13","北京、江苏、福建、辽宁、云南、四川、宁夏、深圳、广州、武汉等地专门制定了奖励和保护见义勇为人员的地方性法规，为的是——让英雄不再流泪",35
"2000.9.18","田纪云在福建考察时提出　要进一步解放思想  抓住机遇  深化改革  加快发展",35
"2000.9.19","福建省级党政机构精简行政编制　对离任的厅局级干部实行任期经济责任审计",35
"2000.9.19","厦门特大走私案在福建陆续开庭审理",35
"2000.9.21","福建筑起沿海绿色屏障",35
"2000.9.21","福建开展争当“廉内助”活动",35
"2000.9.21","违规发放购置住宅电脑和手机补贴　厦门市国资局有关责任人被查处",35
"2000.9.21","泉州建设“海峡西岸文化走廊”",35
"2000.9.23","踏踏实实为西藏建设办实事　福建援藏填补林芝地区八项空白",35
"2000.10.5","福建当代书画展在京举行",35
"2000.10.16","福建省今年将实现小康　“九五”期间城乡居民收入年均增长逾5％",35
"2000.10.23","福建农林大学正式挂牌",35
"2000.10.24","还煤城绿水青山——河南平顶山市治污纪实",35
"2000.10.25","建章立制  优势互补——福建三明推进社区依法治理进程",35
"2000.10.26","河南平顶山市　销毁假劣药品  动真格不手软",35
"2000.10.27","百年老院谱新篇——记福建医科大学附属协和医院",35
"2000.10.29","两院院士来闽可获二百万启动金",35
"2000.10.30","福建工业有退有进结构优化",35
"2000.10.30","福建省首例著作权案宣判",35
"2000.10.31","漳州公安边防竭诚服务台胞",35
"2000.11.2","世界客属16届恳亲大会将在龙岩举行",35
"2000.11.2","福建南平市　治理乱收费  爱心献学子",35
"2000.11.5","及时化解矛盾纠纷  切实维护人民利益  粤鲁桂京鄂闽等地重视信访工作  本报群工部一九九九年重点来信转办函答复率为百分之八十七",35
"2000.11.6","希望星火遍闽北——南平市实施科技特派员驻村见闻",35
"2000.11.9","厦门特大走私案首批案件一审公开宣判  杨前线、庄如顺、蓝甫、叶季谌等14人被依法判处死刑",35
"2000.11.9","中央纪委监察部召开新闻发布会  通报厦门特大走私案首批案件有关涉案人员党纪政纪处理情况",35
"2000.11.10","福建三明段国道高速公路工程开工",35
"2000.11.11","开放型经济托起新泉州",35
"2000.11.12","扩大投资  鼓励消费  增加出口  福建促进经济持续增长",35
"2000.11.14","查案取信于民  保护措施有力  福建2618件举报大胆署名",35
"2000.11.19","泉州大力推进小城镇建设　全市城镇化水平达33．3％",35
"2000.11.20","福建外贸：在结构调整中崛起",35
"2000.11.21","世界客属十六届恳亲大会在龙岩举行",35
"2000.11.22","立足实际　扬长避短　福建加快产业结构调整",35
"2000.11.22","法律不容亵渎——福建省基层检察院刑事抗诉纪实",35
"2000.11.26","福建开展打击骗取出口退税斗争",35
"2000.11.26","鹭岛寒士有居室　厦门出台特困户廉租住房新规定",35
"2000.11.28","福建建成万吨级货轮（）",35
"2000.11.29","门好进了  微笑多了  作风实了　厦门警方开展机关效能建设",35
"2000.11.29","福建边防部队缉毒成果丰硕",35
"2000.12.3","龙岩农行两女工勇斗歹徒",35
"2000.12.3","福建严查“假日腐败”　公车私用  112名责任者受处分",35
"2000.12.7","中行巨额授信厦门航空公司",35
"2000.12.8","厦门港集装箱吞吐量突破百万",35
"2000.12.9","以现代化国际城市为标准　厦门构筑新的开放格局",35
"2000.12.10","清退3000余临时工  削减800多村干部　莆田县消肿裁冗节支减负",35
"2000.12.13","宋德福任福建省委书记",35
"2000.12.13","福建上杭县  建立警示教育基地",35
"2000.12.20","首次广告网上拍卖将在闽开槌",35
"2000.12.20","让生命之河奔流不息——《厦门市无偿献血条例》实施三年回顾",35
"2000.12.27","让居者乐其屋　福建省出台房屋消费者权益保护条例",35
"2000.12.31","立体作战克顽症——记福建省肿瘤医院",35
