﻿"index","news_title","prov_cde"
"2000.1.4","广泛征求意见  认真查摆问题  黄石“三讲”教育突出重点抓整改",42
"2000.1.4","鄂启动特困职工救助行动  两千多名特困职工获救助",42
"2000.1.6","真心诚意相处  同心协力向前——湖北医科大学统战工作成绩显著",42
"2000.1.7","湖北狠打商品房缩水  一年挽回经济损失1000多万元",42
"2000.1.9","黄冈靠科技扶贫开发面貌大变",42
"2000.1.12","湖北四千便衣干警跟车保春运",42
"2000.1.12","湖北大力推进校乡合作",42
"2000.1.14","恩施4万农民异地脱贫",42
"2000.1.14","李铁映在湖北江西考察时强调　一定要把精神文明建设搞好",42
"2000.1.16","湖北要求省直部门依法行政　 一批违纪单位受到查处",42
"2000.1.19","改善经济环境  放宽准入限制　湖北简化企业审批手续",42
"2000.1.19","依法监督  坦诚评说  ——湖北省九届人大常委会述职评议侧记",42
"2000.1.19","守护国企安全  ——湖北省检察机关为国企服务纪实",42
"2000.1.20","全国男篮甲A联赛第十八轮　八一无人可挡  湖北首尝胜果",42
"2000.1.24","荆楚卫士——武警湖北总队党委廉政建设纪实",42
"2000.1.29","谈祖应，湖北黄冈人，职员  ——社会功能不可替代",42
"2000.1.30","神农架天然林仍在遭蚕食",42
"2000.2.3","湖北暨武汉市各界纪念“二七”革命斗争77周年",42
"2000.2.8","湖北：精神年货下乡来",42
"2000.2.13","向心力形成的秘诀——湖北省枣阳卷烟厂思想政治工作纪事",42
"2000.2.17","透视离婚案件——来自湖北云梦县的调查报告",42
"2000.2.22","清理整顿  优化结构　湖北加强印刷行业管理",42
"2000.3.7","寻找通途——湖北科技成果产业化过程中的思考",42
"2000.3.7","湖北省孝南区农村信用联社  下乡支农忙",42
"2000.3.12","发挥产业优势  开拓国际市场——访全国人大代表、湖北省委书记贾志杰",42
"2000.3.14","实施积极财政政策  拉动经济快速发展　湖北加大基础设施建设力度",42
"2000.3.14","严惩邪教分子  维护社会秩序——湖北代表谈坚决同“法轮功”作斗争",42
"2000.3.15","李鹏参加湖北代表团全体会议时指出　抓住西部大开发机遇　加快中西部地区经济发展",42
"2000.3.20","宜昌实施“森林城”战略　每年引种万棵大树",42
"2000.3.24","湖北落实“收支两条线”",42
"2000.3.29","监督热点不放松——黄冈人大常委会执法监督纪实",42
"2000.3.30","法不可违  税当尽收——湖北国税系统依法治税纪事",42
"2000.3.30","尖山成为“湖北仔猪第一乡”",42
"2000.4.3","湖北构筑三大“西进”通道",42
"2000.4.4","公开揭短亮丑  公开征求意见  公开接受监督　黄石采取有效措施搞好“回头看”",42
"2000.4.5","湖北启动技术创新计划",42
"2000.4.6","鹤峰建成湖北富硒茶叶“第一县”",42
"2000.4.11","鄂尔多斯走在全国纺织行业前列",42
"2000.4.13","十堰  市委书记怒斥假绿化",42
"2000.4.14","3.38亿元三峡违纪资金归位  三峡建委和重庆湖北认真处理三峡移民资金被挤占挪用贪污问题",42
"2000.4.16","繁荣边界亮“窗口”  湖北建设十大省际“口子镇”",42
"2000.4.16","湘鄂为西藏山南培养人才",42
"2000.4.17","襄阳招商联谊会在京举办",42
"2000.4.20","随州开发复垦土地六千余亩",42
"2000.4.21","立足自我年年技改  仙桃毛纺集团创新投入结硕果",42
"2000.4.24","湖北停止神农架天然林采伐",42
"2000.4.25","送去理论科技文化法律 犹如春风细雨滋润万家　宜昌“四进家”活动受农民欢迎",42
"2000.5.7","科学开发天上水  合理利用地上水  湖北军民团结一心抗大旱",42
"2000.5.8","银企同心用好封闭贷款  黄石一棉又闻机器轰鸣声",42
"2000.5.17","随意撤换村官  违法必须纠正  湖北省枝江市人大纠正一起非法撤销村委会干部的严重违法行为",42
"2000.5.19","长江三峡国际旅游节金秋在宜昌举行",42
"2000.5.21","荆州乡村：加油店安全隐患多",42
"2000.5.22","地处鄂东的黄冈市，是著名的革命老区，也曾长期戴着贫穷落后的帽子。这几年，那里的特色农业搞得红红火火。市委书记刘友凡说，调整农业结构——欠发达地区更有紧迫感",42
"2000.5.26","宜昌三峡“三七八”公司劳动竞赛立新功",42
"2000.5.28","农业产业化的链条在加长——湖北农业结构调整追踪",42
"2000.5.28","鄂托克前旗鼓励外来投资商治理沙漠　3万多亩不毛之地重现生机",42
"2000.5.29","一切为了农民利益——宜昌市农村开展“四进家”活动纪实",42
"2000.5.31","湖北久旱逢甘霖　连下两场雨旱情有所缓解",42
"2000.6.6","恩施石油公司狠抓廉政建设",42
"2000.6.6","襄阳县坚持抓国防后备力量建设",42
"2000.6.7","湖北召开企业思想政治工作研讨会",42
"2000.6.7","浓墨重彩塑金盾——记湖北省公安派出所建设工程",42
"2000.6.10","卢杰斌，湖北大冶，教师——不许迷信泛滥",42
"2000.6.15","湖北公安派出所树立良好形象",42
"2000.6.15","调整结构  产销兼顾　宜昌县引导农民增加货币收入",42
"2000.6.15","欧锦赛16强全数亮相　西班牙大意失荆州  南斯拉夫力挽狂澜",42
"2000.6.24","张通，湖北丹江口，教师——“涂鸦文化”",42
"2000.6.25","垃圾场  排污口  违章建筑“自留地”　宜昌铁路遭“围剿”　行车安全难保证",42
"2000.6.29","推动教育改革  促进素质教育　宜昌市教育科研卓有成效",42
"2000.7.5","湖北沙洋县烟垢镇　竟然向学生摊派提留款",42
"2000.7.6","襄阳驻军深夜除险情",42
"2000.7.6","推行“三公开”  建起“连心桥”——湖北枣阳市三年坚持“政策、政务、财务公开”纪实",42
"2000.7.6","“赶情搭礼”百姓怕——来自湖北应城市的报告",42
"2000.7.9","荆州西区派出所从实处着手　警务承诺暖人心",42
"2000.7.13","以科技促廉政——宜昌市交警支队车管所改革纪实",42
"2000.7.15","川渝鄂紧急行动抓好水上安全",42
"2000.7.21","湖北郧西　农家导游挣得多",42
"2000.7.23","小额信贷惠及湖北百万农户　农民获得贷款逾九亿元",42
"2000.7.24","湖北工行承诺向交通建设放贷一百亿元",42
"2000.7.30","湖北黄石市一份调查报告表明：“党员不像党员”的问题必须解决",42
"2000.8.6","宜昌四百起地质灾害“零伤亡”",42
"2000.8.8","进企业  住农户  查落实  促发展　黄冈领导班子“约法三章”搞调研",42
"2000.8.8","公生明  廉生威　鄂州地税公示求监督",42
"2000.8.10","湖北撤并一批公路收费站",42
"2000.8.12","张嵩，湖北阳新，干部——演员，读点书吧",42
"2000.8.13","宜昌开始整治铁路沿线环境",42
"2000.8.15","考场公正的捍卫者——访湖北荆州市女教师王晓兰",42
"2000.8.16","宜昌县整治三峡坝区周边环境",42
"2000.8.16","湖北南漳县行政执法情况调查表明　降低行政机关败诉　关键抓好依法行政",42
"2000.8.17","扫地痞地霸  除吃拿卡要　鄂州重拳整治国企周边环境",42
"2000.8.19","湖北经济增长率5年来首次回升　上半年全省经济增长率为8.5％",42
"2000.8.20","靠科学技术致富  用先进文化充电　鄂州“富脑袋”工程受欢迎",42
"2000.8.21","受教育  长才干  做贡献   皖鄂大学生暑期“三下乡”丰富多彩",42
"2000.8.23","湖北安全生产实行“四不放过”",42
"2000.8.23","湖北：严肃发行纪律　浙江：规范征订秩序",42
"2000.8.24","调整与习惯——湖北咸宁市农村见闻",42
"2000.8.24","汽车城的新使命——对十堰市建设生态城的思考",42
"2000.8.26","王彬，湖北枣阳，干部——念错字",42
"2000.8.29","这里堡垒更坚强——湖北电建一公司海外工程思想政治工作纪事",42
"2000.8.30","鄂州华容区维护军人军属合法权益",42
"2000.8.31","行动迅速  措施得力　湖北抓紧对党员领导干部进行警示教育",42
"2000.9.1","湖北永和安门业公司以新取胜",42
"2000.9.6","积极探索  层层推进——宜昌县全面开展执法“四制”建设",42
"2000.9.7","让人与自然走向和谐——湖北十堰市建设“生态城”纪事",42
"2000.9.8","湖北向西藏赠车",42
"2000.9.9","叶雄超，湖北罗田，干部——少点炒作",42
"2000.9.11","仙桃市教师工资由财政统一发放",42
"2000.9.11","哪些因素影响了企业效益——对十堰市部分工业企业上半年效益状况的调查",42
"2000.9.26","收受贿赂和礼金　湖北原副省长李大强被开除党籍公职",42
"2000.10.9","引入竞争——湖北省监利农业发展银行内部改革小记",42
"2000.10.13","湖北省首次表彰十佳经营师",42
"2000.10.15","鄂州市卫生防疫站：体检费超标收  评价表差错多",42
"2000.10.16","武警湖北总队四支队党委开展“三查三看”活动",42
"2000.10.17","从严治党——湖北省谷城县认真处置不合格党员工作纪实",42
"2000.10.19","湖北丹江口市　奖金作基金  义助贫困生",42
"2000.10.27","创造生命奇迹——记湖北医科大学附属第一医院",42
"2000.10.30","湖北实现当期收购资金封闭运行",42
"2000.10.30","王兆国在湖北考察时强调　认真总结共产党领导的多党合作制基本经验",42
"2000.11.4","曹楠，湖北丹江口，教师——别拿儿童“开涮”",42
"2000.11.5","及时化解矛盾纠纷  切实维护人民利益  粤鲁桂京鄂闽等地重视信访工作  本报群工部一九九九年重点来信转办函答复率为百分之八十七",42
"2000.11.6","孝感供电局  化解矛盾树威信",42
"2000.11.8","保一方平安——湖北江陵县公安局开展承诺服务纪实",42
"2000.11.9","放心肉为何成了高价肉——湖北十堰市生猪屠宰独家经营问题的调查",42
"2000.11.9","湖北大悟县：基金奖励反腐倡廉",42
"2000.11.11","吕才华，湖北武穴，教师——“公益广告”须改进",42
"2000.11.12","湖北整治国企周边环境",42
"2000.11.14","黄冈籍台胞为家乡献计出力",42
"2000.11.20","为政府解难　替农民解忧——湖北农发行改进服务纪实",42
"2000.11.20","“21世纪与湖北暨武汉论坛”开幕   李铁映致信祝贺",42
"2000.11.21","神农架：人给野生动物腾地盘",42
"2000.11.22","假农药把棉农坑惨了——湖北天门市多祥镇一点八万亩棉田绝收事件追踪",42
"2000.11.24","湖北省见义勇为基金逾千万",42
"2000.11.24","湖北宜昌：三十年少生百余万",42
"2000.11.25","湖北五峰后河保护区植物研究有新发现",42
"2000.11.25","舒毅，湖北丹江口，教师——别乱改成语",42
"2000.11.26","“三证”不全  环境脏乱  监管不力　十堰市城区食品摊点卫生状况差",42
"2000.11.28","湖北枝江私企党建工作没有空白点",42
"2000.11.29","湖北资助　见义勇为好少年　3年资助13人次",42
"2000.11.29","不解决问题不罢休——记湖北省十堰市扶贫工作报告三审通过",42
"2000.11.30","恩施市培养支柱税源",42
"2000.12.4","思想教育进村入户  政策法纪深入人心　宜昌县营造良好发展环境",42
"2000.12.5","咸宁咸安区推行“首问负责制”　“门”好进了  事好办了",42
"2000.12.6","今日道路更通畅——湖北竹溪县公路段执行公路法记事",42
"2000.12.9","千古悠悠——何处说荆州",42
"2000.12.9","张华，湖北武当山，教师——邮寄广告伤孩子",42
"2000.12.11","天门市切实减轻农民负担",42
"2000.12.13","湖北电力违规多收电费1．63亿元",42
"2000.12.13","湖北公安为企业发展护航　破获涉企刑事案件2900多起  国企及周边发案同比下降38％",42
"2000.12.13","湖北保康县  聘农民减负信息员",42
"2000.12.16","赵雨舟，湖北武汉，学生——广告只是手段",42
"2000.12.16","玫昆仑，湖北嘉鱼，干部——多些幽默",42
"2000.12.21","动真情  真扶贫——记光大集团对口帮扶鄂西北竹山县",42
"2000.12.22","努力把湖北建成全国重要的经济增长极",42
"2000.12.22","把湖北建成信息产业的重要基地",42
"2000.12.22","湖北暨武汉的五大优势和五大特色",42
"2000.12.22","湖北暨武汉二十一世纪前期的战略定位",42
"2000.12.24","综合治理  整体推进　湖北反腐败从源头抓起",42
"2000.12.27","宜昌将举办国际龙舟拉力赛",42
"2000.12.29","湖北加快新建企业工会组建步伐",42
"2000.12.30","第一产业比重大幅下降  三分之一劳动力从土地转移  湖北大力推进农村经济结构调整",42
"2000.12.31","清理村级财务处分有关干部　仙桃查处乱收农民房费事件",42
