﻿"index","news_title","prov_cde"
"2000.1.2","分解任务  狠抓落实  河北实行党风廉政责任制",13
"2000.1.3","秦皇岛推出拥军新举措",13
"2000.1.4","秦皇岛港迎来好望角级运煤大船",13
"2000.1.6","邯郸峰峰矿区：千名干部联千户",13
"2000.1.11","唐山农村结束饮用高氟水历史",13
"2000.1.11","邯郸5万名干部进村帮民致富",13
"2000.1.12","石家庄市府与600多家肉店签订责任状　保证让居民吃肉放心",13
"2000.1.12","“防病重于治病”——河北省检察机关积极预防金融职务犯罪",13
"2000.1.13","独辟蹊径创特色——记保定市第三医院",13
"2000.1.13","坚持全心全意依靠工人阶级　廊坊运输公司走上一条发展路",13
"2000.1.15","顾春军，河北宣化人，医护人员——没落也在情理中",13
"2000.1.16","“村村通”通民心——来自河北青龙山区的报告",13
"2000.1.17","中国儿艺赴河北贫困地区慰问演出",13
"2000.1.18","张家口新华书店大厦落成",13
"2000.1.19","尉健行在唐山看望和慰问困难职工时指出　工会要对特困职工生活困难承担“第一责任人”职责",13
"2000.1.19","“河北正中网上学校”开通",13
"2000.1.20","生命奏响的爱民歌  ——记武警河北总队“郭建伟舍己救人英雄群体”",13
"2000.1.23","加大技改增能力  深化改革强动力　　河北国有企业渐入佳境",13
"2000.1.23","中国儿艺赴河北革命老区慰问演出",13
"2000.1.26","河北邯郸市   政务公开  作风转变",13
"2000.1.27","团结才有力量——记河北省大厂回族自治县的民族团结进步事业",13
"2000.1.28","廊坊建艺术步行街",13
"2000.1.31","保定市北市区公安分局密切警民关系",13
"2000.2.1","石家庄超市购物掀热潮",13
"2000.2.2","邯郸查处乱收费",13
"2000.2.2","假货一击就破  石家庄市打假打出效益",13
"2000.2.2","京石高速公路河北段合资出效益",13
"2000.2.3","邯郸市环境质量逐步好转",13
"2000.2.3","河北公路免费三天",13
"2000.2.4","河北各地情系“八方面人员”",13
"2000.2.4","杏林春秋三十载——记河北省中医院院长李恩复",13
"2000.2.9","石家庄：扩大内需兴城建",13
"2000.2.11","交流轮岗 任前公示 待岗培训　人行沧州中心支行创新用人机制",13
"2000.2.15","石家庄市桥西区　上班第一天  部署下基层",13
"2000.2.16","不得滥用职权践踏法律　河北峰峰矿区法院非法拘铐省人大代表",13
"2000.2.17","唐山中红成为肉鸡生产龙头",13
"2000.2.21","石家庄市开展“百姓百事放心满意”活动",13
"2000.2.23","正确对待自己  正确对待事业  正确对待调整  正确对待走留　廊坊军分区对党员干部加强教育",13
"2000.2.24","朱镕基在河北丰南市领导干部“三讲”教育会议上强调　严格按照党中央要求扎扎实实搞好“三讲”教育",13
"2000.2.24","残疾青年的追求——记河北省十大杰出青年刘继台",13
"2000.2.28","廊坊建立新型商业流通形式",13
"2000.2.28","河北  决心扎实搞好县级“三讲”教育",13
"2000.3.1","调整产业产品结构  加快技术改造步伐  唐山着力提高工业经济运行质量",13
"2000.3.3","养高尚品质  育时代新人　河北徐水小学德育有章法",13
"2000.3.7","邢台《行风热线》管用",13
"2000.3.7","石家庄市郊区  发展特色养殖",13
"2000.3.10","夯实基础  重在实效——访全国人大代表、河北省委书记叶连松",13
"2000.3.11","李岚清在参加河北代表团审议时强调　反腐倡廉要多管齐下标本兼治",13
"2000.3.13","石家庄市营造“城市森林”",13
"2000.3.14","李鹏参加山东河北代表团全体会议时指出　加强人大监督  促进司法公正",13
"2000.3.22","人大为科技发展加油  ——《石家庄市科学技术奖励条例》出台",13
"2000.3.22","衡水市政府  承办代表建议—认真　接受人大监督—自觉",13
"2000.3.23","衡水桃城区千名干部进村清理“土政策”",13
"2000.3.24","承德举办法制教育班　一批受害较深的“法轮功”练习者获得解脱",13
"2000.3.24","邯郸农村进行集中教育",13
"2000.3.25","杨志芳，河北宣化人，职工——提防假大空",13
"2000.3.28","特色市场兴河北",13
"2000.3.28","石家庄市地税一分局首季开门红",13
"2000.3.28","保定加强流动人口管理",13
"2000.4.3","河北省国税局长收受巨额贿赂被逮捕",13
"2000.4.3","钱其琛在河北考察旅游工作时指出　加快旅游发展  拉动消费需求",13
"2000.4.3","邢台帮困助残出成效",13
"2000.4.5","雾灵之子——记河北省兴隆县公安局缉私大队队长梁灿国",13
"2000.4.8","石家庄查封百家娱乐场所",13
"2000.4.11","河北省承德市委书记傅贵武在调查中发现，那些最贫困的人，恰恰分布在生态环境破坏严重的地方。因此，他认为调整的关键是——营造生态优势",13
"2000.4.13","河北烟草系统严出经济效益",13
"2000.4.17","河北推出移动式制革污水治理设备",13
"2000.4.18","成都县级“三讲”整改力度大　沧州新华区转变作风办实事",13
"2000.4.19","唐山将举行世界乒乓球俱乐部锦标赛",13
"2000.4.20","保护生态环境  建设绿色家园  秦皇岛市营造城市森林",13
"2000.4.22","吴会斌，河北人，干部——原创别“远创”",13
"2000.4.24","白立忱在河北考察时说　基层供销社要与农民结成利益共同体",13
"2000.4.25","心系百姓办实事——记河北省优秀党务工作者侯新建",13
"2000.4.27","找准农村思想政治工作新的着力点——来自河北省栾城县的报告",13
"2000.4.27","把职工当亲人，全心全意依靠职工办企业，河北“四装”走出了一条成功路　品高业自兴",13
"2000.4.28","河北培训进京务工人员",13
"2000.5.2","科技开通“乌金道”  ——记河北磁县申家庄煤矿党委书记兼矿长王俊杰",13
"2000.5.5","把握办学的时代方位——石家庄铁道学院提高办学效益的调查",13
"2000.5.7","生机盎然新唐山",13
"2000.5.8","利用资本市场推动经济发展——访石家庄市市长张二辰",13
"2000.5.10","象棋团体赛  广东河北上演“强强对话”",13
"2000.5.12","京津塘高速廊坊管理处树文明形象",13
"2000.5.15","朱镕基在河北内蒙古考察时强调  治沙止漠刻不容缓  绿色屏障势在必建",13
"2000.5.15","廊坊建成全国最长的商贸步行街",13
"2000.5.17","“三讲”认真回头看  工作大步向前走　秦皇岛将整改措施落到实处",13
"2000.5.19","看廊坊大开放",13
"2000.5.20","金介华，河北任丘人，职员——盗版书误人",13
"2000.5.23","选得准  封得住  用得好  还得起　沧州八千万元封闭贷款实现银企双赢",13
"2000.5.24","秦皇岛市巡警支队管好“八小时以外”",13
"2000.5.24","欧亚乒乓球高手下月汇聚唐山　角逐男子世界俱乐部赛桂冠",13
"2000.5.24","承德市公安干警为密切警民关系，替百姓排忧解难，提出——“常到百姓家看看”",13
"2000.5.25","尉健行在河北考察工作时强调　认真学习“三个代表”重要思想  推动厂务公开工作深入发展",13
"2000.5.29","保定公安注重“三讲”教育质量",13
"2000.5.30","让群众明白政府在干什么  让干部知道群众在盼什么　邯郸架起干群“连心桥”",13
"2000.6.1","十一位院士受聘石家庄高新区",13
"2000.6.1","地怎么种？钱怎么挣？——来自河北省深州市北四王村的报道",13
"2000.6.6","提高员工素质  增强服务意识　河北平安寿险发展迅速",13
"2000.6.6","河北涿鹿将建“IT世纪林”",13
"2000.6.8","“科技这玩艺儿，你不服就是不沾”　旱作农业富了石家庄山区",13
"2000.6.8","廊坊市多方位进行市民教育",13
"2000.6.10","康福合，河北丰润，教师——免费不能免责",13
"2000.6.11","以改革促开放  用开放促发展　保定加大对外开放力度",13
"2000.6.11","贾庆林在河北考察密云水库上游生态环境时指出　共同建设好首都生态屏障",13
"2000.6.12","把握方向  积极引导   注重建设　衡水市以科学文明引导群众",13
"2000.6.14","石家庄市人民政府 　切实办好代表议案委员提案",13
"2000.6.18","建设绿色屏障  改善生态环境　张家口启动防沙治沙重点工程",13
"2000.6.19","集中教育  集中查纠  集中评议  集中整改　唐山国企开展党风廉政建设教育",13
"2000.6.19","保定新市区地税局反腐倡廉",13
"2000.6.19","甘蔗种到了黄河北",13
"2000.6.20","贯彻“三个代表”思想  扩大“三讲”教育成果　廊坊市县领导干部“住百村访万户”",13
"2000.6.21","石家庄（上海）经洽会成果丰硕",13
"2000.6.22","秦皇岛公安推行公务检查持证制",13
"2000.6.24","路润学，河北井陉，干部——旅游的低俗倾向",13
"2000.6.24","孙振，河北保定，职工——“野”广告",13
"2000.6.28","干部定期交流已成为河北省一项重要制度　4835名县处以上干部交流任职",13
"2000.6.28","看保定如何“依法治访”",13
"2000.6.29","秦皇岛市将承办乒乓球擂台赛总决赛",13
"2000.6.29","中国足协严惩违规违纪球员教练　河北一山队三名球员殴打裁判被终身禁赛",13
"2000.7.1","中共中央决定　王旭东任河北省委书记",13
"2000.7.4","盐碱地头瓜果香——河北省献县积极治理废弃盐碱地",13
"2000.7.5","秦皇岛昌黎国际葡萄酒节将举行",13
"2000.7.6","秦皇岛海港区创办爱国主义教育训练基地",13
"2000.7.11","秦皇岛地税奖励举报非法票据",13
"2000.7.11","“凤凰城”的骄傲——记河北医科大学附属唐山工人医院",13
"2000.7.13","保定交警推行“塔式”网络工作法",13
"2000.7.13","秦皇岛将承办中国乒乓球擂台赛总决赛",13
"2000.7.14","以“三个代表”为指导  以群众满意为标准　唐山市县级“三讲”教育重实效",13
"2000.7.16","城镇围绕市场建  工农围绕市场干  商业围绕市场转　　河北着力构建辐射全国大市场",13
"2000.7.18","廊坊扎实推进“素质工程”　认真培训县乡村三级党组织负责人",13
"2000.7.18","河北省百名专家下乡巡诊",13
"2000.7.20","石家庄地税稽查局重视举报工作",13
"2000.7.21","“好作风又回来啦！”——河北省丰南市“三讲”教育纪事",13
"2000.7.21","加强“生命线”  扩大“动力源”　河北省检察院以思想政治工作保证公正执法",13
"2000.7.23","河北公开处理8起领导干部违纪案件",13
"2000.7.24","保定南市区公安分局严打刑事犯罪",13
"2000.7.25","河北中兴武术院走特色办学道路",13
"2000.7.26","秦皇岛依托旅游发展农业",13
"2000.7.26","“钥匙孔”外科的风采——记河北省人民医院",13
"2000.7.27","讲大道理也讲小道理  讲远目标也讲近目标　保定企业思想政治工作贴近群众",13
"2000.7.28","河北经济稳中趋升  辽宁工业增势良好",13
"2000.7.28","下大力关闭非法生产小煤窑　河北煤矿安全水平提高",13
"2000.7.31","以“双三好”为载体  以办实事为要求　廊坊双拥工作再创佳绩",13
"2000.8.1","工行河北分行存款逾1300亿",13
"2000.8.1","露露之路——关于承德露露集团创建特色品牌、发展特色产业的案例调查",13
"2000.8.2","牵牢“牛鼻子”——河北省强化执法检查",13
"2000.8.9","承德供电公司实施思想政治工作责任制",13
"2000.8.11","一把标尺量是非  两面镜子照自身　河北检察机关运用正反典型开展教育",13
"2000.8.12","亮出生态城市的品牌——秦皇岛市见闻录",13
"2000.8.14","廊坊地税涉外分局加强税收征管",13
"2000.8.14","承德双滦区民兵积极参与维护社会治安",13
"2000.8.15","公证，走进邢台百姓家",13
"2000.8.16","实践“三个代表”的可贵探索——石家庄市新华区发展纪实",13
"2000.8.16","唐山建行国际业务登上新台阶",13
"2000.8.16","大肆收受贿赂  大搞钱色交易　秦皇岛市原财政局局长姬向午被逮捕",13
"2000.8.17","唐山引导群众树信心树典型树形象",13
"2000.8.17","推行行政公示制和服务承诺制　邢台加大招商引资力度",13
"2000.8.19","温家宝到山西河北了解旱情时强调　高度重视做好抗旱救灾工作",13
"2000.8.22","秦皇岛海港区成立预征兵员勤务分队",13
"2000.8.23","守好北京南大门——河北省高速公路交警一支队创建“平安大道”纪实",13
"2000.8.24","一身正气  廉而生威——记河北省公安厅副厅长刘金国",13
"2000.8.24","为了“天平”不再失衡——河北雄县人民法院推行“一案两卡”纪事",13
"2000.8.24","河北香河县",13
"2000.8.28","营造绿色家园——河北承德生态建设见闻",13
"2000.8.29","武警承德支队积极为驻地做贡献",13
"2000.8.29","不残的人生之路——记河北省顺平县残疾青年刘继台",13
"2000.9.1","石家庄靠科技保道路畅通",13
"2000.9.1","承德举办国际旅游投资洽谈会",13
"2000.9.1","石家庄整顿治理取得成效",13
"2000.9.2","毕俊耀，石家庄，画工——素养是血脉",13
"2000.9.4","河北桃林口水库竣工",13
"2000.9.4","让家属宽心  使干部安心　保定“家庭应急中心”受欢迎",13
"2000.9.5","河北怀来将办葡萄节",13
"2000.9.5","邯郸“十五”发展战略研讨会在京举行",13
"2000.9.6","强化监督  促进公正——记石家庄市推行“两错”追究制",13
"2000.9.6","秦皇岛边防检查站为基层办实事",13
"2000.9.7","河北省军区开展群众性科技练兵",13
"2000.9.7","古城变美了  群众高兴了　邯郸营造一方绿洲",13
"2000.9.8","唐山新华医药贸易公司靠质量打市场",13
"2000.9.8","保定各县干部住进村里办实事　深圳罗湖领导深入基层解难题",13
"2000.9.9","唐山九月举办中国评剧艺术节",13
"2000.9.10","胡锦涛在河北考察工作时强调　加紧培养选拔优秀年轻干部",13
"2000.9.11","领导接待 干部下访　廊坊信访工作重实效",13
"2000.9.11","沧州新华区多形式做好社区党建",13
"2000.9.11","找准定位  以短养长——河北易县农业结构调整走势",13
"2000.9.17","随着百姓的心愿走——河北各级党委、政府带着感情做好群众工作",13
"2000.9.19","唐山燕泉啤酒厂抓管理见成效",13
"2000.9.21","秦皇岛边防检查站服务当地经济建设",13
"2000.9.21","邯郸市从治理收费入手遏制腐败",13
"2000.9.21","河北农大  “太行山道路”向西延",13
"2000.9.22","河北“院士科技园”筑巢引凤",13
"2000.9.25","充分发扬民主  严格组织纪律　廊坊切实加强干部监督工作",13
"2000.9.27","石家庄加强演出市场税收征管",13
"2000.10.8","不信东风唤不回——河北省供销社深入改革再造合作制调查",13
"2000.10.9","秦皇岛又添新景区",13
"2000.10.9","河北大名举办首届花生节",13
"2000.10.9","承德双滦区人武部抓普法教育",13
"2000.10.9","建园区  抓创新  出效益  廊坊构筑“人才高地”",13
"2000.10.9","邢台国税六年减免退税六亿",13
"2000.10.10","唐山六千余机关干部下基层",13
"2000.10.13","石家庄个税专管见成效",13
"2000.10.13","为经济发展铺就快车道　唐山公路网四通八达",13
"2000.10.18","保定市研讨监督工作理论",13
"2000.10.21","牛亚辉，河北沧州，干部——广告有三害",13
"2000.10.23","全国公安机关和河北全省党员干部　开展向刘金国同志学习活动",13
"2000.10.23","廊坊解决军转安置有实招",13
"2000.10.24","一心为百姓——记河北省公安厅副厅长刘金国",13
"2000.10.26","河北非公有制经济长势强劲",13
"2000.10.26","秦皇岛边防检查站严格后勤财务管理",13
"2000.10.26","石家庄侦破系列爆炸案",13
"2000.10.26","培养学术人才  更新硬件设施   邢台眼科医院靠科技兴院",13
"2000.10.26","秦皇岛市倾力支持北京申奥",13
"2000.10.26","石家庄市一项调查表明：父母舍得为子女教育投资",13
"2000.10.26","管好钱  用好钱——河北省元氏县规范农村财务管理纪实",13
"2000.10.27","置身须向极高处——记河北医科大学第二医院",13
"2000.10.29","中原旅游商品博览会在邯郸举行",13
"2000.10.29","河北省中医院个别负责人　应该正确对待舆论监督",13
"2000.10.29","沧州火车站：管理混乱  旅客不便",13
"2000.10.30","建新城  育新风——唐山铸造文明城市品牌记事",13
"2000.10.31","秦皇岛边检站加强辖区治安管理",13
"2000.11.1","石家庄：指标分解  责任到人",13
"2000.11.5","重塑城市形象  优化开放环境　保定城建改造一年超十年",13
"2000.11.7","廊坊陆军导弹学院研制出模拟训练系统",13
"2000.11.7","发挥名城优势  提高城市品位  邯郸着力打造文化品牌",13
"2000.11.8","沧州检察院管好干警8小时以外",13
"2000.11.9","本报两篇批评报道引起反响  河北省委着手解决省中医院问题",13
"2000.11.9","邯郸城郊联社重视群众体育",13
"2000.11.10","秦皇岛港提前完成生产计划",13
"2000.11.13","思想教育到位  法律意识增强  廊坊5万适龄青年踊跃应征",13
"2000.11.13","党的意识强  工作抓得实  唐山发行人民日报连续多年逾3万",13
"2000.11.15","编织防范网  坚固“护城河”——廊坊市公安局加强基层基础工作纪实",13
"2000.11.16","河北霸州交警安全教育下学校",13
"2000.11.17","李岚清在河北省考察工作时强调　抓住机遇促进科技教育事业发展  下决心实现医药卫生改革突破",13
"2000.11.17","秦皇岛创建文明校园",13
"2000.11.18","温家宝在河北农村检查救灾工作时指出　关心群众生活  改进工作作风",13
"2000.11.19","“我们去找矛盾，别让矛盾找我们”——河北省正定县做好信访工作纪实",13
"2000.11.19","唐山居民小区　物业管理不到位",13
"2000.11.20","石家庄铁路东货场　竟成假货集散地",13
"2000.11.21","和农民交朋友  为群众办实事　唐山“双思”教育凝聚党心民心",13
"2000.11.21","邯郸  培养农村科技明白人",13
"2000.11.22","秦皇岛市山海关开发区地税局——抓廉政建设　正税务行风",13
"2000.11.23","纠违与疏导相结合  静态与动态相结合　石家庄畅通工程跃上新台阶",13
"2000.11.24","贴紧群众  服务到户　邯郸五万干部进村入户助农增收",13
"2000.11.25","点亮城市文明之光——石家庄精神文明建设纪事",13
"2000.11.25","确保旱灾之年社会稳定　承德实施干部下乡帮扶工程",13
"2000.11.26","邢台“110”千呼万唤不出来",13
"2000.11.27","秦皇岛市文明单位为基层赠订党报",13
"2000.11.28","秦皇岛采用热电联网集中供热",13
"2000.11.28","唐山高新地税局强化管理连创佳绩",13
"2000.11.28","保定新市区地税局政务公开抓关键",13
"2000.11.28","廊坊市开通公务用车　市直各单位要小车跑省城现象将逐步消失",13
"2000.11.29","五十载心系读者  半世纪服务社会　河北人民出版社打造书精品",13
"2000.11.29","民心河畔得民心——《石家庄市民心河管理条例》制定纪实",13
"2000.11.30","河北乐亭县  建立帮带责任制",13
"2000.11.30","多一点未雨绸缪  少一点亡羊补牢——河北保定市北市区依法开展信访工作",13
"2000.12.1","秦皇岛棉麻分公司作活市场",13
"2000.12.1","河北恒利制药   康必得不含PPA",13
"2000.12.4","果菜四季青  虾蟹常年鲜　唐山农业结构调整形势喜人",13
"2000.12.4","整治无序收费  规范执法行为　沧州重拳治理经济环境",13
"2000.12.4","邢台中桥商场拒假保真",13
"2000.12.5","秦皇岛海港区依托党校加强国防教育",13
"2000.12.5","驻村入户办实事  带着感情解难题　邢台各级干部转变作风下基层",13
"2000.12.6","打一场攻坚战——石家庄大气污染治理的思考",13
"2000.12.7","河北动工兴建大型建材城",13
"2000.12.7","龙头带动  市场引导  科技兴农　张家口农业结构调整步伐坚实",13
"2000.12.7","石家庄强化印花税征管",13
"2000.12.7","石家庄查处一批大要案",13
"2000.12.7","排忧解难  虚实结合　承德农村思想政治工作扎实有效",13
"2000.12.8","增收的笑声到农家——石家庄农业结构调整巡访",13
"2000.12.8","河北大学研究生报名情况显示　邓小平理论成为考研热门专业",13
"2000.12.9","一门心思为群众——河北涉县井店镇党委为百姓办实事纪实",13
"2000.12.12","两条高速一日通　河北高速公路通车里程居全国第二",13
"2000.12.12","供销社负责人在河北检查棉花打假时强调　棉花市场有假必打无假须防",13
"2000.12.13","中央综治委下发领导责任查究通知书　河北河南严查民警持枪杀人案领导责任",13
"2000.12.19","一切为了群众——邯郸市加快城市建设侧记",13
"2000.12.19","多姿多彩新唐山——唐山形象建设纪实",13
"2000.12.19","唐山“九五”国民经济和社会发展再攀新高",13
"2000.12.19","唐山国企基本完成三年两大目标",13
"2000.12.19","唐山市“九五”重点项目建设取得显著成绩",13
"2000.12.19","唐山节能建筑达百万平方米",13
"2000.12.19","拂面春风遍凤城——唐山市精神文明建设巡礼",13
"2000.12.21","石家庄：无公害蔬菜“亮证”上市",13
"2000.12.21","渤海明珠—秦皇岛",13
"2000.12.21","蓬勃发展的秦皇岛旅游业",13
"2000.12.21","秦皇岛——构筑新亚欧大陆桥北方桥头堡",13
"2000.12.21","潮起渤海湾——秦皇岛经济技术开发区",13
"2000.12.21","农民最需要什么？——唐山市领导机关转变职能服务农民的调查",13
"2000.12.22","沧州农村信用社改机制增效益",13
"2000.12.25","保定检察院加强后勤保障",13
"2000.12.25","打造“航空母舰”——看石家庄制药集团如何崛起",13
"2000.12.25","河北  争创跨世纪最佳工程",13
"2000.12.27","“药都”已具雏形  纺织基地崛起　石家庄工业效益整体提高",13
"2000.12.27","铸造企业之“魂”——再看石家庄制药集团如何崛起",13
