﻿"index","news_title","prov_cde"
"1998.1.4","南昌拆迁户无一上访  虎年佳节近万户居民搬新居",36
"1998.1.5","拥军办实事  爱民献忠诚　江西“双拥”工作常抓不懈",36
"1998.1.8","《上饶集中营》在京首播",36
"1998.1.11","江西　抓四十八件实事",36
"1998.1.12","《景德镇瓷的故乡》在台展出反响大",36
"1998.1.16","南昌一年查补税2000万",36
"1998.1.17","朱治宏当选江西省政协主席",36
"1998.1.19","舒惠国当选江西省人大主任　舒圣佑当选江西省省长",36
"1998.1.26","江西灾民迁入新居",36
"1998.2.5","吉安春运期间抓严打保平安",36
"1998.2.9","江西科教兴农惠万家　农民年均纯收入增加二百元以上",36
"1998.2.18","江西民航局初尝盈利",36
"1998.2.25","发挥自身优势  转移工作重心　江西于都县台办服务经济有成效",36
"1998.3.2","长江大堤九江段险情得到控制　武汉关水位百年罕见居高不下",36
"1998.3.2","工行赣州分行抓储蓄红火",36
"1998.3.4","江西“岗位学雷锋”收效明显",36
"1998.3.6","江西　开拓农村大市场",36
"1998.3.11","新余IC卡电话常被“卡”",36
"1998.3.13","宜春农田林网化出效益",36
"1998.3.19","靠京九兴赣州——访人大代表韩景昌",36
"1998.3.23","北京南昌举行座谈会纪念“世界水日”“中国水周”强调　从战略高度重视水利问题",36
"1998.3.23","赣州：体育市场火",36
"1998.3.24","以民为本  鱼水相依——记江西宜丰县委书记毛野德",36
"1998.3.26","挑战红土地  ——来自江西省信贷扶贫攻坚的报道",36
"1998.3.30","江西财大多媒体电视进寝室",36
"1998.3.31","江西借“京九”做旅游文章",36
"1998.3.31","全国电影工作会议在南昌召开　丁关根希望电影界用优质丰硕成果迎接新中国建国五十周年",36
"1998.4.3","医生挂牌上岗  接受社会监督  江西省人民医院擦亮服务窗口",36
"1998.4.6","江西工行驶上资金“高速公路”",36
"1998.4.7","赣州下岗职工组建联合体　全市共有联合体三百六十多个",36
"1998.4.8","江西：激活农村购买力",36
"1998.4.8","“拳头”是怎样攥成的？——南昌大学合并办学纪实",36
"1998.4.13","昆明农行支持“双优”产业　唐山建行帮助企业脱困境　景德镇工行化解信贷风险",36
"1998.4.15","接受群众监督  进行教育整顿　江西政法队伍树立好形象",36
"1998.4.19","垃圾革命静悄悄  生活质量步步高　南昌城区垃圾袋装化",36
"1998.4.20","上饶地区科技进村入户　采取多种形式推进农业产业化经营",36
"1998.4.22","纳税新方式  方便纳税人　南昌刷卡  沈阳邮寄",36
"1998.4.27","苦瓜酒地瓜秧  山野菜酸枣糕　赣南特色食品香起来",36
"1998.4.29","教师课外洒汗水  学生勤中长本领　上饶师专师生苦练基本功",36
"1998.5.6","心贴老干部  情系老干部——江西省认真做好离退休干部工作",36
"1998.5.10","九江长江大堤险情基本得到控制",36
"1998.5.12","江西大型建材市场开业",36
"1998.5.12","小区何以点蜡烛——来自江西新余市富丽新村的报道",36
"1998.5.18","中央统战部组织党外领导干部赴江西考察　为老区发展建言献策",36
"1998.5.23","倾听群众呼声  督办疑难案件　江西设立公安厅局长接待日",36
"1998.5.25","一周来，河南西峡符祖国、江西广昌吴小毛、河北石家庄马强等百余位朋友给本刊来信来稿。这里刊登湖南读者周云武的来稿——“结合”要看“结合力”",36
"1998.5.27","赣州台胞热心捐资公益",36
"1998.5.31","椒江十佳有位外来工　上饶倡议学习张家平",36
"1998.6.1","为堵洪水口  乐啃“硬骨头”　空军第二工程总队鏖战赣江大堤",36
"1998.6.4","萍乡开展优化环境年活动",36
"1998.6.4","手拉手环保小学在江西落成",36
"1998.6.6","江西　山里女人“闯”市场",36
"1998.6.7","江西安福县甘洛卫生院  砒霜竟当石膏卖  四条人命归九泉",36
"1998.6.14","南昌市还绿于民  抚河故道改公园",36
"1998.6.17","转变观念  面向市场  景德镇下岗职工自谋职业",36
"1998.6.17","把青春献给红土地——记南昌市新建县大塘乡中心卫生院护士长李燕玲",36
"1998.6.20","国家防办发布今年第一号汛情通报  江西湖南等地一些江河发生大洪水",36
"1998.6.21","“电子警察”火眼金睛  南昌交通秩序改观",36
"1998.6.22","江西建行重点扶持科技项目开发",36
"1998.6.23","赣州地区交警多管齐下狠抓队伍建设",36
"1998.6.25","福建闽江江西信江发生大洪水  温家宝要求继续做好迎战洪水的各项工作",36
"1998.6.25","九江（庐山）旅游推介会在京举行",36
"1998.6.26","闽赣驻军奋力抗洪抢险",36
"1998.6.29","国家防总办发布第四号汛情通报  防总、水利部派工作组赴江西、广西等省区协助抗洪抢险",36
"1998.6.30","景德镇艺术陶瓷展销会在京举行",36
"1998.6.30","九江保护神",36
"1998.7.1","钮茂生在江西考察灾情时强调　做好各项准备迎战更大洪涝灾害",36
"1998.7.3","九江东升大堤抢险（）",36
"1998.7.3","增加教育投入  提高教师素质　萍乡市确保教育优先发展",36
"1998.7.6","南昌工行调整信贷结构",36
"1998.7.6","“人民利益高于一切！”——记江西抗洪救灾一线的共产党员们",36
"1998.7.7","朱镕基视察江西防汛工作　亲切慰问灾区人民，部署防汛抗洪工作，要求团结奋战，确保长江大堤万无一失和人民生命财产安全",36
"1998.7.8","实干中求高效——记江西兴国县委书记邝小平",36
"1998.7.9","赣州七成下岗职工再就业",36
"1998.7.10","确保长江大堤万无一失——江西九江军民抗洪抢险纪实",36
"1998.7.13","南京军区向闽赣灾区捐赠款物",36
"1998.7.14","鹰潭站派出所开门评警",36
"1998.7.14","如何让优美的环境与文明的行为相得益彰？南昌市民用自己的行动作答——守护一方绿地",36
"1998.7.16","中保财险公司向江西灾区捐款",36
"1998.7.20","建行江西分行服务住房建设",36
"1998.7.23","新余跻身全国绿化十佳",36
"1998.7.24","延长承包期30年不变　宜春地区规范土地承包",36
"1998.7.24","赣州出土明朝古炮",36
"1998.7.25","众志成城 连续奋战　江西日夜守护重点圩堤",36
"1998.7.25","诺基亚公司向江西灾区捐款",36
"1998.7.27","江西宣布进入紧急防汛期　安徽全力保皖江大堤安全",36
"1998.7.29","水漫危堤  擅离职守　九江县委组织部长被处分",36
"1998.7.29","人在堤在  水涨堤高　南昌全力固守重点圩堤",36
"1998.7.30","江西战洪峰守大堤确保安全",36
"1998.7.30","温家宝检查江西抗洪救灾工作要求　发扬光荣传统  经受新的考验",36
"1998.7.31","众志成城抗洪——江西一百五十万军民与特大洪水搏斗见闻",36
"1998.7.31","南昌  举全市之力  打创建硬仗　“英雄城”争创国家卫生城",36
"1998.8.3","南昌铁路局八万铁军确保大动脉畅通",36
"1998.8.5","湘鄂赣洪峰告急  “千里眼”明察秋毫　我首次用雷达卫星微波遥感测灾情",36
"1998.8.7","“洪水不退，我不离堤”——记九江市新港镇江矶村村委会主任陈申桃",36
"1998.8.11","江泽民十分关注  朱镕基亲赴现场　军民奋战九江市防洪墙堵口围堰合龙",36
"1998.8.11","南昌再就业与“创卫”双管齐下",36
"1998.8.11","江西省确保高校录取通知书及时送达",36
"1998.8.13","金戈铁马鏖战急——子弟兵九江市防洪墙抢险堵口合龙记",36
"1998.8.13","江西灾区万名白衣天使治病忙",36
"1998.8.14","严阵以待迎战长江第五次洪峰　子弟兵再接再厉固守鄂赣江堤",36
"1998.8.17","认真贯彻江泽民总书记重要讲话精神　鄂湘赣皖再部署迎接新考验",36
"1998.8.17","解放军四总部慰问团慰问赣皖抗洪官兵",36
"1998.8.18","江西粮食部门全力抗洪保粮",36
"1998.8.18","九江  卫生防疫不留死角",36
"1998.8.19","惊涛谱就英雄曲——江西军民抗洪抢险记",36
"1998.8.19","16支部队医疗队赶往灾区　总后防疫队急赴救灾一线　江西省救灾防病工作展开",36
"1998.8.19","江西　民进江西省委做好再就业工作",36
"1998.8.20","密切监视疫情  严防疫病流行　江西两万医务人员奔赴灾区",36
"1998.8.20","九江确保中小学如期开学",36
"1998.8.21","武警江西三支队抗洪抢险建奇功",36
"1998.8.22","百万军民严防死守常备不懈　安徽九江迎战第六次洪峰",36
"1998.8.22","内蒙古江西全力开展救灾工作",36
"1998.8.24","李瑞环察看江西湖南抗洪救灾情况　强调要妥善安排灾民生活，切实搞好大灾之后的防疫工作",36
"1998.8.24","上饶铁路职工读书小组获殊荣",36
"1998.8.25","一浪一峰总关情——李瑞环在湖北、江西、湖南察看汛情慰问军民",36
"1998.8.25","勇斗洪魔铸党魂——江西各级党委组织部门支援抗洪抢险记",36
"1998.8.27","坚决落实江泽民主席最新指示　鄂湘赣军民全力迎战长江第七次洪峰",36
"1998.8.28","两万医务人员奋战抗洪第一线　江西加强疫病监察防治",36
"1998.8.29","江西  让灾区新生都能上大学",36
"1998.8.29","赣州市乡企科技攻关硕果累累",36
"1998.8.30","赣南：“红色沙漠”再披绿装",36
"1998.8.30","“猪、沼、果”工程：赣南生态农业的支柱",36
"1998.8.31","高新技术在抗洪抢险中广泛应用　江西科学抗洪减少损失",36
"1998.9.1","黑手，伸向国库——九江海关查获出口骗税大案纪实",36
"1998.9.2","筑起生命之坝——记奋战在洪涝灾区的江西省医务人员",36
"1998.9.4","李岚清在江西湖南湖北检查部署灾区工作时强调　切实做好灾区防病防疫工作　力争中小学秋季能及时开学",36
"1998.9.4","英雄泪——解放军驻九江171医院抗洪抢险纪实",36
"1998.9.5","江泽民在江西就抗洪救灾工作发表重要讲话指出　全国抗洪抢险斗争已经取得决定性的伟大胜利　再接再厉全面做好救灾工作恢复生产重建家园",36
"1998.9.5","江泽民到江西考察指导工作　慰问抗洪一线军民，看望受灾群众，考察指导救灾和恢复生产、重建家园工作",36
"1998.9.7","水退到哪里就种到哪里　江西省全面部署生产自救",36
"1998.9.8","发扬抗洪精神  重建家园  发展经济——在江西视察抗洪救灾工作时的讲话（1998年9月4日）",36
"1998.9.10","江西建行增加贷款支持恢复生产",36
"1998.9.13","辽宁下大决心“反窃电”　新余开通专线治“三乱”",36
"1998.9.14","解决卖难  确保增收　宜春五十万农民结伴忙贩运",36
"1998.9.16","江西　水退人进战秋冬　科技先行保生产",36
"1998.9.16","千里送医慰灾民——山西山里娃汽车医院赴赣义诊侧记",36
"1998.9.16","坚守岗位  做好防疫——访江西省政协常委王鱼门",36
"1998.9.18","全国乒乓球锦标赛在宜春开拍",36
"1998.9.20","做假账对付调查　江西抚州检察长被停职检查",36
"1998.9.21","南昌倾城送英雄",36
"1998.9.23","江西省委高度重视本报9月16日批评报道　欢迎舆论监督  全力解决问题",36
"1998.9.24","千顷稻田翻绿浪  万车蔬菜送市场　鹰潭科技救灾显威力",36
"1998.9.25","全国乒乓球锦标赛在宜春收拍　孔令辉李菊男女单打捧杯",36
"1998.10.5","洪水未退  冬修先行　江西探索大兴水利新路",36
"1998.10.6","带头转变观念  开辟新的天地　南昌培训下岗职工党员",36
"1998.10.7","九江战决口",36
"1998.10.20","让赣江秀水常清——江西瑞金实施可持续发展战略纪实",36
"1998.10.21","“厕所革命”热赣南",36
"1998.10.29","赣榆推进对虾“健康养殖”",36
"1998.11.3","南昌县　不等汛期搏洪水　矢志长年固圩堤",36
"1998.11.6","吉安工行帮助下岗职工再就业",36
"1998.11.6","鹰潭：银行企业双活",36
"1998.11.9","新余工行支持企业开发新品",36
"1998.11.14","九江十月",36
"1998.11.24","赣州：餐桌起新风",36
"1998.11.26","宜春农户喜领新承包证",36
"1998.11.28","李岚清在赣粤考察就防疫教育等提出要求　落实预防为主  重视素质教育",36
"1998.11.28","在江西省信丰县的农村青年中，流行着这样一句话——金山银山会花光　拥有科技富路长",36
"1998.12.7","“孙中山与华侨”国际美展在南昌举行",36
"1998.12.7","不因小而不为——江西工行积极支持中小企业发展",36
"1998.12.14","萍乡安源区加强流动人口管理",36
