﻿"index","news_title","prov_cde"
"1998.1.4","浙江率先消灭贫困县（）",33
"1998.1.4","宁波突击检查娱乐场所　公款消费禁而不止",33
"1998.1.5","经济发展和党建工作同步进行  台州股份制企业有了三千“党代表”",33
"1998.1.6","些微小事看温州",33
"1998.1.7","艮秋艮新立交桥竣工通车　杭州敞开了东大门",33
"1998.1.11","浙江地矿厅处理不称职干部　六名处级干部就地免职",33
"1998.1.12","识其利  用其利——嘉兴接轨上海侧记",33
"1998.1.13","建立脱贫有效机制 挂钩结对共求发展　江苏浙江告别贫困县",33
"1998.1.18","互联网上看浙江",33
"1998.1.19","刘枫当选浙江省政协主席",33
"1998.1.20","水质好  树木多  通讯灵　杭州市民生活质量提高",33
"1998.1.22","李泽民当选浙江省人大常委会主任　柴松岳当选浙江省省长",33
"1998.1.22","湖州学先进蔚然成风",33
"1998.1.22","亚俱杯东亚四强赛将在宁波举行",33
"1998.1.22","浙江  黄岩柑桔栽培省力化",33
"1998.1.25","靠科技展翅高飞——浙江上风集团创业之路",33
"1998.1.31","浙江富润集团规范管理形成合力　兼并20家工贸企业效益明显提高",33
"1998.2.1","宁波工商局不当地方保护伞　严厉查处本地假冒伪劣商品",33
"1998.2.2","制止奢侈浪费  减少经费开支　浙江深入开展廉政建设",33
"1998.2.3","风正好扬帆——浙江中大集团控股有限公司改革纪实",33
"1998.2.3","浙江医药商业效益居全国首位",33
"1998.2.3","宁波　戏车游街市　市民饱眼福",33
"1998.2.4","让选民投上自己满意的一票　浙江改进人大选举组织工作",33
"1998.2.7","“为女性争光”——记浙江省玉环县县长诸葛彩华",33
"1998.2.8","杭州出现新时尚　鲜花俏鸟送亲朋",33
"1998.2.8","宁波农民买农资可以打白条",33
"1998.2.12","合作连人心荒山变成金——浙江武义县股份合作制开发山区综述",33
"1998.2.14","一代伟人  风范永存　浙江隆重纪念周恩来百年诞辰",33
"1998.2.14","忧劳可以兴邦  ——绍兴丝绸印花厂纪事",33
"1998.2.15","成绩不虚报  先进不凑数　浙江卡掉八个“粮食工作先进县”",33
"1998.2.16","服务教育  繁荣学术  积累文化　浙江教育出版社精品迭出",33
"1998.2.16","排球联赛浙江上海仍是领头羊",33
"1998.2.24","百岁堂前思百年——访周恩来绍兴祖居",33
"1998.2.24","浙东山水育斯人",33
"1998.2.27","浙江教育出版社　新编工具书",33
"1998.3.1","“网”连万家  “路”达四海　宁波开通“信息港”",33
"1998.3.2","“节流”与“开源”结合　浙江耕地实现占补平衡",33
"1998.3.2","全国排球联赛战罢第九轮　浙沪男女排仍居首位",33
"1998.3.5","巧用联合拓市场——关于沪浙皖西瓜种子产销联合体的调查",33
"1998.3.10","凝心聚力求嬗变  ——记浙江省景宁畲族自治县驮戥村党支部",33
"1998.3.11","李鹏参加浙江代表团审议时指出　进一步增强乡镇企业适应市场能力",33
"1998.3.12","调整结构促发展  ——访人大代表、浙江省委书记李泽民",33
"1998.3.16","男篮联赛半决赛八一辽宁首战告捷　保级战浙江空军两队连胜",33
"1998.3.16","全国排球联赛战罢第十一轮　沪女排夺冠在望  浙男排积分居首",33
"1998.3.25","浙江省医院实行职工综合素质考试",33
"1998.3.28","浙江立法保护钱塘江水域",33
"1998.3.29","宁波农民好潇洒　种田用上信用卡",33
"1998.3.30","浙江鼓励私营经济发展",33
"1998.3.30","浙江实施社会服务联合行动",33
"1998.3.30","审计署审计长李金华：依法审计",33
"1998.4.3","杭州丝绸厂家联合进京展销",33
"1998.4.3","美国眼力健杭州公司投产",33
"1998.4.4","在监督中行使权力——浙江金华市推行政务公开制度的调查",33
"1998.4.5","浙江农民半数已非“庄稼汉”",33
"1998.4.6","“要敢于亮短”——新一届浙江省政府首次全会侧记",33
"1998.4.10","杭州海关为浙江经济护航",33
"1998.4.10","“公仆赞”艺术团到浙江采风",33
"1998.4.12","面向全国 广招贤才　杭州公开选拔部分副局级干部",33
"1998.4.13","引入竞争机制  量化评比标准　浙江开展创建文明城市竞赛活动",33
"1998.4.14","邹家华在浙江视察时强调　加大基础设施建设力度",33
"1998.4.14","设计人生——记“温州十大优秀青年”周德文",33
"1998.4.15","建造千里长堤  造福子孙后代　浙江集中人财物修海塘",33
"1998.4.15","广西面向全国招聘副厅级干部　杭州公开选拔副局级干部",33
"1998.4.17","美化：杭州的主题",33
"1998.4.18","李瑞环在温州考察时强调　必须坚持“三个有利于”标准",33
"1998.4.19","李鹏在浙江进行调研时强调　立法工作必须坚持群众路线",33
"1998.4.21","努力调整和完善所有制结构——浙江所有制结构改革的实践与探索",33
"1998.4.26","因特网上寻救  万里来华求医　米勒母子杭州受助",33
"1998.4.29","对外商逐步实行国民待遇　浙江加大引资力度",33
"1998.4.29","陈勇当选宁波市人大主任　张蔚文当选宁波市市长",33
"1998.4.30","挪用信贷资金炒作期货　浙江两家粮食企业被查处",33
"1998.5.2","高教体制改革获重大突破　新浙江大学筹建工作启动",33
"1998.5.10","慈溪围垦杭州湾　荒滩一派春光",33
"1998.5.11","台州工行增加基建贷款投放",33
"1998.5.11","浙江建成多功能广播电视传输网",33
"1998.5.13","嘉兴绢纺厂开发出新型牛仔面料",33
"1998.5.15","绍兴有一条老街",33
"1998.5.20","杭州　市委重视政协建议",33
"1998.5.22","国外大公司继续看好宁波",33
"1998.5.22","长江计算机集团北上开拓市场　浙江最大企业兼并运作顺利　北轻汽10年创利税6．6亿元",33
"1998.5.26","个体私营经济　浙江优先聘用下岗职工　武安安置10万人就业　四川发展环境宽松和谐　汕头从业总人数逾10万",33
"1998.5.27","为市场经济发展装上安全阀和稳定器　宁波：着力构筑社会保障体系",33
"1998.5.29","金华百姓赞公安",33
"1998.6.4","坚持职业道德教育  完善监督指导机制  浙江电力系统加强行风建设",33
"1998.6.7","浙江余姚榨菜十余年盛销",33
"1998.6.8","弘扬正气  查找问题  浙江政法队伍教育整顿动真格",33
"1998.6.8","无墙大学  致富门路  浙江农民争上“农函大”",33
"1998.6.10","全国跆拳道锦标赛将在温州举行",33
"1998.6.12","领导干部试用制  中层干部聘任制一般干部聘用制  宁波不搞“一纸任命定终身”  “三制”实施三年干部队伍活力明显增强",33
"1998.6.12","沈钧儒纪念馆在嘉兴开馆",33
"1998.6.14","温州颁发“政府工作诤言奖”",33
"1998.6.17","下岗人的“加油站”——宁波市劳动局职业技术培训中心见闻",33
"1998.6.22","浙江加大资金筹措力度  保证国企下岗职工基本生活费",33
"1998.6.23","衢州市公安局切实为特困职工排忧解难",33
"1998.6.24","这四套房子该不该退？——台州市一起商品房质量纠纷案的调查",33
"1998.6.29","中美合作建设温州电厂二期扩建工程",33
"1998.6.30","台州黄岩城关公路巡警管理网络化",33
"1998.6.30","快餐食品能否让人放心？——浙江省人大突击检查生产状况",33
"1998.7.9","只要不挑不拣两天内实现再就业　杭州实行再就业即时服务",33
"1998.7.13","华夏银行杭州分行找准支撑点",33
"1998.7.14","浙江人口问题实现综合治理　新家庭计划全面开花",33
"1998.7.15","飞来横祸　台州“被絮风波”真相",33
"1998.7.17","杭州海关向社会聘请廉政监督员",33
"1998.7.17","浙江加大科教兴农力度",33
"1998.7.22","牢记职责——记浙江消防总队医院政委熊志明",33
"1998.7.26","宁波检查整治注水牛肉",33
"1998.7.30","浙江建立反走私领导责任制",33
"1998.7.30","沉埋2500年的越王陵重见天日后震惊世人，在岁月的风雨飘摇中依然面临着严峻的考验——绍兴印山：抢救越王陵",33
"1998.8.1","发挥资金融通主渠道作用　浙江工行集中资金保重点",33
"1998.8.3","杭州市实行总量排污收费",33
"1998.8.5","为金盾添光彩——记宁波市交警支队海曙大队交警毛永明",33
"1998.8.6","金华太平天国侍王府恢复原貌",33
"1998.8.7","绍兴建筑业进军国际市场",33
"1998.8.11","浙江十万大中学生“三下乡”",33
"1998.8.18","迎头追赶看衢州",33
"1998.8.20","广西加快农业水利建设　台州修建高标准海堤",33
"1998.8.21","浙江省运会平射击世界纪录",33
"1998.8.27","伍绍祖在宁波看望桑兰亲属",33
"1998.8.29","浙江以改革为动力  推进乡镇企业发展",33
"1998.8.29","新世纪的港口之星——访宁波港北仑集装箱码头",33
"1998.9.1","浙江男篮找到新婆家",33
"1998.9.3","就业门路来自服务——记宁波丹顶鹤居民小区便民服务社",33
"1998.9.3","科教兴区  人才为先——浙江台州市路桥区为企业引才",33
"1998.9.4","浙江出版界向国际进军",33
"1998.9.10","国际和平茶文化交流馆落户杭州",33
"1998.9.10","河南省新县公安局交警大队15名民警长期捐资救助3名贫困生上学，其中一名已考上浙江大学——警察和贫困生",33
"1998.9.12","浙江加快基础设施建设　今年交通建设投资一百一十亿",33
"1998.9.13","温州企业家新追求　不请明星登场　特邀专家授课",33
"1998.9.16","教育管理体制改革迈出极其重要一步　新浙江大学成立　江泽民李鹏分别题词李岚清到会祝贺并讲话",33
"1998.9.16","一一三医院温州分院开展岗位练兵",33
"1998.9.17","张德江任浙江省委书记  王云坤任吉林省委书记",33
"1998.9.17","乘风破浪正当时——浙江、上海海洋经济发展略记",33
"1998.9.21","浙江  分级负责  抓好落实",33
"1998.9.22","武警丽水支队党委工作突出受表彰",33
"1998.9.29","转换治理机制  兴办环保产业　绍兴集中治理环境污染",33
"1998.10.1","严监管  防风险  促发展  人行浙江省分行维护正常金融秩序",33
"1998.10.3","温州力争人民日报发行1万份",33
"1998.10.4","禁渔出效益  满舱鱼虾来  宁波国庆市场海鲜量多价廉",33
"1998.10.7","温州将建亚洲包装贸易中心",33
"1998.10.8","江泽民在江苏上海浙江考察时强调　沿海发达地区要率先基本实现农业现代化",33
"1998.10.9","温州举办首届商品交易会",33
"1998.10.12","吴仪在浙江考察时强调　坚持不懈地进行反走私斗争",33
"1998.10.13","吴仪在浙江考察时要求　努力完成今年外经贸工作任务",33
"1998.10.14","各方协同作战  实行限期治理　苏浙沪治理太湖加码",33
"1998.10.21","宁波慈善总会关注特困户",33
"1998.10.22","四川农业科技推广见效果　浙江优化农业结构促发展",33
"1998.10.22","“休、增、控、调”四管齐下　浙江渔业资源明显回升",33
"1998.10.25","发扬工艺优势  开拓消费市场　宁波服装成了大气候",33
"1998.10.26","道高一丈——嘉兴海关巧破胶合板走私案",33
"1998.10.27","杭州市民添置灭火器",33
"1998.10.29","高科技成为绍兴经济发展“火车头”",33
"1998.10.30","全国舞蹈比赛将在杭州举行",33
"1998.10.30","宁波小百花越剧团演折子戏",33
"1998.10.31","国际男排邀请赛将在福州绍兴举行",33
"1998.11.1","乡镇企业机制创新推动　绍兴经济再上新台阶",33
"1998.11.2","浙江省以清欠促收入成效明显",33
"1998.11.3","“金华”等三大涉税要案将公开曝光　国家税务总局还将公布一批欠税大户名单",33
"1998.11.4","金华佛手飘香",33
"1998.11.5","虚开增值税专用发票  大量侵蚀国家财政收入　金华特大税案被查处  二百一十八户企业涉案，虚开发票价税六十三点一亿元，涉及三十省区市",33
"1998.11.6","李金明当选杭州市市委书记",33
"1998.11.9","金华县税案透析——访国家税务总局新闻发言人",33
"1998.11.12","邹家华在浙江考察时强调　经济发展要与环境保护并举",33
"1998.11.12","造福老人的事业——温州个人兴办老年服务设施的调查",33
"1998.11.13","千件精品荟萃绍兴",33
"1998.11.16","铁律无情——金华县虚开增值税专用发票案稽查始末",33
"1998.11.17","云南发展高新技术产业　浙江实施技术创新工程",33
"1998.11.18","安徽省五百万民工兴水利　沈阳农田基本建设投入大　金华二轮土地承包进展快",33
"1998.11.22","黄兴国任宁波市委书记",33
"1998.11.23","领导抓  抓领导  层层抓　浙江推行反走私领导责任制",33
"1998.11.23","绍兴进京招贤",33
"1998.11.25","宁波加快住宅产品发展",33
"1998.11.25","愿借“仙缘”达四海——浙江“金华旅游周”侧记",33
"1998.11.28","温州：转变观念迈新步",33
"1998.11.29","浙江花卉产业成为经济亮点",33
"1998.11.30","浙江绍兴与中科院建立长期合作关系",33
"1998.12.1","温州：以法为剑斩“黑龙”",33
"1998.12.2","小纠纷不出村  大矛盾不出镇  浙江“枫桥经验”不断丰富发展",33
"1998.12.2","为了百姓的利益——浙江省金华市市民援助中心采访记",33
"1998.12.3","浙江综合治理钱塘江  将筑起一条抵御百年一遇洪水的大堤",33
"1998.12.3","严师育良材——访金华县实验中学",33
"1998.12.4","浙江加大投资确保经济增长",33
"1998.12.5","大吞  大吐  大气派——宁波港北仑矿石码头艰苦创业20年",33
"1998.12.13","东西携手  共谋发展  深圳青岛大连宁波对口帮扶贵州",33
"1998.12.26","张德江当选中共浙江省委书记",33
"1998.12.27","制定建设纲要  确定发展目标  浙江向农业现代化迈进",33
"1998.12.30","沪杭高速公路建成通车  全长一百五十点七公里，大大缩短上海、嘉兴、杭州、绍兴、宁波间的距离",33
"1998.12.31","涛声听东浙，印学话西泠——西泠印社九十五华诞",33
