﻿"index","news_title","prov_cde"
"1998.1.6","文明风景线——记长沙市公安局交警支队",43
"1998.1.9","长沙：租台彩电过新年",43
"1998.1.9","长沙纺织职工多渠道就业",43
"1998.1.11","湖南　11个部门服务到基层",43
"1998.1.11","看衡阳驻村干部怎样帮扶　做给农民看　带着农民干",43
"1998.1.11","长沙市着手整治所谓美容美发店",43
"1998.1.12","黄公略铜像在湘乡揭幕",43
"1998.1.16","改造薄弱学校  夯实办学基础　衡阳市义务教育均衡发展",43
"1998.1.17","纪念陶铸诞辰90周年大会在湘举行",43
"1998.1.19","王茂林当选湖南省人大主任　杨正午当选湖南省省长",43
"1998.1.19","株洲至娄底复线铁路开通运营",43
"1998.1.19","刘夫生当选湖南省政协主席",43
"1998.1.20","常德鼎城一中注重教研活动",43
"1998.1.22","中宣部总政治部湖南省委联合举办报告会　彭楚政先进事迹感人至深",43
"1998.1.25","加强调控 用好基金　长沙“菜篮子”价格平稳",43
"1998.1.25","湖南组织特困矿工共同脱贫",43
"1998.1.30","湖南备耕安排早动手快",43
"1998.1.31","采取多种措施保障供应　湖南节日市场货足价稳",43
"1998.2.1","湖南利用外资居中部省区首位",43
"1998.2.3","解决土地资金技术  实行伙食医疗补助　湖南大力支持武警部队后勤建设",43
"1998.2.3","湘西扎花女",43
"1998.2.4","建设工程漏洞多——怀化地区建设工程竣工项目专项审计的反思",43
"1998.2.5","岳阳优化资本结构进展大",43
"1998.2.5","企业和农民谁也离不开谁  ——湖南湘阴县三塘酱厂调查",43
"1998.2.6","1／2次列车冠名“湘泉号”",43
"1998.2.6","岳阳有所外向型学校",43
"1998.2.9","湖南表彰见义勇为先进个人",43
"1998.2.10","不信春风唤不回——湖南长沙市行风评议活动纪实",43
"1998.2.11","湖南国有工业企业扭亏增盈",43
"1998.2.11","怀化确保春运路畅人安",43
"1998.2.12","湖南落实民族政策促经济发展",43
"1998.2.16","治乱  减负  清费  建制　湖南狠刹行业不正之风",43
"1998.2.20","湘剧《子血》进京演出",43
"1998.2.22","以思想解放推动改革开放和经济建设　湖南省委常委联系实际学习邓小平理论",43
"1998.2.23","湖南：建立抵抗假冒产品防线　江苏：国有商业齐心塑造形象",43
"1998.2.28","蚌埠火柴厂侵犯职工合法权益　有关责任者依法受到处理",43
"1998.3.4","湖南雷锋家乡雷锋多",43
"1998.3.5","责任重于泰山——湖南代表团部分人大代表谈感想",43
"1998.3.8","朱镕基在湖南代表团参加审议时强调　把政府机构改革工作做细做实",43
"1998.3.12","湘江汛期早　长沙车作舟（）",43
"1998.3.13","澳洲桉树  落户湖南（）",43
"1998.3.13","湖南出版界筹划出版光盘版《四库全书》",43
"1998.3.15","株洲机车厂：修炼内功",43
"1998.3.17","湖南　向农业强省跨越",43
"1998.3.18","郴州纪念湘南起义70周年",43
"1998.3.21","衡阳绿色风光带（）",43
"1998.3.25","推广体系连阡陌  示范承包惠农家　湖南坚持科技兴农收获丰硕　去年科技对农业增产贡献率达45％",43
"1998.3.25","岳阳：国际龙舟节",43
"1998.3.27","湖南继续加大对农业的投入",43
"1998.3.30","3年无偿支援资金物资3亿多元　湖南鼎力支援湘西扶贫攻坚",43
"1998.4.2","湖南调整农产品结构",43
"1998.4.3","岳阳加强新经济组织党建",43
"1998.4.5","郴州广开再就业门路",43
"1998.4.7","靠集体智慧步入辉煌——湖南省地税局党组领导工作侧记",43
"1998.4.8","株洲建行力降不良贷款　襄樊个体户有了税费卡　唐山中保抡出三板斧",43
"1998.4.9","湖南掀起春耕生产高潮",43
"1998.4.10","湖南三万下岗职工开发农业",43
"1998.4.13","湖南工会做好困难职工生活保障工作",43
"1998.4.13","衡阳机务段加强职教保安全",43
"1998.4.17","迟浩田考察驻长沙部队时要求　全军要自觉服从服务于改革大局",43
"1998.4.23","株洲织成就业服务网络　多渠道全方位安置下岗职工",43
"1998.4.23","吕叔湘同志逝世",43
"1998.4.24","长沙一建筑物倒塌死难八人",43
"1998.4.27","湖南迅速关闭传销公司",43
"1998.4.28","建立审批制  树立铁规矩　长沙市“治会”卓有成效",43
"1998.4.28","民族语言的守望者——追记语言学大师吕叔湘",43
"1998.4.29","三湘科普“十百千”　铺设兴乡富民路",43
"1998.4.30","林州查处一起偷税案　湖南工商打假保农　沈阳宣判偷逃税案犯",43
"1998.5.2","完善档案制度  建立互助组织　湖南工会做好困难职工生活保障",43
"1998.5.6","岳阳龙舟竞风流——访岳阳市市长周昌贡",43
"1998.5.7","湖南运用价格杠杆启动市场　部分调低电水煤气电讯化肥等的收费标准和价格",43
"1998.5.9","素朴平淡才是真——痛悼吕叔湘老师",43
"1998.5.10","长沙：街头脏乱又抬头",43
"1998.5.11","湘乡市全面清理乱收费　逐步推行行政收费卡制度",43
"1998.5.15","临湘市实行个体税收建账管理",43
"1998.5.17","法院采用公告方式　长沙强化案件执行",43
"1998.5.20","广开门路  热情帮助　长沙开拓社区服务安置下岗职工",43
"1998.5.24","长沙闻过则喜　整顿环境卫生",43
"1998.5.25","一周来，河南西峡符祖国、江西广昌吴小毛、河北石家庄马强等百余位朋友给本刊来信来稿。这里刊登湖南读者周云武的来稿——“结合”要看“结合力”",43
"1998.5.26","推介廉政典型  曝光腐败分子——长沙市雨花区坚持十年开展“四二○”廉政日活动纪实",43
"1998.5.26","民主评议　邵阳全面民主考评公务员　抚顺市开展廉政民主测评　绥化处置农村不合格党员",43
"1998.5.28","湘阴农副产品注册商标",43
"1998.5.30","转变就业观念  开拓就业领域　长沙团组织扶助青工再就业",43
"1998.6.2","岳阳县公安从严治警塑形象",43
"1998.6.3","赤子情洒湘江——记全国战斗英雄刘梅村",43
"1998.6.4","河南湖南按保护价敞开收购余粮  粮食收储企业实行顺价销售",43
"1998.6.6","为素质教育呕心沥血——记天津岳阳道小学王希平校长",43
"1998.6.7","选准路子  培训人才  注重效果  科技扶贫加快湘南五县脱贫",43
"1998.6.8","落实责任  制定预案  湖南做好防汛抗灾准备",43
"1998.6.8","长沙妇联组织热情关怀下岗女工  已帮助万余名下岗女工实现再就业",43
"1998.6.9","明确部门责任  动员社会参与  湖南安置下岗职工四十一万多人",43
"1998.6.15","摆好再就业的“渡船”——记湘潭电机集团再就业服务中心",43
"1998.6.15","岳阳巡警二大队为民排忧解难",43
"1998.6.16","株洲编织计生服务网",43
"1998.6.17","株洲一私营企业安置3600名下岗职工",43
"1998.6.17","依法落实  善抓典型  湖南连续三年教育拨款大幅增长",43
"1998.6.20","国家防办发布今年第一号汛情通报  江西湖南等地一些江河发生大洪水",43
"1998.6.23","虚功实做选准载体  岳阳楼区领导切实做到“两手抓”",43
"1998.6.26","株洲建行支持汽车齿轮厂实施技改",43
"1998.6.30","临湘市公安局刑侦工作成绩突出",43
"1998.6.30","岳阳国际龙舟邀请赛落幕",43
"1998.6.30","专家学者聚集长沙研讨  当前消费热点问题",43
"1998.7.1","《名城血火——长沙大火六十年祭》开拍",43
"1998.7.2","突出一个实——湖南省委书记王茂林谈国企下岗职工再就业",43
"1998.7.3","勤劳有建树  廉洁有公评——记湖南省张家界市委常委组织部长郭树人",43
"1998.7.5","永州市党政领导机关塑造公仆形象　勤政爱民树新风",43
"1998.7.7","湖南红日机械厂搬迁后惨遭劫难　破坏国有资产谁来管？",43
"1998.7.8","湖南粮食市场管理方案出台",43
"1998.7.8","长沙军民协力战胜特大洪水  已开始处理险工险段，修复水毁工程，防止洪水再次袭击",43
"1998.7.10","朱镕基视察湖北湖南抗洪救灾工作要求全国各地　确保大江大河安全渡汛　夺取抗洪救灾全面胜利",43
"1998.7.11","湖南五万大中学生暑期赴农村",43
"1998.7.12","请人挑刺  敢于曝光　岳阳开门整顿政法队伍",43
"1998.7.15","益阳严肃处理违反防汛纪律有关责任人",43
"1998.7.15","衡阳侵犯农民权益的乡镇干部受查处",43
"1998.7.18","吕叔湘学术思想研究",43
"1998.7.19","蚌埠人又饮淮河水",43
"1998.7.21","株洲取消399项对企业行政收费　一年可为企业减轻负担1亿多元",43
"1998.7.24","湖南汛情再度告急　朱镕基总理要求全力以赴保安全",43
"1998.7.24","常德师专强化学生技能训练",43
"1998.7.25","湖南百万军民严守大堤　常德军民抗灾自救社会秩序良好",43
"1998.7.26","江苏将防洪抗洪当作头等大事　岳阳50万人日夜护堤防洪",43
"1998.7.29","温家宝勉励湖南抗洪抢险军民和受灾群众　坚定信心渡过难关重建家园",43
"1998.7.29","沧海横流显本色——湖南抗洪抢险记事",43
"1998.7.29","饮别湘江水  整装雪域行　湖南师大二十六名学子志愿赴藏",43
"1998.7.30","湖南洪峰过后不解甲",43
"1998.7.31","抓住机遇  创建精品　湖南公路桥梁建设总公司加快发展",43
"1998.7.31","振奋精神连续作战  周密部署严防死守　湘鄂皖军民齐心协力抗洪水　",43
"1998.8.1","驻湘部队全力抗洪保安全",43
"1998.8.4","军民鱼水情——长沙市双拥工作纪事",43
"1998.8.5","钮茂生在湖南检查指导防汛工作时强调　严防退水垮堤  确保安全度汛",43
"1998.8.5","湘鄂赣洪峰告急  “千里眼”明察秋毫　我首次用雷达卫星微波遥感测灾情",43
"1998.8.6","韧性的战斗——湖南人民抗洪纪实",43
"1998.8.6","长沙青年志愿者投身抗洪救灾",43
"1998.8.7","迎战长江新洪峰和强热带风暴　安徽湖南军民严阵以待",43
"1998.8.7","岳阳书城开业",43
"1998.8.11","武汉军民战胜长江第四次洪峰　湖南洪峰过后继续严防死守",43
"1998.8.11","张家界公安开门整顿合民意",43
"1998.8.11","抓投入  兴科教——湖南“科教兴湘”采访记",43
"1998.8.12","岳阳3000工人参加突击队迎战洪峰",43
"1998.8.14","抗洪将士辛苦了　于永波率四总部慰问团奔赴鄂湘",43
"1998.8.14","湖南书画研究院作品选（）",43
"1998.8.16","湖南省切实做好救灾工作　灾区人心稳定社会安定未发生传染病流行",43
"1998.8.17","认真贯彻江泽民总书记重要讲话精神　鄂湘赣皖再部署迎接新考验",43
"1998.8.17","武警湖南总队白衣天使为灾区义诊十多万人次",43
"1998.8.18","湖南省防洪工程发挥作用　湖北水利工程减损800亿元",43
"1998.8.18","湖南  开展卫生防疫行动",43
"1998.8.19","广州军区万余官兵紧急增援湖南抗洪　北京军区再调兵力赴内蒙古东部抢险",43
"1998.8.19","湖南  250万军民迎战第六次洪峰　安徽　126万军民全线加紧查险护堤",43
"1998.8.19","湖南控制抗洪期间到灾区检查慰问",43
"1998.8.19","第六届全国大学生田径赛结束　参赛各队情系湖南灾区人民",43
"1998.8.20","长沙海关为企业排忧解难　天津海关救灾物资特事特办",43
"1998.8.20","湖南法院及时审结涉灾案件",43
"1998.8.20","常德做好救灾保学工作",43
"1998.8.20","体育后备人才的摇篮——访湖南省临湘二中",43
"1998.8.20","衡阳　下岗青工组建联合体",43
"1998.8.21","朱镕基打电话询问湖南抗洪抢险情况　要求全省军民万众一心夺取抗洪抢险最后胜利",43
"1998.8.21","长沙又发现大型汉墓群",43
"1998.8.21","湖南万余名白衣卫士奔赴灾区",43
"1998.8.22","身先士卒作榜样——记抗洪抢险中的岳阳市委常委、宣传部长罗典苏",43
"1998.8.24","李瑞环察看江西湖南抗洪救灾情况　强调要妥善安排灾民生活，切实搞好大灾之后的防疫工作",43
"1998.8.24","湖南水位回落军民斗志不减",43
"1998.8.24","湖南做好救灾保学工作　不让一个学生因灾失学",43
"1998.8.25","一浪一峰总关情——李瑞环在湖北、江西、湖南察看汛情慰问军民",43
"1998.8.25","为及时做好灾后重建工作　国务院湖南调研组赶赴灾区",43
"1998.8.25","为党旗添光彩——记抗洪抢险中的湖南各级党组织和党员干部",43
"1998.8.26","李鹏打电话慰问鄂湘抗洪军民　要求再接再厉夺取抗洪斗争最后胜利",43
"1998.8.27","坚决落实江泽民主席最新指示　鄂湘赣军民全力迎战长江第七次洪峰",43
"1998.8.28","湖南军民严防死守保大堤　佳木斯30万军民迎战洪峰",43
"1998.8.28","风口浪尖搏激流——湖南公安干警抗洪速记",43
"1998.8.29","大庆抗洪抢险形势仍然严峻　湖南军民加大查险处险力度",43
"1998.8.30","为迎战长江新的洪峰　湘鄂抗洪部队严阵以待",43
"1998.8.30","身先士卒保大堤——记临湘市委书记赵协成",43
"1998.8.31","岳阳五十三名干部抗洪失职受处分",43
"1998.9.1","湖南6000检察官：舍生忘死抗洪灾",43
"1998.9.2","长沙救灾教育优先",43
"1998.9.3","金秋时节三湘大地万骑争先　百城市自行车赛总决赛将在长沙鸣枪",43
"1998.9.4","李岚清在江西湖南湖北检查部署灾区工作时强调　切实做好灾区防病防疫工作　力争中小学秋季能及时开学",43
"1998.9.4","江泽民到湖南察看灾情　慰问军民指导抗洪救灾",43
"1998.9.4","长沙私购公房可入市交易",43
"1998.9.4","建立监督机制  规范发放使用　常德重灾区严格救灾款物管理",43
"1998.9.4","以色列友人向湖南灾区捐款",43
"1998.9.9","芙蓉国里软件魂——访湖南创智软件集团",43
"1998.9.10","湖南灾区抢排渍水开展生产自救",43
"1998.9.10","农民增收减负形势不容乐观——湖南河南四川三省调查",43
"1998.9.13","湖南湖北力保援藏项目资金足额到位",43
"1998.9.13","保持水土  改善生态  根治水患　湖南决定封山植树退耕还林",43
"1998.9.15","在湖南澧县县城与溃决的澧南垸之间18公里水路上，一艘铁驳船来回穿梭，当地村民称它为——汪洋中的救命船",43
"1998.9.17","情满洞庭——武警湖南总队三支队抗洪抢险纪事",43
"1998.9.17","制订切实可行方案  坚持做到五落实　岳阳县筑好灾后防疫“大坝”",43
"1998.9.24","包县包乡包村  消毒灭鼠灭蚊　湖南灾后传染病减少",43
"1998.9.28","“新娘”温柔一刀  “新郎”叫苦不迭　张家界婚俗表演变相宰客",43
"1998.9.29","合力携手保家园——湖南省南县人大系统抗洪纪实",43
"1998.9.30","发挥专业技术优势  抗洪抢险屡建功勋　长沙工程兵学院教练营受表彰",43
"1998.10.2","市场货源充足价格平稳　湖南灾区喜庆“两节”",43
"1998.10.4","社会消费品零售额明显增长　湖南“两节”市场购销两旺",43
"1998.10.5","退耕还林  退田还湖  移民建镇  加固干堤　湖南灾后重建与治理水患结合",43
"1998.10.5","军徽闪耀三湘四水",43
"1998.10.6","杨正午任湖南省委书记",43
"1998.10.8","《中国女排在郴州》出版",43
"1998.10.9","湖南确保发行稳中有升",43
"1998.10.10","对外经济关系跨世纪发展研讨会在湖南召开　探讨对外经济关系跨世纪发展",43
"1998.10.15","悦达集团资助湖南灾区千名大学生",43
"1998.10.21","上海对口支援三峡库区成效显著　铁路高速化设备研制有进展　华力特公司开发高附加值产品　邵阳加快国有工业企业改革",43
"1998.10.21","湖南省湘潭市隆重举行　彭德怀铜像揭幕暨纪念馆开馆仪式　江泽民总书记分别题写像名和馆名",43
"1998.10.22","把爱心献给每一位顾客　长沙中山医药器械公司健民药店确保售好药",43
"1998.10.23","湖南全民健身活动开展活跃",43
"1998.10.28","从根本上治理洞庭湖区水患　湖南决定退田还湖平垸行洪",43
"1998.10.30","长沙有座市民健身乐园",43
"1998.10.31","百城市自行车赛总决赛时间确定　十一月十五日长沙县城万骑争先",43
"1998.11.2","完善制度  有效服务  湖南：建立再就业服务中心",43
"1998.11.3","湖南永兴举办经贸洽谈会",43
"1998.11.3","特技飞行大奖赛落幕长沙",43
"1998.11.9","湖南大学多媒体信息教育学院开学",43
"1998.11.10","立章建制  民主理事——湖南省浏阳市村务公开工作纪事",43
"1998.11.11","株洲建下岗青工再就业市场",43
"1998.11.12","落实建设资金  保证施工质量　长沙重点防洪工程全面铺开",43
"1998.11.13","只需一磨  变废为宝　高性能“绿色水泥”在湘问世",43
"1998.11.16","学《修养》  讲党性　长沙党员开展岗位作贡献活动",43
"1998.11.16","各地健将聚星沙  两轮车上展丰采　全国百城市自行车赛决战长沙",43
"1998.11.17","悦达集团捐助千名湖南学子",43
"1998.11.19","湖南隆重纪念刘少奇百年诞辰　刘少奇生平业绩展开展",43
"1998.11.25","湖南推进粮改加强市场管理",43
"1998.11.25","计算机两千年难题有突破　便捷“直通卡”在湘研制成功",43
"1998.11.25","缅怀建国后刘少奇对湖南工作的指导",43
"1998.11.27","关怀化春雨  芳泽润油田——追记刘少奇视察大庆油田",43
"1998.11.30","包头公安切实为民服务　娄底民警实行竞争上岗",43
"1998.12.1","长沙县全民健身真红火",43
"1998.12.2","开拓进取创一流——长沙交警支队车管所抓班子建队伍纪事",43
"1998.12.3","湖南加快高等级公路建设",43
"1998.12.4","加强领导  规范操作  不断完善  湖南国企推行厂务公开",43
"1998.12.7","四川国企改革因地制宜  湖南加强国企班子建设",43
"1998.12.7","怀化农村综合改革试验结硕果",43
"1998.12.7","湖南医大成功克隆神经性耳聋基因",43
"1998.12.7","临湘国税着力压费收入大幅增长",43
"1998.12.8","知难而进——记湖南衡阳市公路局局长钟国政",43
"1998.12.21","河北国税超额完成税收任务  湖南“两税”入库进度加快",43
"1998.12.29","株洲四建开86个账户逃欠税255万",43
"1998.12.31","长沙查获贩卖淫秽光盘大案",43
