﻿"index","news_title","prov_cde"
"1998.1.7","福建财政连续十三年收支平衡",35
"1998.1.12","游德馨当选福建省政协主席",35
"1998.1.15","袁启彤当选福建省人大常委会主任　贺国强当选福建省省长",35
"1998.1.16","厦门小白鹭民间舞团　为中国艺术舞出风采",35
"1998.1.19","造福平民常青树——记福建莆田县平民医院院长俞福柏",35
"1998.1.26","厦门远华足球队2月1日亮相",35
"1998.1.31","闽宁对口扶贫协作见实效　西海固23万农民脱贫",35
"1998.2.2","增加事业经费  设立专项基金　厦门完善精神文明建设投入体制",35
"1998.2.4","采取有效措施  解决群众困难　福建建立基本生活保障网",35
"1998.2.4","厦门足球赛又战一轮　敖东泰山连战皆捷",35
"1998.2.6","福建十大科技工程热气腾腾　去年全省科技贡献率接近48％",35
"1998.2.6","厦门足球邀请赛落幕　延边敖东三战全胜夺冠",35
"1998.2.9","北京地方财政收入连年增长　福建财政连续13年收支平衡",35
"1998.2.10","福建外向型经济势头强劲",35
"1998.2.10","闽西山区兴建高速公路",35
"1998.2.11","福建备耕备种齐上阵",35
"1998.2.11","厦门火车站派出所强化扫黄打非",35
"1998.2.16","福建南安贵峰村  稚童老翁会吟诗",35
"1998.2.16","厦门小老板热衷深造",35
"1998.2.21","莆田开展“学会做群众工作”活动",35
"1998.2.22","福建“120”急救网遍城乡",35
"1998.2.22","凝聚春天思念  再现伟人风采　厦门举办邓小平视察南方展",35
"1998.2.23","福建集会纪念周恩来百年诞辰",35
"1998.3.5","“爱民模范”正年轻——记厦门市杏林公安分局刑侦大队长陈煌",35
"1998.3.9","福建　繁荣经济促统一",35
"1998.3.12","李鹏参加福建代表团讨论时指出　审时度势促进对外开放",35
"1998.3.13","福建城市添新绿",35
"1998.3.24","灾后更加重视水利建设　福建春修水利见实效",35
"1998.3.28","乐为统一献绵薄——记全国政协委员、民革福建省副主委林嘉騋",35
"1998.3.30","增强防灾抗灾能力消除经济发展隐患　福建五十七县市兴建城区防洪工程",35
"1998.3.31","福建农民收入增幅大",35
"1998.3.31","泉州小“洛阳”",35
"1998.4.2","村务公开  民主管理  福建农村干群关系改善",35
"1998.4.3","福建旅游创汇六亿多美元",35
"1998.4.4","严把源头收费  实施规范管理  福建完善制度减轻农民负担",35
"1998.4.5","福建进一步改善投资环境  承德外商投资占固定资产投资总额1／3",35
"1998.4.6","民评官  正行风  抓整改  漳州市强化社会舆论监督",35
"1998.4.7","内蒙古工业利润年增八成　广西实行“人盯人”扶贫　福建农村三年内户户通电　广东海关促外贸有新招",35
"1998.4.7","干部包村包户  集中财力扶贫　龙岩贫困面降至千分之三",35
"1998.4.12","漳州建立“组织部长夜谈制度”　市、县（区）组织部长及市委、市政府有关部门定期接待干部群众来访，倾听意见，解决问题",35
"1998.4.16","福建  “人情费”知多少",35
"1998.4.21","依法办事  手续从简  优质服务  厦门优化涉外税收环境",35
"1998.4.26","严把源头收费  实施规范管理　福建继续减轻农民负担",35
"1998.4.28","北京吸引外资投向高新技术产业　泉州外商投资千万美元以上项目达一百八十七家",35
"1998.4.29","合理布局简化手续　福建加快口岸建设",35
"1998.5.11","漳州乡村民居实行统一规划",35
"1998.5.14","福建在京召开招商项目推介会",35
"1998.5.26","钱其琛会见香港泉州同乡会访问团",35
"1998.5.28","王兆国会见香港泉州同乡会访问团",35
"1998.5.28","龙岩农民果园入股办公司",35
"1998.5.31","观念变  山海变——从闽东看福建农村脱贫致富奔小康",35
"1998.5.31","厦门集美航天城开馆",35
"1998.6.1","武警交通厦门指挥所创优良业绩",35
"1998.6.5","三十七城市发布空气质量周报  大连厦门南京上海四城市开始空气质量日报",35
"1998.6.7","厦门书商贸会国际展城飘书香",35
"1998.6.8","台商投资厦门趋增",35
"1998.6.8","泉州自来水公司为民办实事",35
"1998.6.10","柯达工业园在厦门海沧奠基",35
"1998.6.10","漳州  促进两岸农业合作",35
"1998.6.11","福建惠安雕艺展在京开幕",35
"1998.6.12","泉州企业逃废债务  银行贷款有去无还",35
"1998.6.12","厦门建行个人住房贷款方便百姓",35
"1998.6.12","合民心  顺民意——福建省推行村务公开和民主管理制度的调查",35
"1998.6.13","加大投入  加快引资  加强服务  厦门千方百计拉动经济增长",35
"1998.6.18","四川前5个月利用外资高速增长  福建外贸保持平稳发展态势  黑龙江中俄边境旅游异军突起",35
"1998.6.22","闽边防海上报警系统锋芒初露",35
"1998.6.25","福建闽江江西信江发生大洪水  温家宝要求继续做好迎战洪水的各项工作",35
"1998.6.26","国家防总致电慰问福建抗洪救灾第一线军民",35
"1998.6.26","闽赣驻军奋力抗洪抢险",35
"1998.6.30","闽侯检察院提高自侦案件质量",35
"1998.7.1","在特殊的日子收到特殊的纪念卡　宁德党员干部重温入党誓词",35
"1998.7.1","备战亚运会和世锦赛　中国女排漳州练兵",35
"1998.7.6","福建外贸出口持续增长",35
"1998.7.6","厦门ABB获首张全面管理体系认证书",35
"1998.7.13","南京军区向闽赣灾区捐赠款物",35
"1998.7.14","泉州工行住房贷款有新招　最长不超过三天批给贷款",35
"1998.7.14","漳州公安“百日会战”成效显著",35
"1998.7.14","福建禁毒工作取得明显成效",35
"1998.7.16","共同开发  共担风险　福建实施科研项目与企业挂钩",35
"1998.7.17","福建：努力拓展利用外资领域",35
"1998.7.17","福建检察机关举报中心成绩斐然　在全国率先开通“96100”举报电话",35
"1998.7.20","福建整顿农村电价初见成效",35
"1998.7.21","闽深加大打击走私力度　福建：严打法人走私和重点货物走私　深圳：上半年查获走私案值7．5亿元",35
"1998.7.21","搭起心桥听民声——漳州开展夜谈活动纪实",35
"1998.7.22","街道办  作用大——泉州市鲤城区鲤中街道采访录",35
"1998.7.22","福建三明市民盟开展引资活动",35
"1998.7.23","改进机关作风  提高办事效率　三明开展“说办就办说到做到”活动",35
"1998.7.24","在大潮中腾跃——厦门桂龙集团有限公司发展记",35
"1998.8.1","厦门市委市府慰问子弟兵",35
"1998.8.1","挥洒汗水艰苦磨砺  中国女排结束漳州夏训",35
"1998.8.3","闽澳经贸旅游合作研讨会举行",35
"1998.8.4","加大固定资产投资  努力拓展内需市场　福建上半年经济增长居全国前列",35
"1998.8.5","厦门致力提高再就业安置率",35
"1998.8.6","第二号热带风暴在福建登陆",35
"1998.8.9","泉州经济扎实快速发展　全年国内生产总值可增百分之十七点五",35
"1998.8.11","泉州加强新经济组织党的建设",35
"1998.8.17","发扬抗洪军民团结奋斗顽强拼搏的伟大精神　京津沪粤闽鲁确保经济增长支持抗洪一线",35
"1998.8.19","向管理要效益  向质量要效益　福建坚持开展“降废减损”活动",35
"1998.8.26","厦门湾“疑存雷区”的消失——东海舰队海测兵厦门湾扫雷纪实",35
"1998.9.1","台胞乘船直航厦门  返回岛内竟遭逮捕",35
"1998.9.7","制度作规范群众来评判　泉州加强政府机关勤政建设",35
"1998.9.8","英航购买32架波音777  波音717研讨会在厦门举行",35
"1998.9.10","我们村的年轻人——福建沙县第一个“亿元村”涌溪村见闻",35
"1998.9.11","上海  落实组织措施  实行集订分送　福建  扎实做好工作  保证订阅经费",35
"1998.9.15","吴仪在福建考察反走私工作时强调　从快从重查处一批大案要案",35
"1998.9.16","福建公安边防打私成效显著　查获案件74起案值7000多万元",35
"1998.9.16","情系灾区  踊跃捐赠　福建省各级政协委员和机关干部捐款千万元",35
"1998.9.22","厦门乡企产值同比增长两成",35
"1998.9.24","参政议政落实处——泉州市政协积极为政府出谋划策记",35
"1998.9.27","统一政策 全面部署 发动群众 民主监督　福建大力清房为房改扫除障碍",35
"1998.9.28","金融赤子——记农业银行福建省龙岩市红坊营业所主任饶才富",35
"1998.9.28","关注大局  注重质量  讲求实效　厦门政协提高参政议政水平",35
"1998.9.28","厦门马塘村新景（）",35
"1998.9.29","福建连江边防警察破获一起特大贩毒案",35
"1998.9.30","八闽大地民主风——福建省政协工作的实践与开拓",35
"1998.10.13","福建公安边防总队连破走私大案",35
"1998.10.19","湖北工行加大投入支持灾后重建　渣打银行将获准在北京设分行　厦门推出“中行VISA欢迎您”活动",35
"1998.10.26","教育整顿　北京政法系统形象改观　重庆公安机关执法严明　厦门公安队伍办事认真",35
"1998.10.26","民间大使援手扶贫工程  闽南水鸭游上黄土高坡（）",35
"1998.10.28","黄菊与福建省领导座谈时提出　沪闽携手共创合作交流新局面",35
"1998.11.1","厦门：加快产业升级换代",35
"1998.11.2","信息网：闽北农民“淘金场”　今年前10个月网上成交额1．1亿元",35
"1998.11.9","扩大规模  拓宽领域  提高档次　福建省山海联动共谋发展",35
"1998.11.9","香格里拉将在厦门开设酒店",35
"1998.11.9","厦门率先“三检”合一",35
"1998.11.10","公仆英魂系八闽  风范长存照后人——纪念项南同志逝世一周年",35
"1998.11.11","构建文化网络  丰富精神生活　宁德百余农村宣教中心生机勃勃",35
"1998.11.12","福建国企下岗职工基本生活有保障　重庆出台扶持政策推进再就业工程",35
"1998.11.13","李瑞环在福建考察工作强调　结合实际贯彻落实三中全会精神",35
"1998.11.13","集中协调  专家咨询  综合执法　厦门实现管海一盘棋",35
"1998.11.16","龙岩市万名科技人员下海弄潮",35
"1998.11.16","大米草吃掉闽东11万亩浅海滩涂　“洋草”成“祸草”",35
"1998.11.19","研究走私贩私新问题  探索严防猛打新方法　厦门打击走私规范化法制化",35
"1998.11.21","走进厦门",35
"1998.11.23","厦门企业为龙岩山区“输血”",35
"1998.11.23","广泛发动群众  突出打击重点　福建反走私取得阶段性成果",35
"1998.11.25","四川国税一周查补6000万元　郑州完成地税涉外税收任务　辽宁积极开展增收节支　福建地税全力以赴抓增收　广东国税加大清欠力度",35
"1998.11.26","大浪拍岸听新声——闽南建设宽裕型小康村活动剪影",35
"1998.11.28","王兆国会见澳门福建同乡会访京团",35
"1998.11.29","闽台农业合资项目逾千家",35
"1998.11.29","漳州马口桥花市百里长",35
"1998.11.30","厦门星级酒店　削低门槛迎百姓",35
"1998.12.3","福建军队武警及政法机关移交企业",35
"1998.12.8","培育增长点  注重高质量  泉州经济发展有后劲",35
"1998.12.9","中国国内旅游交易会在泉州开幕",35
"1998.12.14","福建利用外资保持良好势头  连续4年实际利用外资达40亿美元以上",35
"1998.12.23","时代的呼唤——福建五十五位厂长经理呼吁放权“松绑”十四周年回访",35
"1998.12.28","北京福建等地缅怀高士其",35
