﻿"index","news_title","prov_cde"
"1998.1.1","北京举行新年音乐会　江泽民李鹏乔石朱镕基李瑞环刘华清尉健行李岚清　与万名首都各界群众和劳动模范代表一起辞旧迎新",11
"1998.1.1","李鹏在北京考察企业  向广大职工祝贺新年，对节日坚守岗位的同志们表示慰问",11
"1998.1.6","贾庆林在北京经济工作会上提出  稳中求进加快首都经济发展",11
"1998.1.8","北京特大型煤气储罐建成投产",11
"1998.1.8","党中央国务院关心西藏灾情　北京赴藏慰问组抵达拉萨",11
"1998.1.9","北京经济运行态势喜人　国内生产总值增长9．5％  地方财政收入增长25．5％",11
"1998.1.9","北京铁路公安爱民便民",11
"1998.1.9","发展名牌战略  鼓励科技开发　北京市政协倾心科技进步",11
"1998.1.9","北京市将举行室内足球赛",11
"1998.1.10","北京市举行老干部迎春团拜会",11
"1998.1.11","张北—尚义发生六点二级地震　各界正组织紧急救灾　北京军区救灾人员赶赴灾区",11
"1998.1.12","无形的扩张——调整中的北京大商业（上）",11
"1998.1.12","北京乡企率先进入国际互联网",11
"1998.1.12","大韩再保险公司北京代表处成立",11
"1998.1.12","北京举行“110宣传日”咨询活动",11
"1998.1.12","工行北京分行效益上新台阶",11
"1998.1.13","李贵鲜走访慰问北京贫困群众",11
"1998.1.13","慰问中科院院士　北京举行新春音乐会",11
"1998.1.15","立足高新技术推动第三产业　北京致力发展首都经济",11
"1998.1.15","北京华联开业一年业绩不俗",11
"1998.1.16","有形的壮大——调整中的北京大商业（下）",11
"1998.1.16","北京建行深化稽审改革",11
"1998.1.16","北京军区251医院在灾区建起临时病房",11
"1998.1.16","北京音乐厅频传喜讯",11
"1998.1.16","刘兰芳、唐耿良、袁阔成等聚集北京　评书评话名家今起展演",11
"1998.1.17","北京增开列车　疏散滞京旅客",11
"1998.1.18","送温暖常抓不懈  解忧困贯穿始终　北京  两亿专款扶助困难户　合肥  四万下岗职工再就业",11
"1998.1.19","全国男篮甲A联赛　北京首钢队大胜空军队",11
"1998.1.19","北京：一票可乘多班车",11
"1998.1.20","陈广文当选　北京市政协主席",11
"1998.1.20","为觅昆仑一把草——记北京交通医院耳鼻喉疾病专家董现明",11
"1998.1.21","北京六建七捧鲁班奖",11
"1998.1.21","合同上岗信息引导　北京规范外来劳动力市场",11
"1998.1.21","北京市举办大规模少年儿童棋赛",11
"1998.1.21","新春北京：体育健身乐融融",11
"1998.1.21","北京老人牵挂小王磊",11
"1998.1.22","张健民当选北京市人大常委会主任　贾庆林当选北京市市长",11
"1998.1.22","北京地坛小学模范教师刘广贵呼吁　培养学生“小主人”意识",11
"1998.1.23","北京举办迎新春花卉展",11
"1998.1.23","《亿邦广告》在北京创刊",11
"1998.1.23","全面育人道路宽——北京88中实施素质教育纪实",11
"1998.1.23","贯彻落实全民健身计划纲要　北京市体委加大力度见成效",11
"1998.1.23","北京电视台：春节播出不停机",11
"1998.1.24","北京实宝来公司通过质量认证",11
"1998.1.24","上海三菱北京分公司通过认证",11
"1998.1.25","打开针灸原理的大门——记北京医科大学教授韩济生",11
"1998.1.25","北京举办迎新春万人健身秧歌赛",11
"1998.1.26","北京十多万人清除白色污染",11
"1998.1.26","北京市桥牌协会与华远续约",11
"1998.1.27","北京住宅三公司探索党建新路",11
"1998.1.27","明天会更好——访北京武术队",11
"1998.1.27","北京市杂文学会换届",11
"1998.1.27","北京市举办“迎新年送年画”活动",11
"1998.1.29","纳西古乐亮相北京音乐厅",11
"1998.2.1","落实重点扶持项目  加快产品结构调整　北京高科技产品驶入市场主航道",11
"1998.2.3","杨艺与“北京平四”",11
"1998.2.4","北京合行支持下岗职工再就业",11
"1998.2.5","北京市领导慰问武警国宾卫士",11
"1998.2.5","北京朝阳区卫生局获殊荣",11
"1998.2.5","球迷过大年  ——北京市春节乒乓球擂台赛侧记",11
"1998.2.6","北京“朝副”批发国产名牌居多",11
"1998.2.6","春暖血癌病房  ——春节走访北京人民医院",11
"1998.2.6","胡同深处烛光亮  ——记北京琉璃寺小学的3位教师",11
"1998.2.6","王刚、成方圆伉俪主演音乐剧　《音乐之声》名扬北京",11
"1998.2.8","北京内蒙古　查获山西假酒",11
"1998.2.9","北京移动电话用户逾七十万",11
"1998.2.9","北京地方财政收入连年增长　福建财政连续13年收支平衡",11
"1998.2.9","纳西古乐进北京",11
"1998.2.9","北京市地方涉外税收大增",11
"1998.2.10","北京汇珍楼争达国标",11
"1998.2.10","北京成立法医学和精神病司法鉴定委员会",11
"1998.2.10","北京东城区人才市场开业",11
"1998.2.10","满意率增长12个百分点的思考——北京市人事局转变机关工作作风纪事",11
"1998.2.11","北京利用外资项目质量提高",11
"1998.2.11","北京：垃圾焚烧炉变废为宝",11
"1998.2.11","北京侨办形成竞争人事机制",11
"1998.2.12","清游商端窝点  抓精品促繁荣　北京确保文化市场健康有序",11
"1998.2.12","北京铁融助学基金设立",11
"1998.2.13","迎两会  保安全　北京整顿交通秩序",11
"1998.2.13","书业“风向标”定位　北京书订货会成交额创新高",11
"1998.2.13","万户书香绕京城  ——北京大众读书会10年纪事",11
"1998.2.13","人事和分配制度改革使医患受益　北京朝阳医院实现“全年候”服务",11
"1998.2.13","抽样选点  数据真实　北京市经管站为政府当“参谋”",11
"1998.2.14","北京市领导与各区县签订责任书　加强首都社会治安综合治理",11
"1998.2.14","探索绿茵娃娃的成长规律  ——北京龙力足球学校总教练拉德一席谈",11
"1998.2.15","圆满结束香港之行　乔石回到北京",11
"1998.2.16","转变机关作风  提高办事效率　北京国家机关工委深入开展“双创建”活动",11
"1998.2.16","学制有弹性  学生可选择　北京理工大鼓励个性发展",11
"1998.2.17","北京三里屯街道关心外地民工",11
"1998.2.18","旅游成为北京支柱产业",11
"1998.2.18","李铁映在北京四通集团考察时强调　追赶知识经济浪潮",11
"1998.2.19","北京铁路分局安全生产1000天",11
"1998.2.19","北京军区表彰抗震救灾英模",11
"1998.2.20","圆满结束对欧洲三国访问　李鹏总理回到北京　李岚清同机回京朱镕基等到人民大会堂迎接",11
"1998.2.20","北京纪念布莱希特",11
"1998.2.21","北京国际公路接力赛月底鸣枪　姜波董艳梅等好手出阵",11
"1998.2.23","北京创造条件发展非公有制经济　积极调整、修正、补充不符合公平竞争的条规",11
"1998.2.23","北京春季人才市场火爆",11
"1998.2.23","学高为师  身正为范　北京八十中形成优秀青年教师群",11
"1998.2.24","北京盘拓咨询有限公司成立",11
"1998.2.24","走千家  进万户  排隐患  保安全　北京强化法律保障",11
"1998.2.24","武警北京一总队备勤“两会”",11
"1998.2.24","书潮涌过浪纷纷——从’98北京书定货会看书发行",11
"1998.2.25","姜春云在首都绿化美化先进单位积极分子表彰会上指出　改善生态环境就是发展生产力　贾庆林提出要使北京的生态环境达到世界一流水平",11
"1998.2.26","缓解下岗职工后顾之忧　北京规定双职工不得同时下岗",11
"1998.2.26","净化文化市场  创造良好环境　北京市扫黄打非集中行动出师初捷",11
"1998.2.26","北京世界杯短池游泳赛　中国队首日夺六枚金牌",11
"1998.2.27","北京组建旅游集团",11
"1998.2.27","北京世界杯短池游泳赛收兵　扈晓雯破一项世界纪录",11
"1998.2.28","北京今起发布市区空气质量周报",11
"1998.2.28","北京周报纪念创刊四十周年",11
"1998.2.28","北京邓小平思想研究会成立",11
"1998.2.28","北京：43万下岗失业人员再就业",11
"1998.2.28","北京东区邮电局服务又上新台阶",11
"1998.3.1","北京邮政代发增时效　深圳电话亭里添话簿",11
"1998.3.2","彩虹科技设立北京代表处",11
"1998.3.2","马路宽  楼房高  观念新  ——北京师范大学学生寒假归来说故乡",11
"1998.3.2","北京国际公路接力赛鸣枪　中国队勇夺国际女子组桂冠",11
"1998.3.2","友谊·参与·发展  ——北京国际公路接力赛扫描",11
"1998.3.2","北京证券有限责任公司成立",11
"1998.3.3","严格管理  依法保护　北京加强外来人口管理工作见成效",11
"1998.3.3","周密安排认真部署　北京市全力以赴服务“两会”",11
"1998.3.3","生存系于质量——记北京西单商业文明服务示范街",11
"1998.3.5","列席九届人大一次会议开幕式闭幕式　董建华抵达北京",11
"1998.3.5","北京首批学雷锋活动基地挂牌",11
"1998.3.5","北京大学座谈学雷锋",11
"1998.3.5","女校长的体育情结——访北京龙泉驾校校长高扬",11
"1998.3.5","“围城”与“进城”——北京农垦新形象的塑造",11
"1998.3.6","李鹏参加北京代表团讨论　听取对政府工作报告的意见和建议，就北京市如何加快发展问题发表重要意见",11
"1998.3.6","《周恩来与北京》出版",11
"1998.3.6","北京音乐家　追思王酩",11
"1998.3.9","夜闯红灯罚500元  醉酒驾车罚200元　北京重罚交通违规",11
"1998.3.11","北京做好行车保障",11
"1998.3.12","希尔顿全国篮球联赛四强产生　八一山东辽宁北京入围",11
"1998.3.13","北京人的生活素描　二十集电视纪录《家在北京》",11
"1998.3.16","深入开展“百城万店无假货”活动　北京市为示范街示范店挂牌",11
"1998.3.16","北京　服务全国  走向世界",11
"1998.3.17","“儿女”式服务——记北京西城区老年病防治中心",11
"1998.3.19","部分人大代表观赏北京交响乐团演出",11
"1998.3.19","起伏心意伴篮球——记北京队主教练闵鹿蕾",11
"1998.3.19","黄金搭档共创精品——记北京城建一公司李宝丹管理型青年突击队",11
"1998.3.23","北京南昌举行座谈会纪念“世界水日”“中国水周”强调　从战略高度重视水利问题",11
"1998.3.23","北京市档案馆晋升国家一级档案馆",11
"1998.3.23","“北京二中作家群”引人注目",11
"1998.3.23","股市又逢春气暖——北京投资基金开户第一天掠影",11
"1998.3.23","北京街区　自筹资金修胡同（）",11
"1998.3.24","北京将办高新技术产业国际周",11
"1998.3.24","北京举行“周恩来与文化艺术工作”座谈会",11
"1998.3.24","教育面对新挑战——哈佛大学校长在北京大学演讲侧记",11
"1998.3.25","北京：全国汽车拉力赛",11
"1998.3.26","宇通快运开通中原直达北京快车",11
"1998.3.26","北京经济函授大学桃李芬芳",11
"1998.3.26","北京工人老作家推出新作",11
"1998.3.26","五处鸣枪  万人同跑　北京春季长跑比赛即将举行",11
"1998.3.27","北京田华集团“双文明”结硕果",11
"1998.3.27","探索重点高校与社区合作新路　北京理工大学与海淀区展开合作",11
"1998.3.27","北京联大纺织工程学院更名",11
"1998.3.27","迟到观众不发愁　北京音乐厅增设电视服务设备",11
"1998.3.28","贾庆林在北京市政府一次全体会议上提出　职工下岗首先要交职代会讨论",11
"1998.3.29","积极倡导火葬  推行殡葬改革　北京举行骨灰撒海活动",11
"1998.3.30","北京第一中级法院整顿纪律作风",11
"1998.3.30","公开办事程序接受群众监督　北京平安大街拆迁建设同步进行",11
"1998.3.30","北京春季长跑赛鸣枪",11
"1998.3.31","北京服装批发市场又添新军",11
"1998.3.31","北京军区某集团军为国分忧　百分之九十六的随军家属解决就业问题",11
"1998.3.31","北京海淀区拓宽就业门路　下岗职工再就业率达百分之八十以上",11
"1998.4.1","北京“京洲花园”小区奠基开工",11
"1998.4.1","控尾气  降煤烟  防扬尘  增绿地  北京市治理空气污染",11
"1998.4.1","北京强化干部科技意识",11
"1998.4.2","科技为先导  促经济发展  北京技术市场交易活跃  去年交易额五十四亿元再创历史新高",11
"1998.4.2","北京旅游市场秩序好转  国旅总社等获紫禁杯奖",11
"1998.4.2","采用高新技术  推进梯队建设  北京朝阳医院强化特色医疗",11
"1998.4.3","北京鼓励下岗人员到农村求发展",11
"1998.4.3","北京部分职高将实施“大职校”方案",11
"1998.4.3","北京《旭日惊雷》首映",11
"1998.4.3","北京举行魏喜奎创演奉调大鼓五十年纪念会",11
"1998.4.4","北京取消二十八项收费项目",11
"1998.4.5","北京市属医院试行内部结构工资制  医疗改革从人事分配入手",11
"1998.4.5","北京书馆基藏书库——周六犹在春睡中",11
"1998.4.6","黑龙江推进社会保险  甘肃加大电信投资  北京生产新型地铁客车  吉林四市优化资本结构",11
"1998.4.6","心系老区——北京圆明园学院扶贫助教纪事",11
"1998.4.7","北京举办税收咨询宣传日",11
"1998.4.7","香港林护基金会向北京医科大捐款",11
"1998.4.7","北京举办农技擂台赛",11
"1998.4.7","北京涉外酒店举行足球赛",11
"1998.4.8","北京纪念世界卫生组织成立50周年　李岚清出席并讲话",11
"1998.4.8","北京东城检察院反贪科成绩显著",11
"1998.4.8","北京将举办家庭健步比赛",11
"1998.4.9","出席亚欧会议并圆满结束访问英法两国后　朱镕基总理回到北京　李岚清等到人民大会堂迎接",11
"1998.4.9","北京旅游信息网开通",11
"1998.4.9","加强下岗职工管理  开辟新的就业渠道　北京市出台新政策",11
"1998.4.9","北京确定十项生态工程",11
"1998.4.10","首批确定一百所再就业培训学校  北京免费培训下岗职工",11
"1998.4.10","北京公布外来人口普查情况",11
"1998.4.10","架起友谊桥梁——写在北京至平壤新航线开辟之际",11
"1998.4.10","双休日中的北京人",11
"1998.4.10","四部影同时上映　北京有座穹幕影厅",11
"1998.4.11","线路变动 项目增加 赛时延长　北京国际马拉松赛“改头换面”",11
"1998.4.11","北京市启动爱康健身工程",11
"1998.4.11","亚优杯北京国安队落败",11
"1998.4.12","北京市人口保持低增长",11
"1998.4.13","北京加大公务员培训力度　9万人通过培训和考试",11
"1998.4.13","北京国安队获亚优杯第三名",11
"1998.4.14","北京将建国家大剧院　前期建设设计方案开始国际招标",11
"1998.4.14","北京市民“健康创新高”　双体帆船扬帆雁栖湖　伟业新闻杯网球赛举行　世界杯纪念卡将发行",11
"1998.4.14","大学生，请别忘故乡——北京高校来自边远地区部分大学毕业生访谈录",11
"1998.4.15","北京确定2000年现代化教育基本框架",11
"1998.4.17","向建国50周年献礼　北京确定67项重大工程项目　总投资1165.6亿元今年可竣工13项",11
"1998.4.17","取消重点初中  实施就近入学　北京小学毕业生全部免试升学",11
"1998.4.18","北京市工行今年发放个人购房贷款5亿元",11
"1998.4.19","300平方米面积  面对350万小读者　北京少儿书馆何时“长大”",11
"1998.4.20","北京市交通小资料",11
"1998.4.20","目击北京行路难",11
"1998.4.21","新款桑塔纳2000推向北京市场",11
"1998.4.21","北京实施“职业援助”计划",11
"1998.4.21","北京大学生举行地球日宣传活动",11
"1998.4.22","北京规范国际展品报关运输",11
"1998.4.22","北京推出华夏城乡游",11
"1998.4.22","北京举行理论研讨会　纪念真理标准讨论20周年",11
"1998.4.23","罗干在北京市考察工作时强调　培养一支高素质政法队伍",11
"1998.4.23","北京市大学生足球联赛开赛在即",11
"1998.4.24","国航开通北京至西宁航线",11
"1998.4.24","北京推出“职业援助计划”",11
"1998.4.24","北京二药厂科技兴企闯市场",11
"1998.4.24","杜邦与北京大源签订合作意向书",11
"1998.4.24","全国足球甲A联赛补赛一场　北京国安战胜山东鲁能",11
"1998.4.24","《三毛钱歌剧》登上北京舞台",11
"1998.4.25","北京审结印华平重大侵权盗版案",11
"1998.4.25","女垒联赛　北京姑娘技压群芳",11
"1998.4.26","北京档案馆建馆四十年成绩大",11
"1998.4.27","北京国际珠宝交易中心开业",11
"1998.4.27","葡萄牙在北京展览会举行",11
"1998.4.27","首届北京高校自行车拉力赛鸣枪",11
"1998.4.27","中金公司成为北京高新国际周顾问",11
"1998.4.27","工行北京分行做好国债代理",11
"1998.4.28","北京吸引外资投向高新技术产业　泉州外商投资千万美元以上项目达一百八十七家",11
"1998.4.28","以计算机联网方式提供印刷机零配件服务　北京曼·罗兰“寄售库”开业",11
"1998.4.28","北京：学子帮困　化工大爱心特快基金启动",11
"1998.4.29","北京站地区管理处严查违纪",11
"1998.4.30","江泽民总书记考察北京大学时强调　必须紧紧围绕经济建设中心　坚定不移实施科教兴国战略",11
"1998.4.30","北京首季出口贸易增长",11
"1998.4.30","招商局集团北京公司开业",11
"1998.4.30","关怀·期望·激励——江泽民总书记考察北京大学记",11
"1998.4.30","北京广播学院捐书助普九",11
"1998.5.1","圆满结束对日本韩国的访问　胡锦涛回到北京　尉健行等到人民大会堂迎接",11
"1998.5.2","实行双向选择 确定托管期限　北京下岗职工托管中心运作逐步完善",11
"1998.5.3","百年风雨铸辉煌　写在北京大学建校一百周年之际",11
"1998.5.3","世界著名大学校长相聚北京",11
"1998.5.4","百年学府沐春风——三代领导人关怀北京大学",11
"1998.5.4","北京十杰青年评选揭晓",11
"1998.5.4","科教兴国  再创辉煌——贺北京大学百年华诞",11
"1998.5.4","北京大学百年华诞纪念卡发行",11
"1998.5.4","北京大学登山队凯旋",11
"1998.5.5","北京大学喜庆百年华诞",11
"1998.5.5","在庆祝北京大学建校一百周年大会上的讲话",11
"1998.5.5","北京架设首座钢管拱形公路桥",11
"1998.5.5","北京友谊商店重新开业",11
"1998.5.5","继往开来  走向明天——庆祝北京大学建校一百周年大会侧记",11
"1998.5.5","北京举行庆“五一”网球赛　亚龙新闻杯乒乓赛举行　雁栖湖推出大型水上跑车",11
"1998.5.6","北京一家具城毁于火灾（）",11
"1998.5.6","北京严查教育行业乱收费用",11
"1998.5.6","北京首家纸餐具生产线投产",11
"1998.5.6","北京将举办首届业余网球大赛",11
"1998.5.7","福来纳产品北京办事处成立",11
"1998.5.7","北京兴建大型变电站",11
"1998.5.7","北京书大厦开业",11
"1998.5.7","北京红十字会推出服务卡",11
"1998.5.7","空中观看北京绿化（）",11
"1998.5.8","14个代表团将参加北京高新技术国际周",11
"1998.5.8","致北京居民：让我们都来维护文明环境",11
"1998.5.8","法国芭蕾又登北京舞台　南锡芭蕾舞团明晚演《天鹅湖》",11
"1998.5.11","北京书大厦开始试营业",11
"1998.5.11","北京红十字会助市民自救互救",11
"1998.5.11","巴拉圭公布世界杯赛名单　北京国安球员冈玻斯入选",11
"1998.5.11","北京房价为何高高在上",11
"1998.5.12","北京控股输血国企",11
"1998.5.12","以知识创新、科技创新推动经济发展　’98北京高新技术产业国际周开幕",11
"1998.5.12","北京举办业余青年保龄球赛",11
"1998.5.13","李岚清会见北京高新技术国际周外宾",11
"1998.5.13","北京市保龄球协会将举行会员联赛",11
"1998.5.14","胡锦涛参观北京高新技术产业国际周展览时强调　增强创新能力  发展知识经济",11
"1998.5.14","北京特种设备事故减少",11
"1998.5.14","北京生产出万能插座",11
"1998.5.14","北京举办军转干部分配协调会",11
"1998.5.14","北京纪念布莱希特百年诞辰",11
"1998.5.14","北京海淀高新技术开发区实践证明　人才是经济发展的第一要素",11
"1998.5.14","走近社区体育——北京市社区体育扫描（上）",11
"1998.5.15","北京市法官违法违纪举报中心挂牌",11
"1998.5.15","北京启动“网上技术市场”",11
"1998.5.15","走近社区体育——北京市社区体育扫描（下）",11
"1998.5.16","北京高新技术产业国际周闭幕　协议总投资6．3亿美元",11
"1998.5.18","5月5日，北京最大的家具城发生严重火灾，损失达6000多万元——大火烧出的警示",11
"1998.5.19","群众求知求美  政府因势利导　北京70万市民就读文明学校",11
"1998.5.19","北京书馆面貌新",11
"1998.5.19","墨西哥足球赛北京三高队获第三名",11
"1998.5.20","北京玉泉营家具城火灾原因查清",11
"1998.5.20","中宣部全总北京市举办学习再就业先进典型座谈会　积极转变就业观  再创美好新生活",11
"1998.5.20","教育部和北京市委联合举行报告会　首都万名大学生听经济形势报告",11
"1998.5.20","北京国安队今日迎战法国波尔多队",11
"1998.5.21","’98北京科技周开幕",11
"1998.5.21","北京国安队负于波尔多队",11
"1998.5.22","朱镕基考察北京国有企业并与部分企业负责人和下岗职工座谈强调　加大力度把中央各项政策措施落到实处",11
"1998.5.22","北京节水工作常抓不懈　朝阳区举办建区40年成就展",11
"1998.5.22","《吉达——麦加的门户》在北京敞开",11
"1998.5.22","不一样的北京味　丁荫楠拍《黄连·厚朴》",11
"1998.5.24","闯出一新天地——北京国企下岗职工再就业明星风采录",11
"1998.5.24","北京北海团城“修旧如旧”",11
"1998.5.25","北京军区总医院为下岗职工分忧",11
"1998.5.25","北京海关查获精神药品走私案（）",11
"1998.5.25","暑期款款走来，都市商场的空调柜台却早已充实，街头的专卖、维修店铺也接踵开张，今年的北京空调市场可谓——天气未热空调热",11
"1998.5.25","北京招商银行服务出新招　“叫号机”叫来声声赞誉",11
"1998.5.26","捎封信儿到北京",11
"1998.5.26","北京联想电脑商城开业",11
"1998.5.27","北京软件产业基地命名授牌",11
"1998.5.27","北京书馆举办服务宣传周活动",11
"1998.5.29","北京建行将全面开办个人住房贷款业务",11
"1998.5.29","北京和罗马签署《友城协议》",11
"1998.5.29","勇于挑战——写在北京大学登山队庆功之际",11
"1998.6.1","圆满结束对欧洲四国的访问  李瑞环回到北京  胡锦涛等在人民大会堂迎接",11
"1998.6.1","完善再就业保障体系  北京近五十万人实现再就业",11
"1998.6.1","九国儿童欢聚北京芳草地小学",11
"1998.6.1","北京市丰台发生3．4级地震  专家认为近期不会发生5级以上破坏性地震",11
"1998.6.1","北京儿童医院启用排队管理系统",11
"1998.6.1","北京白家庄小学素质教育有特色",11
"1998.6.1","在北京街头等出租车，常有不带任何出租标志的车悄然而至——“黑车”驶向何方",11
"1998.6.2","我国去年国际收支状况良好  北京市头四个月出口增长",11
"1998.6.2","北京风景画展在东京开幕",11
"1998.6.3","转变观念  为国分忧  北京军区500名军嫂自谋职业",11
"1998.6.3","北京现代企业人事管理培训班开课",11
"1998.6.3","日本一律师事务所落户北京",11
"1998.6.3","北京举办少儿短式网球赛",11
"1998.6.4","智能化农业信息技术应用显成效  北京示范区小麦增幅逾10％",11
"1998.6.4","北京小汤山种特菜创外汇",11
"1998.6.4","北京开辟传统医疗保健实践基地",11
"1998.6.4","北京海南小学生互帮互学活动结束",11
"1998.6.4","北京“多来咪合唱团”饮誉西雅",11
"1998.6.5","北京将建永定河现代农业示范区",11
"1998.6.5","北京通用新技术国际公司科研人员深入油田",11
"1998.6.5","北京举行田汉百年诞辰学术研讨",11
"1998.6.6","充分发挥企业党组织的政治核心作用  北京加强困难企业党建工作",11
"1998.6.6","九部委局联合检查北京消防安全工作时要求  进一步把消防管理工作落到实处",11
"1998.6.8","贷款圆我住房梦——北京市首次个人住房贷款咨询日掠影",11
"1998.6.8","日照至北京旅客列车对开",11
"1998.6.9","自我服务  互助合作——记北京市城市消费合作社",11
"1998.6.10","北京利康公司发展多元化服务",11
"1998.6.10","北京手机为何难打",11
"1998.6.10","北京军区表彰先进基层单位和个人",11
"1998.6.10","北京抽查成年人体质  好于全国标准但“肥佬”渐多心肺功能平平",11
"1998.6.11","俄联合进出口银行北京代表处将开业",11
"1998.6.11","北京高院聘请特邀监督员",11
"1998.6.11","公民可在北京一中院旁听",11
"1998.6.12","北京市翔宇中学办学有方",11
"1998.6.12","科研院所与高等院校优势互补  北京天体物理中心成立",11
"1998.6.15","北京八角派出所真诚为百姓服务",11
"1998.6.16","北京中小学切实关心特困生",11
"1998.6.16","北京新街口医院开展糖尿病研究",11
"1998.6.17","北京集中销毁非法音像和电子出版物",11
"1998.6.17","北京住房公积金贷款办法",11
"1998.6.18","北京西站公安段整顿治安",11
"1998.6.19","武警北京某中队忠于职守受表彰",11
"1998.6.19","注重全面发展  开展素质教育  北京171中学办学有特色",11
"1998.6.19","北京高校优秀生（索尼）奖学金颁发",11
"1998.6.19","立足财贸  面向市场  深入实际  服务企业  北京财贸管理干部学院为商界育英才",11
"1998.6.22","调整工业布局  实现共同发展  北京市推进城乡经济一体化",11
"1998.6.22","北京铁路局增开暑期列车",11
"1998.6.22","不争“评时”重“平时”  北京朝阳区加大“青年文明号”监督网络",11
"1998.6.22","专家研讨北京四中办学思想",11
"1998.6.22","北京西站站前街改造开工（）",11
"1998.6.23","中行将向北京市提供七十亿元信贷",11
"1998.6.23","北京西城治警先治长",11
"1998.6.23","北京将成为无氯氟烃城市",11
"1998.6.24","第五届北京国际汽车展举行",11
"1998.6.24","北京三资企业足球赛落幕",11
"1998.6.24","这里的小鸟会说话——北京“首届城市鸣禽大赛”掠影",11
"1998.6.25","泰利特北京围棋女队挂牌",11
"1998.6.26","我国将实行耕地总量预警制度  北京举办全国土地日宣传咨询活动",11
"1998.6.26","北京市召开军转干部安置工作会议",11
"1998.6.27","克林顿总统抵达北京  胡锦涛副主席前往机场迎接",11
"1998.6.27","北京将办青少年网球夏令营",11
"1998.6.27","给你“救生圈”教你学“游泳”——小记北京城建四公司的“素质工程”",11
"1998.6.29","给北京军区某给水工程团记一等功",11
"1998.6.29","北京首届卡丁车锦标赛将举行",11
"1998.7.2","北京：铁路客运放宽限制",11
"1998.7.2","素质教育从自律做起　华北电力大学（北京）学生自律会架起沟通桥梁",11
"1998.7.2","北京整治高校周边环境",11
"1998.7.2","北京市全民健身工程全面落成",11
"1998.7.3","李岚清考察北京高新科技产业化工作要求  高度重视知识创新  加快科技成果转化",11
"1998.7.3","北京表彰高校应届支边毕业生",11
"1998.7.3","北京留学人员大兴创业园兴建",11
"1998.7.4","中美关系改善是历史的必然——评中美首脑北京会晤",11
"1998.7.6","北京国贸中心大型自行车库建成",11
"1998.7.7","“北京VISA欢迎您”活动推出",11
"1998.7.7","北京银行外汇经营业协会成立",11
"1998.7.7","北京“灵山杯”报告、党课评选活动座谈会提出　努力提高宣传教育的水平",11
"1998.7.7","监督，正在到位——北京市人大采访手记",11
"1998.7.8","加大改革力度  完善管理机制　北京按时发放养老保险金",11
"1998.7.8","北京东城公安分局干部挂职派出所",11
"1998.7.8","北京纪念延安电影团成立60周年",11
"1998.7.9","北京铁路局“新官”理旧账　投资讲效益借款讲合理担保讲依法",11
"1998.7.9","北京加大落实政协提案力度　九百多件提案按时办复率达九成",11
"1998.7.10","北京破获一特大盗窃机动车案",11
"1998.7.10","北京国际商务学院举办岗前培训",11
"1998.7.11","特菜喜迎春——北京春社蔬菜技术研究开发中心见闻",11
"1998.7.12","北京公审一起著作权纠纷案　中央电视台首次现场直播法庭审理",11
"1998.7.13","北京商业银行代收移动电话费",11
"1998.7.13","北京正广和饮用水有限公司成立",11
"1998.7.13","北京国联汽配批发市场开业",11
"1998.7.13","北京举行研讨会纪念端木蕻良文学生涯70周年",11
"1998.7.14","京门开放步新高——北京市扩大开放评述",11
"1998.7.14","北京飞机维修工程公司计生有特色",11
"1998.7.14","流动党员有了自己的“家”——北京市人才服务中心党委加强流动党员管理纪事",11
"1998.7.16","北京上半年出口好于去年同期",11
"1998.7.16","北京玻璃五厂集体组织劳务输出　工厂劳务办专为下岗职工解忧",11
"1998.7.17","北京律师社会监督网形成",11
"1998.7.17","王星泉在北京举办画展",11
"1998.7.18","打开引资之门——寻访我国首家合资企业北京航空食品有限公司",11
"1998.7.18","北京业余自行车手举行长途拉力赛",11
"1998.7.20","北京物美向商业贿赂宣战",11
"1998.7.20","北京研讨毒品问题",11
"1998.7.20","北京市为中学生营造成长纪念林",11
"1998.7.20","北京首家农民体育公园揭匾",11
"1998.7.20","春兰空调再度火爆北京",11
"1998.7.21","面对高科技的挑战——北京军区某坦克旅旅长袁东伟献身国防现代化的事迹",11
"1998.7.21","《北京晨报》出版发行",11
"1998.7.21","培养面向新世纪的人才——北京景山学校开展素质教育纪实",11
"1998.7.22","飞架天桥度关山——第一家股份制企业北京天桥百货股份有限公司寻踪",11
"1998.7.22","军事五项世锦赛　9月在北京举行",11
"1998.7.22","法航香港总部迁至北京",11
"1998.7.22","敞开校门  免费培训　北京各类学校为下岗职工再就业作贡献",11
"1998.7.23","北京整顿治安岗亭",11
"1998.7.23","北京开设中医治疗肥胖病专科门诊",11
"1998.7.24","北京菜市口大街动工建设",11
"1998.7.24","世界杯青少年五子棋赛将在北京举行",11
"1998.7.25","男篮甲B联赛北京两队首轮告捷",11
"1998.7.27","抚顺至北京特别旅客快车开通",11
"1998.7.27","中国国际合唱节在京举行　北京合唱之夜长安街歌声如潮",11
"1998.7.28","北京举行理论研讨会　纪念十一届三中全会和真理标准讨论二十周年",11
"1998.7.28","北京卡丁车赛决出首站冠军　希望杯三棋赛吸引众多棋童　乒乓球名人邀请赛在京举行",11
"1998.7.28","北京、天津、唐山、承德这四个城市的交汇点，是一翠绿的山水，她以绚丽之姿、傲岸之躯、独特之韵，吸引了众多的游客——蓟县山水美",11
"1998.7.29","北京秋季房交会将备受瞩目",11
"1998.7.29","北京信荷城推出低价位小户型住宅",11
"1998.7.29","北京国际体育交流促进会成立",11
"1998.7.29","面对“第一杀手”的挑战——记北京军区254医院主任医师阎希军",11
"1998.7.30","北京电信长城世界杯连环竞猜结束",11
"1998.7.31","北京高校推广微喷节水工程",11
"1998.7.31","北京百鸟园与国旗班同庆“八一”",11
"1998.8.1","北京市高级人民法院作出一审判决　陈希同两罪并罚被处有期徒刑16年",11
"1998.8.2","北京市经济运行态势良好　上半年国内生产总值同比增长9．1％",11
"1998.8.3","尾气严格把关  燃煤重在脱硫　专家建议北京空气治污要双管齐下",11
"1998.8.3","北京市第十届运动会开幕",11
"1998.8.4","北京铁路公安严打票贩",11
"1998.8.4","北京市召开工作会议强调　增强学习邓小平理论的自觉性",11
"1998.8.4","乒乓球俱乐部赛展开半决赛　黑龙江男队北京江苏女队告捷",11
"1998.8.4","北京举行卡丁车锦标赛",11
"1998.8.5","积极推进干部人事制度改革　北京公开招聘高级管理技术人才",11
"1998.8.5","北京将办居民贷款购房展销会",11
"1998.8.7","北京东城区为武警战士办实事",11
"1998.8.7","让唇腭裂儿童展笑颜　’98北京国际微笑行动开始",11
"1998.8.8","北京举办中小学轮滑夏令营",11
"1998.8.9","北京大栅栏翻修一新　成为京城首条旅游步行商业街",11
"1998.8.10","公平对待每位考生——北京市高校招生录取现场见闻",11
"1998.8.11","北京  游客进高校",11
"1998.8.12","北京市加大再就业工作力度",11
"1998.8.14","北京军区某集团军发明新技术　封堵决口  屡建奇功",11
"1998.8.14","北京破获一贩卖淫秽盗版光盘大案",11
"1998.8.14","乒乓球俱乐部赛决赛在即　上海男队北京女队力求以弱胜强",11
"1998.8.14","保护历史文化和北京“金融街”",11
"1998.8.14","北京电视艺术“春燕奖”揭晓",11
"1998.8.18","创造射击运动的辉煌——访北京市射击运动技术学校",11
"1998.8.19","广州军区万余官兵紧急增援湖南抗洪　北京军区再调兵力赴内蒙古东部抢险",11
"1998.8.19","北京将在甲A联赛中赈灾募捐",11
"1998.8.19","北京建成湖景水上乐园",11
"1998.8.21","北京青少年绿色文明教育基地挂牌",11
"1998.8.21","北京清华工业开发研究院成立",11
"1998.8.22","熊光楷结束三国之行回到北京",11
"1998.8.23","精心筹备  周密安排　一定要把万国邮联北京大会办好",11
"1998.8.24","全国男子手球锦标赛结束　北京军区队夺得冠军",11
"1998.8.24","北京房价为何居高不下  拆迁利润过大  地皮多次炒卖  集团消费支撑",11
"1998.8.25","体育品牌的魅力——北京国际马拉松赛进行赛事改革的思考（上）",11
"1998.8.26","体育品牌的魅力——北京国际马拉松赛进行赛事改革的思考（下）",11
"1998.8.26","北京安翔北路变靓了",11
"1998.8.28","中央15个行业养老保险移交北京　北京承诺按标准按时足额发放",11
"1998.8.29","北京国际书博览会开幕",11
"1998.8.31","土库曼斯坦总统抵达北京",11
"1998.8.31","北京百盛大厦开业",11
"1998.8.31","在技术创新中开拓市场　北京邮电通信设备集团完成新产品开发121项，获国家专利8项",11
"1998.8.31","北京市采购公务用车，一次就节支三百多万元。政府公开招标采购好处多——政府采购，不仅是省钱",11
"1998.8.31","共和国的骄傲——北京卫星制造厂探秘",11
"1998.9.2","情系灾区献爱心——北京开学第一天中小学生捐款",11
"1998.9.3","北京旅游业居全国之首　陕西电话用户超200万户",11
"1998.9.3","挖出一批啃吃北京西站工程的蛀虫",11
"1998.9.3","北京举行“老车迷”杯山地车比赛",11
"1998.9.4","确保增长速度  支援抗洪救灾　广东：经济持续稳步发展  北京：确保经济增长速度　天津：加快基础设施建设  上海：固定资产投资增长",11
"1998.9.4","北京房地产交易展示会举办",11
"1998.9.4","北京将出版工商名录",11
"1998.9.4","中央军委授予高建成“抗洪英雄”荣誉称号　命名大会在北京举行　张万年要求全军官兵向高建成学习",11
"1998.9.7","北京几家老字号眼镜店实行联合经营",11
"1998.9.8","北京—深圳网络围棋赛举行",11
"1998.9.9","北京举行庆祝教师节暨德育先进表彰会",11
"1998.9.10","传播知识  改变观念  强身健体　北京市全民健身宣传周有声有色",11
"1998.9.11","北京军区给水团造福张北地震灾区",11
"1998.9.11","欧亚平向北京理工大学捐款百万元",11
"1998.9.11","北京21世纪实验学校捐助灾区师生",11
"1998.9.11","我舍不得北京天文馆",11
"1998.9.13","北京未结执行案件近万　全市法院实施强制执行",11
"1998.9.14","北京农产品中心批发市场试运营",11
"1998.9.14","信息时代的文化交汇——北京国际书博览会述评",11
"1998.9.14","消除煤烟  改善环境　北京拒绝高硫煤",11
"1998.9.14","北京西站工程质量问题多（）",11
"1998.9.14","到去年底北京市的机动车已达120万辆左右，如此庞大的车队也带来了一系列的问题——洗车洗掉水多少？",11
"1998.9.14","北京电信长城公司推出话费包月新举措",11
"1998.9.15","中共中央  全国人大常委会  国务院  全国政协  中央军委沉痛宣告　杨尚昆同志在北京逝世",11
"1998.9.15","北京高度重视  抓紧抓好",11
"1998.9.16","武警北京二总队家庭受灾官兵训练创佳绩",11
"1998.9.16","呼吁世界持久和平　北京举行和平鸽放飞活动",11
"1998.9.16","放手让年轻人挑大梁　北京有色金属研究总院培育高层次人才",11
"1998.9.16","北京举办大众保龄球赛",11
"1998.9.17","北京粮市　看米价",11
"1998.9.17","北京理工大学再创科技辉煌",11
"1998.9.17","小篮板工程在北京启动",11
"1998.9.18","北京办秋季房地产交易会",11
"1998.9.18","北京举行书画展　纪念彭德怀百年诞辰",11
"1998.9.18","把隶属关系改变作为机遇　北京化工大学重振雄风",11
"1998.9.18","9月26日在上海大剧院　10月14日在北京人民大会堂　卡雷拉斯将一展歌喉",11
"1998.9.19","北京第二批爱国主义教育纪念地标志碑落成",11
"1998.9.21","北京国际音乐节将举办",11
"1998.9.21","北京举办校园足球邀请赛",11
"1998.9.21","健康的牙齿  美好的微笑　北京开展第十届全国爱牙日活动",11
"1998.9.21","北京市纸箱厂新厂竣工",11
"1998.9.21","建行北京市分行今年居民购房贷款计划为3.15亿元，然而上半年仅贷出8000多万元——住房贷款为何步履蹒跚",11
"1998.9.22","北京神经肌肉病会诊中心成立",11
"1998.9.23","受知青——北京知青重返内蒙古锡林郭勒第二故乡随访之一",11
"1998.9.24","北京重大工程建设拉动经济增长　1月至8月全市实现国内生产总值1173亿元增幅9.5％",11
"1998.9.24","北京国际旅游文化节开幕　目前该市年接待海外旅游者逾二百万",11
"1998.9.24","北京崇文公安分局强化民警培训",11
"1998.9.25","北京国际钱币博览会将举办",11
"1998.9.27","花坛30处  鲜花80万　北京精心装点迎国庆",11
"1998.9.28","肥了票贩子 苦煞众旅客　北京站黑市倒票该治治",11
"1998.9.28","武警北京某部弘扬抗洪精神",11
"1998.9.28","’98北京国际旅游文化节闭幕",11
"1998.9.28","燕山情——北京文化科技卫生下乡活动见闻",11
"1998.9.28","北京女垒再夺全国冠军",11
"1998.9.28","北京国安足球队更改下一轮联赛赛期",11
"1998.9.28","北京产权交易服务中心最近又推出五十一家出售企业，但只有两家成交——产权交易为何冷清",11
"1998.9.28","光大银行与中建总公司全面合作　北京举办金融系统第三届技术比赛　五莲国税局目标管理成效显著",11
"1998.9.29","北京军区某部研制出先进监控报警系统",11
"1998.9.30","云南民族企业家相聚北京",11
"1998.9.30","北京“扫黄打非”又出重拳",11
"1998.9.30","北京又诞生一所少年棋校",11
"1998.9.30","全国足球乙级联赛结束  北京宽利广州白云山升甲B",11
"1998.9.30","感受草原——北京知青重返内蒙古锡林郭勒第二故乡随访之二",11
"1998.10.1","欢歌回荡人民大会堂　北京举行国庆文艺晚会",11
"1998.10.3","北京市政府举行国庆招待会",11
"1998.10.4","圆满结束对越南和新西兰正式友好访问　尉健行回到北京",11
"1998.10.5","亚洲足球优胜者杯赛　北京国安队首轮胜出",11
"1998.10.6","北京11家旅行社携手规范出国游市场",11
"1998.10.6","让碧水青山绕京华——北京市实施京津周围地区绿化工程印象",11
"1998.10.6","照亮麻风病世界——记北京友谊医院女研究员李桓英",11
"1998.10.7","感受人生——北京知青重返内蒙古锡林郭勒第二故乡随访之三",11
"1998.10.9","首届全国高血压日北京活动纷繁",11
"1998.10.9","北京国际马拉松赛10日鸣枪",11
"1998.10.9","卡雷拉斯歌喉　上海反响热烈　北京企盼已久",11
"1998.10.9","在北京国际音乐节看世界",11
"1998.10.10","警民共建开奇葩——北京法政集团、景山学校分部、武警五支队共建报告",11
"1998.10.10","为国戍边创佳绩——北京军区某巡逻艇大队巡礼",11
"1998.10.12","北京庆祝世界动物日",11
"1998.10.12","北京国际马拉松赛落幕　金中元王艳荣分获男女桂冠",11
"1998.10.12","北京中转服务　购票时就订妥  食宿行全无忧",11
"1998.10.13","北京地铁天东站、天西站主体完工",11
"1998.10.13","北京启用新式居民户口簿",11
"1998.10.14","北京国际音乐节开幕　李岚清出席开幕式并观看演出",11
"1998.10.14","北京邮政报刊亭：好事多磨",11
"1998.10.15","九三学社中央与九三学社北京市委联合召开灾后重建专题座谈会",11
"1998.10.15","北京军区表彰抗洪抢险先进集体和个人",11
"1998.10.15","北京开展国际减灾日宣传活动",11
"1998.10.16","慨当以慷  再创辉煌——北京轻工业学院不惑之年成就斐然",11
"1998.10.16","一个北京人眼里的北京人",11
"1998.10.17","○北京举行老年钓鱼赛　○贝贝足球队赴日比赛　○大学生田协喜获资助",11
"1998.10.17","北京举办国际信鸽展示会",11
"1998.10.19","耐克国际青少年足球超级杯赛（北京区）鸣金",11
"1998.10.19","湖北工行加大投入支持灾后重建　渣打银行将获准在北京设分行　厦门推出“中行VISA欢迎您”活动",11
"1998.10.20","葫芦岛水果丰收迎客商　北京输油公司节能降耗　彩虹严格管理降低成本　定州信息产业激活经济",11
"1998.10.20","中国海洋学会北京科普教育基地揭碑",11
"1998.10.20","北京举行家庭自行车赛",11
"1998.10.22","“世博会”北京宣传周拉开序幕",11
"1998.10.22","北京太阳能所研制出系列家用产品",11
"1998.10.22","八城市保龄球赛下月决战北京",11
"1998.10.23","英国BTR总公司在北京设代表处",11
"1998.10.23","北京全面整顿长安街及其延长线  贾庆林要求做到一流标准  一流设施  一流环境",11
"1998.10.23","童话京剧《小凤》飞进北京",11
"1998.10.24","如今北京的主食",11
"1998.10.25","以“清、流、绿、通”为标准　北京进行河湖清淤固底工程",11
"1998.10.26","带着宁夏各族人民对党中央和全国人民的深情厚谊　中央代表团回到北京",11
"1998.10.26","邮电北京设计院通过质量认证",11
"1998.10.26","教育整顿　北京政法系统形象改观　重庆公安机关执法严明　厦门公安队伍办事认真",11
"1998.10.26","北航纪念北京三型号飞行器上天40周年",11
"1998.10.26","锁乌龙  不扬尘  绿街道　北京西城区综合整治环境",11
"1998.10.27","北京征兵动手早　八万青年热情高",11
"1998.10.27","北京联大20年培养人才逾5万",11
"1998.10.27","全国短道汽车拉力赛　北京站比赛落幕",11
"1998.10.29","政策到位  资金到位  宣传到位　北京实现国企下岗职工和离退休职工两个“确保”",11
"1998.10.29","北京首批经济适用住房今起认购",11
"1998.10.29","北京大学非洲研究中心成立",11
"1998.10.29","第十一届世界民防大会结束　会议通过《北京宣言》",11
"1998.10.29","北京红十字会发挥救助功能",11
"1998.10.30","北京成为全国最大人才库　20年培养博士硕士17万名本专科毕业生60万名",11
"1998.10.30","北京孙茂芳档案馆开馆",11
"1998.10.30","北京颁布儿童体质测定标准　全民健身射箭决赛排定名次",11
"1998.10.30","多彩的军营——北京卫戍区某团军营特色文化见闻",11
"1998.11.1","经济效益攀升  入区企业激增　北京经济技术开发区生机盎然",11
"1998.11.4","武警北京二总队重视群众体育",11
"1998.11.5","北京福田建材机械公司成立",11
"1998.11.5","亚洲优胜者杯赛第二轮　北京国安不敌韩国全南",11
"1998.11.6","北京朝阳与吉林通化经济“联姻”",11
"1998.11.7","北京启动汽车消费贷款",11
"1998.11.8","改善日趋严重的大气环境　北京强制使用低硫煤",11
"1998.11.9","北京  高度重视  精心组织",11
"1998.11.9","北京启动高技术企业担保风险金　政府投入引导性资金超11亿元",11
"1998.11.9","全国民运会北京赛区得到赞助",11
"1998.11.10","北京—广州高校自行车赛启程",11
"1998.11.10","北京保龄球大赛选手逾十万",11
"1998.11.11","北京大学主办房地产业研讨会",11
"1998.11.11","北京调整出租汽车租价",11
"1998.11.11","北京举行韩一杯新闻界网球赛",11
"1998.11.12","加强税源监控  及时足额入库　北京税收与经济同步增长",11
"1998.11.12","边设计边施工边运营行不通了　北京对“三边”工程亮“红牌”",11
"1998.11.13","北京表彰人民满意的公务员",11
"1998.11.15","北京严惩抢劫汽车犯罪",11
"1998.11.16","北京再次开展大规模卫生整治　城市中心区交通改善工程年内动工",11
"1998.11.16","大型方志史料《北京市志稿》出版",11
"1998.11.16","北京经济适用房——浮出水面",11
"1998.11.17","领导重视 加大力度 规范市场　北京展开“扫黄打非”专项治理",11
"1998.11.17","歌德学院北京分院院庆",11
"1998.11.18","北京育新花园二期住宅封顶",11
"1998.11.18","北京市政府与中国农大签订合作协议",11
"1998.11.19","北京输油公司推行“职工代表审议制”",11
"1998.11.19","北京加快高校筒子楼改造",11
"1998.11.19","圆了半个世纪的梦——记三位武林前辈相聚北京",11
"1998.11.20","出席亚太经合组织第六次领导人非正式会议后　江泽民主席回到北京　胡锦涛李岚清等到人民大会堂迎接",11
"1998.11.20","北京举办首届民间艺术大展赛",11
"1998.11.20","二十部作品获北京文艺奖",11
"1998.11.22","对北京交通拥堵的观察与思考",11
"1998.11.23","北京输油公司通过质量认证",11
"1998.11.24","北京举办大学生形势报告会",11
"1998.11.24","北京举办音乐会慰问新闻工作者",11
"1998.11.24","国务院任免国家工作人员　新华社北京11月23日电国务院最近任免一批国家工作人员。",11
"1998.11.24","北京举行乒乓球名人邀请赛　新疆首家职业足球俱乐部成立　我马拉松女将加紧备战亚运会",11
"1998.11.24","抢救北京历史",11
"1998.11.26","科学城的公正天平——北京市海淀区人民法院采访录（上）",11
"1998.11.26","北京申办二○○八年奥运会　中国奥委会明年初将按程序对北京市的申请进行审议和批准",11
"1998.11.26","迎回归北京—澳门自行车拉力赛将举行",11
"1998.11.26","全军退伍老战士陆续踏上归程　四总部领导前往北京西站为老兵送行",11
"1998.11.26","面向社会  公开选拔　北京招聘一百七十三名高级人才",11
"1998.11.27","科学城的公正天平——北京市海淀区人民法院采访录（下）",11
"1998.11.28","北京铁路局开拓职工体育新路",11
"1998.11.29","日本广播协会交响乐团献艺北京　李岚清观看演出并会见日本广播协会会长海老泽胜二",11
"1998.11.30","’98北京国际广告博览会将举行",11
"1998.12.1","圆满结束对俄罗斯和日本的访问  江泽民主席回到北京  朱镕基胡锦涛等前往人民大会堂迎接",11
"1998.12.1","北京商场联袂推介科龙华宝空调",11
"1998.12.1","北京城建集团成为大型综合企业",11
"1998.12.1","北京纪念“声援巴勒斯坦人民国际日”",11
"1998.12.1","北京将举办2001年世界大学生运动会",11
"1998.12.1","北京  双向管理堵漏洞",11
"1998.12.1","北京动物园：“一猫带两仔”",11
"1998.12.2","自加压力  从严治警  北京崇文区民警文明执法",11
"1998.12.2","北京印染厂欺骗电话用户",11
"1998.12.3","北京海关提前完成税收任务",11
"1998.12.3","北京东城区检察院成立专家监督委",11
"1998.12.3","北京建起全球最大中文“新浪网”",11
"1998.12.3","汇杰电脑落户北京开发区",11
"1998.12.3","《北京晚报》报喜鸟西服亚运竞猜将举行",11
"1998.12.4","北京积极推进医疗改革  第二批试点医院改革紧锣密鼓",11
"1998.12.4","策划专业在北京商经学院诞生",11
"1998.12.4","北京NTTDATA系统集成有限公司成立",11
"1998.12.4","北京怡生园国际会议中心将奖励亚运健儿",11
"1998.12.4","民乐在北京高校遇知音",11
"1998.12.5","申办世界大运会的北京代表团凯旋",11
"1998.12.7","北京西城区加大公安硬件设施投入",11
"1998.12.7","北京举办改革开放成就展",11
"1998.12.7","北京书香斋书店24小时服务有特色",11
"1998.12.7","这里的学生不择校——北京市崇文区加强薄弱校建设纪实",11
"1998.12.8","圆满结束访泰并出席亚运会开幕式后  李岚清回到北京",11
"1998.12.9","北京经济发展势头良好  今年头10个月实现国内生产总值1574亿元，同比增9.5％",11
"1998.12.9","北京城建集团跨入大承包商行列",11
"1998.12.9","南京桂花鸭落户北京城",11
"1998.12.9","北京横店北影影视公司成立",11
"1998.12.9","北京鼓励　认养绿地",11
"1998.12.10","北京抓工程建设质量奖罚分明  今年以来查处违章违纪等问题169起",11
"1998.12.10","驻京部队经营性企业全部移交北京",11
"1998.12.10","北京有色总院钛镍合金成果产业化",11
"1998.12.10","北京中小学举行广播操表演",11
"1998.12.11","北京国际展览业协会成立",11
"1998.12.11","北京曲剧《茶馆》上演",11
"1998.12.13","参加广西壮族自治区成立40周年庆祝活动后  中央代表团回到北京  吴邦国继续在广西考察工作慰问百色老区群众",11
"1998.12.14","北京科普有法可依",11
"1998.12.14","计生与卫生联手  管理和服务结合  北京宣武区计生工作上水平",11
"1998.12.14","雪佛龙亚洲总部迁至北京",11
"1998.12.14","恒生银行开设北京代表处",11
"1998.12.15","北京高新技术与基础工业联姻",11
"1998.12.15","北京各级法院全面公开判案",11
"1998.12.16","北京市五百多万选民参加人民代表换届选举  江泽民等党和国家领导人  分别在各自选区参加投票",11
"1998.12.16","富康轿车获北京环保通行证",11
"1998.12.17","华东电脑进军北京市场",11
"1998.12.18","提高环境质量  造福北京人民  北京市采取紧急措施控制大气污染  朱镕基李岚清就此作重要批示",11
"1998.12.18","坚持八年成名牌  “北京新年音乐会”内容丰富",11
"1998.12.20","出席东盟—中日韩、东盟—中国领导人非正式会晤并访问越南后  胡锦涛副主席回到北京",11
"1998.12.21","北京满族同胞欢庆“颁金节”",11
"1998.12.21","《北京劳动就业报》创刊",11
"1998.12.21","当北京市的“黑车”打而不绝时，一种新的思路引起了人们的关注——“黑车”能否收编",11
"1998.12.22","北京实行城市管理综合执法",11
"1998.12.23","江泽民视察北京书馆时强调  在全社会大兴勤奋学习之风　李岚清随行视察",11
"1998.12.23","北京流感高峰已过",11
"1998.12.24","中央国家机关全力支持北京治污",11
"1998.12.25","北京又一危房改造项目签字",11
"1998.12.25","瑞典宜家公司在北京开设商场",11
"1998.12.25","促进体育法制化发展  北京经营体育有法可依",11
"1998.12.25","忽然间洗浴中心遍布北京　澡堂的变迁",11
"1998.12.28","北京拍卖一家房地产项目",11
"1998.12.28","北京福建等地缅怀高士其",11
"1998.12.29","世界杯短池游泳北京站比赛将举行",11
"1998.12.30","北京捐赠药品全部运抵灾区",11
"1998.12.31","北京怡生园为亚运健儿庆功",11
