﻿"index","news_title","prov_cde"
"1998.1.3","石家庄机场跑道延长工程通过验收",13
"1998.1.6","唐山南站改革劳动用工制度",13
"1998.1.6","工作不断档  发展不停步  石家庄班子换届有条不紊",13
"1998.1.7","石家庄至安阳电气化铁路开通",13
"1998.1.9","控制增量  盘活存量 开发复垦　唐山实现耕地总量动态平衡",13
"1998.1.9","廊坊职工下了岗上市场",13
"1998.1.9","河北  专家咨询团服务经济　去年创直接经济效益39亿元",13
"1998.1.14","吕传赞当选河北省政协主席",13
"1998.1.15","河北实施共富工程　贫困人口脱贫率达到80％",13
"1998.1.17","程维高当选河北省人大主任　叶连松当选河北省省长",13
"1998.1.18","壮歌撼塞北——河北张家口抗震救灾纪实",13
"1998.1.19","大秦线秦皇岛西疏解工程投入运营",13
"1998.1.19","邢台读书广告走上大屏幕",13
"1998.1.21","雄师抗震歌——子弟兵在张家口抗震救灾第一线",13
"1998.1.21","衡水农产品京城受欢迎",13
"1998.1.22","秦皇岛交警支队考试场廉政为民",13
"1998.1.22","河北部署下阶段抗震救灾工作　引导灾民恢复生产重建家园",13
"1998.1.22","农民要致富  农校来帮助　邯郸农专为农业现代化助力",13
"1998.1.23","张家口抗灾初告捷　众乡亲惜别子弟兵",13
"1998.1.25","中煤秦皇岛分公司加强党建工作",13
"1998.1.25","麦当劳向河北灾区捐款",13
"1998.1.26","再接再厉夺取抗震救灾全面胜利　受江泽民总书记李鹏总理委托，姜春云到张家口慰问地震灾区军民",13
"1998.1.26","石家庄公布七十项便民措施",13
"1998.1.26","保定公安局的“暗”与“亮”",13
"1998.1.27","石家庄整顿警车警灯警报器",13
"1998.1.30","兴我邱县  富我人民——河北省邱县县委书记史增海的“我字观”",13
"1998.2.3","自我加压抓改革  虎年迎来开门红　河北国有商业扭亏为盈",13
"1998.2.4","京津名医到沧州",13
"1998.2.6","保定三院组织专家下乡　医疗扶贫献爱心",13
"1998.2.7","美国华人华侨向张家口灾区捐款",13
"1998.2.8","招标竞价  择优定点　河北减少行政费用有实招",13
"1998.2.9","河北省委省府联席会议研究张家口震区建设　动员群众  自力更生  重建家园",13
"1998.2.11","张家口畜牧业灾年大发展",13
"1998.2.11","把管理行为置于群众监督之下——石家庄市工交工委推行“厂务公开，民主监督”",13
"1998.2.12","沉甸甸的果实——河北鹿泉市“五位一体”帮扶后进村纪事",13
"1998.2.13","河北发生两起鞭炮爆炸恶性事故",13
"1998.2.15","给村民一个明白——河北省推行村务公开制度扫描",13
"1998.2.16","三千牦牛徜徉承德大地",13
"1998.2.18","严格考核  竞争上岗  防范风险　沧州加强对农村信用社监管",13
"1998.2.18","温馨的家园——秦皇岛野生动物园记游",13
"1998.2.18","有益的尝试——河北藁城市直接选举村干部纪事",13
"1998.2.19","唐山站确保学生顺利返校",13
"1998.2.21","姜春云在河北山东考察时强调　加大农业抗灾减灾力度",13
"1998.2.24","河北打假制度化规范化",13
"1998.2.24","美国孟山都公司捐助河北地震灾区",13
"1998.3.4","秦皇岛市开展科技女明星评选活动　巾帼英豪受尊敬  知识女性成明星",13
"1998.3.6","河北　加快农业增转化",13
"1998.3.7","李鹏参加河北代表团讨论时指出　抓好国企改革 关心下岗职工",13
"1998.3.9","保定城区税收征管形成新格局",13
"1998.3.13","石家庄多种形式绿化太行",13
"1998.3.14","江泽民分别参加河南河北代表团会议强调　加强农业基础地位维护社会政治稳定",13
"1998.3.22","河北国企改革渐入佳境　形成29家支柱企业放开全部国有小企业",13
"1998.3.23","依法行政  严格执法　保定清查违法占地",13
"1998.3.27","绿起来 亮起来 美起来　石家庄高新区树立新形象",13
"1998.4.2","河北供销社利润增长近5倍",13
"1998.4.2","一年只交几元钱  看病吃药不再难  衡水农村卫生建设灵活多样",13
"1998.4.3","唐山引导下岗职工到农村创业  已有五百人从事特色高效农业项目开发",13
"1998.4.5","福建进一步改善投资环境  承德外商投资占固定资产投资总额1／3",13
"1998.4.7","河北涉县，山高沟深。为了方便农民“打官司”，该县法院开设了——“田间法庭”",13
"1998.4.8","株洲建行力降不良贷款　襄樊个体户有了税费卡　唐山中保抡出三板斧",13
"1998.4.8","中国文联艺术团赴老区衡水演出",13
"1998.4.10","瑞典山特维克廊坊工厂投产",13
"1998.4.10","张家口地震灾区开始全面重建　灾民将在今年封冻前迁入新居",13
"1998.4.13","河北林业产业化进程加快",13
"1998.4.13","昆明农行支持“双优”产业　唐山建行帮助企业脱困境　景德镇工行化解信贷风险",13
"1998.4.13","秦皇岛工行靠服务树形象",13
"1998.4.13","不懂法律知识不配当干部　河北把学法、用法作为干部考核任用的重要内容",13
"1998.4.15","唐山市东北发生4．7级地震　专家认为唐山及附近地区近期发生更大地震的可能性不大",13
"1998.4.16","绿茵少年之歌——走近秦皇岛中国足球学校",13
"1998.4.17","超越常规——记石家庄市糖尿病医院院长王钢柱",13
"1998.4.19","河北省政府感谢香港各界援助灾区",13
"1998.4.22","村庄小、生源少、办学难怎么办？　衡水市桃城区联村办学闯新路",13
"1998.4.24","保定出台交通事故处理新机制",13
"1998.4.24","共建研究生社会实践基地　秦皇岛与清华合作双方受益",13
"1998.4.24","田径大奖赛石家庄站即将开赛",13
"1998.4.24","努力追求高境界——访河北教育出版社社长兼总编辑王亚民",13
"1998.4.26","河北新闻媒体敢于曝光　省委书记支持舆论监督",13
"1998.4.27","我国一季度投资：东西高  中部低　河北确定今年重点建设目标",13
"1998.4.28","清理公款移动电话：石家庄市敢较真不手软　乱购滥配“大哥大”：栾城电力局长丢“乌纱”",13
"1998.4.28","名手众多  成绩平平　田径大奖赛石家庄站比赛结束",13
"1998.4.30","廊坊中医院治疗血液顽疾效果好",13
"1998.5.11","河北考核干部有把“铁尺子”　跑官要官的少了  真抓实干的多了",13
"1998.5.11","保定一中分校关心下岗职工子女　特殊团费助困生",13
"1998.5.14","张家口地震灾区　科学建设新家园",13
"1998.5.19","奋发强  开拓进取——访中共河北省委副书记赵世居",13
"1998.5.19","廊坊建立“双休日”党校",13
"1998.5.20","唐山市注重引进高学历人才　一批研究生展露才华",13
"1998.5.21","依法监督  责无旁贷———廊坊市人大常委会主任谈基层人大工作",13
"1998.5.24","联系实际  制定方案  分清事权  明确责任　河北把粮改任务落到实处",13
"1998.5.25","石家庄加强对亏损企业税收审核",13
"1998.5.25","一周来，河南西峡符祖国、江西广昌吴小毛、河北石家庄马强等百余位朋友给本刊来信来稿。这里刊登湖南读者周云武的来稿——“结合”要看“结合力”",13
"1998.5.26","张家口下岗党员献爱心",13
"1998.5.27","河北省各界在西柏坡隆重集会　纪念中共中央移驻西柏坡50周年",13
"1998.6.2","秦皇岛边防检查站加强学法",13
"1998.6.3","沧州车务段节能降耗",13
"1998.6.4","保定形成十大特色产业",13
"1998.6.4","石家庄媒体公布交通违章车号",13
"1998.6.5","保重点 求发展  秦皇岛加快基础设施建设",13
"1998.6.5","河北定点免费培训下岗职工",13
"1998.6.7","碧水绕城梦变真——石家庄引水入市工程巡访录",13
"1998.6.8","单位自查审报  检查财务账目  电信局调号核对  河北省严格清理公费通讯工具  已处理违规通讯工具3.3万余部，收回资金2043万多元",13
"1998.6.10","秦皇岛喜庆“双百”华诞",13
"1998.6.11","政策扶持  各界关心  保定建立下岗职工服务体系",13
"1998.6.12","河北：农村基层民主管理迈新步",13
"1998.6.12","干实事  求实效  促廉洁  秦皇岛市政府从严治政",13
"1998.6.13","河北建立再就业培训网  四百所大中专学校成为培训基地",13
"1998.6.13","黄淮地区展开治蝗减灾战役  山东河南河北天津等地出动万人喷洒农药",13
"1998.6.15","建立选优汰劣机制 促进年轻民警成长  保定公安机关全面考核竞争上岗",13
"1998.6.16","河北中层领导干部竞争上岗  一批优秀年轻干部走上领导岗位",13
"1998.6.17","党外人士的朋友——保定市委书记么金铎重视统战工作侧记",13
"1998.6.19","邯郸招收下岗女工当“洁嫂”",13
"1998.6.20","衡水有家鼻烟壶艺术馆",13
"1998.6.22","秦皇岛交警推行过错追究制度",13
"1998.6.22","金融战线的楷模——记中国农行河北省分行平乡县平乡镇营业所主任刘彦彬",13
"1998.6.23","燕郊抛绣球——河北燕郊科教兴区纪实",13
"1998.6.25","温家宝在河北农村考察时指出  努力实现今年农业增产增收目标",13
"1998.6.25","邢台：“自我冻结”",13
"1998.6.26","招商引资看廊坊",13
"1998.6.26","唐山地税局发挥群众协税护税作用",13
"1998.6.27","建设文明窗口与职工生活息息相关。保定市交通警察的行动，给了群众——绿色希望  金色现实",13
"1998.6.30","沧州农村金融系统捐助下岗职工",13
"1998.6.30","邯郸四万职工重上岗",13
"1998.6.30","廊坊预备役师计生工作成绩显著",13
"1998.6.30","人民日报创刊五十周年金银箔  缩微版赠送仪式在石家庄举行",13
"1998.7.1","卸煤无煤尘 输油不见油　秦皇岛港建成“绿色港口”",13
"1998.7.2","石家庄电力机务段培训富余人员　职工入学深造 企业减员增效",13
"1998.7.3","石家庄少林武馆弘扬武德育人才",13
"1998.7.6","“龙”吟燕赵——河北供销社系统改革与发展纪实",13
"1998.7.7","沧州新华区创建“安全文明小区”",13
"1998.7.9","廊坊着力培训村干部",13
"1998.7.10","廊坊师专美术创作成绩喜人",13
"1998.7.11","合力·活力·竞争力——河北神兴股份有限公司企业文化建设透视",13
"1998.7.12","石家庄96家私营企业摘下“假集体”帽子",13
"1998.7.15","邯郸市区发现宋代墓葬",13
"1998.7.20","邯郸实施项目拉动效果明显　上半年国内生产总值同比增百分之十二",13
"1998.7.21","既要绿起来又要富起来——石家庄地区小流域治理侧记",13
"1998.7.21","秦皇岛的“绿肺”",13
"1998.7.23","唐山下岗职工党员发挥模范作用　769名下岗党员帮带4140名下岗职工再就业",13
"1998.7.23","石家庄农村医疗形成网络",13
"1998.7.25","李岚清在河南河北考察  强调加快高校管理体制改革步伐，要求切实抓好增收节支工作，实现全年经济增长目标",13
"1998.7.25","科技转化看以岭——来自河北以岭医药集团的报道",13
"1998.7.28","北京、天津、唐山、承德这四个城市的交汇点，是一翠绿的山水，她以绚丽之姿、傲岸之躯、独特之韵，吸引了众多的游客——蓟县山水美",13
"1998.7.31","唐山开平区地税局注重文明征税",13
"1998.7.31","廊坊双拥工作气象新",13
"1998.7.31","备战世界锦标赛和亚运会　国家男排在秦皇岛基地夏训",13
"1998.8.3","邯郸“安居”的市场观",13
"1998.8.3","全国首家林果技术服务热线在衡水开通",13
"1998.8.5","河北建成大型钢材市场",13
"1998.8.5","石河北边检站坚持文明执勤",13
"1998.8.6","加强领导  落实措施  多办实事　张家口拥军动真情",13
"1998.8.10","秦皇岛　择优录用军转干部",13
"1998.8.10","科技进步振雄风  唐山陶瓷俏天下",13
"1998.8.11","石家庄上半年清理欠税逾千万",13
"1998.8.15","关于河北省粮改落实情况的调研报告",13
"1998.8.19","从信心到希望——从唐山邀请赛看女篮",13
"1998.8.21","全国少年男足赛决战秦皇岛",13
"1998.8.24","姜春云在河北农村考察强调　转变农业增长方式搞好民主法制建设",13
"1998.8.24","张家口市加紧培训中青年干部",13
"1998.8.24","河北　牌子挂起来　服务做起来",13
"1998.8.26","科教兴企  贵在创新——石家庄开发区医药研究所崛起记",13
"1998.8.28","河北承德在京招商成果丰硕",13
"1998.8.28","备战亚洲青年女排锦标赛　国家青年女排在秦皇岛练兵",13
"1998.9.2","廊坊军分区官兵为灾区捐款",13
"1998.9.2","廊坊加强农村基层干部理论学习",13
"1998.9.4","泽被当地  惠及京津——河北省实施京津周围地区绿化工程十二年述评",13
"1998.9.8","惩罚违法办案者教育粗枝大叶者　秦皇岛两级法院错案追究动真格",13
"1998.9.10","武林英杰——记河北省中兴武术院院长夏云飞",13
"1998.9.10","唐山人的情怀",13
"1998.9.13","领导谋划到位  资金筹措到位  督促检查到位　河北重点建设“长”势喜人　上半年国内生产总值增近一成",13
"1998.9.14","河北省中医院精选药品送灾区",13
"1998.9.15","狮虎犬和睦相处——秦皇岛野生动物园趣闻",13
"1998.9.17","抓住支撑点实施重点推进　邯郸确保经济快速增长",13
"1998.9.18","秦皇岛兴建热电联网供热工程",13
"1998.9.19","讲政治  顾大局  保增长  作贡献　河北弘扬抗洪精神促经济发展",13
"1998.9.21","邹家华在河北考察时强调　切实执行《森林法》加强生态环境建设",13
"1998.9.21","农电体制改革势在必行——对河北抚宁县农电管理体制的调查",13
"1998.9.22","中外将共同开发秦皇岛32—6油田",13
"1998.9.22","河北责任到位  措施到位",13
"1998.9.22","职教撑起“富民伞”——承德“科教兴市”采访记",13
"1998.9.22","大局至上——河北省党员干部支援灾区抗洪抢险纪事",13
"1998.9.23","河北查处4起违反粮食购销政策事件　要求引以为戒把粮改任务落到实处",13
"1998.9.23","邯郸：市委压缩行政开支",13
"1998.9.24","压力下的竞争——河北藁城市珍稀动物养殖三场散记",13
"1998.9.28","廊坊选出国防教育个人“十佳”",13
"1998.9.29","政治上关心  生活上照顾　石家庄桥东区委加强对下岗职工党员管理",13
"1998.10.1","沧州新华区多渠道安置下岗职工",13
"1998.10.5","秦皇岛?沈阳　第一条铁路客运专线",13
"1998.10.7","救灾药品中查出假劣药品　石家庄市康复制药厂等单位受到严肃处理",13
"1998.10.9","首届中国陶瓷博览会在唐山开幕",13
"1998.10.10","叶连松任河北省委书记",13
"1998.10.11","银检联手  重拳出击　河北侦破一起特大金融犯罪案",13
"1998.10.12","中国女手在秦皇岛两胜朝鲜队",13
"1998.10.21","活水源源来——500名研究生唐山择业见闻",13
"1998.10.21","用好土地  为民造福——河北省土地管理工作纪事",13
"1998.10.22","唐山东方玻璃厂扭亏为盈",13
"1998.10.22","为深化改革创造良好氛围　保定探索企业思想政治工作新路",13
"1998.10.22","围农字转   念致富经  铺小康路　河北南宫职教中心痴心为农办学",13
"1998.10.23","秦皇岛交警树良好形象",13
"1998.10.23","河北省素质教育经验交流会召开",13
"1998.10.26","廊坊重视选拔年轻干部",13
"1998.10.26","秦皇岛双拥工作向纵深发展",13
"1998.10.26","保定国税堵漏增收",13
"1998.10.29","“龙型经济”振兴邯郸",13
"1998.11.1","10万人吃旅游饭社会收入31亿元　旅游业成为秦皇岛三产龙头",13
"1998.11.2","唐山地税局文明服务树新风",13
"1998.11.2","邢台国税　堵漏增收",13
"1998.11.3","石家庄站实现安全生产一千天",13
"1998.11.3","以病人为中心  把患者当亲人　秦皇岛市第一医院医风正",13
"1998.11.3","公路执法“根据地”——廊坊市交通安全村建设纪实",13
"1998.11.4","邯钢又一兼并企业扭转亏损　衡水薄板公司引入新机制九个月实现盈利",13
"1998.11.7","钮茂生任河北省代省长",13
"1998.11.7","农行河北省阳原县支行受称赞：农民致富有靠山",13
"1998.11.8","科技上山  开放兴山  开发富山　邢台加快山区建设步伐",13
"1998.11.9","河北实施堵漏增收工程　前十月入库税款增十亿",13
"1998.11.9","邯郸工行支持基础产业",13
"1998.11.10","注重群众参与抓好三个环节　河北创建“十星级”文明农户",13
"1998.11.11","保定地税收入四年迈出四大步　安阳铁西国税局严格内部考核　沈阳铁西国税局签清欠责任状",13
"1998.11.11","沧州华升精铸公司获质量认证",13
"1998.11.15","石家庄：改革开放换新颜",13
"1998.11.19","河北栾城地税局长被查处",13
"1998.11.19","回春妙手克顽症——记邢台癫痫病医院院长唐志勉",13
"1998.11.23","创名牌服务——记建行邢台电厂办事处",13
"1998.11.24","河北内邱走出水泥散装新路子",13
"1998.11.24","保定集会纪念　解放五十周年",13
"1998.11.25","廊坊市加强涉外税收征管",13
"1998.11.26","河北制止奢侈浪费取得成效",13
"1998.11.28","改善投资环境  实行项目拉动　廊坊发挥区位优势促进对外开放",13
"1998.11.30","邢台县拒腐防变建“五小”",13
"1998.12.1","国家质量技术监督局要求河北省  关闭29家小平拉玻璃生产企业",13
"1998.12.3","新型吸水材料在保定投入生产",13
"1998.12.3","沧州：背靠“大树”谋发展",13
"1998.12.4","邢台教育中小学生健康消费  全市一百二十万中小学生向不良消费行为告别",13
"1998.12.7","党政同步  虚功实做  邯郸切实加强机关党建",13
"1998.12.7","石家庄再障贫血病院创佳绩",13
"1998.12.7","变“一曝十寒”为“四季如春”  “三下乡”扎根衡水",13
"1998.12.7","保定工行业务培训效果好",13
"1998.12.9","一批国际知名企业到唐山投资",13
"1998.12.9","原河北人大常委会副主任姜殿武被判刑10年",13
"1998.12.14","3个证件  4项规范  5张卡  保定交警从细微处树形象",13
"1998.12.21","河北国税超额完成税收任务  湖南“两税”入库进度加快",13
"1998.12.21","保定新市区地税局查处案件取得成效",13
"1998.12.22","“凤凰”新姿——唐山形象建设巡礼",13
"1998.12.23","廊坊开发区国税分局树立文明服务好形象",13
"1998.12.25","抓住机遇  发展经济  张家口加大开放开发力度",13
"1998.12.29","廊坊市落实三中全会精神动作快力度大  天津宝坻大规模实施农业综合开发工程",13
"1998.12.29","“怪案”的背后——张家口一起经济案透视",13
