﻿"index","news_title","prov_cde"
"1998.1.4","依托传统农业  跳出传统农业  焦作高效农业园区悄然兴起",41
"1998.1.6","安阳文峰国税局为纳税人提供方便",41
"1998.1.7","石家庄至安阳电气化铁路开通",41
"1998.1.12","郑州　我怎么对你说……",41
"1998.1.13","李岚清在河南考察时强调　推进素质教育  培养跨世纪人才",41
"1998.1.15","培养扎根乡土的“科班”人才　信阳把千余村干部送入高校",41
"1998.1.15","信阳人的眼光",41
"1998.1.18","此时无声胜有声　郑州商战斗阵法",41
"1998.1.19","林英海当选河南省政协主席",41
"1998.1.19","豫沪男排领先势头不减　女排比赛仍呈混战局面",41
"1998.1.20","河南交通事故伤残鉴定中心成立",41
"1998.1.21","任克礼当选河南省人大常委会主任　马忠臣当选河南省省长",41
"1998.1.21","北普陀举办洛阳牡丹灯会",41
"1998.1.22","便民“指路卡”——平顶山交警为民服务记事",41
"1998.1.22","变坐堂看病为上门行医　许昌社区卫生服务方便百姓",41
"1998.1.24","洛阳  牡丹盛开闹新春",41
"1998.1.25","信阳大力发展特色农业　“龙型”经济带动百万农民走向市场",41
"1998.1.26","驻马店农行支持示范园",41
"1998.1.26","郑州东站反腐倡廉从领导抓起",41
"1998.1.26","全国排球联赛战罢五轮　河南男排上海女排仍居榜首",41
"1998.1.27","安阳年年减农负",41
"1998.1.27","郑州管城公安分局注重队伍建设",41
"1998.1.30","李道豫大使向美国务卿辞行",41
"1998.1.31","美两院议员为李道豫送行　李大使举行告别招待会",41
"1998.2.6","河南农业产业化带动农户增收",41
"1998.2.8","郑州纪念“二七”大罢工75周年",41
"1998.2.9","河南国企养老保险覆盖面达98％",41
"1998.2.9","营造良好环境  发挥学生潜能　商丘立博学校走上素质教育轨道",41
"1998.2.10","焦作军分区官兵捐款帮困",41
"1998.2.10","大兴调查研究之风——中共河南省信阳地委书记李中央一席谈",41
"1998.2.10","“窗口”咋样亮起来？——南阳市地税直属分局文明窗口建设纪实",41
"1998.2.11","扶骨干项目  重农技推广  抓人才培养　许昌科教兴县壮大地方经济",41
"1998.2.22","洛阳化纤工程正式开工",41
"1998.2.24","争“四强”  创“五好”　濮阳农村基层组织充满活力",41
"1998.2.26","端正认识  加强领导　河南加大力度反腐败",41
"1998.3.3","李长春任广东省委书记　马忠臣任河南省委书记",41
"1998.3.4","许昌市整顿劳动路“狗市”",41
"1998.3.8","李鹏在河南代表团参加审议时指出　将黄河治理放到战略地位来抓",41
"1998.3.9","全国排球联赛战罢第十轮　豫沪列积分榜男女首位",41
"1998.3.10","河南　提高劳动者素质",41
"1998.3.14","江泽民分别参加河南河北代表团会议强调　加强农业基础地位维护社会政治稳定",41
"1998.3.31","泉州小“洛阳”",41
"1998.4.1","郑州铁路警察勇救女孩",41
"1998.4.2","思变求新书市活——开封市新华书店改革纪实",41
"1998.4.6","走南闯北建筑忙　信阳20万农民脱贫",41
"1998.4.6","开封加强税收检查",41
"1998.4.6","郑州千名干警下基层",41
"1998.4.7","指导麦田管理  夺取夏粮丰收　河南万名干部农技人员深入田间地头",41
"1998.4.8","牡丹之乡正气兴——洛阳市政法委抓农村治安见成效",41
"1998.4.9","河南改善农业生产条件",41
"1998.4.13","防止挤占挪用收购资金　开封农发行向企业派驻信贷专管组",41
"1998.4.14","信阳人行开通金融举报电话",41
"1998.4.14","安阳对纳税户奖优罚劣",41
"1998.4.14","以老带新  以新促老　安阳一中教师整体素质提高",41
"1998.4.15","平顶山特大瓦斯爆炸事故　有关责任人受到严肃处理",41
"1998.4.16","60多年前振兴中华的宏伟蓝　孙中山建国方略在濮阳县发现",41
"1998.4.16","挣脱贫困的冲刺——河南省伊川县扶贫攻坚纪实",41
"1998.4.17","平顶山天鹰集团重奖科技功臣",41
"1998.4.21","河南人民出版社文化扶贫",41
"1998.4.24","开封国税局加大培训力度",41
"1998.4.24","路  伊盟数万人攻坚　三原冠名权换资金　周口拓宽投资渠道",41
"1998.4.26","治穷先治愚  脱贫靠科技　信阳227万贫困人口脱贫",41
"1998.4.26","洛阳牡丹花会落幕　签订合同17项，投资额27.46亿元",41
"1998.4.26","河南南阳四百家庭农场主领取执照　农业法人呼之而出",41
"1998.4.27","安阳国税直属局税企微机联网",41
"1998.4.28","河南中岳阀门公司专利兴厂",41
"1998.4.28","河南整顿拍卖行　山西查处私盐案",41
"1998.4.28","投资33亿  负债65亿　河南两重点项目贪大求洋酿苦果",41
"1998.4.30","安阳郊区国税局税宣入校",41
"1998.5.12","洛阳人行查处违规行为",41
"1998.5.13","商丘站优质服务引货来",41
"1998.5.18","“二七司法学校”被撤销　司法部发出通报　郑州查处责任人",41
"1998.5.19","正警风  树形象  促工作  创一流　郑州公安局全面推进队伍建设",41
"1998.5.20","向旱地农业要粮食要效益　洛阳建成旱农综合实验基地",41
"1998.5.21","以“软”补“硬”  提高素质　河南消防总队过硬班子带出过硬队伍",41
"1998.5.22","郑州—澳门—台北航班开通",41
"1998.5.22","清明上河新画卷——河南开封县创建文明县城记",41
"1998.5.22","留住文化的温馨——郑州越秀学术讲座散记",41
"1998.5.25","一周来，河南西峡符祖国、江西广昌吴小毛、河北石家庄马强等百余位朋友给本刊来信来稿。这里刊登湖南读者周云武的来稿——“结合”要看“结合力”",41
"1998.5.26","安阳机制板厂接收下岗职工再就业",41
"1998.5.26","首批收割机抵河南麦区",41
"1998.5.26","严刹大吃大喝之风　新乡实行来客定点接待制",41
"1998.5.28","平顶山6000余优抚对象脱贫",41
"1998.5.29","河南今年小麦丰收在望",41
"1998.5.30","郑州中原粮库违纪人员受到处理",41
"1998.6.2","抓学习  强素质  建队伍  平顶山公安局建起警官书屋",41
"1998.6.4","河南湖南按保护价敞开收购余粮  粮食收储企业实行顺价销售",41
"1998.6.4","郑州交警精减人员充实一线",41
"1998.6.5","谁错用误用了干部 就要追究谁的责任  河南追究“用人失察”者的责任",41
"1998.6.7","规范国企职工下岗程序和制度  河南多渠道分流安置",41
"1998.6.7","巴西平顶山奇观",41
"1998.6.9","不懈的追求——记焦作市工商局党委书记、局长乔东方",41
"1998.6.10","豫剧表演艺术家牛得草逝世",41
"1998.6.10","好事为啥办不好？——关于洛阳郊区辛店镇毁麦征地的调查",41
"1998.6.12","抓早  抓细  抓实  皖苏鲁豫沿淮四省严阵以待防大汛",41
"1998.6.12","规范有关程序  制定优惠政策  河南扶持国企下岗职工再就业",41
"1998.6.13","黄淮地区展开治蝗减灾战役  山东河南河北天津等地出动万人喷洒农药",41
"1998.6.14","认识到位  责任明确  重点突出  河南扎实推进粮食流通体制改革",41
"1998.6.14","全国跨区机收首战告捷  江苏安徽河南等省麦收基本结束",41
"1998.6.15","安阳公安机关加强社会监督",41
"1998.6.23","靠一流班子  创一流业绩  许昌市司法局荣获集体一等功",41
"1998.6.23","武警许昌市支队干部述职形成制度",41
"1998.6.24","郑州市民志愿者清除风景区垃圾",41
"1998.6.25","行使民主权利——河南商城县观庙乡邬庙村村委会选举目击记",41
"1998.6.26","抓好重点税源  强化税务稽查  河南地税局大力组织收入",41
"1998.6.29","肇庆市在郑州举办产品展销会",41
"1998.6.30","尽职尽责——记河南省舞钢市人大代表张尧元",41
"1998.7.2","许昌魏中建筑公司提高职工素质　组织专业培训现场技术练兵",41
"1998.7.4","全国（室内）射箭锦标赛在漯河结束",41
"1998.7.8","郑州交警科学管理保畅通",41
"1998.7.9","新乡车务段控制成本节能降耗",41
"1998.7.15","市场无情人有情——河南省委书记马忠臣谈国企下岗职工再就业",41
"1998.7.15","濮阳市注重给领导干部“充电”",41
"1998.7.15","压力  动力  活力——郑州铁路分局实施减员增效纪实",41
"1998.7.17","教师的知音——记河南许昌市魏都区区长周献忠",41
"1998.7.19","一改“审批通过只管花钱”的毛病　洛阳大化纤压缩投资三十亿",41
"1998.7.19","政府给政策  企业抓管理　河南抓大放小力度大形式活",41
"1998.7.20","抓职工培训  促业务提高　三门峡市国税直属局喜获益",41
"1998.7.21","脱贫致富　先行官——周口地区交通建设记事",41
"1998.7.22","新乡粮库仓容不足　夏粮收储受到影响",41
"1998.7.25","李岚清在河南河北考察  强调加快高校管理体制改革步伐，要求切实抓好增收节支工作，实现全年经济增长目标",41
"1998.7.26","李克强任河南省代省长",41
"1998.7.27","四个百分之百倾注一深情　新乡为驻军创造良好社会环境",41
"1998.7.29","集中财力物力  实施人才工程　安阳为科技人才提供舞台",41
"1998.7.31","郑州市政协情系下岗职工",41
"1998.8.3","领导重视  全面规划  精心组织  河南教育系统学习邓小平理论",41
"1998.8.3","河南大学生择业兴农",41
"1998.8.7","国家粮食购销三项政策深得民心　驻马店农民种田积极性再次高涨",41
"1998.8.7","正面教育  反面警示　河南公安机关向素质要战斗力",41
"1998.8.7","小病就近  大病不误  无病预防　许昌市人民医院开展社区医疗服务",41
"1998.8.10","濮阳检察院深入抓教育整顿",41
"1998.8.11","河南农行贷款增量居全系统第一",41
"1998.8.17","安阳郊区地税科学稽查",41
"1998.8.19","河南建业足球俱乐部大换班",41
"1998.8.20","部属学校管理体制调整试点进展顺利　河南江苏制定配套措施和优惠政策",41
"1998.8.22","公开是把金钥匙——记河南辉县市计划生育工作",41
"1998.8.23","疯狂作案37起 诈骗资金3.47亿　郑州“1·31”特大金融诈骗案告破",41
"1998.8.25","信阳成立消费者维权合议庭",41
"1998.8.25","志在小村创大业——记河南武陟县西滑封村党总支书记王孝江",41
"1998.8.28","九八广东商品（郑州）博览会闭幕",41
"1998.8.28","许昌魏都区形成干部激励机制",41
"1998.8.28","濮阳交警从严抓队伍",41
"1998.8.28","河南新闻单位为高招录取提供服务",41
"1998.9.2","清正廉洁铸辉煌——濮阳市人事局加强队伍建设记事",41
"1998.9.3","酸枣变甜枣——安阳县开发野生资源侧记",41
"1998.9.8","南阳市医药行业　为灾区赶制急救药品",41
"1998.9.8","让闲设施活起来——平顶山体育村以馆养馆纪实",41
"1998.9.10","农民增收减负形势不容乐观——湖南河南四川三省调查",41
"1998.9.10","河南省新县公安局交警大队15名民警长期捐资救助3名贫困生上学，其中一名已考上浙江大学——警察和贫困生",41
"1998.9.11","非法敛资近9亿元　河南三星公司被查处",41
"1998.9.11","武警新乡支队注重抓好警民共建",41
"1998.9.16","郑州市政协委员麻明芳派子赴抗洪前线　“回民饭店”转战洪湖大堤",41
"1998.9.17","周口　小麦育种有突破",41
"1998.9.18","鹤壁矿务局井下造气试产成功",41
"1998.9.21","全国射箭锦标赛在漯河开赛",41
"1998.9.24","南阳审判机关努力维护法律公正",41
"1998.9.24","鄂豫等省开展健康教育",41
"1998.9.25","香港全国人大代表视察河南结束",41
"1998.9.26","全国射箭锦标赛在漯河结束",41
"1998.9.28","许昌市送医下乡形成制度　农民欢迎“不走的医疗队”",41
"1998.9.28","昨日掀起商战巨澜，如今债主堵门要钱　郑州亚细亚怎么了",41
"1998.10.5","焦作至新庄高速公路开工",41
"1998.10.7","新乡招聘家政客运服务工　下岗工不愿干  大学生抢着干",41
"1998.10.8","漯河工务段全民健身活动多姿多彩",41
"1998.10.15","平顶山军分区平战结合建后勤",41
"1998.10.16","新乡查获一起假药大案",41
"1998.10.20","河南神马尼龙六六盐工程建成",41
"1998.10.22","开封鼓楼区国税局稽查效果好",41
"1998.10.23","平顶山市落实环保国策　走经济与环境协调发展之路",41
"1998.10.26","河南豫鹤水泥有限公司建成投产",41
"1998.10.27","采煤不忘造田  力求占补平衡　平顶山大力开发复垦采煤塌陷地",41
"1998.10.28","信阳师范建立德育管理机制",41
"1998.11.2","豪夫曼，缴完税你再走——河南地税局阻止一位德国欠税人出境纪实",41
"1998.11.2","河南省国税清缴两税9亿元",41
"1998.11.2","郑州，崛起大型客车生产基地",41
"1998.11.3","完善制度  公正执法　信阳市法院自觉接受人大监督",41
"1998.11.3","河南：采取多种措施  加快收订进度",41
"1998.11.6","河南：土地延包为农村注活力",41
"1998.11.8","以城带乡  优势互补  共同发展　洛阳金桥工程硕果累累",41
"1998.11.9","“我们村里的‘小人大’”——河南许昌县农村村民代表会纪实",41
"1998.11.9","“丹尼斯量贩”　掀动郑州商战浪",41
"1998.11.10","河南商城县四年引资近亿元",41
"1998.11.10","河南公安机关教育整顿除肌瘤",41
"1998.11.10","安阳市郊区法院主动接受人大监督",41
"1998.11.10","抓基础建设  促科技进步　新乡农业连续七年攀高",41
"1998.11.10","情系千家万户——记河南省郑州市房管局党委一班人",41
"1998.11.11","保定地税收入四年迈出四大步　安阳铁西国税局严格内部考核　沈阳铁西国税局签清欠责任状",41
"1998.11.11","夯实基础坝自安——河南周口市创建安全文明小区纪实",41
"1998.11.11","河南纪念中原局成立六十周年暨刘少奇百年诞辰",41
"1998.11.12","安阳农民评议干部效果好",41
"1998.11.16","濮阳市公安机关治安先治警",41
"1998.11.16","郑州：公园免费",41
"1998.11.18","安阳有人公开回收失效药品",41
"1998.11.19","河南两名县区国税局长被撤职",41
"1998.11.19","南阳三师开展园丁科技教育活动",41
"1998.11.23","深入基层依靠群众解决矛盾　平顶山市注重为民办实事",41
"1998.11.24","开封国税局专项检查成效大",41
"1998.11.24","河南8家公路施工企业违规经营被清理",41
"1998.11.24","阔步迈向产业化——新乡市体育中心改革纪实",41
"1998.11.25","四川国税一周查补6000万元　郑州完成地税涉外税收任务　辽宁积极开展增收节支　福建地税全力以赴抓增收　广东国税加大清欠力度",41
"1998.11.28","温家宝在河南农村考察时指出　努力做好当前的农业和农村工作",41
"1998.11.30","心系国防——记鹤壁市委书记李新民",41
"1998.12.1","平顶山地税局加大清欠力度",41
"1998.12.1","择优录用  上者服众  下者服气　新乡中层干部竞争上岗",41
"1998.12.1","郑州“禁鸣”之后",41
"1998.12.4","抓住机遇  注重实效  驻马店地区强力推进东西合作",41
"1998.12.4","郑州推进乡镇企业“二次创业”  乡镇工业占全市工业的比重已达百分之六十以上",41
"1998.12.4","学高为师  德高为范　河南师大优化育人环境",41
"1998.12.6","陈俊生在河南考察时指出　实施东西合作加快乡镇企业发展",41
"1998.12.7","保干部一个清白  给群众一个明白  南阳卧龙区推行政务公开",41
"1998.12.14","洛阳交警文明执勤热情服务",41
"1998.12.14","信阳公安机关强化服务",41
"1998.12.21","退二进三  退城进郊  洛阳西工区以退为进救活企业",41
"1998.12.22","三门峡国税直属局净化纳税环境",41
"1998.12.22","濮阳县流动党校享誉乡里",41
"1998.12.28","濮阳个体私营经济发展迅速",41
"1998.12.28","比黄金更可贵的财富——河南灵宝市见闻",41
"1998.12.28","八一足球队新赛季主场移师新乡",41
"1998.12.29","摆查问题  整治顽症　洛阳交警教育整顿有力度",41
