﻿"index","news_title","prov_cde"
"1998.1.5","汕头：电视录像剪彩省力省财",44
"1998.1.5","今日“送子观音”——记湛江市惠珍联合医院院长梁惠珍",44
"1998.1.5","新年足坛打响第一炮  广东女足捧得李宁杯",44
"1998.1.6","广东群众普遍反映——民警态度变好了",44
"1998.1.6","广东　对外开放上新水平",44
"1998.1.6","广州军事法院堪称普法“先行官”",44
"1998.1.8","群雄逐鹿竞风流——记深圳万德莱通讯有限公司董事长徐杰的成功谋略",44
"1998.1.9","武警广东总队干部提拔过“三关”",44
"1998.1.10","广东资助百名贫困女大学生",44
"1998.1.11","广州街头“走鬼”多",44
"1998.1.12","省港杯广东队战平香港队",44
"1998.1.12","住房分配货币化　广东四市先行一步",44
"1998.1.13","清扫精神垃圾  打击违法经营　广东大力整顿出版物市场",44
"1998.1.13","过去逢年过节，到机关“慰问”的车水马龙，现在少多了，是因为——这里有透明行政——广东顺德廉政建设采访札记",44
"1998.1.15","广东协作扶贫力度大　六十万绝对贫困人口基本解决温饱问题",44
"1998.1.15","深圳先科公司努力提高产品质量",44
"1998.1.15","茂名乙烯投料试车一年即达标",44
"1998.1.15","郭荣昌当选广东省政协主席",44
"1998.1.16","广东　完善优抚制度",44
"1998.1.19","加拿大“北电”在广州举办展览会",44
"1998.1.19","广东足球队夺得省港杯",44
"1998.1.20","朱森林当选广东省人大常委会主任　卢瑞华当选广东省省长",44
"1998.1.21","深圳有个打工者阅览室",44
"1998.1.22","广东电子工业喜创七连冠",44
"1998.1.23","美联邦快递与深圳机场合作",44
"1998.1.23","广东工行去年增贷近200亿",44
"1998.1.24","香港回归第一春　深圳口岸春运忙",44
"1998.1.24","广深铁路广州段恢复单线通车",44
"1998.1.25","广州国际女足赛曲终人散　中国队名列第三",44
"1998.1.27","湛江海关积极支持海铁联运",44
"1998.1.27","广州地区军民联欢庆新春　乔石、荣毅仁等出席",44
"1998.1.28","乔石在广州参观金鹏集团时强调　加快发展高技术信息产业",44
"1998.1.30","世界卫生组织宣布　广东无禽流感病例",44
"1998.1.31","多形式建房  全社会参与　汕头实施“居者有其屋”工程",44
"1998.2.1","乔石在深圳参观考察　强调进一步把特区建设搞上去，在两个文明建设上争取新成就",44
"1998.2.1","广州街市好红火",44
"1998.2.3","深圳口岸体制改革见实效　盐田港元月集装箱吞吐量骤增",44
"1998.2.5","乔石在珠海参观考察时强调　抓住机遇提高特区开放水平",44
"1998.2.5","广州军区为那曲灾区空运大批物资",44
"1998.2.5","“电信尖兵”在冲击  ——深圳华为公司的技术创新之路",44
"1998.2.6","深圳海关打击“假出口”",44
"1998.2.10","在深圳投资台商达2400多家",44
"1998.2.10","汕头建安公司获质量认证",44
"1998.2.12","强化思想政治教育  重视业务技术培训　海军广州军代表局加强队伍建设",44
"1998.2.14","汕头民营经济向“四化”发展",44
"1998.2.16","在蔚蓝色的战场上——记广东公安边防海警一支队",44
"1998.2.24","广东中保财产业务发展迅速",44
"1998.2.25","亚洲体育记者联盟代表大会即将在深圳举行",44
"1998.2.25","撑起彩电一天——记粤港合资潮州创佳电子有限公司",44
"1998.2.28","在创造中腾越——记深圳创维集团的创业之路",44
"1998.2.28","英国赛车职业教练认为　珠海赛车场接近“世界级水平”",44
"1998.2.28","从“禽蛋大王”到“鳄鱼大王”——记广东昂泰连锁企业集团公司董事长黄学敏",44
"1998.2.28","作为窗口行业之一的汕头市仲裁委，为稳定社会作出了应有的贡献。下面几则故事，反映了他们如何——为老百姓主持公道",44
"1998.3.1","北京邮政代发增时效　深圳电话亭里添话簿",44
"1998.3.2","深圳经济增速快效益高　人均国内生产总值居全国大中城市之首",44
"1998.3.2","深圳华为公司设立“寒窗学子基金”",44
"1998.3.3","李长春任广东省委书记　马忠臣任河南省委书记",44
"1998.3.5","亚洲体育记者联盟代表大会在深圳开幕",44
"1998.3.6","诉亲情  话未来——粤港澳三地人大代表会面素描",44
"1998.3.10","江泽民参加广东代表团审议时强调　顺应世界经济科技发展的新潮流大趋势　把改革开放经济社会发展推进到新阶段",44
"1998.3.10","深圳　娃娃学法律",44
"1998.3.12","陈世贤为改善汕头交通设施捐资",44
"1998.3.13","各地纪念孙中山逝世七十三周年",44
"1998.3.17","广东　对外开放谱写新篇",44
"1998.3.17","深圳 马路装“咪表”　泊车不难了",44
"1998.3.18","庄稼勤打理　谷贱要帮农——与广东农村来的代表夜话",44
"1998.3.22","千干扶千户：扶真贫  真扶贫——广东河源市的调查",44
"1998.3.24","深圳初步形成高新技术产业群　今年又有一系列发展高新技术新举措",44
"1998.3.25","深圳：散打搏击争霸赛",44
"1998.3.25","珠海准备着  ——访全国人大代表梁广大",44
"1998.3.26","新一代洁牙产品在广州投产",44
"1998.3.29","“共携手、迎回归”妇女恳谈会在珠海举行",44
"1998.3.30","广东纪念黄花岗烈士殉难87周年",44
"1998.3.30","河源发现罕见菊石化石群",44
"1998.3.31","看广东农垦改制",44
"1998.3.31","先培训后任职  提高干部素质　广东农村实行党支书村主任“持证上岗”　4万余人获任职证书",44
"1998.3.31","两地政府间设立高层协调机构　粤港合作联席会议制度启动",44
"1998.4.1","中山华侨中学实施适应性教育",44
"1998.4.3","汕头港务局获ISO9002认证",44
"1998.4.3","广东公安边防总队精兵严治",44
"1998.4.4","广东建成书馆自动化网络",44
"1998.4.5","广东加强山区文化建设",44
"1998.4.5","银行服务更上一层楼  珠海人缴费“一户通”",44
"1998.4.7","内蒙古工业利润年增八成　广西实行“人盯人”扶贫　福建农村三年内户户通电　广东海关促外贸有新招",44
"1998.4.7","救难抢险  打击犯罪　广东公安边防建设“海上110”",44
"1998.4.8","深圳社保基金迅速增值　从4万元起步  目前已达40亿元",44
"1998.4.9","茂名提高农产品市场占有率",44
"1998.4.9","落实宗旨  为民办事——广东湛江市开展“五个一帮一”活动记事",44
"1998.4.9","情洒粤西——记全国扶贫状元陈毅锋",44
"1998.4.10","广州人均国内生产总值突破三千美元",44
"1998.4.11","扬长避短  未雨绸缪  深圳致力发展高新技术产业",44
"1998.4.11","李长春深入粤北山区调查研究时强调　走农业产业化之路促扶贫开发",44
"1998.4.11","全国新闻界广州赛网球",44
"1998.4.11","国际女网赛将在深圳举行",44
"1998.4.12","双向选择  保底安置　珠海开设“退伍兵专项劳务市场”",44
"1998.4.13","新疆牛奶首次“东南飞”　40吨牛奶运往广东成都",44
"1998.4.13","汕头公开销毁违禁书刊盗版光盘",44
"1998.4.13","中山推出新型影碟机",44
"1998.4.13","东莞巡警用行动书写忠诚",44
"1998.4.15","广东川岛大型基建工程动工",44
"1998.4.16","60多年前振兴中华的宏伟蓝　孙中山建国方略在濮阳县发现",44
"1998.4.19","国产风力发电机落户广东南澳",44
"1998.4.20","可贵的国防观——广东省烟草公司经理黄永东爱国拥军纪事",44
"1998.4.20","新星乒乓球赛汕头小将称雄",44
"1998.4.21","深圳表彰“外来青工贴心人”和优秀外来青工",44
"1998.4.21","贫困村的成功路——记广东省梅州市上坪管理区党支部",44
"1998.4.22","海阔天高任汝行——访中共广东省委副书记张帼英",44
"1998.4.23","深圳国际女子网球挑战赛李丽闯入八强",44
"1998.4.23","全国速度赛马公开赛将在广州举行",44
"1998.4.24","广东狠抓农业增长势头好　吉林整体推进农业产业化",44
"1998.4.24","汕头保税区引资逾两亿美元",44
"1998.4.24","《孙中山的历程》的成书及特点",44
"1998.4.27","开阔中兴路——深圳市中兴通讯股份有限公司发展纪实",44
"1998.4.30","明珠杯高尔夫球赛在珠海揭幕",44
"1998.4.30","抓住有利时机  促进新的发展——关于东莞市实施跨世纪发展战略的思考",44
"1998.5.6","全国信贷清理分类工作启动　5月—7月在广东试点，8月在全国推开",44
"1998.5.6","广州建行开办证券保证金服务",44
"1998.5.7","江苏  免费培训百万下岗职工　内蒙古  媒体免费刊播择业广告　汕头  八千职工悉数分流安置",44
"1998.5.7","云浮中保财险首季业务大增",44
"1998.5.7","一季度广东鞋类出口有增无减",44
"1998.5.8","乔石在深圳参观高新技术企业",44
"1998.5.9","全国保龄球精英赛将在广东举行",44
"1998.5.11","广州轿车项目与日本本田签约",44
"1998.5.14","深圳海关连续查获千万元大案",44
"1998.5.15","《孙中山与宋庆龄》出版",44
"1998.5.16","广东严厉打击非法制贩光盘活动　破获5条非法光盘生产线  捣毁8个存放窝点",44
"1998.5.18","卫星揭示荒漠化加剧  大丰美水草成黄沙“美餐”　黄河源生态环境恶化",44
"1998.5.19","筑“巢”引“凤”——记深圳市宝安区公明镇党委一班人",44
"1998.5.19","深圳将举办全球散打搏击大赛",44
"1998.5.21","广东外贸保持快速增长　一季度进出口总额比去年同期增长20％多",44
"1998.5.24","深圳　一小学生被撞肇事者不救　死者父母决心依法讨公道",44
"1998.5.26","个体私营经济　浙江优先聘用下岗职工　武安安置10万人就业　四川发展环境宽松和谐　汕头从业总人数逾10万",44
"1998.5.28","李长春当选为广东省委书记",44
"1998.5.28","粤港日三地警方联合行动　特大伪造出入境证件犯罪集团案破获",44
"1998.5.29","一石击水浪千层——深圳市住宅消费机制建立纪实",44
"1998.5.31","李长春考察广东北江大堤要求　确保防洪设施汛期安全",44
"1998.6.1","广东公安边防七支队发扬“南泥湾精神”",44
"1998.6.2","加大投入力度  创建现代师范  广东中师致力实现教育手段现代化",44
"1998.6.2","各路拳手鏖战深圳",44
"1998.6.2","三“治”茂名",44
"1998.6.3","广东海关加大反走私力度",44
"1998.6.3","挑战弱智——记广州中医药大学教授靳瑞",44
"1998.6.4","深圳海关重拳出击海上走私  一至五月查获案件总值逾一点五亿元",44
"1998.6.5","澳门—珠海大桥月底动工",44
"1998.6.5","佛山电话用户突破百万",44
"1998.6.5","深圳平安寿险举行“无偿献血周”",44
"1998.6.8","实处着眼抓创建——中山市精神文明建设纪实（上）",44
"1998.6.8","深圳防止一笔预提所得税流失  四千多万元税款已进国库",44
"1998.6.8","深圳市积极筹集再就业资金",44
"1998.6.9","提高素质树新风——中山市精神文明建设纪实（下）",44
"1998.6.10","茂名最大石化财产保险签约",44
"1998.6.10","广东低中放固体废物北龙处置场建造许可证颁发  核电站放射性废物可安全处置",44
"1998.6.11","“恒康”投资广州污水处理项目",44
"1998.6.11","工行广东分行外币储蓄上升",44
"1998.6.11","深圳松岗国际龙舟赛结束",44
"1998.6.15","广州海关打击移动电话走私",44
"1998.6.15","个人投保1800万元  广东：巨额寿险“浮出水面”",44
"1998.6.16","广东集中销毁走私盗版光盘",44
"1998.6.18","湛江基金会六名违纪违法人员受处理",44
"1998.6.18","汕头注重消防培训  五万余消防骨干活跃在基层",44
"1998.6.21","引入多种经济形式  创造竞争环境  广东出现两家私营旅行社",44
"1998.6.22","目光投向高科技  深圳华强集团优化资本结构",44
"1998.6.23","粤海关海上反走私  专项斗争战绩显著",44
"1998.6.25","深圳希捷增资扩产",44
"1998.6.25","规律·机制·方法——广东精神文明建设的实践和探索",44
"1998.6.26","强化税收征管  大力挖潜增收  广东力争超额完成今年国税任务",44
"1998.6.29","肇庆市在郑州举办产品展销会",44
"1998.6.30","李长春慰问广东恩平市灾民强调  振奋精神全力救灾",44
"1998.7.1","连接澳门和珠海的莲花大桥开工兴建",44
"1998.7.2","广东工行新增住房贷款六十二亿元",44
"1998.7.2","加大科技投入 建设海洋强市　湛江崛起“蓝色产业”",44
"1998.7.6","深圳万科物业公司进军汕头",44
"1998.7.7","深圳为下岗者建“创业广场",44
"1998.7.7","完善奖励措施  加大查处力度 　广东检察机关举报工作有声色",44
"1998.7.8","工商部门断然出手　商标抢注枉费心机　中国（深圳）外贸中心公司六十七件商标被撤销",44
"1998.7.9","严格监管方便通关　东莞海关支持地方经济",44
"1998.7.9","重教济困——记广东花都市炭步镇党委书记骆冬宣",44
"1998.7.9","梅州山区的崛起",44
"1998.7.10","深圳中航物业总公司投资兴建二十一世纪演艺中心，并邀集各方人才创作、演出，为的是——音乐剧《新白蛇传》在深圳诞生",44
"1998.7.11","广州赛马会向洪涝灾区捐款1000万元",44
"1998.7.12","江门市委书记戴上博士帽",44
"1998.7.13","广东南京海关严查货币走私　真钞假钞复印纸钞难过关口",44
"1998.7.13","广州近20万青少年“走向海洋”",44
"1998.7.14","广州海关查获特大走私盗版光盘案",44
"1998.7.14","广州捣毁一地下钱庄",44
"1998.7.14","深圳与西安交大合建研究院　为经济建设培养技术管理人才",44
"1998.7.15","一个耀眼的起点——我国第一个经济特区深圳市回眸",44
"1998.7.15","深圳华强集团扩大合资规模",44
"1998.7.15","深圳开展夏季防火行动",44
"1998.7.16","广东上半年进出口继续增长",44
"1998.7.16","深圳保税区进出口贸易形势喜人",44
"1998.7.16","善于证明自己——记中科院广州分院副院长彭少麟",44
"1998.7.17","广东海关严查骗汇行为　青岛海关严打走私活动",44
"1998.7.17","车范根执教深圳平安队",44
"1998.7.19","李长春鼓励肇庆阳江灾区群众　积极生产自救重建家园",44
"1998.7.21","闽深加大打击走私力度　福建：严打法人走私和重点货物走私　深圳：上半年查获走私案值7．5亿元",44
"1998.7.21","乒乓球俱乐部赛上海男队力克广东队",44
"1998.7.22","鼎湖山一葱绿  七星岩俯瞰碧水　肇庆花园城市与自然风景竞秀",44
"1998.7.24","广州兴建热成像产品基地",44
"1998.7.24","珠海重奖不封顶",44
"1998.7.26","下决心解决“五多”问题　珠海全面整顿按摩业",44
"1998.7.26","保护青海黄河源头　贵德县毅然让铝厂下马",44
"1998.7.28","更新教学手段  拓宽进修渠道　广东外语师范学校建设高素质教师队伍",44
"1998.7.28","永不褪色的红旗——广东公安边防总队第六支队党委抓班子建设纪事",44
"1998.7.30","广东查获走私案值陡增四成多",44
"1998.7.31","广东工行加大贷款投放力度",44
"1998.8.1","吴仪在广东考察工作时要求　严打走私犯罪确保出口增长",44
"1998.8.2","深圳：马路边的证件交易",44
"1998.8.2","珠海获国际改善居住环境最佳行动奖",44
"1998.8.3","广东检察机关教育整顿抓重点",44
"1998.8.4","深圳大学  感受理论创造力",44
"1998.8.5","税务总局要求全系统向青岛国税、深圳地税学习",44
"1998.8.5","为国分忧——广东海关主动服务促外贸出口纪实",44
"1998.8.6","建立档案  强化征管　深圳地税局税收稳增",44
"1998.8.6","深圳中小学生网球夏令营开营",44
"1998.8.9","深圳经济保持稳步增长　上半年国内生产总值同比增百分之十四",44
"1998.8.9","深圳十万军民整治市容",44
"1998.8.10","今年第3号热带风暴向广东靠近",44
"1998.8.11","讲形势  摆问题  谈认识  议对策　广东联系实际学习邓小平理论",44
"1998.8.12","球队不能输掉精神和道德　广州市领导要求太阳神松日两队认真反思",44
"1998.8.12","香港推出《香港粤语唱收藏指南》",44
"1998.8.13","深圳“官”办科技",44
"1998.8.14","中国联通汕头分公司开通放号",44
"1998.8.17","发扬抗洪军民团结奋斗顽强拼搏的伟大精神　京津沪粤闽鲁确保经济增长支持抗洪一线",44
"1998.8.18","自己花钱买健康——广东省全民健身活动见闻",44
"1998.8.18","广州赛马会向灾区捐款1000万",44
"1998.8.18","深圳农村　精神文明建设的新探索",44
"1998.8.19","广州军区万余官兵紧急增援湖南抗洪　北京军区再调兵力赴内蒙古东部抢险",44
"1998.8.20","印尼调查人员指出　有人企掩盖强暴案事实　南非洲澳港粤总商会抗议残害印尼华人暴行",44
"1998.8.21","汕头海关查获走私出口白银",44
"1998.8.21","在珠海看蓝天盛会",44
"1998.8.24","’98中国珠海汽车锦标赛结束",44
"1998.8.25","广东派来了医疗队",44
"1998.8.25","第十九届男子世乒赛将在汕头举行",44
"1998.8.27","就甲A联赛违纪事件　中国足协处罚八一队陶鹏和深圳赛区",44
"1998.8.28","广州海关重拳打击成品油走私",44
"1998.8.28","九八广东商品（郑州）博览会闭幕",44
"1998.8.29","乡镇企业成为广东农村经济主体力量",44
"1998.8.31","我首条跨海铁路 连接内陆海南岛　粤海铁路通道昨开工　投资45亿元 2001年建成",44
"1998.9.4","确保增长速度  支援抗洪救灾　广东：经济持续稳步发展  北京：确保经济增长速度　天津：加快基础设施建设  上海：固定资产投资增长",44
"1998.9.8","北京—深圳网络围棋赛举行",44
"1998.9.8","广东　把学习同调研相结合",44
"1998.9.9","湛江新中美化工有限公司成立",44
"1998.9.10","广州团市委开通青少年防毒戒毒爱心咨询热线",44
"1998.9.11","工行广东分行向茂名石化增贷",44
"1998.9.13","粤港新闻展在香港举行",44
"1998.9.13","珠海：清理通信工具  限额报销话费",44
"1998.9.14","广东省高法将赖账大户曝光",44
"1998.9.14","珠海熊振光挪用巨款被逮捕　南宁何建林受贿交司法机关处理",44
"1998.9.14","高建成母校更名为“高建成中学”　广东丽珠集团捐资百万元",44
"1998.9.14","全国羽毛球锦标赛　广东男队被挤出四强",44
"1998.9.15","广东边防打击成品油走私传捷报",44
"1998.9.15","广东  认真部署  层层落实",44
"1998.9.16","严格监督  加强制约　广东公安机关从严治警",44
"1998.9.17","汕头海关狠打顶风作案　查获走私涤纶丝大案",44
"1998.9.18","深圳开通网上经理市场",44
"1998.9.20","我再获两项联合国人居奖　珠海市荣获改善居住环境最佳范例奖　我国住宅建设开始使用“小康”商标",44
"1998.9.21","李长春深入粤北河源山区考察提出　加大扶贫开发力度",44
"1998.9.21","汕头队获全国乒乓球赛男团冠军",44
"1998.9.22","广州：检查队一批一批“吃”月饼　副市长说：谁打月饼主意就查处谁",44
"1998.9.22","广东市场物价再创新低",44
"1998.9.22","广东  经济要发展  有赖共同语",44
"1998.9.23","深圳海关查获多起走私大案",44
"1998.9.24","都来支持江河源头保护",44
"1998.9.25","深圳经济增长势头强劲",44
"1998.9.25","广东工行支持经济增长",44
"1998.9.29","深圳南岭村思想政治教育活跃　获首批“全国青年文明社区”称号",44
"1998.9.29","广州赛马会赞助亚运会中国马术队",44
"1998.9.30","全国足球乙级联赛结束  北京宽利广州白云山升甲B",44
"1998.10.1","亲身参与  妙趣横生　深圳“欢乐谷”今开业",44
"1998.10.3","讲大局  讲政治　深圳：国内生产总值增长百分之十四",44
"1998.10.4","珠海：拓展可持续发展空间",44
"1998.10.4","珠海率先实现100％无偿献血",44
"1998.10.4","复绿堵黑烟  清新净空气　广州绿色计划在行动",44
"1998.10.4","保护好“中国的水塔”刻不容缓　卫星判读长江黄河源问题所在",44
"1998.10.5","为人民建造绿色家园——珠海市委书记梁广大一席谈",44
"1998.10.8","广东宏远队捧得篮协杯",44
"1998.10.9","广东核电生产基建捷报频传",44
"1998.10.10","严重以权谋私 损害国家利益　广东省人大常委会原副主任于飞被开除党籍",44
"1998.10.15","世界杯乒乓赛今在汕头打响　分组抽签揭晓  刘国梁有硬仗",44
"1998.10.15","汕头表彰市乒乓球队",44
"1998.10.17","一马当先奔前程——访广州赛马会负责人黄启桓",44
"1998.10.18","钱伟长率联合调查组在广东调查要求　进一步做好打击文物盗窃走私工作",44
"1998.10.20","打击走私催动市场　江苏一些企业经营转好　广州市场秩序趋于正常",44
"1998.10.20","靠科技闯市场——记广东超步电子有限公司",44
"1998.10.20","珠海打出“赛车牌”　明春迎来“F—1”",44
"1998.10.20","广东省运会开幕",44
"1998.10.21","深圳市国税罗湖分局以服务促征收",44
"1998.10.22","沪粤两地领导互访学习　加强交流  促进合作  推动发展",44
"1998.10.22","把爱心献给每一位顾客　长沙中山医药器械公司健民药店确保售好药",44
"1998.10.23","广东全面清理整顿二类口岸",44
"1998.10.25","当官不公道  丢官有说道　广东连南县一副县长被人民代表罢官",44
"1998.10.26","广东将严格管理来往港澳小型船舶",44
"1998.10.28","救治侨胞寄深情——小记汕头市中心医院",44
"1998.10.29","江河源头正攻坚——青海扶贫纪事（上）",44
"1998.10.30","亚洲赛车节珠海站赛事结束",44
"1998.10.30","深圳文化的冲击波",44
"1998.10.31","骏马从此腾飞——记中国马术协会广州训练基地",44
"1998.11.4","欢笑的漠阳江",44
"1998.11.5","汕头将建农业科学园　规划设置十大功能园区",44
"1998.11.6","新疆千方百计巩固两个“确保”　广州下岗职工生活得到基本保障",44
"1998.11.6","广东省打击走私初战告捷　八九两月查获走私贩私案值比前两月下降一半",44
"1998.11.6","珠海国际汽车赛揭幕",44
"1998.11.7","珠海汽车赛排位赛　中国车手表现上佳",44
"1998.11.8","广东：抓科技促产业升级",44
"1998.11.9","要想把好门先管守门人　广东省海关清除执法腐败",44
"1998.11.9","珠海国际汽车赛结束",44
"1998.11.10","汕汾高速公路汕头路段开工",44
"1998.11.10","北京—广州高校自行车赛启程",44
"1998.11.10","门前悬挂“文物保护”  院内竟是锁厂车间　广州“万本草堂”面目全非",44
"1998.11.11","广东突出重点整治汽摩配件市场　非法拼装汽车活动大势已去",44
"1998.11.11","中兴通讯杯中国围棋名人战　马晓春刘小光决战深圳",44
"1998.11.12","深圳—加拿大国际货运航线开通",44
"1998.11.13","广州市中级人民法院作出一审判决　张子强等主犯被判处重刑",44
"1998.11.13","全国政协隆重集会　纪念孙中山诞辰一百三十二周年",44
"1998.11.13","中国全国政协向新加坡　孙中山纪念馆工程捐款",44
"1998.11.13","取之于民　用之于民——记广州赛马会热心公益事业",44
"1998.11.15","中国围棋名人战挑战赛在深圳揭幕",44
"1998.11.16","中国国际航展在珠海隆重开幕　李鹏出席开幕式  吴邦国讲话",44
"1998.11.16","好事多磨——查获“粤油801”走私毛豆油大案后",44
"1998.11.16","珠海中国航展规模盛大（）",44
"1998.11.16","一个看好特区试验田  一个借助外脑高智商　中国工程院与深圳市签约合作",44
"1998.11.16","牛角“生出”象牙湛江查获大案（）",44
"1998.11.17","百匹良驹奔腾广州赛马场　全国速度赛马公开赛收兵",44
"1998.11.17","深圳　市府大院割地　市民喜添新绿",44
"1998.11.19","商潮中的文化奇观——记广州购书中心",44
"1998.11.20","李鹏在深圳作立法调研　强调必须用法律规范证券市场",44
"1998.11.20","富了口袋更要富脑袋　深圳南岭村致富不忘育人",44
"1998.11.21","坚持“创新、高效、节俭”原则　九运会筹委会在广州成立",44
"1998.11.22","依法·灵活·实际　广东治理“烂尾楼”见成效",44
"1998.11.22","深圳改革行政执法体制　一顶贝雷帽取代七顶大盖帽",44
"1998.11.23","茂名计生责任制赢得叫好声",44
"1998.11.24","珍禽异兽怕来广东……",44
"1998.11.25","四川国税一周查补6000万元　郑州完成地税涉外税收任务　辽宁积极开展增收节支　福建地税全力以赴抓增收　广东国税加大清欠力度",44
"1998.11.26","深圳民营科企产值六年增长三十五倍",44
"1998.11.28","李岚清在赣粤考察就防疫教育等提出要求　落实预防为主  重视素质教育",44
"1998.11.28","上海广东女足将争夺超霸杯",44
"1998.11.29","深圳反走私取得显著效果",44
"1998.11.29","汕头精心组织打走私",44
"1998.11.29","投资意识浓　国债俏广州",44
"1998.12.2","广州，应成为赛马基地",44
"1998.12.3","广东30户欠税严重企业被曝光  税务部门将进一步采取强制措施",44
"1998.12.4","广东纺织品进出口公司通过质量认证",44
"1998.12.4","盯住“难点”不放  抓住“热点”曝光  广东加大反腐败力度",44
"1998.12.4","这里兴起健身热——深圳市福田区沙头街创建体育先进社区纪实",44
"1998.12.6","广东省高级人民法院作出终审判决  张子强等5名主犯被执行死刑",44
"1998.12.7","珠海形成外向型经济格局",44
"1998.12.7","珠海集中销毁二百四十四万张走私盗版光盘",44
"1998.12.7","“孙中山与华侨”国际美展在南昌举行",44
"1998.12.9","广州海关提前完成全年税收任务",44
"1998.12.9","深圳18年吸引外资169亿元",44
"1998.12.13","东西携手  共谋发展  深圳青岛大连宁波对口帮扶贵州",44
"1998.12.14","加大投入  注重开发　深圳形成高新技术产业群",44
"1998.12.15","深圳采用先进航班显示系统",44
"1998.12.15","探索者的新路与建设者的热土——深圳经济特区的成功实践及新的创业",44
"1998.12.20","青海：大力治理江河源头",44
"1998.12.20","澳大利亚3．2万吨援粮运抵深圳",44
"1998.12.21","孙中山文教福利专项基金设立",44
"1998.12.23","广东中保人寿保费超额完成全年任务",44
"1998.12.24","“8·23”，利剑高高擎起——广东五起骗汇案透视",44
"1998.12.24","深圳国企经理全部“持证上岗”",44
"1998.12.25","设施尚不完善  准备时间仓促　珠海推迟举办F1汽车大赛",44
"1998.12.25","第一届深圳国际水墨画双年展作品选",44
"1998.12.29","中山公园：杜鹃梅花迎新年",44
"1998.12.29","环南中国海自行车大赛广州站  南非选手麦当奴夺冠",44
"1998.12.31","环南中国海自行车赛移师珠海  汤学忠高斯各获一站冠军",44
