﻿"index","news_title","prov_cde"
"1998.1.11","谢世杰当选中共四川省委书记",51
"1998.1.19","聂荣贵当选四川省政协主席",51
"1998.1.20","成都军区表彰一批基层主官",51
"1998.1.22","谢世杰当选四川省人大常委会主任　宋宝瑞当选四川省省长",51
"1998.1.22","四川  信用社改革发展两不误",51
"1998.1.25","从产品经营走向资本经营——记四川新兴集团公司的企业扩张发展战略",51
"1998.1.26","四川救助困难职工",51
"1998.1.27","海河水润凉山州",51
"1998.1.31","品种齐全 新鲜实惠　成都粮油市场交易活跃",51
"1998.2.1","西部的亮点——记绵阳国家级高新技术产业开发区",51
"1998.2.1","成都火车站放下“铁老大”架子　把一张车票当一份请柬",51
"1998.2.2","一手抓增产一手抓“减产”　四川5年少生192万人",51
"1998.2.6","四川省领导节后第一天议农事　省委书记强调：要多为农民办实事",51
"1998.2.6","成都教师好福气  住房人均十平米",51
"1998.2.7","就四川男排张翔违规在日参赛　中国排协作出处罚决定",51
"1998.2.9","四川科教兴农结硕果　科技对农业增长贡献率近四成",51
"1998.2.10","四川引进国外种牛逾千头",51
"1998.2.11","四川农田水利建设忙",51
"1998.2.11","谢里夫总理访华前夕表示　巴中关系更加牢固",51
"1998.2.12","走出大凉山的当兵人——首批凉山彝族新战士进京记",51
"1998.2.14","巴基斯坦总理在早餐会上表示　巴中友谊充满活力",51
"1998.2.16","成都先锋布艺推出沙发新品",51
"1998.2.18","光彩之星在凉山升起",51
"1998.2.18","政协主动  政府支持——四川省泸州市政协提案工作成效显著",51
"1998.2.19","成都：8万下岗职工就业民营企业",51
"1998.2.25","成都将举办世界女“飞人”挑战赛",51
"1998.2.26","四川探索解困新路　组织技能培训，提供就业机会十八万个",51
"1998.2.26","试行双赛制以后——看四川与上海男排比赛有感",51
"1998.3.1","四川大竹不拘一格选“头雁”　千名外出民工回乡当“村官”",51
"1998.3.4","巴中友谊奠基者——巴中友协副主席忆周恩来总理",51
"1998.3.8","四川　夯实基础迈新步",51
"1998.3.8","巴中部署廉洁自律检查　地委行署领导率先垂范",51
"1998.3.10","李鹏参加四川代表团审议时强调　靠艰苦奋斗发展经济解决矛盾和困难",51
"1998.3.11","朱镕基参加四川代表团讨论时指出　国有企业要选好领导班子",51
"1998.3.29","四川四名镇干部示范靠田致富　租种农民承包田",51
"1998.3.30","铁军是怎样铸成的——成都军区某炮团全面建设纪实",51
"1998.3.31","成都消防：抢险救援119（）",51
"1998.4.3","南充棉纺织厂加大技改步伐",51
"1998.4.6","四川企业资产重组显生机  5个试点城市盘活存量资产44亿多元，减亏近12亿元",51
"1998.4.7","政策优惠  观念更新　绵阳下岗职工自谋职业",51
"1998.4.7","全国排球联赛落幕　四川男排蝉联冠军",51
"1998.4.9","四川春耕生产热气腾腾",51
"1998.4.10","尉健行在四川考察时强调　要认真落实制止奢侈浪费八条规定　以良好党风政风带动社会风气好转",51
"1998.4.12","四川“老鼠啤酒”事件真相大白",51
"1998.4.13","新疆牛奶首次“东南飞”　40吨牛奶运往广东成都",51
"1998.4.14","四川机械提灌保春耕",51
"1998.4.14","农民健康　衡量文明的一把标尺——四川射洪县农村卫生见闻",51
"1998.4.20","选准发展项目  加大投资力度　四川农业产业化试点初见成效",51
"1998.4.23","四川大渡河电力股份有限公司",51
"1998.4.28","溪河断流  土壤失墒　四川发生严重干旱",51
"1998.5.9","中国西部开发与企业发展战略研讨会在成都召开",51
"1998.5.9","珍惜机会——访四川女子短跑教练张荣伟",51
"1998.5.11","成都高教自考泄密案侦破　三名犯罪嫌疑人已被拘留",51
"1998.5.14","四川亏损企业有“五不准”  武汉400家企业挂牌“征婚”  辽宁检验液化石油气钢瓶",51
"1998.5.15","成都处罚　不守规公用企业",51
"1998.5.15","中国广播交响乐团名扬成都",51
"1998.5.16","党组织关心职工疾苦做好思想工作　成都国企人员下岗分流有序进行",51
"1998.5.17","成都街头“巧”罚款",51
"1998.5.21","四川牧区改革发展“三部曲”",51
"1998.5.25","绵阳实行资产劳动力双优配置　国企下岗职工分流安置率达83％",51
"1998.5.25","足协杯首轮国力大胜松日　辽宁双星四比一扳倒成都五牛",51
"1998.5.26","个体私营经济　浙江优先聘用下岗职工　武安安置10万人就业　四川发展环境宽松和谐　汕头从业总人数逾10万",51
"1998.5.30","机会，给有准备的人——四川省下岗职工专场招聘会纪实",51
"1998.6.2","成都：整合传呼台",51
"1998.6.2","绵阳检察深挖“蛀虫”",51
"1998.6.5","四川落实国企下岗职工基本生活保障金",51
"1998.6.5","四川开发区建设进展顺利",51
"1998.6.8","四川推进水稻生产机械化进程",51
"1998.6.8","强化管理  充实内容  四川积极培训跨世纪干部",51
"1998.6.12","以多种形式为再就业搭桥铺路  四川团组织热情关怀下岗青工",51
"1998.6.14","四川加大从严治警力度  严肃查处一批违法违纪案件",51
"1998.6.18","四川前5个月利用外资高速增长  福建外贸保持平稳发展态势  黑龙江中俄边境旅游异军突起",51
"1998.6.19","四川加大投资力度拉动经济增长  基础设施建设投资比上年增长25.5％",51
"1998.6.21","陶武先当选四川省成都市委书记",51
"1998.6.22","坚持粮食顺价销售制止亏损挂账扩大  四川加强粮食市场管理",51
"1998.6.22","成都向社会招聘兼职教师  3000人竞争300个名额",51
"1998.6.25","成都建成世界首座活水公园",51
"1998.6.30","穷而有志——巴中印象之一",51
"1998.6.30","成都消防人  火海内外皆英雄",51
"1998.6.30","四川各级人大代表评议法院工作",51
"1998.7.1","人口大省不畏难——四川省委书记谢世杰谈国企下岗职工再就业",51
"1998.7.3","用爱，去编织温馨——记四川有线电视台妇女儿童频道",51
"1998.7.4","全国公安报年会在广元举行",51
"1998.7.5","接受舆论监督  改进工作方法　成都街头不再滥罚款",51
"1998.7.6","苦地方  险地方  建功立业好地方　四川联大学子树立择业新观念",51
"1998.7.7","“微水”兴农——巴中印象之二",51
"1998.7.8","巴中地区全面推进行风建设",51
"1998.7.10","四川取消若干限电规定实行让利售电",51
"1998.7.10","成都泡茶馆",51
"1998.7.11","田纪云在四川考察时强调　坚持以邓小平理论为指导加快发展",51
"1998.7.13","阿拉法特访华前夕强调　巴中友好关系坚如磐石",51
"1998.7.14","路通百通——巴中印象之三",51
"1998.7.15","女儿有志挥金戈——记成都军区某团硕士副团长张可",51
"1998.7.16","四川盆地发现一大型气田　测出资源总量逾2600亿立方米",51
"1998.7.16","农民放心的新粮仓——记四川省安全储粮技术项目",51
"1998.7.18","狠抓环境治理  坚持依法治山　峨眉山面貌焕然一新",51
"1998.7.20","四川一私营企业家向下岗女工捐款",51
"1998.7.20","牧民贴心人——记四川石渠县委书记泽波",51
"1998.7.20","保与不保　大不一样——四川’98夏季洪灾理赔调查",51
"1998.7.21","观念变  天地宽——来自成都再就业工程的调查",51
"1998.7.22","四川省检察院主动纠正错案",51
"1998.7.24","绵阳举办“广场文艺周”系列活动",51
"1998.7.26","四川切实减轻企业负担　取消和整改六百五十六项收费项目",51
"1998.7.27","强化培养  大胆使用　四川选调生工作成效显著",51
"1998.8.3","进出口银行向四川企业提供卖方信贷",51
"1998.8.6","成都边检站增强干警“免疫力”",51
"1998.8.7","四川开通首条“电力高速公路”",51
"1998.8.9","节约开支  用活资产　四川省礼宾车队驶向市场",51
"1998.8.10","不回避  不护短　四川检察机关从严自查依法纠错",51
"1998.8.11","巴中止同以直接会谈　巴委员会批准自治政府改组",51
"1998.8.14","绵阳市文联文艺中心落成（）",51
"1998.8.20","为减轻长江中下游抗洪压力　四川各水利工程尽力拦蓄洪水",51
"1998.8.28","放下斧头油锯  拿起锄头铁锹　四川实施天然林资源保护工程",51
"1998.9.2","全国羽毛球锦标赛将在成都举行",51
"1998.9.9","实地摸清问题  提出解决办法　四川检查落实天然林保护工程",51
"1998.9.10","成都平原水稻丰收（）",51
"1998.9.10","周密部署  精心组织　成都警方严打整治向纵深发展",51
"1998.9.10","四川春泉酒业集团排球俱乐部成立",51
"1998.9.10","农民增收减负形势不容乐观——湖南河南四川三省调查",51
"1998.9.11","围绕市场促升温——来自四川的报道",51
"1998.9.17","四川查获特大国际偷渡案",51
"1998.9.17","凉山不会忘记",51
"1998.9.19","四川：打响农村人畜饮水攻坚战",51
"1998.9.23","四川非公有制企业快速扩张发展",51
"1998.9.24","成都国企养老金直发",51
"1998.9.25","四川省委、省政府向总政赠画",51
"1998.9.28","由经验型向科技型转变  从体能型向智能型转变　成都交警靠科技保畅通",51
"1998.9.29","四川省人大加大农民减负监督力度",51
"1998.10.3","绵阳扭住经济增长目标不放　上半年GDP增长11．6％，全年誓夺14％",51
"1998.10.4","成都动工兴建三环路",51
"1998.10.11","昔日伐木声声  今朝山林寂静　四川全省停止天然林砍伐",51
"1998.10.14","小草大产业——来自成都大业公司的启示",51
"1998.10.19","成都扫荡非法软件",51
"1998.10.22","四川农业科技推广见效果　浙江优化农业结构促发展",51
"1998.10.28","开渠道创就业岗位  抓保障  解后顾之忧　成都引导国企下岗职工市场就业",51
"1998.10.30","成都军区表彰云南扫雷部队",51
"1998.10.31","千里凉山走巨龙——二滩输变电工程采访见闻",51
"1998.11.2","村民当家作主人——四川省彭山县开展民主监督搞好村民自治",51
"1998.11.5","昔日“藏污纳垢”  今朝绿水环流　成都府南河工程获联合国人居奖",51
"1998.11.6","“四川青年绿色行动”启动",51
"1998.11.8","追踪四川禁伐令",51
"1998.11.8","四川天然林禁伐大事记",51
"1998.11.9","三十五个路口实行交管新模式　成都告别“城堵”",51
"1998.11.10","宜宾加大投资拉动经济发展",51
"1998.11.10","法律不许“打白条”　四川一起拖了三年的执行案在人大督办下画上句号",51
"1998.11.16","乡镇干部服务农民保增产增收　南宁：建立信息网络帮助农民推销农副产品　成都：一批干部走出机关创建农业示范基地",51
"1998.11.17","巴中形成四通八达公路网",51
"1998.11.17","走向成熟——记成都交警二三事",51
"1998.11.19","四川名酒文化节在宜宾举行",51
"1998.11.23","四川社会保险事业阔步前进",51
"1998.11.25","四川国税一周查补6000万元　郑州完成地税涉外税收任务　辽宁积极开展增收节支　福建地税全力以赴抓增收　广东国税加大清欠力度",51
"1998.11.26","一粒种子一情——四川达川地区种子公司纪事",51
"1998.12.1","水电建设新篇章——四川二滩水电站工程建设纪事",51
"1998.12.2","四川省推出“网上济困助学”活动",51
"1998.12.2","巴中友谊新纽带——喀喇昆仑公路纪行之一",51
"1998.12.4","宜宾大力加强基础设施建设",51
"1998.12.7","四川国企改革因地制宜  湖南加强国企班子建设",51
"1998.12.10","成都军区123家企业顺利移交地方",51
"1998.12.14","四川人大客观公正评议各级法院  纠正有问题案件六千余  处理违法违纪干警四十余",51
"1998.12.23","四川打击非法粮商  查处违法收购批发粮食案件两千多起",51
"1998.12.23","精简机构  强化服务  成都千余乡镇干部扎根农村",51
"1998.12.23","四川联大更名为四川大学",51
"1998.12.25","四川纪念吴玉章诞辰120周年",51
"1998.12.28","四川香港合资建设高速公路通车",51
