﻿"index","news_title","prov_cde"
"1998.1.13","恩施特困户告别茅屋",42
"1998.1.16","随州一医院  人才脱颖出",42
"1998.1.16","高莽神农架速写",42
"1998.1.19","湖北车桥公司注重调整产品结构　兼并企业转换机制效益大增",42
"1998.1.19","湖北当阳政协开展“五个一”活动",42
"1998.1.19","钱运录当选湖北省政协主席",42
"1998.1.20","体操最佳运动员教练员评出  湖北黄石举行新星乒乓球赛  冬奥会中国记者团获得赞助",42
"1998.1.21","关广富当选湖北省人大常委会主任　蒋祝平当选湖北省省长",42
"1998.1.22","温家宝在湖北农村调研时强调　坚定信心继续发展农业好形势",42
"1998.1.22","湖北  武穴节约耕地修水利",42
"1998.1.25","按照“公平、公开、公正”原则　湖北万名税官竞争上岗",42
"1998.1.25","武警湖北总队为干部战士解困",42
"1998.1.25","同样是改制  结局大不同——对湖北蒲圻两家股份合作制企业沉浮的思考",42
"1998.1.27","湖北消防官兵被誉为“火凤凰”",42
"1998.1.27","湖北　连天飞雪挡不住　送医送药到山乡",42
"1998.1.30","进百姓门  解百姓忧　湖北领导赴贫困村镇送温暖",42
"1998.2.10","田野沐新风——湖北黄梅县水月庵依法治村纪事",42
"1998.2.10","荆门市强化年轻干部监管力度",42
"1998.2.12","接受社会监督  树立良好形象　咸宁公安局从严治警动真格",42
"1998.2.12","湖北民族文化渴望辉煌",42
"1998.2.16","黄冈以农为本快速发展",42
"1998.2.16","湖北开辟成教扶贫战场　数千扶贫大军开赴山区农村",42
"1998.2.17","不该收的坚决卡住  该减免的一定照顾　鄂州市中小学新学期制止乱收费",42
"1998.2.19","湖北农发行鼎力扶助三峡移民",42
"1998.2.19","寓管理于服务  ——湖北襄樊市工商局转变作风纪事",42
"1998.2.19","宜昌　百团结百户　扶助下岗青工",42
"1998.2.24","光明使者——记优秀共产党员、湖北阳新县电力局局长柯大东",42
"1998.2.28","自讨苦吃富乡里——记黄石鹿峰集团公司总经理潘天宝",42
"1998.3.1","民间交流变成省际竞赛　鄂陕边界摆开经济擂台",42
"1998.3.8","黄冈市财政局派员驻会　现场严格监督会议开支",42
"1998.3.9","李岚清参加湖北团审议时强调　要坚持对外开放的基本国策",42
"1998.3.21","湖北万余下岗职工田园再就业",42
"1998.3.23","少说空话  多干实事　湖北打假保春耕　重庆全力抢春播",42
"1998.3.30","增强决策能力提高领导水平　武警湖北总队党委抓学习促工作",42
"1998.4.1","湖北省工行狠刹违规经营  清退高息存款一百二十六点五亿元，查处二百三十名违规违纪人员",42
"1998.4.8","有困难企业  没有怕困难党员　鄂州加强亏困企业党建",42
"1998.4.9","潜江完成村庄规划修编",42
"1998.4.11","湖北　做活国有资产大文章",42
"1998.4.13","老区黄冈整体跨越温饱线",42
"1998.4.14","湖北银欣集团敞开收购余粮",42
"1998.4.14","湖北二万多党政干部易地任职　在新岗位开创了工作新局面",42
"1998.4.15","湖北九龙公司成为盈利大户",42
"1998.4.17","仙桃供销大厦优质服务占市场",42
"1998.4.21","奇迹在深山峡谷中诞生——记湖北省保康县尧治河村党支部",42
"1998.4.27","湖北举办王涛事迹报告会　与会者表示要学习王涛敬业爱岗无私奉献的精神",42
"1998.5.3","宜昌实行“学岗制”",42
"1998.5.16","“党员带头再就业，带领下岗职工再就业”　鄂州党员广泛开展“双带”活动",42
"1998.5.20","告别越穷越生  走向少生快富　荆州农民在计划生育中受益",42
"1998.5.25","一“实”值千金——湖北保康县委大兴实干之风的故事",42
"1998.5.26","湖北公安机关治警先治长",42
"1998.5.28","应城第一制盐厂优质品率居湖北前茅",42
"1998.5.30","湖北处理一批金融违法违规责任人",42
"1998.5.31","采取措施  规范执法　湖北税务系统严明税风税纪",42
"1998.6.3","湖北省成人教育服务“再就业工程”",42
"1998.6.8","荆门交警自我加压再创辉煌",42
"1998.6.8","节约行政开支  消除腐败现象  湖北推进政府采购制度",42
"1998.6.9","伪造检验数据  湖北石油产品质检站受通报",42
"1998.6.17","宜昌海关服务三峡二期工程建设",42
"1998.6.21","湖北处罚考场舞弊违纪者",42
"1998.6.25","濒危珍禽遗鸥安居鄂尔多斯高原",42
"1998.6.28","湖北大冶党政机关书记带头  告别公款大哥大",42
"1998.6.29","潜江市地税收入进度领先荆楚",42
"1998.7.2","湖北十万大军抗洪",42
"1998.7.2","湖北严惩考试舞弊者　九千六百余名考生受处罚",42
"1998.7.3","恩施人行扶贫攻坚成效显著",42
"1998.7.3","随州制成银杏茶",42
"1998.7.3","《飞兵襄阳》塑战将雄姿",42
"1998.7.7","优者上  平者让  劣者下　湖北大力调整不胜任现职干部",42
"1998.7.10","朱镕基视察湖北湖南抗洪救灾工作要求全国各地　确保大江大河安全渡汛　夺取抗洪救灾全面胜利",42
"1998.7.18","精神文明建设需要新思路新举措　随州取消文明单位终身制",42
"1998.7.22","唤醒大山——记湖北省恩施州委书记刘贤木",42
"1998.7.22","湖北电影制厂找准艺术空间　纪录的路子越走越宽",42
"1998.7.22","湖北黄石举办党外干部培训班",42
"1998.7.23","贯彻江泽民总书记重要指示精神　湖北紧急行动迎战洪水",42
"1998.7.24","荆门发现古脊椎动物化石",42
"1998.7.28","温家宝在湖北检查防汛抗洪工作时要求　确保长江大堤和重点地区安全",42
"1998.7.29","严密观测科学调度  现场指挥化险为夷　湖北水利专家抢险立功",42
"1998.7.30","湖北严防死守送走洪峰",42
"1998.7.31","稳中求进  紧中求活  好中求快　湖北工业经济快速增长　上半年工业总产值比去年同期增12．43％",42
"1998.7.31","鹤峰绿色食品标志居湖北之首",42
"1998.7.31","振奋精神连续作战  周密部署严防死守　湘鄂皖军民齐心协力抗洪水　",42
"1998.7.31","教企携手  义务培训　湖北成教为下岗职工免费办班",42
"1998.8.1","驻鄂部队排险救难安民心",42
"1998.8.4","如何使优秀人才脱颖而出？如何建立起一套能上能下、能进能出的用人机制？湖北嘉鱼县委进行了有益的探索——择优录用　竞争上岗",42
"1998.8.5","湘鄂赣洪峰告急  “千里眼”明察秋毫　我首次用雷达卫星微波遥感测灾情",42
"1998.8.7","为确保长江大堤、武汉市和人民群众安全　荆州人民舍小家保大局",42
"1998.8.7","湖北省宣布进入紧急防汛期",42
"1998.8.8","长江上游第四次洪峰正通过湖北宜昌",42
"1998.8.8","以色列向湖北灾区捐赠物资",42
"1998.8.9","长江第四次洪峰顺利通过宜昌",42
"1998.8.10","朱镕基再次赴湖北长江抗洪第一线强调　长江抗洪抢险到了最紧要的时刻　坚决严防死守确保长江大堤安全",42
"1998.8.10","湖北两百万军民迎战第四次洪峰",42
"1998.8.10","汛期擅自放假聚众赌博  黄石一局长被开除党籍",42
"1998.8.12","温家宝在荆州主持召开国家防总特别会议　贯彻落实中央指示紧急部署长江抗洪　要求紧急动员起来，坚决保住长江大堤，夺取抗洪全面胜利",42
"1998.8.13","大水·大局·大无畏——湖北10万解放军官兵抗洪记",42
"1998.8.13","湖北　宜昌对口支援长阳、五峰成效显著",42
"1998.8.14","严阵以待迎战长江第五次洪峰　子弟兵再接再厉固守鄂赣江堤",42
"1998.8.14","洪水无情党有情  决战到底夺全胜　江泽民赴湖北抗洪抢险第一线指导抗洪斗争",42
"1998.8.14","抗洪将士辛苦了　于永波率四总部慰问团奔赴鄂湘",42
"1998.8.16","夺取长江抗洪抢险决战的最后胜利——在湖北视察长江抗洪抢险工作时的讲话（1998年8月14日）",42
"1998.8.17","在决战决胜的紧要关头——记江泽民总书记在湖北抗洪抢险第一线",42
"1998.8.17","认真贯彻江泽民总书记重要讲话精神　鄂湘赣皖再部署迎接新考验",42
"1998.8.17","合格的答卷——湖北万名武警官兵抗洪抢险纪实",42
"1998.8.17","罕见洪水阻不住报喜飞鸿　湖北确保高考录取通知送达考生",42
"1998.8.18","湖南省防洪工程发挥作用　湖北水利工程减损800亿元",42
"1998.8.18","宜昌水位从高位缓缓回落　267公里江堤保持“不溃一口、不死一人”记录",42
"1998.8.19","安全大转移——湖北监利县10万灾民转移安置纪实",42
"1998.8.19","湖北　蓝星集团心系下岗职工",42
"1998.8.20","提供免费医疗  积极防疫治病　湖北一万支医疗队深入灾区",42
"1998.8.20","紧急发放款物  保障饮食住医　湖北妥善安置百万转移群众",42
"1998.8.21","保持高度警惕  加强防守力量　湖北誓与洪水展开决战",42
"1998.8.23","李瑞环在湖北察看汛情慰问军民　要求坚决贯彻江泽民总书记重要指示精神，夺取抗洪斗争最后胜利",42
"1998.8.24","一手抓抗洪抢险  一手抓恢复生产　湖北咬定经济增长目标不放松",42
"1998.8.24","湖北部署迎战第七次洪峰",42
"1998.8.24","全国邮电紧急支援　湖北防汛安上“顺风耳”",42
"1998.8.24","伸出温暖的手——湖北灾区转移群众安置纪实",42
"1998.8.24","湖北　积极筹集资金　广开就业门路",42
"1998.8.25","一浪一峰总关情——李瑞环在湖北、江西、湖南察看汛情慰问军民",42
"1998.8.25","武警湖北总队民主评议党员",42
"1998.8.26","李鹏打电话慰问鄂湘抗洪军民　要求再接再厉夺取抗洪斗争最后胜利",42
"1998.8.27","坚决落实江泽民主席最新指示　鄂湘赣军民全力迎战长江第七次洪峰",42
"1998.8.29","湖北灾区建起帐篷希望学校",42
"1998.8.29","塞外（内蒙古鄂尔多斯）（）",42
"1998.8.30","为迎战长江新的洪峰　湘鄂抗洪部队严阵以待",42
"1998.8.31","武汉千里干堤无一失守　湖北防汛经费确保重点",42
"1998.8.31","共渡难关  重建家园——湖北省副省长苏晓云谈灾民安置",42
"1998.8.31","长江干流洪峰为何在宜昌编报？",42
"1998.9.1","湖北万名公安交警：洪水中不倒的路标",42
"1998.9.2","咸宁地区金融部门支持灾区重建家园",42
"1998.9.2","鄂州供电局重视干部队伍建设",42
"1998.9.4","李岚清在江西湖南湖北检查部署灾区工作时强调　切实做好灾区防病防疫工作　力争中小学秋季能及时开学",42
"1998.9.4","哪里有人群哪里就有防疫队　湖北死守“防疫大堤”",42
"1998.9.8","湖北妥善安排灾民生活　生产自救正顺利进行",42
"1998.9.9","抗洪前线的特殊卫士——湖北省血防工作纪事",42
"1998.9.10","黄石以抗洪精神抓经济",42
"1998.9.11","荆门电话化“公”为“私”节支百万",42
"1998.9.13","正是襄阳好风日——襄樊市建设形象工程纪事",42
"1998.9.13","湖南湖北力保援藏项目资金足额到位",42
"1998.9.13","摸清水灾规律  掌握作物特点　鄂州大力推广避灾农业",42
"1998.9.15","中行斥巨资支持湖北省灾后重建",42
"1998.9.18","做人民的儿子——记湖北省阳新县民政局局长王贤田",42
"1998.9.22","湖北  想当公务员  先学普通话",42
"1998.9.22","潜江市71个新经济体建立了党组织",42
"1998.9.24","真抓实干  人尽其才　宜昌千余名乡镇干部到一线建功立业　已创办领办经济实体百余个",42
"1998.9.24","鄂豫等省开展健康教育",42
"1998.9.24","潜江加强防排灌体系建设",42
"1998.9.30","凝聚民族的精神——鄂伦春自治旗抗洪救灾发展生产",42
"1998.10.1","一部立功手机三十万也不卖　湖北征集抗洪文物",42
"1998.10.5","湖北整顿　金融秩序",42
"1998.10.9","湖北大灾之年确保发行",42
"1998.10.13","疫病威胁一日不除  防疫人员一日不撤　湖北确保大灾之后无大疫",42
"1998.10.19","湖北工行加大投入支持灾后重建　渣打银行将获准在北京设分行　厦门推出“中行VISA欢迎您”活动",42
"1998.10.26","鄂绒集团出口大增",42
"1998.10.26","湖北举全省之力加快公路建设",42
"1998.10.31","国际元极康复节在鄂举行　爱尔兰中学生足球队访华",42
"1998.11.1","欧盟委员会主席桑特访问湖北",42
"1998.11.2","湖北四年查补增值税逾18亿元　武汉国税局查处200多个加油站",42
"1998.11.2","欧盟主席桑特结束访问湖北",42
"1998.11.4","贾志杰当选为湖北省委书记",42
"1998.11.9","羊绒业亟须加快联合——内蒙古鄂尔多斯集团总经理王林祥谈有序竞争",42
"1998.11.10","安民先安教  建镇先建校　湖北水毁学校迅速重建",42
"1998.11.10","为私营企业党员安“家”——湖北宜昌市私营企业党建工作纪事",42
"1998.11.12","减轻农民负担  提高工作效率　随州精简乡镇干部过半数",42
"1998.11.16","江苏国税清理欠税十亿多　湖北国税拓展服务促发展　云南省政府推出清欠新措施",42
"1998.11.16","从城市下岗  到农村上岗　黄石下岗党员“上山下乡”创新业",42
"1998.11.23","痴心办学人——记鄂尔多斯学校创办人吉日嘎拉",42
"1998.11.24","一身正气过“五关”——湖北十堰市人民医院党委勤政廉政建设纪事",42
"1998.12.1","实行医疗卫生“镇村一体化”管理  鄂州市70万农民告别看病难",42
"1998.12.2","不要弄脏神农架",42
"1998.12.13","尊重规律  趋利避害  黄冈灾后农业结构作适应性调整",42
"1998.12.22","湖北金天公司通过质量体系认证",42
"1998.12.24","广筹资金  科学整治  湖北加大江河治理力度",42
"1998.12.25","国家计委在湖北召开现场办公会提出  保质量抓好灾后重建兴修水利",42
"1998.12.27","治理“嘴边的腐败”  湖北浠水招待费财务单列",42
"1998.12.30","收受贿赂　腐化堕落　违纪违法  湖北省原副省长孟庆平被查处",42
