﻿"index","news_title","prov_cde"
"1998.1.4","安徽：开会静下心来　严禁请客串门",34
"1998.1.6","八运失利  痛定思痛　安徽体育卧薪尝胆再强",34
"1998.1.7","从安徽整顿前的情况看——农村电价缘何高？",34
"1998.1.9","李鹏会见美国客人　中美合作开发淮北煤层气项目在京签字",34
"1998.1.13","合肥大红灯笼当街舞",34
"1998.1.14","送票子  出点子  树样子　安徽40万人摆脱贫困",34
"1998.1.14","一年减少农户支出2．6亿元　安徽农村电价降下来了",34
"1998.1.17","安徽高新机械产业群星闪耀",34
"1998.1.18","送温暖常抓不懈  解忧困贯穿始终　北京  两亿专款扶助困难户　合肥  四万下岗职工再就业",34
"1998.1.23","卢荣景当选安徽省政协主席",34
"1998.1.25","孟富林当选安徽省人大常委会主任　回良玉当选安徽省省长",34
"1998.1.30","敞开收购粮食　安徽农民增收十八亿",34
"1998.2.5","合肥下岗职工积极投身三产",34
"1998.2.8","合肥　公路春运“黑车”多",34
"1998.2.24","一个县委书记的十五天——安徽来安县委书记陈乔连如是说",34
"1998.2.28","蚌埠火柴厂侵犯职工合法权益　有关责任者依法受到处理",34
"1998.3.5","巧用联合拓市场——关于沪浙皖西瓜种子产销联合体的调查",34
"1998.3.5","沙荒盐碱变果海绿洲——安徽砀山县生态建设巡礼",34
"1998.3.9","安徽　依法建设新农村",34
"1998.3.10","李鹏参加安徽代表团审议时指出　保证增长速度  提高发展质量",34
"1998.3.25","318国道安庆至长兴段见闻",34
"1998.3.30","红日蓝天白云青山绿水芳草　煤城淮北变漂亮了",34
"1998.4.6","阜阳兴建大型批发市场",34
"1998.4.9","用知识和技能敲开再就业大门　安徽高校免费培训下岗职工",34
"1998.4.12","淮北干部学理论重实效　在理论联系实际方面做到“四个结合”",34
"1998.4.13","安徽人口增长低于全国平均水平",34
"1998.4.20","姜春云在安徽考察时指出　加快立法步伐  强化执法力度",34
"1998.4.21","武警安徽总队　团结一心干事业",34
"1998.4.26","市场活起来  农民富起来　安徽培育农字号名牌",34
"1998.4.26","合肥开辟五条政府倾听通道",34
"1998.4.28","淮北农民靠科技奔小康",34
"1998.4.29","拍卖款抵缴欠税款　滁州拍卖欠税企业货物",34
"1998.5.3","黄山神韵飞向维也纳",34
"1998.5.10","打包公牌  唱廉政歌　合肥着手纪念包拯千年诞辰",34
"1998.5.20","教学  科研  党务一肩挑——记安徽省民盟主委、合肥工业大学博士生导师岳书仓",34
"1998.5.26","朱镕基在安徽考察粮食工作时强调　统一政策统一行动把粮食流通体制改革进行到底",34
"1998.5.26","安徽省委书记卢荣景强调　反对“好人主义”",34
"1998.5.28","安徽确定粮食顺价销售最低价　榆树粮食企业靠改革走出新天地",34
"1998.5.28","两全其美——芜湖金田集团兼并蔡塘村纪事",34
"1998.5.31","安徽百万农机会战三夏",34
"1998.6.2","安徽给台资更大空间",34
"1998.6.5","安徽：八成麦农告别镰刀",34
"1998.6.7","早部署  早准备  早落实  安徽厉兵秣马防大汛",34
"1998.6.12","抓早  抓细  抓实  皖苏鲁豫沿淮四省严阵以待防大汛",34
"1998.6.14","全国跨区机收首战告捷  江苏安徽河南等省麦收基本结束",34
"1998.6.22","安徽查处一起任用假干部事件  3名厅级干部、9名处级干部和8名基层干部受查处",34
"1998.7.3","打破条块分割  优化资源配置  安徽职教占据“半壁江山”",34
"1998.7.7","加强管理  加大投入  加倍爱护　黄山人重塑黄山形象",34
"1998.7.7","新疆加快高等级公路建设　安徽投资46亿元办交通",34
"1998.7.14","密切党群干群关系  维护农村社会稳定　安徽严查乡村干部违法违纪",34
"1998.7.17","春雨润物十二载——记安徽省宣州市水阳镇党校",34
"1998.7.19","蚌埠人又饮淮河水",34
"1998.7.27","江西宣布进入紧急防汛期　安徽全力保皖江大堤安全",34
"1998.7.30","安徽构筑铁壁迎战洪峰",34
"1998.7.30","稳定承包权  放活经营权　安徽数十万农户“转业”　非农业户已达六十五点八万户，共流转土地十七点三万公顷",34
"1998.7.31","振奋精神连续作战  周密部署严防死守　湘鄂皖军民齐心协力抗洪水　",34
"1998.7.31","依法兴林  依法护林　池州植树十年绿满荒山",34
"1998.8.1","安徽百万军民严守皖江大堤",34
"1998.8.5","青岛国税局依法治税超额完成任务　合肥财政局增收节支支持国企改革",34
"1998.8.6","八百里皖江战洪魔——安徽沿江百万军民抗洪抢险写真",34
"1998.8.7","迎战长江新洪峰和强热带风暴　安徽湖南军民严阵以待",34
"1998.8.10","送医送药  协力抗洪　安徽医务人员奔赴一线",34
"1998.8.14","农行鼎力支持经济增长　开发行作安徽投资顾问",34
"1998.8.17","认真贯彻江泽民总书记重要讲话精神　鄂湘赣皖再部署迎接新考验",34
"1998.8.17","解放军四总部慰问团慰问赣皖抗洪官兵",34
"1998.8.18","安徽省沿江城市企业坚持两手抓　确保防汛生产两不误",34
"1998.8.19","湖南  250万军民迎战第六次洪峰　安徽　126万军民全线加紧查险护堤",34
"1998.8.20","安徽公安全力维护灾区治安",34
"1998.8.22","百万军民严防死守常备不懈　安徽九江迎战第六次洪峰",34
"1998.8.24","合肥海关打击走私有力度",34
"1998.8.24","安徽采取措施抗灾自救　保证灾区学校按时开学",34
"1998.8.28","文体明星赈灾足球义赛将举行　希玛保龄杯保龄球赛天津站结束　安徽宋晓波职业篮球运动学校成立　飞利浦赞助中国亚运代表团",34
"1998.9.2","江淮大地一道风景线——记安徽省开展’98全民健身年活动",34
"1998.9.8","人生极处是精神——记阜阳乡镇企业学校校长张贺林",34
"1998.9.10","重庆提出：确保人民日报发行年年增长　安徽要求：确保完成人民日报发行计划",34
"1998.9.12","回良玉任安徽省委书记",34
"1998.9.12","全国女子手球锦标赛在合肥举行　八队角逐冠军赛前体能测试",34
"1998.9.14","恢复与发展并重——安徽高起点高标准抓好灾后重建",34
"1998.9.15","合肥碧水抱绿荫（）",34
"1998.9.17","中央军委授予吴良珠“抗洪钢铁战士”荣誉称号　命名大会在合肥举行　迟浩田要求全军和武警部队向吴良珠学习",34
"1998.9.21","安庆地税局清理漏征漏管",34
"1998.9.21","安徽大学成为科教兴皖重要基地",34
"1998.9.23","以防促修  以修固防　安徽防修结合大干水利",34
"1998.9.24","黄山着手解决“夜不见山”状况",34
"1998.9.24","百岁医院“活医典”——安徽省立医院见闻录",34
"1998.9.27","江泽民在安徽考察时强调　全党全国必须更加重视农业和农村工作",34
"1998.9.28","江泽民在安徽省党政领导干部会上发表重要讲话强调　全面推进农村改革开创我国农业和农村工作新局面",34
"1998.10.5","全面推进农村改革，开创我国农业和农村工作新局面——在安徽考察工作时的讲话　　（一九九八年九月二十五日）",34
"1998.10.6","愿神州处处学黄山",34
"1998.10.8","江泽民在安徽考察时的讲话单行本出版",34
"1998.10.8","“空中课堂”育能人——阜阳市兴办农业广播电视教育侧记",34
"1998.10.12","目标咬住不放  工作落到实处　芜湖以抗洪精神促经济增长",34
"1998.10.13","王太华任安徽省代省长",34
"1998.10.20","警营文化响皖南",34
"1998.10.27","竞争·信任·希望——记安徽省首次公开选聘体委主任",34
"1998.11.3","黄山降价促冬游",34
"1998.11.5","抓重点攻难点力促“六低”变“六高”　安徽推出强农富民新举措",34
"1998.11.6","芜湖枢纽B线特大桥提前竣工",34
"1998.11.9","安徽实现网上招商引资",34
"1998.11.9","安徽  确保实现稳中有升",34
"1998.11.10","抓培训  定责任  搞督察　合肥公安把队伍建设摆在首位",34
"1998.11.18","安徽省五百万民工兴水利　沈阳农田基本建设投入大　金华二轮土地承包进展快",34
"1998.11.25","安徽机电学院培养一专多能人才",34
"1998.11.26","安徽二轮承包气象焕新",34
"1998.11.30","安徽泾县发现明代“踏歌送行”石刻",34
"1998.12.1","安徽  抓住后进促提高",34
"1998.12.3","司马义·艾买提在安徽考察时要求  做好灾民生活安排和灾后重建工作",34
"1998.12.6","以结构调整为主线  着重下好“三步棋”  合肥工业增幅居全国前列",34
"1998.12.9","打好淮河治理攻坚第二仗  安徽将建18座污水处理厂",34
"1998.12.15","尽兴民主风——来自安徽凤阳县的报告",34
"1998.12.28","阜阳机场正式通航",34
