﻿"index","news_title","prov_cde"
"1998.1.2","华夏城乡游首迎式在沪举行  罗干及近千名海内外游客出席欢庆活动",31
"1998.1.2","京沪元旦登高活动别具一格  万人奋勇争先  电视双向传送",31
"1998.1.6","上海：强化街道管理职能",31
"1998.1.7","上海奉浦大桥获“鲁班奖”",31
"1998.1.9","上海：查补税款三亿元",31
"1998.1.9","最高奖赏：人民满意——记上海市公安局南京东路警察署",31
"1998.1.12","莫让国资再“流血”——上海市检察机关查处国有资产流失犯罪述评",31
"1998.1.12","识其利  用其利——嘉兴接轨上海侧记",31
"1998.1.12","卖旧房  买新房　上海已售公房上市试点受居民欢迎",31
"1998.1.13","乔石在上海考察时提出　经济上实现新发展　改革上争取新突破",31
"1998.1.15","世界中学生运动会10月在上海举行",31
"1998.1.16","上海暖冬已十年",31
"1998.1.18","盆装净菜直接入厨下锅　“厨房工程”在沪启动",31
"1998.1.19","豫沪男排领先势头不减　女排比赛仍呈混战局面",31
"1998.1.19","上海：开行百日客流增",31
"1998.1.21","北普陀举办洛阳牡丹灯会",31
"1998.1.24","上海三菱北京分公司通过认证",31
"1998.1.24","首批12万纱锭真正被淘汰　上海敲响全国压锭第一锤",31
"1998.1.25","上海十五万志愿者进社区　张家港开展文明市民教育",31
"1998.1.26","全国排球联赛战罢五轮　河南男排上海女排仍居榜首",31
"1998.1.28","上海春节团拜　同心共勉",31
"1998.1.28","中远集装箱运输有限公司在沪成立　吴邦国出席揭牌仪式",31
"1998.1.31","将门之女的追求——记上海海军四八○五厂副总工程师林华卿",31
"1998.2.1","上海电力供应首次实现平衡",31
"1998.2.1","家庭工业大有可为——上海解决再就业问题新探索",31
"1998.2.2","上海郊区畜牧业产值逾八十六亿",31
"1998.2.4","控制收费规模  清理收费项目　上海有效减轻农民负担",31
"1998.2.5","上海加大对传销“整形”力度",31
"1998.2.5","上海建成新书馆（）",31
"1998.2.6","宏观调控  转换机制　上海物价指数负增长",31
"1998.2.6","名人名言高悬  艺术画廊夺目　上海地铁文化风景亮丽",31
"1998.2.7","中国足球队英籍主教练霍顿到任　今起率队在上海备战东亚四强赛",31
"1998.2.12","男篮联赛爆冷　八一输上海",31
"1998.2.13","上海新春　演新戏",31
"1998.2.14","衬衣短裙出场  冷饮墨镜抢手　上海早春高温百年罕见",31
"1998.2.16","排球联赛浙江上海仍是领头羊",31
"1998.2.17","上海形成拒假防御机制　内蒙古商企打假制度化",31
"1998.2.17","王力平当选上海市政协主席",31
"1998.2.18","陈铁迪当选上海市人大主任　徐匡迪当选上海市市长",31
"1998.2.18","首届远东俱乐部足球赛在沪开战　上海申花队不敌俄罗斯劲旅",31
"1998.2.18","上海南京路——中华“老字号”拥军纪事",31
"1998.2.19","何来十九分之差  ——看上海与辽宁男篮之战",31
"1998.2.21","沪宁线上的“新兴工业城市”，底色本是千年文化古城　常州：文化也是投资环境",31
"1998.2.22","上海选出人大常委会副主任、副市长",31
"1998.2.24","《周恩来在上海》出版　《周恩来的世纪》出版",31
"1998.2.24","黄金水道建功业——记上海疏浚公司在委承包工程",31
"1998.2.24","国旗照耀中国足球活动在沪举行　中国足球最佳阵容评选揭晓",31
"1998.2.26","上海提前三年实现“翻两番”　人均国内生产总值率先突破3000美元",31
"1998.2.26","《周恩来在上海》在京首映　李鹏为电视剧题写名",31
"1998.2.26","试行双赛制以后——看四川与上海男排比赛有感",31
"1998.2.27","电视剧《周恩来在上海》惊险曲折",31
"1998.3.1","李鹏充分肯定电视剧《何须再回首》　中央综治委在沪召开编创座谈会",31
"1998.3.2","全国排球联赛战罢第九轮　浙沪男女排仍居首位",31
"1998.3.5","巧用联合拓市场——关于沪浙皖西瓜种子产销联合体的调查",31
"1998.3.7","江泽民参加上海代表团讨论时强调　认清形势  振奋精神　增强信心  扎实工作",31
"1998.3.8","首批上海通用轿车年内下线　吴邦国致电祝贺",31
"1998.3.8","京津沪渝　百姓心系两会",31
"1998.3.8","上海百万市民大动迁回眸",31
"1998.3.9","上海　服务全国同发展",31
"1998.3.9","全国排球联赛战罢第十轮　豫沪列积分榜男女首位",31
"1998.3.13","上海国际艺术节剧目竞标　为四张入场券展开角逐",31
"1998.3.16","人大代表、上海汽车工业（集团）总公司总裁陈祥麟：　扩大规模  降低成本",31
"1998.3.16","全国排球联赛战罢第十一轮　沪女排夺冠在望  浙男排积分居首",31
"1998.3.18","沪港渝　异地联手　开放开发",31
"1998.3.23","上海开办首家24小时书屋（）",31
"1998.3.23","全国排球联赛战罢第十二轮　上海女排提前夺冠",31
"1998.3.25","上海：中国高尔夫球公开赛",31
"1998.3.30","建立五大机制推进国企改革　上海形成现代企业制度基本框架",31
"1998.3.30","上海为农村读者编纂百种书",31
"1998.3.31","上海“大众”派员来京咨询服务",31
"1998.3.31","上海大学生跨校选课",31
"1998.3.31","上海三大球的启示",31
"1998.4.1","“三羊”开泰——访上海万象（集团）股份有限公司总经理刘瑞旗",31
"1998.4.2","我国拟建京沪高速铁路",31
"1998.4.3","扩大直接融资  支持企业改革  我国证券市场日趋活跃  沪深股指昨日双双上扬，成交量放大",31
"1998.4.3","上海武警总队积极支援地方建设",31
"1998.4.3","上海文化信息入网",31
"1998.4.4","上海市一年销售鲜花三亿支",31
"1998.4.5","第14次南极考察队凯旋抵沪",31
"1998.4.7","电脑为上海人“送来”新鲜菜",31
"1998.4.7","上海建设高校远程网",31
"1998.4.9","太原出台企业拥军优属规定　上海虹口区成立军嫂服务机构",31
"1998.4.10","为重点企业提供全面金融服务　建行担当上海石化财务顾问",31
"1998.4.14","上海虹桥机场恢复通航",31
"1998.4.14","内拆“篱笆”  外拆“围墙”——上海高校打破条块分割气象新",31
"1998.4.15","“中集运价指数”在沪发布",31
"1998.4.15","上海海关支持非公有制经济发展",31
"1998.4.18","我国稳步推进保险市场对外开放　又有三家外国保险公司获准在沪营业",31
"1998.4.18","京沪不相让  万达不可挡——足球甲A联赛第六轮展望",31
"1998.4.20","钱其琛在上海江苏考察时强调　发展两岸关系推进统一进程",31
"1998.4.20","甲A京沪之战引来创纪录的七万观众　泰山海狮首尝胜绩",31
"1998.4.21","上海回国留学人员有用武之地　创办企业五百多家，百余企业进入孵化基地",31
"1998.4.27","多种经济成分共同发展　上海商业推进战略性重组",31
"1998.4.27","上海建成仓储式建材超市",31
"1998.5.3","上海国际艺术节开幕",31
"1998.5.4","第四届上海国际武术博览会开幕",31
"1998.5.5","沪郊种植特色菜",31
"1998.5.6","上海国际武术博览会落幕",31
"1998.5.7","京沪穗开通“空中高速路”",31
"1998.5.8","上海改革青少年运动会竞赛体制",31
"1998.5.8","上海国际艺术节　越办越有活力",31
"1998.5.9","第四届NEC杯围棋赛在上海揭幕",31
"1998.5.11","进出口银行支持上海机电产品出口",31
"1998.5.11","海峡两岸保龄球冠军赛（上海站）结束",31
"1998.5.11","NEC杯围棋快棋赛在上海落子",31
"1998.5.13","上海海关办理出口退税有新招",31
"1998.5.13","全国象棋大奖赛在上海举行",31
"1998.5.15","上海全面实施就业预备制度",31
"1998.5.15","法国南锡芭蕾舞团在京沪受赞誉",31
"1998.5.16","断腕后的新生——上海百万国企下岗职工再就业纪实",31
"1998.5.16","亚排联行政理事会在沪举行",31
"1998.5.18","给国产卫星安上“眼睛”——记中科院上海技术物理所研究员陈桂林",31
"1998.5.18","沪市上周上涨前五名",31
"1998.5.18","沪市上周下跌前五名（％）",31
"1998.5.20","卡尔波夫在沪与青少年棋手进行车轮战",31
"1998.5.21","上海外环又建一高架桥",31
"1998.5.22","克利夫兰交响乐团将来京沪演出",31
"1998.5.25","中国美院与香港明珠兴业集团签订协议　合建上海设计艺术分院",31
"1998.5.25","远眺京沪高速铁路",31
"1998.5.26","上海大众向希望小学赠送报刊",31
"1998.5.30","沈鸿同志逝世　江泽民送花圈  胡锦涛李岚清等到八宝山为沈鸿送别",31
"1998.6.1","青浦县为希望工程劝募捐款",31
"1998.6.1","沪市上周上涨前五名（％）",31
"1998.6.1","沪市上周下跌前五名（％）",31
"1998.6.2","国企下岗职工再就业先进事迹报告团在沪作报告",31
"1998.6.4","拉开反走私专项斗争序幕  上海海关严打货运渠道走私",31
"1998.6.4","加拿大海军舰艇编队访问上海",31
"1998.6.5","三十七城市发布空气质量周报  大连厦门南京上海四城市开始空气质量日报",31
"1998.6.7","上海人均保险支出超过京穗  调整基本养老金与全国并轨",31
"1998.6.10","民建七届三次中常会在沪举行",31
"1998.6.10","上海切断淫秽非法出版物通道",31
"1998.6.10","上海  举办台企产品博览",31
"1998.6.12","上海教育投入迅速增长",31
"1998.6.12","张信哲来京沪演唱",31
"1998.6.12","品味上海咖啡馆",31
"1998.6.18","沪成立军烈属医疗保健中心",31
"1998.6.18","大上海结亲小山寨",31
"1998.6.19","法国口琴大师将在京沪杭演奏",31
"1998.6.23","第九届人民日报奖学金在沪颁奖",31
"1998.6.24","上海十万学子宿舍装有电话",31
"1998.6.24","中国武协在沪建立训练基地",31
"1998.6.28","上海成立证券业法律顾问团",31
"1998.6.29","上海：花旗乔迁庆新喜（）",31
"1998.6.30","开始在中国的第三站访问  克林顿总统抵达上海",31
"1998.7.1","创维集团上海分公司成立",31
"1998.7.1","克林顿总统在上海参观访问　称赞“上海是全世界最令人兴奋的地方之一”",31
"1998.7.1","上海高校学生公寓建设全面启动",31
"1998.7.2","沟通是理解之途——克林顿总统上海书馆座谈会侧记",31
"1998.7.2","克林顿总统在上海参观访问时表示　努力促进美中建立更密切伙伴关系",31
"1998.7.3","上海大众轿车产量突破百万辆",31
"1998.7.3","校企合作添活力——记上海财大万泰国际投资学院",31
"1998.7.6","上海广场鸽落户拉萨",31
"1998.7.8","上海人吃到本地产“洋蔬果”",31
"1998.7.9","上海破获一起特大贩毒案　缴获海洛因83.58公斤",31
"1998.7.13","上海大幅调低电话初装费",31
"1998.7.13","下岗职工在想什么？他们如何寻找新的岗位？政府和有关方面如何帮助下岗职工再就业？7月6日，本报记者在上海专门做了采访。请看——上海再就业一日（）",31
"1998.7.16","上海将举办市民马拉松赛",31
"1998.7.19","上海热浪逞威半个月",31
"1998.7.20","上海组建城市轨道交通总承包企业",31
"1998.7.21","乒乓球俱乐部赛上海男队力克广东队",31
"1998.7.23","学理论学知识学技术气氛热烈　上海读书节吸引20万市民参加",31
"1998.7.27","上海移动电话初装费又下调",31
"1998.7.28","让出旅游商业房地产等市场　上海南市区吸引各地企业落户",31
"1998.7.29","一身二任的女大校——记上海市邮电管理局党委书记、上海预备役师副政委陈素贤",31
"1998.7.31","教育帮困  教育助训　上海教委推出再就业培训计划",31
"1998.7.31","世界中学生运动会将在上海举行",31
"1998.8.3","抓住发展机遇  调整经营结构　上海建工三年迈出三大步",31
"1998.8.5","沪大学生暑期为整治苏州河献计",31
"1998.8.5","上海——青少年保护制度日趋完善",31
"1998.8.6","上海经济保持高增长低通胀态势　上半年国内生产总值同比增百分之九点四",31
"1998.8.6","上海市召开工作会议要求　以整风精神抓好邓小平理论学习",31
"1998.8.6","青浦外向型经济发展迅猛",31
"1998.8.7","产学研优化组合  造船业乘风破浪　上海“三强联合舰队”启航",31
"1998.8.8","上海地区钢铁企业将联合组建大型集团",31
"1998.8.9","建立国际质量体系　上海饮用水水质达标",31
"1998.8.10","乒乓球俱乐部联赛进入决赛　军沪男队京苏女将争冠",31
"1998.8.10","沪市上周上涨前五名",31
"1998.8.10","沪市上周下跌前五名（％）",31
"1998.8.14","情满一江水——上海人民全力支援抗洪前线见闻",31
"1998.8.14","乒乓球俱乐部赛决赛在即　上海男队北京女队力求以弱胜强",31
"1998.8.17","发扬抗洪军民团结奋斗顽强拼搏的伟大精神　京津沪粤闽鲁确保经济增长支持抗洪一线",31
"1998.8.17","沪市上周上涨前五名（％）",31
"1998.8.17","沪市上周下跌前五名（％）",31
"1998.8.20","上海铁路局保障抗洪军列畅行",31
"1998.8.21","《邓小平——女儿心中的父亲》摄影展在沪揭幕",31
"1998.8.22","“绿色钢铁”是怎样炼成的——上海宝山钢铁公司环保纪事",31
"1998.8.23","上海全面启动粮食流通体制改革　实行政企分开，完善市、县（区）两级粮食储备管理和调控体系",31
"1998.8.24","足球甲A联赛　赈灾义赛 京沪握手言和　步步进逼 松日紧盯三甲",31
"1998.8.27","上海删减中小学教材总量近三成",31
"1998.8.28","上海出版界向农村中学赠书",31
"1998.9.2","上海拨专款救济灾区学生",31
"1998.9.3","上海大力推进信息产业建设",31
"1998.9.4","确保增长速度  支援抗洪救灾　广东：经济持续稳步发展  北京：确保经济增长速度　天津：加快基础设施建设  上海：固定资产投资增长",31
"1998.9.4","上海十月举办高水平网球赛　邀请张德培伊万尼塞维奇献技",31
"1998.9.5","世界女排大奖赛上海站揭幕　中国队首战击败日本队",31
"1998.9.7","世界女排大奖赛上海站比赛结束　中国队获得亚军",31
"1998.9.8","完善征订办法  确保稳中有升　上海把本报发行列为重中之重",31
"1998.9.9","新人尚未脱颖而出　网上依旧稍逊一筹——评中国女排在大奖赛上海站的表现",31
"1998.9.11","上海  落实组织措施  实行集订分送　福建  扎实做好工作  保证订阅经费",31
"1998.9.11","上海男排获国际男排邀请赛冠军",31
"1998.9.14","国际金属加工展将在上海举办",31
"1998.9.14","世界特技飞行大奖赛上海站结束　匈牙利选手捧得首站冠军杯",31
"1998.9.15","自然保护区环绕上海",31
"1998.9.15","构筑优秀人才高地的重要举措　上海改善高校青年教师住房",31
"1998.9.16","我选手积极备战上海网球公开赛",31
"1998.9.17","爱尔兰总理访问上海",31
"1998.9.17","乘风破浪正当时——浙江、上海海洋经济发展略记",31
"1998.9.18","9月26日在上海大剧院　10月14日在北京人民大会堂　卡雷拉斯将一展歌喉",31
"1998.9.19","我国首条高架铁路在沪兴建",31
"1998.9.20","健全完善劳动力市场迈出重要一步　上海市劳动力价格体系基本形成",31
"1998.9.22","沪十万志愿者参与环境整治",31
"1998.9.22","亲人就是公务员——记上海长宁区华阳街道办事处",31
"1998.9.23","上海进入新一轮彩电消费热潮",31
"1998.9.24","就辜振甫参访京沪行程　海协与台湾海基会商定具体细节",31
"1998.9.24","“环太平洋论坛九八年会”在沪召开",31
"1998.9.26","李岚清在上海考察工作时强调　深化科教体制改革  大力发展高新技术",31
"1998.9.27","法国总理离沪赴香港",31
"1998.9.28","“小主人球迷协会”在沪成立",31
"1998.9.29","不把棚户区带进21世纪　上海启动旧区改造攻坚战",31
"1998.10.4","佳节将至商机在握　上海中秋节月饼销售看好",31
"1998.10.6","上海网球公开赛开战",31
"1998.10.8","江泽民在江苏上海浙江考察时强调　沿海发达地区要率先基本实现农业现代化",31
"1998.10.9","英国首相访问上海",31
"1998.10.9","上海网球公开赛单打八强产生　亚洲选手均遭淘汰",31
"1998.10.9","上海话剧新作进京　《股票的颜色》有理有情",31
"1998.10.9","卡雷拉斯歌喉　上海反响热烈　北京企盼已久",31
"1998.10.10","上海网球公开赛　张德培顺利进四强",31
"1998.10.11","构建黄浦江立体交通网络　上海兴建我国首条越江行人隧道",31
"1998.10.12","上海网球公开赛　头号种子进入决赛",31
"1998.10.13","抗洪精神长存——上海大学生被抗洪英模事迹报告深深打动",31
"1998.10.14","团结友谊奋发向上　世界中学生运动会在沪开幕",31
"1998.10.14","各方协同作战  实行限期治理　苏浙沪治理太湖加码",31
"1998.10.14","上海网球公开赛张德培夺冠",31
"1998.10.15","’98上海全国商品交易会开幕",31
"1998.10.15","辜振甫率海基会参访团抵沪　汪道涵会见辜振甫一行",31
"1998.10.16","他到中国来过150次——访上海贝尔公司副董事长莫瑞尔",31
"1998.10.16","杰基耶夫执棒　基洛夫交响乐团京沪之行在即",31
"1998.10.20","上海博报堂公司在京开设分公司",31
"1998.10.20","纪念许广平百年诞辰座谈会在沪举行",31
"1998.10.21","上海对口支援三峡库区成效显著　铁路高速化设备研制有进展　华力特公司开发高附加值产品　邵阳加快国有工业企业改革",31
"1998.10.21","全国男排锦标赛接近尾声　上海队夺冠有望",31
"1998.10.22","沪粤两地领导互访学习　加强交流  促进合作  推动发展",31
"1998.10.22","全国男排锦标赛　上海队夺得冠军",31
"1998.10.23","上海构筑“绿色家园”",31
"1998.10.28","黄菊与福建省领导座谈时提出　沪闽携手共创合作交流新局面",31
"1998.10.29","京沪高速公路济南黄河大桥合龙（）",31
"1998.10.30","“《财富》全球论坛”将在沪举行",31
"1998.10.30","中国国际旅游交易会在沪开幕",31
"1998.10.30","《上海一百年》序",31
"1998.11.1","今年头十个月成交额比去年同期翻一番　上海商品房销售明显增长",31
"1998.11.2","上海贝尔以高技术产品参与竞争",31
"1998.11.2","澳大利亚海军舰队编队访沪",31
"1998.11.2","中国足协杯赛落幕　上海申花喜捧足协杯",31
"1998.11.3","上海：完善集订分送  确保稳中有升",31
"1998.11.4","杨拯民遗体送别仪式在京举行　江泽民胡锦涛等以不同方式对杨拯民同志的逝世表示哀悼　李瑞环等前往八宝山作最后告别",31
"1998.11.5","比利时首相访问西安上海",31
"1998.11.5","第35届“亚广联”会员大会在沪开幕",31
"1998.11.5","申花捧得沪港杯",31
"1998.11.6","中韩足球对抗赛将在上海举行",31
"1998.11.6","夏尔·迪瓦大师重登中国舞台　日本NHK交响乐团将来京沪",31
"1998.11.7","琼沪蔬菜运输“绿色通道”开通",31
"1998.11.9","全额征集  社会发放　上海养老保险推开两项改革举措",31
"1998.11.9","欧洲记协与欧美企业家在沪研讨认为　中国政治稳定经济发展吸引各国投资",31
"1998.11.9","第七届上海电视节开幕",31
"1998.11.12","积极清缴欠税  努力增收节支　上海力保增税九点七亿元",31
"1998.11.15","金大中访问上海",31
"1998.11.15","邹家华在上海考察时指出　发展经济要增强环保意识",31
"1998.11.17","让潜在生产力变为现实——全国人大常委会促进科技成果转化法上海执法检查纪实",31
"1998.11.18","促进钢铁工业结构调整推动国有企业战略重组　上海三大冶金企业组建上海宝钢集团公司　吴邦国要求宝钢集团公司团结一致互相配合振奋精神积极工作",31
"1998.11.19","贯彻国务院设立跨省区市分行重大决策　中国人民银行上海分行成立",31
"1998.11.20","“《财富》全球论坛”明年秋天在沪举行　江主席题词预祝论坛年会圆满成功",31
"1998.11.20","上海当代诗会盛况喜人",31
"1998.11.21","上海市档案馆向社会介绍有关刘少奇活动的档案史料　本报网络版今日推出《少奇百年》专题",31
"1998.11.22","军队武警部队经营企业移交工作进入实施阶段　上海警备区九家企业交地方管理",31
"1998.11.23","首家一日三刊新闻报在沪亮相",31
"1998.11.23","库克群岛总理离沪赴香港",31
"1998.11.26","上海千余名企业干部竞争上岗",31
"1998.11.27","黄菊会见澳门地区全国政协委员视察团时指出　沪澳合作前景广阔潜力大",31
"1998.11.28","“抓”出的成效——上海市闵行区发展全民健身记事",31
"1998.11.28","上海广东女足将争夺超霸杯",31
"1998.11.28","创新：在历史与未来之间——上海浦东开发开放八年的启示",31
"1998.11.29","上海首辆“别克”轿车即将下线",31
"1998.11.30","上海税收近20年增长15倍",31
"1998.11.30","上海市热心安置帮教工作　刑释人员重新犯罪率逐年下降",31
"1998.11.30","全国群体处长会议在沪召开",31
"1998.11.30","上海家化百岁创新业　健康产业做大啦",31
"1998.12.2","上海销毁100万条假烟",31
"1998.12.4","上海开展创建文明城区试点工作  黄浦区已获得九十项全国性荣誉称号",31
"1998.12.7","摩洛哥首相赴上海访问",31
"1998.12.7","殷夫烈士纪念碑在上海落成",31
"1998.12.8","摩洛哥首相离沪赴香港",31
"1998.12.8","上海地铁溢书香（）",31
"1998.12.11","素质教育研讨会在沪召开",31
"1998.12.14","上海新热点　买房请律师",31
"1998.12.18","上海通用首辆别克轿车下线  黄菊等出席下线仪式",31
"1998.12.18","辞旧迎新京沪舞台正繁忙",31
"1998.12.21","上海证券市场规模不断扩大　目前市价总值占GDP比例已达15．4％",31
"1998.12.21","上海东龙公司通过质量认证",31
"1998.12.28","万春林获全国象棋冠军  上海女足成为“三冠王”",31
"1998.12.29","基层法律服务在上海",31
"1998.12.30","沪杭高速公路建成通车  全长一百五十点七公里，大大缩短上海、嘉兴、杭州、绍兴、宁波间的距离",31
