﻿"index","news_title","prov_cde"
"1998.1.2","济南：多管齐下为民解困",37
"1998.1.5","济南交警带头人",37
"1998.1.6","山东鲁能泰山足球俱乐部揭牌",37
"1998.1.6","济南办国际象棋大赛",37
"1998.1.10","山东集中投入　智力扶贫",37
"1998.1.11","青岛市楼山乡成为专利乡",37
"1998.1.13","济南社区医生入家来",37
"1998.1.15","青岛国税局实现税收七十多亿元",37
"1998.1.15","男篮联赛山东队客场告负",37
"1998.1.16","临沂造纸厂顶风违法　治污设施未完工  超标废水排河中",37
"1998.1.21","青岛古镇集团成立",37
"1998.1.21","山东财政收入突破300亿元",37
"1998.1.23","山东航空公司引进波音737飞机",37
"1998.1.24","烟台  文化年饭雅俗共赏",37
"1998.1.25","繁花似锦满目春——记烟台高新技术开发区",37
"1998.1.26","菏泽暖棚牡丹含苞待放",37
"1998.1.26","山东电建中标来宾电厂",37
"1998.1.27","济南建成大型物流中心",37
"1998.1.31","济南：明亮工程色彩缤纷",37
"1998.2.6","开门请群众评警  登门为群众服务　烟台莱山民警言行举措见真情",37
"1998.2.8","城市增新景  休闲添去处　青岛海滨旅游大道引人驻足",37
"1998.2.9","堵源治本  打防结合　东营警方献力油区治安",37
"1998.2.10","济宁电业局安全生产2000天",37
"1998.2.11","山东保护归侨侨眷权益",37
"1998.2.13","济南打响压锭攻坚战　3．2万纱锭今天敲掉",37
"1998.2.15","山东乐陵市春耕即景　“铁牛”下田  耕牛进圈",37
"1998.2.16","青岛郊区邮电职工开展文明服务",37
"1998.2.16","全国男篮联赛第十九轮　锣响球进  山东队涉险过关　中锋发威  八一队大胜江苏",37
"1998.2.17","春节前夕，8位出海钓鱼的青岛市民在海上漂泊10天，被北海舰队水兵救起——海浪，托起生命的希望",37
"1998.2.19","日照全面整顿企业领导班子",37
"1998.2.19","信心与阴影  ——山东八一男篮之战侧记",37
"1998.2.21","民心工程  ——来自山东“110”社会服务联动的报道",37
"1998.2.21","姜春云在河北山东考察时强调　加大农业抗灾减灾力度",37
"1998.2.24","男篮联赛　辽宁战胜山东　八一重登榜首",37
"1998.2.26","山东商企“诚信”取胜",37
"1998.2.26","希尔顿男篮联赛预赛结束　八一山东辽宁分居前三",37
"1998.2.27","孙炳岳当选青岛市人大主任　王家瑞当选青岛市市长",37
"1998.2.27","胡延森当选青岛市政协主席",37
"1998.2.28","李启万当选济南市人大主任　谢玉堂当选济南市市长",37
"1998.3.3","提高素质  完善结构  增强活力　山东市地领导班子换届调整气象新",37
"1998.3.8","济南市新一届政府　第一个工作日",37
"1998.3.9","李鹏参加山东代表团审议时强调　企业改革必须坚持抓大放小方针　妥善处理解决好中小企业改革中出现的问题",37
"1998.3.10","朱镕基参加山东代表团审议时强调　坚定信心扎实工作搞好机构改革",37
"1998.3.12","江泽民参加重庆山东代表团全体会议时强调　抓住机遇埋头苦干振奋精神知难而进",37
"1998.3.12","希尔顿全国篮球联赛四强产生　八一山东辽宁北京入围",37
"1998.3.15","山东电力：抓机制增活力",37
"1998.3.16","山东　优化结构  保证重点",37
"1998.3.22","山东大型企业出现生机　一批规模大素质高效益好的优势企业迅速崛起",37
"1998.3.24","济南军区某炮兵师军民共建促党建",37
"1998.3.26","发挥己有特长  开展社区活动　青岛大学生援助下岗职工",37
"1998.3.26","“海上日照”涌春潮",37
"1998.3.28","铲除羁绊求发展——山东华泰集团治理污染纪实",37
"1998.3.29","青岛道路保洁权　拍卖给下岗职工",37
"1998.3.30","青岛建沿海货运绿色通道",37
"1998.3.31","潍坊奎文社会力量办学显身手",37
"1998.4.2","山东七十万农户靠科技致富",37
"1998.4.2","烟台建立各类农业科技园280多个",37
"1998.4.3","淄博史志工作资政育人",37
"1998.4.5","青岛艺术表演团体全部与企业“联姻”",37
"1998.4.7","山东国信成立十年成绩显著",37
"1998.4.7","潍坊对农村干部进行学历培训",37
"1998.4.10","完善制度加大投入　威海塑造开放城市文明形象",37
"1998.4.11","“铁军”弄潮——山东电建一公司闯市场纪实",37
"1998.4.12","建章立制  扎实试点　山东启动住房分配货币化",37
"1998.4.13","户籍“窗口”暖人心——青岛市公安局户籍管理改革侧记",37
"1998.4.13","枣庄市实现企业足不出户纳税",37
"1998.4.15","韩喜凯当选山东省政协主席",37
"1998.4.16","赵志浩当选山东省人大主任　李春亭当选山东省省长",37
"1998.4.24","山东科技创业　高新技术产业产值超百亿",37
"1998.4.24","全国足球甲A联赛补赛一场　北京国安战胜山东鲁能",37
"1998.4.27","优化资本结构  注重技术创新　济南国企抓大放小效益明显",37
"1998.4.29","至深母爱  感念永远——山东青岛大学美术系开展“献给母亲的一句话”征集系列活动",37
"1998.4.30","看病开方随叫随到　济宁农技服务到田头",37
"1998.5.3","山东中华发电公司签署合同",37
"1998.5.4","田径冠军赛济南站比赛结束",37
"1998.5.5","青山恋——记青岛市十佳文明市民王永祥",37
"1998.5.5","以民为天——记山东省宁津县红庙李村党支部书记张国华",37
"1998.5.7","突破盐碱地耕作制度　东营农业出现新模式——“上农下渔”",37
"1998.5.7","菏泽　牡丹年销售收入四亿元",37
"1998.5.10","济南交警旗帜更鲜艳",37
"1998.5.10","济南交警的辐射效应——山东省公安系统加强队伍建设、争创一流工作纪实",37
"1998.5.10","青岛方便用电　市民一户一表",37
"1998.5.11","烟台港成为对外开放“小龙头”",37
"1998.5.12","弃大就小种上摇钱树　德州停建豪华商场省5880万",37
"1998.5.12","摆正人民与公仆的位置——聊城干部学习孔繁森纪事",37
"1998.5.13","济宁市进京招聘机关分流人员",37
"1998.5.19","青岛：不让棚户区进入下世纪",37
"1998.5.20","政策优惠  科技配套　济南吸引下岗人员开发“四荒”",37
"1998.5.20","潍坊中保财险业务处理中心成立",37
"1998.5.21","择业观变了  就业路宽了　淄博张店区大中专毕业生基层展才华",37
"1998.5.25","青岛海关与邮电联建电子通关系统",37
"1998.5.26","定州交警学济南练硬功",37
"1998.5.27","领导的好助手妇女的“娘家人”——记山东省宁津县计生协会",37
"1998.5.30","天象轨迹——记山东天象集团公司",37
"1998.5.30","“特色学校”新特色——山东临沂市第三实验小学掠影",37
"1998.6.1","济宁开通市长公开电话",37
"1998.6.1","全面贯彻《“九五”期间全国企业管理人员培训纲要》两周年  “工商管理培训”全国知识竞赛  主办：“管理培训工程”办公室  协办：山东菱花集团公司",37
"1998.6.2","青岛市落实优惠政策  广开下岗职工再就业门路",37
"1998.6.4","威海开发区国税分局带好队伍",37
"1998.6.4","加强宏观调控  保障职工权益  山东规范安排职工下岗行为",37
"1998.6.5","党委政府重视 措施求真务实  青岛加强消防队伍及设施建设",37
"1998.6.6","烟台扩大社会保障覆盖面  职工走到哪里社会保障就跟到哪里",37
"1998.6.8","日照至北京旅客列车对开",37
"1998.6.9","烟台开发区注重提高干部素质",37
"1998.6.10","建立制度  加强监督  青岛坚持给领导干部敲警钟",37
"1998.6.11","为老人建造“安全岛”——记济宁老年心血管病医院",37
"1998.6.12","潍坊某炮兵师医院医疗助民",37
"1998.6.13","黄淮地区展开治蝗减灾战役  山东河南河北天津等地出动万人喷洒农药",37
"1998.6.16","太原淄博观众争看乒乓球俱乐部赛",37
"1998.6.17","济南军区某医院热心为民服务",37
"1998.6.18","济南军区某分部加强思想工作",37
"1998.6.22","青岛严打斗争成效显著",37
"1998.6.22","济南军区优秀军官赴青疗养",37
"1998.6.22","青岛农发行确保夏粮收购资金供应",37
"1998.6.25","济南市大明湖湖水可望变清",37
"1998.6.29","临沂利用秸秆生产降解餐具",37
"1998.6.29","青岛启动第二轮压锭任务",37
"1998.6.29","众手构建幸福网  百万农民保健康  合作医疗成为威海农村“健康卫士”",37
"1998.7.2","华能德州电厂三期工程合同签订",37
"1998.7.3","机遇　往往藏在困难中——山东省省长李春亭谈国企下岗职工再就业",37
"1998.7.4","聊城有座山【外一首】",37
"1998.7.9","青岛市国税局强化管理见成效",37
"1998.7.9","山东灭蝗告捷",37
"1998.7.10","九八中国青岛国际啤酒节开幕",37
"1998.7.12","青岛外贸外资保持良好势头　上半年出口额同比增一点二成",37
"1998.7.14","山东与清华大学携手促发展　在信息环保生物领域加强合作",37
"1998.7.14","小康路上“领头雁”——记山东淄博市上庄村党支部书记薛安郡",37
"1998.7.15","精心组织  完善政策  强化措施　山东工大社会实践扎实有效",37
"1998.7.16","青岛中级法院实行竞争上岗",37
"1998.7.16","“精准”的魅力——烟台发展现代农业纪实（上）",37
"1998.7.17","广东海关严查骗汇行为　青岛海关严打走私活动",37
"1998.7.17","山东推出学校办学国家考试新招　为有志青年上大学拓宽道路",37
"1998.7.17","青岛国际女网挑战赛八强　中国选手占据四席",37
"1998.7.18","青岛国际女子网球挑战赛　中国三名选手进入半决赛",37
"1998.7.19","青岛将设五条热线　供水电话率先登场",37
"1998.7.20","易景茜夺青岛国际女网挑战赛两项冠军",37
"1998.7.22","临沂市邮电局基建“四公开”",37
"1998.7.24","山东公安规范民警“十条禁令”",37
"1998.7.24","治理污染和生态建设一起抓　临沂打响环保攻坚战",37
"1998.7.25","山东企业：放小放出好景象　八成中小企业进行了改制改组改造",37
"1998.7.25","山东成立乡镇企业轮胎检测中心",37
"1998.7.27","菏泽团地委支持“下岗青工创业行动”",37
"1998.7.28","“双星”闪耀的是文化——青岛双星集团采访随记",37
"1998.7.28","民不富  心不安——记山东济阳县委书记张宗祥",37
"1998.7.28","烟台的海",37
"1998.7.29","山东农大师生暑期下乡　科技服务到农家",37
"1998.7.30","泰安国税局狠抓清理欠税",37
"1998.7.30","驶入“快车道”——烟台发展现代农业纪实（下）",37
"1998.8.1","中国足协处罚青岛海牛队",37
"1998.8.3","三部门联合发出通知　推广山东支持部队开展“双争”活动经验",37
"1998.8.3","黄河泰山的厚爱——山东人民支持部队开展“双争”活动纪事",37
"1998.8.3","强劲的动力——烟台科教兴市印象记",37
"1998.8.3","农业科技架金桥——山东省曹县侯集回族镇科技富民活动剪影",37
"1998.8.4","农业的战略性选择——访最先实践农业产业化的潍坊市",37
"1998.8.4","爱军精武酬人民——驻鲁官兵谈山东省支持部队“双争”活动",37
"1998.8.5","青岛国税局依法治税超额完成任务　合肥财政局增收节支支持国企改革",37
"1998.8.5","税务总局要求全系统向青岛国税、深圳地税学习",37
"1998.8.6","加大整治力度  严密防范措施　青岛公安营造良好治安环境",37
"1998.8.7","青岛探索公益事业企业化经营",37
"1998.8.7","武警日照市边防支队爱民传佳话",37
"1998.8.7","山东大学校企联合显优势",37
"1998.8.10","山东查处四百多起非法收购粮食案",37
"1998.8.12","青岛再就业抓重点难点　安置数超过当月下岗数",37
"1998.8.19","亚洲帆板赛在青岛举行",37
"1998.8.24","一切为了前线  一切为了救灾　济南军区全力以赴保抗洪",37
"1998.8.24","威海切实加强乡镇党委建设",37
"1998.8.25","济南防控网络初步建成",37
"1998.8.25","沂山之子——记优秀共产党员、山东省沂山税务所所长周士永",37
"1998.8.28","楼房制造厂落户烟台",37
"1998.8.28","济南军区某部建起钢铁保障线",37
"1998.8.28","中国乒乓球大奖赛九月初开战　世界顶尖高手将云集济南",37
"1998.8.29","无志不立——山东鸿达集团的经营谋略",37
"1998.9.1","济南军区某团抗洪勇挑重担",37
"1998.9.2","克服官僚主义  密切党群关系　德州开展做群众满意干部活动",37
"1998.9.2","严格未必不真情——记山东省郓城县审计局局长李文霞",37
"1998.9.4","山东经济增长方式有新变化　抓住高技术  培植产业群",37
"1998.9.4","青岛文艺团体为何渐露生机",37
"1998.9.7","日照电业局靠服务上电量　1—7月售电量增幅居山东省首位",37
"1998.9.7","山东严惩金融政法腐败　查处10起党员领导干部严重违法违纪案件",37
"1998.9.9","表率是无声的命令——山东省地税局加强领导班子建设纪事",37
"1998.9.10","惊涛拍岸自岿然——来自山东的报告",37
"1998.9.10","坚持“五位一体”整体推进　青岛加强文明社区建设",37
"1998.9.10","绿色的希望——山东冠县林业由生态型迈向经济型",37
"1998.9.14","山东打好“一五○工程”攻坚战",37
"1998.9.16","济宁“越河”污染重",37
"1998.9.17","察民情  解民忧  帮民富　山东潍坊实施“民心工程”",37
"1998.9.18","义务培训技工  携手共建家园　聊城市技工学校心系灾区重建",37
"1998.9.22","切实维护法律权威  建立良好运行机制　青岛审判机关加强执行工作",37
"1998.9.22","南召县  干部有本“连心簿”　日照市  探索脱贫新路子　钻井三公司  围绕经济抓党建",37
"1998.9.23","中国德州经贸洽谈会成果丰硕",37
"1998.9.24","青岛查获利用台湾制造假发票案",37
"1998.9.24","积极稳妥  分步实施　新青岛大学完成实质性合并",37
"1998.9.27","观潮听涛访烟台——写在第二届APEC中小企业技术交流及展览会召开前夕",37
"1998.9.28","深化改革  服务经济　青岛教育整体水平提高",37
"1998.9.29","山东省党管武装工作会议在济南举行",37
"1998.9.29","孟富强  济南交警带头人",37
"1998.9.30","山东　工程学院的“人才工程”",37
"1998.10.1","济南停车问题　纳入法制轨道",37
"1998.10.5","枣庄市中区切实减负　农民负担连续十二年不超百分之三",37
"1998.10.7","增强功能  服务建设  方便生活　济南城市面貌改观",37
"1998.10.8","田野上的脱贫工程——山东省商河县“联户致富”纪实",37
"1998.10.9","济南军区某部：确保人民日报订到连",37
"1998.10.13","烟台骨干税源拉动作用增强",37
"1998.10.13","孙淑义当选中共济南市委书记",37
"1998.10.14","中国APEC烟台科技工业园区落成",37
"1998.10.21","山东今冬明春水利建设规模大　广西冬季农业综合开发动手早　内蒙古秋冬农田水利建设掀热潮",37
"1998.10.22","从“交警效应”到“公安效应”——济南市公安局“创满意”活动纪实",37
"1998.10.22","唐山东方玻璃厂扭亏为盈",37
"1998.10.27","青岛铁路分局实现安全生产两千天",37
"1998.10.28","青岛确保国企下岗职工基本生活　国企下岗职工100％领到基本生活费",37
"1998.10.29","京沪高速公路济南黄河大桥合龙（）",37
"1998.10.29","山东电力电缆实现强强联合",37
"1998.10.30","政府推动 部门联动 大企业带动　山东实施科教兴鲁战略",37
"1998.11.1","崛起在黄河三角洲——山东滨州地区经济快速增长扫描",37
"1998.11.2","群众评议  加强监督　青岛推行村支书廉政述职报告制度",37
"1998.11.3","山东公路建设再掀高潮",37
"1998.11.3","菏泽提高村级干部整体素质",37
"1998.11.3","济南第一老年公寓正式启用",37
"1998.11.5","济宁坚持市场导向发展特色农业",37
"1998.11.9","烟台市国资经营卓有成效",37
"1998.11.10","青岛至银川高速公路开工",37
"1998.11.10","“有理无钱请进来”——访济南市法律援助中心",37
"1998.11.12","栾城县不折不扣降低电价　济宁整顿农村电价见成效",37
"1998.11.12","泰安　请管管宰客现象",37
"1998.11.13","残疾人法律援助经验交流会在青岛召开",37
"1998.11.16","吴官正当选山东省委书记",37
"1998.11.17","青岛开发出“康肤灵”",37
"1998.11.20","扩大民主  引入竞争　青岛推进干部选拔制度改革",37
"1998.11.22","让红绿灯信号跟上变化的交通流量　济南交警借助自控系统指挥",37
"1998.11.24","为了村民的共同富裕——记山东省优秀共产党员刘德平",37
"1998.11.25","烟台市国税局大力抓队伍建设",37
"1998.11.28","全国首家产业团委在山东寿光成立",37
"1998.11.30","山东中西医结合大学初具规模",37
"1998.12.2","建章立制  完善管理  强化监督  山东公安机关教育整顿有成效",37
"1998.12.2","烟台充分发挥乡镇党委作用",37
"1998.12.4","我国远洋科学考察取得新突破  “大洋一号”顺利返回青岛",37
"1998.12.5","选准突破口  形成新亮点——济南确保经济持续快速增长纪事",37
"1998.12.7","山东常林集团成功开拓农村市场",37
"1998.12.7","济宁任城区一批退伍军人担任村支书",37
"1998.12.7","“泉城”济南将重新公布七十二名泉",37
"1998.12.7","两条国道　一座危桥  山东冠县七一大桥亟待重建",37
"1998.12.10","德州下岗职工创新业",37
"1998.12.13","东西携手  共谋发展  深圳青岛大连宁波对口帮扶贵州",37
"1998.12.14","滨州办理人大代表建议求快求实  件件有着落  事事有答复",37
"1998.12.15","青岛四方检察院廉洁勤政",37
"1998.12.18","烟台“残大”探索高教之路",37
"1998.12.21","青岛市市南警方实施家庭防范工程",37
"1998.12.21","聊城国税局党委把“三关”",37
"1998.12.24","参与走私犯罪  原济南海关副关长高庆亭被判无期徒刑",37
"1998.12.25","山东里彦电厂二期工程开始扩建",37
"1998.12.28","山东安置退伍军人到位  今年又有近3万人各得其所",37
"1998.12.28","青岛国税局拍卖抵税物品　《中华金融辞库》出版发行  财会资产评估人才交流中心成立  丰南建行信贷资产无一悬空",37
"1998.12.31","全国男篮联赛需要“加温”  山东走麦城  八一显神勇",37
"1998.12.31","依托市场经济走向共同富裕——山东省临沂市实现整体脱贫的实践及启示",37
