﻿"index","news_title","prov_cde"
"1998.1.2","南京：给特困户解决困难",32
"1998.1.5","江苏  年初布置  年中检查  年底总结　办实事靠制度",32
"1998.1.7","淮安周恩来遗物陈列馆竣工开放",32
"1998.1.7","南京军区某部29年无事故",32
"1998.1.9","江苏供销社分流职工13万",32
"1998.1.9","最高奖赏：人民满意——记上海市公安局南京东路警察署",32
"1998.1.9","《周恩来军事文选》出版发行　江苏隆重纪念一代伟人",32
"1998.1.9","江苏国画院四十华诞书画展展出",32
"1998.1.11","镇江建成一批　名人墓葬陵园",32
"1998.1.13","建立脱贫有效机制 挂钩结对共求发展　江苏浙江告别贫困县",32
"1998.1.14","国家环保局调查组专家组联手调查　徐州市地面水源污染事故再敲警钟",32
"1998.1.15","南京总医院创奇迹　救治重度一氧化碳中毒患者",32
"1998.1.19","镇江市委“从严治党”抓关键层次",32
"1998.1.20","张晔当选南京市政协主席",32
"1998.1.20","苏州喜添华南虎（）",32
"1998.1.23","王宏民当选南京市市长",32
"1998.1.24","长江常州港万吨级通用码头竣工",32
"1998.1.24","江苏工艺：传统与现代的交响",32
"1998.1.28","南京　网上拜年　新鲜便捷",32
"1998.1.30","建设防洪屏障　江苏决定投入四十亿",32
"1998.2.2","常州新区经济增长富有活力　去年国内生产总值财政收入均比上年增长三成",32
"1998.2.3","江苏丘陵山区小流域治理见效",32
"1998.2.6","江苏大批青少年　扶贫济困助万家",32
"1998.2.6","镇江发现萧梁铸钱遗迹",32
"1998.2.9","抓基础  抓基层  抓基地  抓典型　江苏精神文明建设城乡联动",32
"1998.2.10","南京破获特大贩卖淫秽盗版光盘案",32
"1998.2.11","年轻的事业——苏港合资徐州华润电力有限公司彭城发电厂纪事",32
"1998.2.16","江苏省供销社各项业务稳步发展",32
"1998.2.16","全国男篮联赛第十九轮　锣响球进  山东队涉险过关　中锋发威  八一队大胜江苏",32
"1998.2.17","周恩来遗物陈列馆暨铜像在淮安落成",32
"1998.2.18","江苏纪念周恩来百年诞辰",32
"1998.2.18","上海南京路——中华“老字号”拥军纪事",32
"1998.2.19","小松培训中心在常州成立",32
"1998.2.21","曹克明当选江苏省政协主席",32
"1998.2.21","沪宁线上的“新兴工业城市”，底色本是千年文化古城　常州：文化也是投资环境",32
"1998.2.22","周恩来故乡120件纪念作品进京展出　南京周恩来书馆开馆",32
"1998.2.23","陈焕友当选江苏省人大主任　郑斯林当选江苏省省长",32
"1998.2.23","湖南：建立抵抗假冒产品防线　江苏：国有商业齐心塑造形象",32
"1998.2.28","勃勃生机在盐都——江苏省盐都县对小微亏企业改革的尝试",32
"1998.3.3","一万美元进园享受多种优惠　中国苏州留学人员创业园启动",32
"1998.3.6","伟人故里思忠魂——在周总理故乡淮安参加百年诞辰活动侧记",32
"1998.3.7","江苏  找准发展拉动力",32
"1998.3.7","苏州与伊斯梅利亚结为友好城市",32
"1998.3.8","李岚清参加江苏代表团审议时指出　实现两个根本性转变要提高人的素质",32
"1998.3.20","五十集电视剧《太平天国》在无锡开镜",32
"1998.3.21","是“兵城”、“煤城”，更是五千年文化古城　徐州巧做“汉文章”",32
"1998.3.24","课堂交流  实地交流  对口交流　无锡培训中心为东西部合作架桥铺路",32
"1998.3.26","国际乒联执委会会议将在苏州举行　会议期间举办大乒乓球比赛",32
"1998.3.30","全国排球联赛还剩最后一轮　江苏男排夺冠形势有利",32
"1998.4.1","徐州打击扰乱“一一○”行为",32
"1998.4.4","苏州国际乒乓球赛首用“大球”",32
"1998.4.4","徐州汉画像石",32
"1998.4.5","南京万名学生祭奠革命先烈",32
"1998.4.6","横祸变机遇——徐州矿务局扭亏为盈纪实",32
"1998.4.6","苏州国际乒乓球邀请赛　金泽洙王楠夺冠",32
"1998.4.7","“进口”要严  “出口”要畅　江苏认真开展民主评议党员工作　全省四年处理不合格党员一万多人",32
"1998.4.7","清风四十载光明送万人——徐州市眼防所所长李子良廉洁行医纪事",32
"1998.4.8","政府采购制度刍议　江苏如东县李晓军",32
"1998.4.9","江苏复垦土地3万公顷",32
"1998.4.10","江苏少儿社出版《草房子》",32
"1998.4.13","扬州财政增加农业科技投入",32
"1998.4.13","中国乒乓球擂台赛转战南通  王励勤杨影苦战晋级",32
"1998.4.14","江苏成立保险行业协会",32
"1998.4.15","城市文明大合唱——江苏卫生城市创建记事",32
"1998.4.16","李鹏在江苏就《高等教育法》等立法工作调研时强调　集中各方智慧  提高立法质量",32
"1998.4.16","南京脑科医院为病人办实事",32
"1998.4.19","早建比晚建好  快建比慢建好　江苏高标准建设江海堤防",32
"1998.4.20","钱其琛在上海江苏考察时强调　发展两岸关系推进统一进程",32
"1998.4.21","江苏农村百人拥有5部电话",32
"1998.4.23","江泽民在江苏考察时指出　要从战略高度重视乡镇企业发展",32
"1998.4.24","提供贷款  配套服务　徐州建行助民早迁新居",32
"1998.4.24","服务立行——记农行南京城北支行",32
"1998.4.25","镇江破获贩卖淫秽盗版音像制品案",32
"1998.4.26","南京庆祝解放四十九周年",32
"1998.4.27","纪念命名三十五周年　“南京路上好八连”开门纳谏",32
"1998.4.27","南京鼓楼广场竣工",32
"1998.4.28","送炭  借梯  树人——江苏海安县集体经济帮扶纪实",32
"1998.4.28","“办报为大众  办报靠大众”研讨会在江苏盐城召开",32
"1998.5.3","闪光的青春——记南京军区某部战士、全国优秀共青团员张长路",32
"1998.5.5","江苏双灯集团捐助体育事业",32
"1998.5.7","江苏  免费培训百万下岗职工　内蒙古  媒体免费刊播择业广告　汕头  八千职工悉数分流安置",32
"1998.5.8","总政委托南京政院举办《邓小平理论》课程教学研讨班",32
"1998.5.8","三地明星联手演传奇　《新江山美人》在苏州拍摄",32
"1998.5.10","利用投资环境综合优势  开拓思路强化招商举措  苏州新区保持高速增长态势  头四月产值利润和出口创汇均大幅提高",32
"1998.5.10","日驻美大使粉饰南京大屠杀　我驻美使馆发言人严词驳斥",32
"1998.5.11","无锡经济技术合作洽谈会成果丰硕　合同利用外资5．82亿美元",32
"1998.5.11","江苏规范有形建筑市场",32
"1998.5.11","无锡　下岗职工舞动行业龙头",32
"1998.5.12","加强学习是关键——访中共江苏省委副书记许仲林",32
"1998.5.14","江苏表彰百个“人民满意派出所”　对六十五个派出所通报批评限期整改",32
"1998.5.15","苏州市推行会计委派制度效果明显　中纪委监察部发出通报予以肯定",32
"1998.5.15","纪念真理标准讨论20周年　全国高校学术研讨会在南京举行",32
"1998.5.17","支持城市建设无怨言　南京300农户推倒自家楼房",32
"1998.5.18","抓班子  带队伍  促业务  保平安　常州公安机关构建形象工程",32
"1998.5.18","拒绝污染企业  “天堂”再添美景　苏州新区实行环保一票否决",32
"1998.5.19","江苏启动新一轮农业科技革命",32
"1998.5.20","苏州工业园华能电厂一期工程开工",32
"1998.5.20","江苏　非公有制企业吸纳下岗职工",32
"1998.5.21","日本等国来宾参观南京大屠杀纪念馆后表示　以史为鉴  祈祷和平",32
"1998.5.23","专家和南京大屠杀幸存者列举铁证　批驳日本反动影《自尊——命运的瞬间》",32
"1998.5.25","村山富市访问南京为“南京古城墙修复纪念园”题词表示　正视历史  以史为",32
"1998.5.28","中新两国政府最大合作项目进展迅速　苏州工业园区实现首期目标",32
"1998.5.29","徐州百里煤田竞开文明花",32
"1998.5.30","江苏乡镇建立劳动管理机构",32
"1998.6.3","徐州鼓楼区热忱为驻军办实事",32
"1998.6.4","以落实责任为核心  以群众满意为根本  常州公安机关推进派出所改革",32
"1998.6.5","腐臭洋垃圾  现形连云港",32
"1998.6.5","三十七城市发布空气质量周报  大连厦门南京上海四城市开始空气质量日报",32
"1998.6.5","苏州医疗器械厂热心为眼疾患者服务",32
"1998.6.7","南京魏源故居收归国有",32
"1998.6.9","中科院与地方政府联手  淮安“科技集市”收效显著",32
"1998.6.9","学高为师  身正为范——记优秀共产党员、江苏省涟水中学党委书记薛守琴",32
"1998.6.9","连云港市农村成立“党员议事会”",32
"1998.6.10","南京建成明城垣史博物馆",32
"1998.6.10","正确认识人大对司法工作的监督——对江苏新沂市人大纠正一起法院错判案的调查",32
"1998.6.12","张太雷百年诞辰纪念活动在常州举行",32
"1998.6.12","《东史郎诉讼案与南京大屠杀真相》出版",32
"1998.6.13","日全国上映委员会等团体  抗议右翼破坏《南京1937》上映",32
"1998.6.14","全国跨区机收首战告捷  江苏安徽河南等省麦收基本结束",32
"1998.6.15","南京海关严查走私大要案  一至五月查获走私案件总值一点七亿元",32
"1998.6.17","总后南京物资供应站坚持用户至上",32
"1998.6.19","首家抗肿瘤药合资企业落户无锡",32
"1998.6.29","科技长一分  市场扩千里  江苏晶石集团以人才抢占科技制高点",32
"1998.7.2","为了唤起真正的自尊——记英文版《南京暴行》中译本的问世",32
"1998.7.9","江苏大学生深入苏北农村　开讲座  建网页  搞规划",32
"1998.7.9","围绕新品开发□实施人才工程　无锡电力电容器厂青年挑大梁",32
"1998.7.10","江苏歌舞剧院征集音乐剧本",32
"1998.7.13","尉健行在江苏考察时强调　加强“收支两条线”管理工作",32
"1998.7.13","广东南京海关严查货币走私　真钞假钞复印纸钞难过关口",32
"1998.7.13","南京军区向闽赣灾区捐赠款物",32
"1998.7.13","江苏制止改制企业偷逃税",32
"1998.7.14","南京降低企业改制成本　减免20个收费项目",32
"1998.7.15","积极探索公安工作改革新路　盐城实行交巡警合一",32
"1998.7.17","南京海关加强税收工作",32
"1998.7.17","江苏出口企业质量认证进展快",32
"1998.7.18","评书评话南北大荟萃——曲坛佳话苏州行",32
"1998.7.20","调整机构  合理配置  提高能力　江苏公安加大改革力度",32
"1998.7.22","南京长江大桥　路面屡修屡破  教训深刻",32
"1998.7.24","调整发展战略  优化投资环境　南京开放型经济发展势头好  上半年新批三资企业96家，实际利用外资同比增23％",32
"1998.7.26","江苏将防洪抗洪当作头等大事　岳阳50万人日夜护堤防洪",32
"1998.7.26","大桥卫士  文明使者——记守卫南京长江大桥的武警官兵",32
"1998.7.29","优化商品结构  调整经营方式　江苏机械设备进出口公司出口稳增",32
"1998.7.29","常州拥军优属实现十个100％",32
"1998.7.29","南京　六朝古墓群  考古惊世人　成组精美玉器色泽依旧",32
"1998.7.30","“不忘苏州这份情”  虎丘山风景区与游客共建文明园林",32
"1998.7.30","多方携手  齐抓共管　连云港海域碧水映蓝天",32
"1998.7.31","国家防总调拨物资急运江苏吉林　要求为抗洪抢险部队配备抢险救生器材",32
"1998.8.3","常州开放型经济难中奋进",32
"1998.8.3","坚持改革 不断创新　镇江电子工业利税激增",32
"1998.8.4","徐州市鼓楼区军嫂无一下岗",32
"1998.8.4","姑苏新区花正红——苏州高新技术产业开发区纪事",32
"1998.8.4","乒乓球俱乐部赛展开半决赛　黑龙江男队北京江苏女队告捷",32
"1998.8.5","守护繁华——记南京夫子庙派出所",32
"1998.8.5","沪大学生暑期为整治苏州河献计",32
"1998.8.6","江苏工业增速持续回升　确保全年增长百分之十一的目标",32
"1998.8.7","“洪水不退，我不离堤”——记九江市新港镇江矶村村委会主任陈申桃",32
"1998.8.7","“火炬”高擎两岸明——江苏建设沿江火炬高新技术产业开发带",32
"1998.8.7","亚洲象棋锦标赛将在泰州举办",32
"1998.8.11","拉萨市江苏路开工建设",32
"1998.8.12","江苏加大堤防巡查力度",32
"1998.8.14","南京海关加强队伍建设有“铁规矩”",32
"1998.8.17","中国乒乓球甲级联赛决赛　八一男队江苏女队首场获胜",32
"1998.8.18","江苏商检局大汛中保证随时检验",32
"1998.8.19","南京军区六万余官兵坚守大堤",32
"1998.8.20","部属学校管理体制调整试点进展顺利　河南江苏制定配套措施和优惠政策",32
"1998.8.21","千里屏障锁洪魔——江苏防汛抗洪斗争取得阶段性胜利",32
"1998.8.24","南京铁路公安教育整顿动真格",32
"1998.8.24","乒乓球俱乐部赛　八一江苏分获男女冠军",32
"1998.8.26","无锡建成汽车净化器基地",32
"1998.8.29","江苏学生在安全地带插班开学",32
"1998.8.31","宣传防洪法  实施防洪法　江苏依法防洪井然有序",32
"1998.9.2","江苏高校提供勤工助学",32
"1998.9.2","国有资产在蛀虫手中大量流失，企业发出紧急呼救。请看江苏“10·17”专案——反腐败  保企业",32
"1998.9.3","南京军区派专家为吴良珠会诊",32
"1998.9.5","初识扬州人",32
"1998.9.6","南京　法院借助媒体曝光　解决“执行难”顽症",32
"1998.9.8","要“鱼米之乡”不要“旱涝之邦”　江苏抗洪有险无灾",32
"1998.9.12","季允石为江苏省代理省长",32
"1998.9.12","南京长江二桥加紧施工（）",32
"1998.9.13","江苏省人大作出决定　严禁在长江水域非法采砂",32
"1998.9.14","江苏加快南京长江二桥建设",32
"1998.9.15","江苏头八月出口退税三十亿",32
"1998.9.15","国际狮子会代表团考察苏州医疗器械总厂",32
"1998.9.15","全国羽毛球锦标赛战罢团体赛　江苏男女队双双夺冠",32
"1998.9.15","无锡出现“绿色饭店”",32
"1998.9.16","江苏国税局7个月清欠7亿元",32
"1998.9.16","南京军区：保证基层官兵读到党报",32
"1998.9.16","造就一流的教师与校长队伍　江苏启动名师名校长工程",32
"1998.9.18","新沂至长兴铁路在淮安开工",32
"1998.9.19","办万家事  解万家忧——记南京市玄武区社区服务",32
"1998.9.19","“南京大屠杀”史料送上因特网",32
"1998.9.19","全国羽毛球赛女单龚智超“称后”　江苏队夺得男女双打冠军",32
"1998.9.21","恒源祥重返南京路",32
"1998.9.21","世界特技飞行大奖赛南京站结束",32
"1998.9.22","产销衔接加强  确保经济增长　江苏开拓国内外市场有良方",32
"1998.9.22","江苏治理“三乱”减轻企业负担",32
"1998.9.23","走私大案警示录——连云港市东方实业贸易公司汽车走私案剖析",32
"1998.9.23","全民健身好红火——江苏群众体育见闻（一）",32
"1998.9.23","“电子警察”上路值班“曝光台”定期公布　南京机关小车违章频频",32
"1998.9.24","铜墙铁壁锁龙王——南京下关区建设全国一流防洪墙纪实",32
"1998.9.25","江苏铅封加油机显示器",32
"1998.9.25","江苏警方破案　会战初战告捷",32
"1998.9.25","小石子踩出的健康——江苏群众体育见闻（二）",32
"1998.9.26","农村体育特色之路——江苏群众体育见闻（三）",32
"1998.9.28","马晓春在南京遇车祸",32
"1998.9.29","常州全民健身有“上方宝剑”——江苏群众体育见闻（四）",32
"1998.10.3","徐州积极完成人民日报发行任务",32
"1998.10.7","两翼齐飞  扶摇直上——记开发建设中的无锡新区",32
"1998.10.7","规划于前——江苏群众体育见闻（五）",32
"1998.10.8","江泽民在江苏上海浙江考察时强调　沿海发达地区要率先基本实现农业现代化",32
"1998.10.9","江苏：齐抓共管  层层落实",32
"1998.10.11","充满希望的绿色田野——江苏由农业大省迈向农业强省",32
"1998.10.12","创汇第一村——记江苏镇江市龙山村",32
"1998.10.12","江苏新远东公司　终身奖励科技功臣",32
"1998.10.18","南京大学授予美国前总统布什名誉博士学位",32
"1998.10.20","打击走私催动市场　江苏一些企业经营转好　广州市场秩序趋于正常",32
"1998.10.21","科索沃难民开始返家　南通社两记者在科首府附近失踪",32
"1998.10.22","借得东风张巨帆——看苏州工业园区如何借鉴新加坡经验",32
"1998.10.25","遏制“大楼竖起来，干部倒下去”　江苏工程招投标率达百分之百",32
"1998.10.28","去塞求通  化解矛盾——对徐州市信访工作的调查",32
"1998.10.31","重教兴学涌热潮——江苏省丹阳市教育现代化工程剪影",32
"1998.11.1","学无止境——扬州大学体院重视青年教师再教育",32
"1998.11.2","南京一公司销售彩电，进价1890元，却售1599元　低价倾销将受处罚",32
"1998.11.2","江苏省国税系统7个月清理欠税7亿元",32
"1998.11.2","江苏省地税清理入库欠税5．07亿元",32
"1998.11.3","《东史郎诉讼案与南京大屠杀真相》备受关注　中日美学者呼吁日本法院正视史实公正判决",32
"1998.11.4","建设绿色环保港口——连云港经济技术开发区见闻",32
"1998.11.5","徐州扶持龙头企业增加农民收入",32
"1998.11.5","中科院与江苏全面推进合作　高新技术交易洽谈会成果丰硕",32
"1998.11.5","常州六人画展在京展出",32
"1998.11.6","江苏妇幼保健服务体系项目竣工",32
"1998.11.7","徐州纪念淮海战役胜利50周年　江泽民为纪念淮海战役胜利50周年题词",32
"1998.11.9","江苏海关完成九成年税收任务　南京海关打击走私带动税收增长",32
"1998.11.12","盐城政协　带头节约经费",32
"1998.11.13","江苏强化征管手段　头十个月征收个人所得税十五亿",32
"1998.11.13","江苏公安精简机关充实基层",32
"1998.11.13","苏州举办“海峡两岸地展”",32
"1998.11.16","江苏国税清理欠税十亿多　湖北国税拓展服务促发展　云南省政府推出清欠新措施",32
"1998.11.16","既要转观念　也要给实惠——徐州安居工程采访侧记",32
"1998.11.18","邹家华在江苏考察时强调　增强环保出效益观念",32
"1998.11.19","江苏治乱减负动真碰硬　共取消收费一千三百六十项减轻企业负担六十一亿多元",32
"1998.11.21","无锡芭蕉树",32
"1998.11.24","姜春云在江苏就乡镇企业法贯彻实施问题调研时强调　依法支持乡企再造新优势实现新发展",32
"1998.11.28","国务院减负办公室要求借鉴江苏经验　坚决取消向企业不合理收费",32
"1998.11.30","脱颖而出——走马南京江宁经济技术开发区",32
"1998.11.30","张万年在苏北和南京地区部队考察时要求　贯彻江主席重要指示  推进部队全面建设",32
"1998.12.2","连云港边防检查站服务地方经济",32
"1998.12.2","南京夫子庙派出所服务暖民心",32
"1998.12.3","南京海关严厉打私税收大增",32
"1998.12.6","全方位开放  多层次推进  苏州经济快速发展",32
"1998.12.7","徐州研究食品产业发展战略",32
"1998.12.9","江苏国税查补罚款17．87亿元",32
"1998.12.9","南京桂花鸭落户北京城",32
"1998.12.11","企业发展的催化剂　江苏省乡镇企业引进国外智力纪实",32
"1998.12.15","东京市民举行集会　谴责南京大屠杀",32
"1998.12.17","让幼鹰“断乳”“离巢”  淮安中学塑造自强人格",32
"1998.12.21","景色美  魅力强——南京创建“中国优秀旅游城市”纪实",32
"1998.12.25","“南京大屠杀”史实不容否认　沈阳部分群众抗议东京法院不公正判决",32
"1998.12.25","广播交响乐团到南京贺新年",32
"1998.12.25","活力来自生活——镇江中国画院进京展观后",32
"1998.12.28","调整优化结构  推进技术进步  江苏再振乡镇企业雄风",32
"1998.12.29","崇尚法治看南京",32
"1998.12.31","江苏清理不良社会文化现象",32
