﻿"index","news_title","prov_cde"
"1998.1.4","以大办沼气为纽带  以节约能源为前提  广西全面推广生态农业建设",45
"1998.1.5","问卷征求意见  一石激浪千层　广西请基层评议区直机关作风",45
"1998.1.6","广西从严治党　关键从严“治官”",45
"1998.1.13","天津查处招生受贿案　高玉林等人分别受到严惩",45
"1998.1.13","强化守土有责  营造良好环境　广西加大扫黄打非力度",45
"1998.1.18","赵富林当选广西壮族自治区人大常委会主任　李兆焯当选广西壮族自治区主席",45
"1998.1.19","陈辉光当选广西壮族自治区政协主席",45
"1998.1.24","桂林  特殊年礼到瑶乡",45
"1998.1.25","柳州木材防腐厂通过质量认证",45
"1998.1.25","广西自治区和柳州市领导慰问国家女篮　祝愿篮坛健儿新年再立新功",45
"1998.1.30","广西造林备耕两不误",45
"1998.2.1","南宁二院开辟“绿色通道”",45
"1998.2.4","把握新机遇  开拓新局面　广西着力谋求改革与发展新突破",45
"1998.2.4","钦州港的魅力",45
"1998.2.13","加大资金投入  干部带头攻坚　广西去年一百二十万人脱贫",45
"1998.2.17","广西“海上一一○”是渔民守护神",45
"1998.2.17","春节前夕，8位出海钓鱼的青岛市民在海上漂泊10天，被北海舰队水兵救起——海浪，托起生命的希望",45
"1998.2.18","为了祖国战舰的安全——记海军驻桂林威达公司军代表何乃明",45
"1998.2.22","笔下怎样写南宁",45
"1998.2.28","咬定青山不放松——广西源安堂制药厂创业扶贫记",45
"1998.3.1","桂林市交警统一执法一警多能",45
"1998.3.13","广西　昂首迈向新世纪",45
"1998.3.13","广西造林绿化县县达标",45
"1998.3.15","广西玉柴：以人为本提高效率",45
"1998.3.20","《咕哩美》带来北海风情",45
"1998.3.23","面追求升学率酿成恶果　广西陆川高考舞弊案全部查清",45
"1998.3.24","吸取教训  认真整改  加强监督　广西严肃对待陆川高考舞弊案　被清退学生重返中学复读，准备参加今年高考",45
"1998.3.25","经济欠发达城市如何建设精神文明　南宁“三个一”抓出成效",45
"1998.3.26","一份出色的答卷  ——南宁市精神文明建设写意",45
"1998.3.27","典型报道在邕起反响　南宁市面对荣誉查找差距",45
"1998.3.27","为急危难患者着想　南宁二医院开辟“绿色通道”",45
"1998.3.29","以歌会友促进开放　广西国际民歌节启幕邕城",45
"1998.3.31","桂林北车站货场四十八年无火灾",45
"1998.4.2","广西玉林百色结对互帮",45
"1998.4.3","呼和浩特至北海建设通信动脉",45
"1998.4.3","南宁驻军讲文明  南国明珠添光彩",45
"1998.4.4","四代围棋手贵阳较量  象棋冠军赛桂林会战",45
"1998.4.6","集中整建  贵州强化农村基层组织  大胆改革  钦州规范机关干部作风",45
"1998.4.7","内蒙古工业利润年增八成　广西实行“人盯人”扶贫　福建农村三年内户户通电　广东海关促外贸有新招",45
"1998.4.14","柳州建立监察员队伍　市民直接监督政府勤政廉政",45
"1998.4.15","广西面向全国招聘副厅级干部　杭州公开选拔副局级干部",45
"1998.4.21","桂林陆军学院　不拘一格选人才",45
"1998.4.27","南宁市民拥护禁止传销",45
"1998.4.30","走马广西看“春修”",45
"1998.5.18","给国产卫星安上“眼睛”——记中科院上海技术物理所研究员陈桂林",45
"1998.5.21","玉林市五条高等级公路建成使用　通车庆典俭朴热烈",45
"1998.5.24","北京北海团城“修旧如旧”",45
"1998.5.24","百色　寻访志愿者",45
"1998.6.1","大兴医疗扶贫  播洒科技之光  武警广西总队医院外二科情满壮乡",45
"1998.6.2","尉健行在广西考察时要求各级领导干部  带头执行制止奢侈浪费八条规定",45
"1998.6.9","美军飞机失事记事碑在广西揭幕",45
"1998.6.15","广西壮族自治区副主席徐炳松涉嫌收受贿赂被依法逮捕",45
"1998.6.23","壮乡女殡工——记广西武鸣县殡仪馆党支部书记方英梅",45
"1998.6.23","广西九城市销毁非法音像制品和非法出版物",45
"1998.6.27","红星灿灿耀党旗——广西浦北县农村基层党建工作剪影（）",45
"1998.6.28","柳州国税局重视人才培养  鼓励干部职工接受高等教育",45
"1998.6.29","国家防总办发布第四号汛情通报  防总、水利部派工作组赴江西、广西等省区协助抗洪抢险",45
"1998.6.29","体现公平竞争原则  促使人才脱颖而出  广西面向社会公开选拔副厅级干部",45
"1998.6.30","北海银滩不平了  海洋自然形态不可轻易改变",45
"1998.7.3","游览漓江并与环保人士座谈  克林顿在桂林参观访问",45
"1998.7.3","漓江烟雨醉佳宾——克林顿总统在桂林",45
"1998.7.7","志愿服务整一年　依依不舍别百色（）",45
"1998.7.10","广西南珠产业走向科学化",45
"1998.7.10","桂林食谱",45
"1998.7.12","桂林高新技术开发区步伐稳实　实现税收五年增六点四倍",45
"1998.7.12","拱北海关严厉打击走私犯罪",45
"1998.7.15","强化民族教育  着力培养师资　广西三年派六千余干部下乡支教",45
"1998.7.16","让法律的天空更纯净——广西壮族自治区高级法院原副院长潘宜乐落网记",45
"1998.7.16","严惩腐败行为  确保司法公正　广西高法副院长收受贿赂被查处",45
"1998.7.17","开辟九条就业渠道　柳州再就业率逾六成",45
"1998.7.17","百色的芒果熟了（）",45
"1998.7.21","全面治污漓水碧  沿江绿化满目春　桂林以江为本山水更秀丽",45
"1998.7.24","广西建设乡村卫星地面收转站",45
"1998.8.4","广西来京聘人才  求贤若渴动真情",45
"1998.8.9","吴仪在广西考察时指出　打击走私要突出重点狠抓落实",45
"1998.8.10","广西进京聘人才　首都孔雀西南飞",45
"1998.8.13","未了农牧情——记北海道町村末吉一家",45
"1998.8.18","海上缉私——拱北海关反走私纪实",45
"1998.8.20","广西加快农业水利建设　台州修建高标准海堤",45
"1998.8.28","跨越千山弹指间——广西高考“网上录取”见闻",45
"1998.9.6","广西大力推进干部制度改革　公开选拔的30名副厅级干部开始上岗",45
"1998.9.10","桂林地市合并组建新桂林市",45
"1998.9.14","咬住发展不放松——来自广西的报道",45
"1998.9.14","珠海熊振光挪用巨款被逮捕　南宁何建林受贿交司法机关处理",45
"1998.9.14","南宁何建林受贿交司法机关处理",45
"1998.9.22","水利公路港口水电建设项目齐头并进　广西力争基础设施建设后来居上",45
"1998.9.22","拱北海关查获盗版光盘69万多张",45
"1998.9.25","广西整顿机关作风初见成效　风气有所好转  公仆意识增强",45
"1998.9.25","观潮闹海——国家海洋局北海预报中心纪事",45
"1998.9.27","越南“桂林”行",45
"1998.9.28","海上拦 岸边堵 口岸查 市场管　防城港市让走私者四处碰壁",45
"1998.9.28","柳州奇石进京展风采",45
"1998.9.29","天津实行厂务公开民主管理　广西动态考察国企领导班子",45
"1998.10.1","徐炳松被撤销广西壮族自治区副主席职务",45
"1998.10.1","广西查处送“红包”案",45
"1998.10.3","南宁各界欢歌庆“双节”",45
"1998.10.3","云南宁蒗发生5．3级地震",45
"1998.10.6","拱北海关连续破获两宗盗版光盘走私案（）",45
"1998.10.13","参加亚太议员环发大会年会首批外宾抵桂林",45
"1998.10.16","给世人留下碧水蓝天——广西环保事业扫描",45
"1998.10.19","亚太议员环发大会第六届年会闭幕　与会各国代表团签署《桂林宣言》",45
"1998.10.20","邹家华成克杰在桂林视察时说　交通建设要有超前意识",45
"1998.10.20","办案经费哪里来——广西田东县检察院违规创收的教训",45
"1998.10.20","北海将办全国业余围棋赛",45
"1998.10.21","山东今冬明春水利建设规模大　广西冬季农业综合开发动手早　内蒙古秋冬农田水利建设掀热潮",45
"1998.10.22","美军遗骸第三次交接仪式在桂林举行",45
"1998.10.28","云南宁蒗发生5．2级地震",45
"1998.10.29","北海市关闭12家信用社",45
"1998.11.3","情洒广西脱贫路",45
"1998.11.9","李瑞环在桂林考察时强调　加强环保工作保护风景名胜",45
"1998.11.9","新桂林市挂牌",45
"1998.11.9","桂林国税高新分局培育税源",45
"1998.11.10","雷厉风行联合作战　广西打击汽车走私初见战果",45
"1998.11.10","广西大学喜庆七十华诞",45
"1998.11.12","广西国税局全力以赴抓清欠",45
"1998.11.12","案件案值数下降  警觉警惕性提高　北海市反走私居安思危",45
"1998.11.13","广西：加大国企改革力度",45
"1998.11.16","乡镇干部服务农民保增产增收　南宁：建立信息网络帮助农民推销农副产品　成都：一批干部走出机关创建农业示范基地",45
"1998.11.17","广西贵糖集团开发利用“三废”",45
"1998.11.20","云南宁蒗发生6．2级地震",45
"1998.11.22","全军第一批退伍老兵告别军营　桂林上万军民举行仪式送行",45
"1998.11.22","云南宁蒗干群奋勇抗震救灾",45
"1998.11.23","风雨过后海天阔——北海走上可持续发展之路",45
"1998.11.24","云南宁蒗救灾全面展开",45
"1998.11.28","中南海的关怀与壮乡巨变——写在广西壮族自治区成立四十周年之际",45
"1998.11.29","加强基础设施建设  不断优化产业结构　广西农业初步实现由传统向现代跨越",45
"1998.11.29","北海至海口海底光缆开通",45
"1998.11.30","江主席抵北海道访问　出席北海道知事和札幌市长举行的欢迎宴会",45
"1998.11.30","江主席参观北海道农户和牧场",45
"1998.11.30","贷款买车出租运营　南宁下岗职工走新路",45
"1998.12.1","江主席向北海道知事赠书法条幅",45
"1998.12.1","江主席会见北海道知名友好人士",45
"1998.12.2","统战部等举行会议座谈广西40年来辉煌成就认为  民族区域自治制度有巨大优越性",45
"1998.12.4","团结和睦  共同发展——广西民族团结进步之花盛开",45
"1998.12.4","不惑的祝福——为广西壮族自治区成立四十周年而作",45
"1998.12.4","家住南宁",45
"1998.12.7","桂林获“青年文明号模范城市”称号",45
"1998.12.7","中央代表团艺术团赴广西慰问演出",45
"1998.12.7","壮乡遍开科技花 　科技对广西经济贡献率已超三成",45
"1998.12.8","广西扶贫有方开发有路  贫困人口十三年减少一千一百多万",45
"1998.12.9","注重提高素质  适应改革发展　广西着力培养使用跨世纪民族干部",45
"1998.12.10","参加广西壮族自治区成立四十周年庆祝活动  中央代表团组成  吴邦国担任团长",45
"1998.12.11","务实拼搏  再展宏——庆祝广西壮族自治区成立40周年",45
"1998.12.11","参加广西壮族自治区成立40周年庆祝活动　中央代表团抵达南宁受到热烈欢迎　中央代表团会见广西党政军负责人",45
"1998.12.11","广西举办《金色足迹》大型文艺晚会  中央代表团全体成员出席观看",45
"1998.12.11","广西召开民族团结进步表彰大会",45
"1998.12.11","广西体育  四十年夺得四百金牌",45
"1998.12.11","广西柳州地区扶贫攻坚书画大展作品选登",45
"1998.12.12","中共中央 全国人大常委会  国务院  全国政协  中央军委  庆祝广西壮族自治区成立40周年的贺电",45
"1998.12.12","绿满邕城迎宾朋  繁花似锦庆佳节  广西隆重庆祝自治区成立四十周年",45
"1998.12.12","在广西壮族自治区成立四十周年庆祝大会上的讲话",45
"1998.12.12","中央代表团参观广西建设成就和科技成果展",45
"1998.12.12","送上党中央的关怀和全国人民的祝福  中央代表团看望广西各界人士和基层群众",45
"1998.12.12","乡间小路  信息通衢——广西“村通工程”纪事",45
"1998.12.13","参加广西壮族自治区成立40周年庆祝活动后  中央代表团回到北京  吴邦国继续在广西考察工作慰问百色老区群众",45
"1998.12.14","转达党中央国务院和江泽民的亲切关怀  吴邦国成克杰在百色看望老红军和老区群众",45
"1998.12.14","中央代表团艺术团结束在广西慰问演出",45
"1998.12.14","北海启动“东方夏威夷”绿色工程（）",45
"1998.12.18","司马义·艾买提在广西考察时指出  民族地区经济建设要上新台阶",45
"1998.12.21","驻守一地  服务一  稳定一方  武警广西总队着力维护社会稳定",45
"1998.12.25","不吃“伐木饭”  另找新出路  广西国有林场拓宽就业门路",45
"1998.12.27","早安排  早部署  早落实  广西元旦市场品种多数量足",45
"1998.12.27","广西国企重现活力",45
"1998.12.28","广西全力开展严打骗汇犯罪  共查办重特大骗汇案件9起，抓获犯罪嫌疑人63名",45
