﻿"index","news_title","prov_cde"
"1995.1.3","四川实施广厦工程　３年内为教师建房千万平米",51
"1995.1.3","巴西新总统会见我特使时说相信巴中关系将越来越好",51
"1995.1.6","德阳市属国有工业企业连续七年无亏损",51
"1995.1.6","邓小平与四川画册出版展览同时在蓉开幕",51
"1995.1.7","四川全兴足球队战胜俄奥林匹克队",51
"1995.1.11","四川向贫困地区送温暖１１７万人向贫困户和灾民捐送衣被３７１万多件",51
"1995.1.11","绵阳市长好实在",51
"1995.1.12","四川启动“万村书库”文化扶贫工程",51
"1995.1.13","本报编辑部邀请企业界人士座谈德阳经验国有企业改革大有抓头国有企业发展大有奔头大家提出：要正名鼓劲，增强信心，认清路数，扎实工作，在今年把企业改革继续切实推向前进",51
"1995.1.13","老画家千里赠送小平同志画像，终于满足了——一位四川老农的心愿",51
"1995.1.14","四川中江全国第一产肉大县",51
"1995.1.16","四川设农村基层干部奖励基金",51
"1995.1.16","如何推进今年的企业改革？正名鼓劲增强信心认清思路扎实工作本报邀请企业界人士座谈德阳经验发言摘要",51
"1995.1.21","川沪新闻界合围不法商贩“上海轻博会”成都露馅",51
"1995.1.25","重视各方监督　鼓励群众举报四川检察机关着力查办大要案",51
"1995.1.26","成都市工商税收突破四十亿元",51
"1995.1.27","四川优质水果增多",51
"1995.2.1","峨眉山市以旅游促经济",51
"1995.2.6","结合驻地特点开展爱国主义教育成都空军各部队开设“乡土课堂”",51
"1995.2.6","四川十三家商场销售额超亿元",51
"1995.2.8","迈向工业文明——关于绵阳经济腾飞的报告",51
"1995.2.10","成都租车生意火",51
"1995.2.12","四川矿种居全国之首",51
"1995.2.12","四川师大课堂教育做阵地爱国主义教育形成网络",51
"1995.2.15","成都举办“梨园回春演唱会”",51
"1995.2.16","斯洛文尼亚总理访问四川",51
"1995.2.19","甘孜州政府关心武警部队建设",51
"1995.2.19","泰王杯足球赛四川队首战失利",51
"1995.2.20","泰王杯足球赛四川队被淘汰",51
"1995.2.21","乔石在四川攀枝花考察时强调积极推进国有大中企业改革",51
"1995.2.22","全国三产排行揭晓单位最多：四川省人数最多：山东省",51
"1995.2.22","四川农业科技承包增产显著",51
"1995.2.24","多业并举　全面发展四川民兵以劳养武路子越走越宽",51
"1995.2.28","攀枝花产业结构转向多元化",51
"1995.3.3","再谈国有企业改革问题——四川德阳调查归来",51
"1995.3.5","四川国际电视节将在蓉举行",51
"1995.3.16","四川实施教师住房“广厦工程”省政府与地市州签订责任书，确保二○○○年中小学教职工人均居住面积八点五平方米",51
"1995.3.16","全国书画大展在广安举行",51
"1995.3.17","江泽民在吉林四川代表团谈加强党的领导一要正确决策二要用好干部并看望山东、河北代表，勉励他们加强团结，把改革发展稳定工作搞得更好",51
"1995.3.17","四川雅江扑灭一起森林大火",51
"1995.3.17","搞活企业要外松内紧重改造——访四川孙同川、陈子升、郭代仪代表",51
"1995.3.26","四川稳粮安邦增收富民今年比去年增加种粮面积１７８万亩",51
"1995.3.28","吴邦国在四川调查时指出发挥老工业基地作用搞好国有经济",51
"1995.3.29","桑普多利亚队６月与四川全兴队交手",51
"1995.3.29","安徽、四川、山东等省部分地区重新启用粮本、粮票，该如何看待这种现象？话说粮本现象",51
"1995.4.3","四川免收农资运输过桥费",51
"1995.4.3","质量立国　名牌兴川四川加大实施名牌战略力度",51
"1995.4.5","决不允许倒卖化肥四川取缔川化门前“化肥一条街”",51
"1995.4.5","巴中部分农村违法现象突出",51
"1995.4.9","田纪云在四川调查时强调因地制宜大力发展农村经济",51
"1995.4.12","“万村书库”工程落户广安",51
"1995.4.13","邹家华在四川调查时强调指出中国要有自己的大企业集团",51
"1995.4.15","成都检查新闻媒体广告三家报纸因刊登虚假广告被处罚",51
"1995.4.17","四川全兴队１∶２负于广东宏远队",51
"1995.4.21","中国围棋大国手擂台战落子四川李亮守擂成功",51
"1995.4.24","我国第一部鸟类执法工具书《四川鸟类原色鉴》问世",51
"1995.4.25","四川抽调８万余名机关干部下乡",51
"1995.4.29","陈俊生在四川考察时强调加快改善农业生产条件步伐",51
"1995.5.3","成都下力气治理府南河",51
"1995.5.3","川西发现四川山鹧鸪活体",51
"1995.5.3","全国男排甲级联赛四川队获冠军",51
"1995.5.4","资金扶持培育财源四川支持乡镇财政发展",51
"1995.5.9","四川推出旅游新招",51
"1995.5.12","四川等五省区七方举行第十一次经济协调会西南区域经济协作硕果累累今后将加速出海出境通道及配套设施建设",51
"1995.5.15","新加坡总理在四川访问",51
"1995.5.19","四川绵阳发现大型西汉木椁墓出土木胎马车方阵、植物种子等",51
"1995.5.19","成都四国女排邀请赛中国队胜日本队",51
"1995.5.23","德阳开发系列营养保健食品",51
"1995.5.24","合作天地广阔——“巴中贸易投资与合作机遇”研讨会侧记",51
"1995.6.3","抓住历史的机遇——访四川省西昌市市长施正华",51
"1995.6.4","孔繁森事迹报告团在成都军区作专场报告言者声泪俱下闻者为之动容",51
"1995.6.5","好心没有办好事——关于广安县插旗村盲目毁林种果树的调查",51
"1995.6.10","ＡＣ米兰胜四川全兴队",51
"1995.6.13","四川小城镇建设试点进展顺利",51
"1995.6.13","四川：小春粮油产量增",51
"1995.6.14","桑普多利亚足球队大胜四川全兴队",51
"1995.6.15","四川省第二次藏区工作会议提出加大扶持力度促进藏区发展",51
"1995.6.21","四川首届亿利达青少年发明奖颁奖",51
"1995.6.23","国奥队踢平四川全兴队",51
"1995.6.25","四川实施“千乡电视工程”",51
"1995.6.26","四川远大公司扶贫捐款百万",51
"1995.6.26","歌乐山，嘉陵江的漩涡",51
"1995.6.27","一缕温馨的风——成都边防检查站文明执勤二三事",51
"1995.7.5","老挝国家主席访问四川",51
"1995.7.7","四川大足将举行石刻艺术节",51
"1995.7.9","四川早中稻栽插完毕",51
"1995.7.12","八万“川军”有了家四川省就业局在北海设劳务管理站",51
"1995.7.13","成都成立外商投诉中心",51
"1995.7.13","展现孔繁森高尚情怀四川人艺推出《情满人间》",51
"1995.7.13","四川青川农村时兴“科技家长”",51
"1995.7.17","莫让蜀道再难——国务院检查组检查四川治理公路“三乱”纪实",51
"1995.7.22","腾飞的双翅四川宜宾五粮液酒厂，一靠科技、二靠人才，１０年时间使该厂国有资产增长近百倍，为国家赚回８８个五粮液厂",51
"1995.7.23","成都成立旅游质量监管所",51
"1995.7.24","四川召开邓小平党的建设理论研讨会",51
"1995.8.2","四川冕宁各族群众万人集会纪念红军长征彝海结盟６０周年彝海结盟纪念碑揭幕",51
"1995.8.3","确保迁得出稳得住四川三峡库区一期水位移民工作全面启动",51
"1995.8.3","什邡经济持续快速发展财政收入连续三年名列四川榜首",51
"1995.8.6","吃千辛万苦跑千山万水揽储增贷回报老区巴中农行扶持当地脱贫致富",51
"1995.8.7","四川种菜能手高原传艺（）",51
"1995.8.8","乐山国际旅游大佛节十月举行",51
"1995.8.8","绵阳六万多人自购养老金保险",51
"1995.8.9","四川发生严重交通事故四十余名游客伤亡",51
"1995.8.10","泸州通过国家卫生城市鉴定",51
"1995.8.11","成都—西昌航线用上波音飞机",51
"1995.8.12","高检授予肖必钊“模范检察干部”称号成都军区号召全区政法战线同志向他学习",51
"1995.8.13","多渠道组织菜源成都蔬菜淡季不淡",51
"1995.8.17","四川科技金融机构异军突起",51
"1995.8.18","全国民族政策研究工作座谈会在成都召开",51
"1995.8.21","设立骨干门店　有效平抑物价成都巧用价格调节基金",51
"1995.8.21","绵阳　齐抓共管促稳定",51
"1995.8.23","四位元帅抗战业绩展览在成都举行",51
"1995.8.23","成都龙泉驿区国土局廉政建设规范化",51
"1995.8.24","伸出一双手　奉献一颗心四川高校师生暑假到农村服务",51
"1995.8.28","农业搭起大舞台——成都市经济开发区略记",51
"1995.8.31","强者之路——访全国青联委员、成都口语病医院院长王伟",51
"1995.9.5","聚首山城共话当年峥嵘岁月四川召开南方局党史暨《新华日报》报史座谈会",51
"1995.9.11","乐山强收导游费",51
"1995.9.16","第四届中国戏剧节暨第十二届中国戏剧“梅花奖”颁奖活动将于１０月在成都举行",51
"1995.9.21","四川省检察机关加强侦查协作",51
"1995.9.25","成都铁路公安处对车站实行封闭式管理",51
"1995.9.27","为给职工办实事奠定基础自贡市工会企事业稳步发展",51
"1995.9.27","四川检察机关大力查处经济罪案上半年查处案件２５９４起，挽回损失７２８１万元",51
"1995.9.29","形式多样有的放矢成都铁路局爱国主义教育有成效",51
"1995.9.29","我一些驻外机构庆祝国庆巴中友协举行招待会加拿大华人欢庆佳节",51
"1995.10.3","’９５成都中国民俗文化节开幕",51
"1995.10.9","澳大利亚总督访问四川",51
"1995.10.9","四川农民负担有所回升",51
"1995.10.13","乔石在四川考察时强调结合实际认真贯彻五中全会精神",51
"1995.10.13","应用ＣＩＭＳ企业增效益成都飞机工业公司沈阳鼓风机厂北京第一机床厂获应用领先奖",51
"1995.10.17","汪道涵在四川考察台资企业时说鼓励台商投资的政策不会因两岸局势受影响",51
"1995.10.19","成都女排获城运会冠军",51
"1995.10.20","四川粮棉油全面丰收粮食总产可达４５００万吨，创历史最高纪录",51
"1995.10.24","为了清流伴蓉城——成都整治府南河见闻",51
"1995.10.27","浙江农民欢迎粮棉肥挂钩四川调控化肥资源保平衡",51
"1995.10.29","四川水利资源开发前景广阔",51
"1995.10.29","人民的纪念——沙汀墓园和铜像在四川安县落成揭幕",51
"1995.10.31","凉山州公安武警缉毒成绩显著",51
"1995.11.2","四川民主党派捐资在藏区创建希望小学",51
"1995.11.3","姜春云在四川考察时指出农业也要注重转变增长方式",51
"1995.11.3","世界一流好手汇聚成都参加中国羽毛球公开赛",51
"1995.11.7","小作坊变大集团——四川沱牌实业股份有限公司在兼并中壮大",51
"1995.11.19","科技兴绵阳",51
"1995.11.20","甲Ａ大幕落足球热潮涌上海北京大连分获前三名四川保级成功辽宁成老末",51
"1995.12.2","邹家华在四川考察时指出基础建设要改革投资体制",51
"1995.12.2","邹家华在四川考察时指出基础建设要改革投资体制",51
"1995.12.4","四川抓精神文明建设注重落实全省已涌现一大批文明单位和卫生城市",51
"1995.12.4","追求卓越——四川通威发展纪实",51
"1995.12.4","追求卓越——四川通威发展纪实",51
"1995.12.5","四川开展农作物育种攻关　培育新品种１９２个　增产粮食１６３亿公斤",51
"1995.12.5","四川开展农作物育种攻关　培育新品种１９２个　增产粮食１６３亿公斤",51
"1995.12.10","华能投巨资建四川移动通讯网",51
"1995.12.11","达成铁路铺轨到南充市区",51
"1995.12.12","四川黔江地区干群苦干八年初步脱贫",51
"1995.12.12","巴西总统卡多佐访华前强调发展巴中互利互惠伙伴关系",51
"1995.12.14","四川两企业为贫困地区订赠党报",51
"1995.12.15","动手早进度快　四川掀起农田水利建设热潮",51
"1995.12.20","成都推进考试录用工作",51
"1995.12.20","气象服务　四川防灾见成效",51
"1995.12.22","农业稳巴蜀安四川下大力气夯实农业根基",51
"1995.12.25","党心民心铸利剑——四川省反腐败查办大要案启示录",51
"1995.12.27","凉山工行积极探索转制新路存款每年增长１亿元，实现利润连年翻番",51
