﻿"index","news_title","prov_cde"
"1995.1.4","水溶性医用布在廊坊通过鉴定",13
"1995.1.5","唐山车辆厂窄轨客车走俏东南亚",13
"1995.1.8","河北财政收入稳步增长",13
"1995.1.9","无锡两成集体企业改制唐山推进乡企产权改革",13
"1995.1.10","税法卫士——记秦皇岛市海港区税检室",13
"1995.1.11","“紧烧火，慢揭锅”——保定变压器厂见闻",13
"1995.1.11","秦皇岛港吞吐量创新纪录",13
"1995.1.12","河北严查浮夸问题查出违法问题９３０起",13
"1995.1.18","承德电控设备厂滚动发展快",13
"1995.1.20","磁性高密码锁保险柜在廊坊问世",13
"1995.1.22","为让群众过个欢乐祥和团结舒畅文明健康的春节河北积极编排新春文艺节目",13
"1995.1.23","河北省文联送书献艺慰问子弟兵",13
"1995.1.24","承德百万灾民喜迎春节碗里有肉锅中有米过冬有衣",13
"1995.1.24","河北邮电通信突飞猛进",13
"1995.1.24","送上一份情温暖万人心河北领导走访困难职工",13
"1995.1.24","摸实底报实数求实效衡水地区计划生育向“假”字开刀",13
"1995.1.26","衡水地区开荒四十五万亩",13
"1995.1.26","河北沙河市南汪村，五十年代就上过电影，如今人均收入近三千元。农历小年，村民争相到市区赶集，办的是——多样年货",13
"1995.1.27","河北水泥获国家质量认证",13
"1995.1.28","江泽民在张家口慰问工人农民指战员时强调处处关心群众一切为了群众",13
"1995.1.28","石家庄市公安局党季勤政廉洁",13
"1995.1.29","货源充足价格回落石家庄春节市场繁荣稳定",13
"1995.1.29","温家宝在河北老区考察时强调继续保持和发扬艰苦奋斗作风",13
"1995.2.3","大局在胸——承德市创建双拥模范城纪事",13
"1995.2.4","“把脉”的诀窍——河北省邱县县委书记史增海访谈录",13
"1995.2.5","唐山开平区建立警民防范网",13
"1995.2.6","老区出“皇牌”——河北赞皇机械厂立足自身求发展纪实",13
"1995.2.6","红领巾千里走太行——张家口市少先队员手拉手“追寻左权将军（）",13
"1995.2.7","保定市公安局强化干部管理机制",13
"1995.2.9","廊坊预备役炮兵团开展“五热爱”",13
"1995.2.11","河北国内生产总值提前六年翻两番全省财政收入比上年增长２０．２％",13
"1995.2.12","各种经济成分员工参加养老保险社会统筹保定离退休职工生活有保障",13
"1995.2.14","面向市场以变应变河北工行积极开辟科技开发贷款",13
"1995.2.15","沧州民兵大力支援铁路建设",13
"1995.2.16","石家庄供销社备足春耕物资",13
"1995.2.16","河北畜牧业向规模化迈进",13
"1995.2.19","秦皇岛浅野水泥有限公司成立",13
"1995.2.20","情洒公路交通线——记河北临西县公安交警大队大队长杨继博",13
"1995.2.21","河北一洲医院医风好",13
"1995.2.21","石家庄市公安机关密切警民关系",13
"1995.2.22","沧州市郊区抓党建奔小康",13
"1995.2.23","河北省立法确保农业投入稳定增长",13
"1995.2.25","邯郸陶一煤矿三年增收千万元",13
"1995.2.25","河北省法院主动接受下级监督",13
"1995.2.25","石家庄有个“湾里庙”",13
"1995.2.28","邯郸陶一煤矿靠挖潜增效益",13
"1995.3.3","河北大规模开发太行山广东春季造林进入高潮",13
"1995.3.4","广开言路——河北蠡县县委书记任牧辛的心里话",13
"1995.3.5","河北轻化院“半月谈”讲座引人入胜",13
"1995.3.6","农字后面加科贸——访人大代表、邯郸市人大主任朱志武",13
"1995.3.8","石家庄少林武馆成材率高",13
"1995.3.9","乔石参加河南河北代表团审议时指出农业大省更要抓紧抓好农业",13
"1995.3.10","河北胜利客车厂抓质量增效益",13
"1995.3.11","加强基层组织建设推动农村经济发展保定万名干部下乡蹲点包村",13
"1995.3.13","他们这样指导“国家队”——石家庄市搞好大中型企业的报告",13
"1995.3.14","采取得力措施加强基层党建邯郸选调机关党员干部到农村任职",13
"1995.3.17","江泽民在吉林四川代表团谈加强党的领导一要正确决策二要用好干部并看望山东、河北代表，勉励他们加强团结，把改革发展稳定工作搞得更好",13
"1995.3.17","事事有人干事事争干好——访人大代表、河北省省长叶连松",13
"1995.3.25","保定卷烟厂抓技改增效益",13
"1995.3.27","河北省军区引导干部树立革命人生观",13
"1995.3.28","河北筹资３亿多元用于农村卫生建设",13
"1995.3.30","秦皇岛曝光参加婚礼的公车对派车人员和司机进行罚款并责成写出检查",13
"1995.3.31","河北：棉花面积有待落实",13
"1995.4.2","秦皇岛国税局抵制“人情税”",13
"1995.4.5","石家庄一棉抓技改增效益",13
"1995.4.6","河北少儿出版社“双效书”迭出",13
"1995.4.7","要干则是一流的——记保定天鹅集团总经理郑广银",13
"1995.4.8","河北迁西考古证明滦河也是母亲河",13
"1995.4.8","乒乓少年保定练兵",13
"1995.4.10","河北三百万农业大军全力抗旱",13
"1995.4.10","河北：农资供不应求",13
"1995.4.11","实行规模经营　增强整体实力沧州化学工业发展快",13
"1995.4.12","办国际赛事架友谊桥梁中日韩青少年体育交流大会将在唐山举行",13
"1995.4.13","１９９４年，纺织行业优秀企业保定市第一棉纺织厂，除负担本厂离退休职工的退休金外，还向社会保障部门上缴了３２７万元养老保险费。于是，就引出了这个话题——多缴三百万亏不亏",13
"1995.4.14","唐山东矿聋哑学校教育有特色",13
"1995.4.15","十一年向农业注入资金二点五亿元石家庄郊区菜园丰粮袋满",13
"1995.4.16","河北养殖专业户发展快",13
"1995.4.16","走正路　出好书　增效益河北出版事业呈现繁荣景象",13
"1995.4.18","秦皇岛驻军扑灭一场大火",13
"1995.4.19","本报通讯《太行七贤》引起社会强烈反响　河北号召全省干群学“七贤”",13
"1995.4.20","南方的河北方的河",13
"1995.4.21","以智力扶贫　靠科技致富河北山区脱贫试验区成绩喜人",13
"1995.4.23","见难而上不断进取——记河北省劳动模范刘合安",13
"1995.4.23","以象棋为桥梁增进两岸交流台北河北象棋对抗赛开枰",13
"1995.4.25","交流棋艺增进友谊提高水平河北台北象棋对抗赛结束",13
"1995.4.25","培养与使用并重张家口给年轻干部压担子",13
"1995.4.26","楚河汉界吹东风——河北台北象棋对抗赛观感",13
"1995.4.29","邯郸工行推出一体化柜台",13
"1995.4.29","任爱军获“承德市荣誉市民”称号",13
"1995.5.2","石家庄铁道学院毕业生争赴施工一线",13
"1995.5.5","承德市围剿私盐",13
"1995.5.6","围绕优势定思路——石家庄新华区委书记张振江一席谈",13
"1995.5.9","忠祖国爱家乡讲公德争上进河北也有一部《新编三字经》出版",13
"1995.5.10","唐山：老太婆扭起来",13
"1995.5.12","长期花公款租用高级轿车无偿使用公物河北高法院长平义杰被撤职",13
"1995.5.14","沧州市推出磷系阻燃剂",13
"1995.5.15","邢台新亚商城退货服务受好评",13
"1995.5.15","石家庄建行强化服务",13
"1995.5.15","为干旱山区开辟脱贫致富新路　河北太行山农业技术开发获突破",13
"1995.5.15","唐山：４５０２个村庄听广播",13
"1995.5.18","两个１００％的来历——记河北省新河钻机厂科技兴厂之路",13
"1995.5.19","抓征管不能怕难——石家庄市国税局局长张福怀访谈",13
"1995.5.24","邯郸治理软弱涣散党支部３００多个支部经治理实现转化",13
"1995.5.24","商品售出后能退换吗？唐山市百货公司商场的做法是：不影响再出售都可退换",13
"1995.5.25","河北农村经济稳步发展水利建设和春播春管均好于去年",13
"1995.5.27","选准最佳“坐标”——衡水地委书记白润璋一席谈",13
"1995.5.29","河北：棉花生产难题不少",13
"1995.5.30","保定严打刑事犯罪两个月破案二千余起",13
"1995.5.31","邯郸市要求干部提高工作效率",13
"1995.6.1","与《新编三字经》配套陶冶中小学生情操河北出版《新编弟子规》",13
"1995.6.3","忙要忙在点子上——河北高碑店市委书记张庆华访谈录",13
"1995.6.5","任务到岗　责任到人　河北确保夏粮收购不打白条",13
"1995.6.5","驻廊坊某预备役团认真开展人生观教育",13
"1995.6.6","唐山陶瓷生产走向集团化",13
"1995.6.6","邯郸民兵维护社会治安",13
"1995.6.6","沧州涉外经济律师事务所积极为社会服务",13
"1995.6.9","张家口打击贩卖私盐活动",13
"1995.6.9","善于决策的企业家——记河北制药集团总经理蔡东晨",13
"1995.6.9","沧州郊区检察院严把办案质量关",13
"1995.6.13","邯郸：麦农争抢收割机",13
"1995.6.19","中国象棋棋王赛爆冷门“东方电脑”柳大华负于河北小将",13
"1995.6.21","重组产业以强带弱优势互补邯郸加大企业扭亏解困力度",13
"1995.6.22","廊坊工行“特色服务”花样多",13
"1995.6.23","沧州市郊区纪检监察机关严查违法违纪案",13
"1995.6.23","同声齐唱爱心曲——河北省领导关心支持希望工程纪实",13
"1995.6.23","河北农村固定资产增加快",13
"1995.6.26","沧州郊区加强税收征管",13
"1995.6.26","建一个好班子找一条致富路河北整顿农村后进党支部岳阳改善村支书工作环境",13
"1995.6.27","邢台县地税局聘请社会督协员",13
"1995.6.30","邯郸市注重在生产一线发展党员",13
"1995.7.1","学会辩证地思考——河北阜城县委书记齐志成一席谈",13
"1995.7.3","石家庄一大型立交桥动工",13
"1995.7.4","政策优惠　环境宽松河北丘县农技人员回“农门”",13
"1995.7.6","打铁先得自身硬——记河北省涉县马布炼铁厂厂长申献利",13
"1995.7.7","党员带头资金到位河北夏粮收购速度快质量好",13
"1995.7.8","宋平在河北、山西、陕西考察工作",13
"1995.7.17","信息扶贫工程试点进展顺利张家口十三个县（市）全部装上卫星接收系统",13
"1995.7.17","张家口市设法解决拖欠教师工资问题",13
"1995.7.18","河北地方工商税收稳步增长　上半年完成税收二十三点四二亿元",13
"1995.7.22","河北杂技团走红世界",13
"1995.7.24","“三合一”的效应——河北开元铸造厂从优配置资源闯出新路",13
"1995.7.26","河北地税系统开展调查活动",13
"1995.7.27","北京张家口携手扶贫",13
"1995.7.28","秦皇岛野生动物园开园",13
"1995.7.28","邯郸市发挥科技人才作用",13
"1995.7.28","全国青少年国际象棋锦标赛在石家庄结束",13
"1995.8.1","承德市委狠抓重点难点工作落实",13
"1995.8.2","陈俊生在河北考察时强调加大对口扶贫力度",13
"1995.8.2","河北省企业投资公司积极扶贫",13
"1995.8.5","去梗阻，添活力——河北赞皇县委书记靳海河一席谈",13
"1995.8.7","邢台发现周代邢国国君墓葬",13
"1995.8.8","秦皇岛夏夜听蛙鸣",13
"1995.8.8","河北省一千万亩棉花长势良好",13
"1995.8.8","石家庄举行全国青少年围棋赛",13
"1995.8.9","像孔繁森那样心系人民——河北省张家口市委书记冯文海访谈录",13
"1995.8.11","唐山“老厂”造“新车”",13
"1995.8.11","回归自然——秦皇岛野生动物园侧记",13
"1995.8.11","复“乐园”——记唐山市古冶区的土地复垦",13
"1995.8.13","李铁映要求有关部门和河北省全力办好中日韩青少年体育交流大会",13
"1995.8.14","股东进入　企业新生——从唐山碱厂试点方案看企业内投资主体的塑造",13
"1995.8.14","陈俊生在河北考察工作时强调大力发展一条龙式养殖业",13
"1995.8.14","邯郸汉光机械厂靠技术优势夺魁",13
"1995.8.16","心愿——记石家庄市国才学校校长张国才",13
"1995.8.16","保定爱国主义教育深入人心",13
"1995.8.18","邯郸四棉产品硬效益好",13
"1995.8.18","保定市检察系统从严治检",13
"1995.8.21","面对不利因素　狠抓挖潜降耗邯郸三棉苦练内功求发展",13
"1995.8.21","沧州市郊区暂住人口管理有成效",13
"1995.8.21","邯郸市开展缴纳特殊党团费活动",13
"1995.8.23","唐山力达公司重服务顾客盈门",13
"1995.8.24","刘华清考察河北山西时强调要始终高扬爱国主义旗帜",13
"1995.8.28","邢台县选拔基层干部到纪委挂职",13
"1995.8.28","李光耀结束在河北的访问",13
"1995.8.28","位于冀晋两省交界处的河北省蔚县，境内南部有１２００平方公里面积，是远近闻名的高寒贫困山区。直至１９９３年，南山区的２．８万多农民人均收入仅１６０元。也就是在这块贫穷的地方，人们在积极探索市场经济条件下扶贫工作的新路子。蔚县：万人移民",13
"1995.8.30","衡水邮政储蓄问题多",13
"1995.9.1","石家庄建体育商城",13
"1995.9.5","张家口发电总厂四号机组投产发电",13
"1995.9.5","承德举行“山庄文学”研讨会",13
"1995.9.5","他们心里装着百姓——记承德市围场县公安局",13
"1995.9.7","两袖清风挑重担——记廊坊市政法委副书记赵文德",13
"1995.9.8","自强者胜——河北大厂县农机局略记",13
"1995.9.11","沧州保险公司实现扭亏增盈",13
"1995.9.12","承德反腐倡廉抓兑现",13
"1995.9.17","邯郸市治理后进党支部",13
"1995.9.18","保定棉田发生黄萎病",13
"1995.9.19","保定申请入党人数大增",13
"1995.9.19","某通信团官兵汗洒承德新水源工程",13
"1995.9.20","秦皇岛建成面粉食品加工基地",13
"1995.9.20","唐山：职业介绍所遍地开花",13
"1995.9.22","沧州运河公安分局加强廉政建设",13
"1995.9.23","做到千方百计——记河北省报刊发行局局长王玉刚",13
"1995.9.23","用党性抓落实——河北张家口市委书记冯文海一席谈",13
"1995.9.25","河北推行县以上领导干部责任制跑官要官的少了真抓实干的多了",13
"1995.9.25","廊坊预备役炮兵团重视普法教育",13
"1995.9.27","负重前进——承德开放崛起纪实",13
"1995.9.27","河北地税收入增长快今年前八月同比增长百分之二十五",13
"1995.9.27","保定市公安局重视基层基础建设",13
"1995.9.28","研讨跨世纪青年素质与发展中国青年研究会在唐山举会",13
"1995.9.28","邯郸试行农村预防保健基金制",13
"1995.9.29","沧州运河区法院重视保护妇幼权益",13
"1995.9.29","河北将举办第五届中国吴桥国际杂技艺术节",13
"1995.10.4","衡水开展邮政储蓄业务检查",13
"1995.10.5","纪念满族命名３６０周年学术讨论会在承德举行",13
"1995.10.9","五龙腾飞——河北省滦南县农村产业化经营调查记",13
"1995.10.10","干劲足了步子实了形象好了河北抓落实迎来“好年景”",13
"1995.10.10","沧州武术节举办四项赛事",13
"1995.10.11","邯郸安装公司为三峡建设作贡献",13
"1995.10.12","保定工商银行电子网络与全国并网",13
"1995.10.12","唐山晶源电子集团成立",13
"1995.10.14","地震专家认为：唐山不会有大震",13
"1995.10.14","善待群众来信——访河北廊坊市委书记张成起",13
"1995.10.17","秦皇岛国税局加强稽核",13
"1995.10.17","发挥整体优势建设美好家园河北民兵投身经济建功立业",13
"1995.10.17","保定北市区公安分局实施治安防范格局",13
"1995.10.19","河北农村妇女学科技尝到甜头",13
"1995.10.20","河北鼓励企业争创名牌程维高说这是实施集约经营的举措",13
"1995.10.23","河北查处一批顶风违纪案件李景华等受到党纪政纪处分",13
"1995.10.23","河北灵寿农民柳丙寅，半年前响应政府号召，将开出的３００多亩河滩地全部种上了棉花。为此，本报曾刊载过对他的专访。然而，雄心勃勃想通过规模植棉达到致富目的的他，却被种子、资金、技术等一系列问题搞得焦头烂额——种棉大户的雄心哪去了",13
"1995.10.25","河北出台社会科学奖励办法",13
"1995.10.25","廊坊推出新型脊椎自然牵引器",13
"1995.10.26","抓落实促党建奔小康唐山加强农村基层组织建设",13
"1995.10.27","程维高当选河北省委书记",13
"1995.10.27","沧州机务段争创安全标准段",13
"1995.10.27","石家庄建行一办吸储多",13
"1995.10.29","石家庄彩管玻壳锥线投产年设计生产能力为四百零八万套",13
"1995.10.30","河北开通数字移动通信网",13
"1995.10.30","承德农民将科技当“银行”５年“存款”１５亿",13
"1995.10.30","石家庄交警一支队科学管理交通",13
"1995.10.31","办事公开内部制约社会监督廊坊市邮电局加强制度建设",13
"1995.10.31","河北辛集中学注重师德桃李芬芳",13
"1995.10.31","万民悲歌颂英魂——记因公殉职的河北栾城县交警大队副大队长李志刚",13
"1995.11.1","石太高速公路河北段建成通车",13
"1995.11.3","唐山中行存款大幅度增长",13
"1995.11.4","“一个好汉三个帮”——河北省平山县委书记张秋阳一席谈",13
"1995.11.6","为城市服务　帮农民致富石家庄城郊经济异军突起",13
"1995.11.7","河北：棉农卖棉又犹豫",13
"1995.11.18","一位村主任的追求——记河北省承德市优秀共产党员郭凤君",13
"1995.11.19","河北粮食单产总产双创纪录",13
"1995.11.20","秦皇岛热电厂三号机组投产",13
"1995.11.21","邯郸二棉以质取胜增效益",13
"1995.11.22","保定市委切实整顿农村基层组织",13
"1995.11.26","做新时期优秀社会主义企业家河北开展学习马恩华活动",13
"1995.11.27","奉献一真诚——唐山市唐大物资公司发展小记",13
"1995.11.27","河北省宣传干部对企业进行调研",13
"1995.11.27","借助京津技术优势增强自身科技能力河北实施“借脑”工程科教兴冀",13
"1995.11.28","沧州推出清真加碘酱油",13
"1995.11.28","日无吵架声年无投诉客工行石家庄门柜储蓄所文明服务受称赞",13
"1995.11.28","人民平安我心安——记石家庄市公安局桥东分局长傅爱学",13
"1995.12.3","用多种形式悼念学习马恩华保定一棉职工谋划企业新发展",13
"1995.12.3","用多种形式悼念学习马恩华保定一棉职工谋划企业新发展",13
"1995.12.4","河北新戏进京展演",13
"1995.12.4","河北新戏进京展演",13
"1995.12.11","河北推广天牛防治新成果",13
"1995.12.12","廊坊组织拥军模范作报告",13
"1995.12.12","温家宝在河北考察时指出畜牧业要走节粮型发展道路",13
"1995.12.13","创作“文明工程”——记邢台广厦集团公司总经理阎士杰",13
"1995.12.13","保定北市区公安分局加强治安工作",13
"1995.12.13","中科院多学科综合攻坚河北金厂峪金矿枯木逢春",13
"1995.12.13","邯郸象牙瓷走俏巴基斯坦",13
"1995.12.14","承德山区出现上万“托畜所”",13
"1995.12.16","台球南北明星对抗赛在石家庄举行",13
"1995.12.16","用身边先进人物教育职工张家口保险分公司抓思想教育见实效",13
"1995.12.18","山东河北电话号码升七位",13
"1995.12.18","“一把手”必须“两手抓”——访河北省委书记程维高",13
"1995.12.18","石家庄管理暂住人口有方走上法制化规范化服务化轨道",13
"1995.12.19","沧州郊区重视培养妇女干部",13
"1995.12.19","是金子，总会发光——记河北省邢台师专教师廖立力",13
"1995.12.21","强化管理增进服务贴近群众唐山有线电视成为精神文明龙头工程",13
"1995.12.22","我国最大的癸二酸项目在衡水投产",13
"1995.12.22","河北：省委高度重视发行近１９万份",13
"1995.12.23","多听批评获“营养”——河北省邯郸市丛台区委书记王少刚一席谈",13
"1995.12.25","邯郸选派干部到发达地区挂职锻炼",13
"1995.12.26","严格执法热情服务石家庄交警成为城市文明窗口",13
"1995.12.27","保定天鹅集团实力猛增",13
"1995.12.28","道德的审判与审判的道德——河北梆子《美狄亚》观后",13
