﻿"index","news_title","prov_cde"
"1995.1.2","沪郊四县设立海关",31
"1995.1.3","在探索中奋起——邓小平建设有中国特色社会主义理论与上海改革开放实践",31
"1995.1.4","上海去年财政收入３７２．５亿元比上年增长４０．６％",31
"1995.1.4","上海九五中国民族风开幕",31
"1995.1.5","不把煤球炉带到下世纪——上海“民心工程”建设将增加六十万煤气用户",31
"1995.1.6","全国公安厅局长会议在沪召开紧紧围绕工作大局落实综合治理措施严厉打击犯罪活动创造良好社会环境",31
"1995.1.8","工厂化高效农业的雏型——上海闵行区园艺场建设见闻",31
"1995.1.9","上海国债市场日成交破千亿元",31
"1995.1.9","上海制成光纤强度分布测试设备",31
"1995.1.10","每周一层楼上海商务中心创下“上海纪录”",31
"1995.1.10","上海第一古代高塔修缮完工",31
"1995.1.11","梅韵麒风后继有人纪念“梅周”活动在沪结束",31
"1995.1.13","李铁映在上海调查工作时说重点推进国有企业改革",31
"1995.1.13","上海农科院育出青菜新品种甜嫩爽口“小叶青”即上市",31
"1995.1.14","上海交大面向经济调整学科成为培养优秀人才和科学研究的重要基地",31
"1995.1.14","中国数学奥林匹克竞赛上海代表队获团体总分第一",31
"1995.1.15","上海高新技术产业蓬勃发展３５２家企业年销售收入３００亿元",31
"1995.1.16","舟山普陀捕鱼忙（）",31
"1995.1.16","为上海节制吸烟叫好",31
"1995.1.18","黄鼎臣同志遗体火化　李瑞环胡锦涛等前往八宝山送别",31
"1995.1.19","上海为缓解节后民工潮作准备今年劳动力已趋饱和外省民工不要盲目流向上海",31
"1995.1.19","上海青年在思索——如何面向新世纪",31
"1995.1.21","川沪新闻界合围不法商贩“上海轻博会”成都露馅",31
"1995.1.21","爱满申城上海举办新年慈善义演义赛",31
"1995.1.23","上海口岸进出口贸易增长快",31
"1995.1.23","上海开设首家涉外人才市场",31
"1995.1.24","机动车“黑匣子”在沪制成",31
"1995.1.24","十万人的动迁——记上海人民顾全大局支援重点建设",31
"1995.1.25","上海真的变了",31
"1995.1.26","乔石在上海考察时强调上海要抓住机遇大胆实践",31
"1995.1.27","青浦增加水利投资",31
"1995.1.28","上海精心安排　留沪民工过节",31
"1995.1.28","帮助排忧解难弘扬互助风气“为您解忧”活动在沪圆满结束",31
"1995.1.28","世界女排大奖赛总决赛９月在上海举行",31
"1995.1.30","上海民工说　“真像在家过年一样”",31
"1995.1.30","上海高雅艺术精彩纷呈　度假休闲都市新潮",31
"1995.1.31","“感谢祖国亲人的帮助！”——记上海“帮助日本地震灾区中国学子回家过年”特别援助行动",31
"1995.2.1","上海民工喜游“大世界”",31
"1995.2.1","注水肉难进上海",31
"1995.2.2","千条灯谜一路猜万对春联大赠送——上海商街新春即景",31
"1995.2.5","北京上海山东江苏福建落实全教会精神增加投入实干兴教",31
"1995.2.5","“走壁”机器人在上海问世（）",31
"1995.2.6","为好戏找市场为观众找好戏上海建设文化大市场",31
"1995.2.7","便民店、连锁超市星罗棋布上海居民区购物真方便",31
"1995.2.9","上海浦东新区煤气供应配套及时居民未进户煤气已到家",31
"1995.2.10","上海市政建设科技先行攻克５００个难题６７项成果获奖",31
"1995.2.12","创造氛围形成机制——上海市委副书记陈至立谈爱国主义教育",31
"1995.2.17","上海何处闻书香本报华东版第１０版今天报道申城读书新趋向",31
"1995.2.17","沪郊出现一批种粮大户",31
"1995.2.18","涕泗涟涟看《孽债》　沪人悲欢系荧屏",31
"1995.2.19","上海拖拉机大批量出口",31
"1995.2.19","上海罗泾煤码头采购成套设备",31
"1995.2.20","世界银行副行长奇塔姆在上海说中国使用世行贷款效率高",31
"1995.2.21","美国能源部长访问上海",31
"1995.2.23","耿丽淑遗体告别仪式在沪举行",31
"1995.2.23","赛事绵延京沪粤　选手转战海内外中国高尔夫球运动日趋活跃",31
"1995.2.24","普陀山又开新景点",31
"1995.2.25","徐匡迪当选上海市市长",31
"1995.2.27","北京科研院所大步走向产业化上海加快培育高新技术产业群",31
"1995.2.27","上海申花队战胜韩国金星队",31
"1995.2.28","本报华东分社与上海人民广播电台合办“华东省市长热线”引起强烈反响省长说：没想到普通百姓议政热情这么高听众说：能与省市长直接谈论大事真高兴",31
"1995.2.28","瞄准国际水平　发展实用技术上海“八五”科研攻关业绩非凡",31
"1995.3.2","李岚清邀请京津沪冀辽部分教育工作者座谈切实减轻中小学生课业负担要转变教育思想，更新教育观念，拓宽升学渠道，改革对学校教育质量和办学水平以及教师工作成绩的评价方法",31
"1995.3.3","提高市场抗波动能力——访上海市副市长孟建柱",31
"1995.3.4","上海农村青年渴望新知识",31
"1995.3.5","充分重视和发挥地方政协作用——京沪鲁政协主席接受记者集体采访",31
"1995.3.6","华东出口商品交易会在沪开幕",31
"1995.3.6","学雷锋从小事做起从身边开始上海十万青年为市民送温暖",31
"1995.3.7","咬定教育不放松——上海教育电视台掠影",31
"1995.3.9","江泽民与上海代表团审议政府工作报告强调看形势首先要看全局看大局",31
"1995.3.12","上海徐匡迪说：加强重组运作盘活国有资产",31
"1995.3.13","北京上海广州武汉南京等地举办活动纪念孙中山先生逝世７０周年",31
"1995.3.14","上海首次判决法人假冒注册商标案",31
"1995.3.17","京津沪房地产有起有落居民住宅成为市场“重头戏”",31
"1995.3.25","浦江之鹰——记上海市公安局外滩治安派出所所长潘金根",31
"1995.3.26","卢旺达副总统访问上海",31
"1995.3.27","降低筹资成本规避汇率风险上海建行加强企业外债管理",31
"1995.3.27","上海国际商品拍卖中心成立",31
"1995.3.30","男篮八强赛八一队再胜北京队首届中国篮球明星赛场定在上海",31
"1995.4.3","发展支柱产业　推进技术进步上海注重提高经济增长质量与效益",31
"1995.4.3","上海风采摄影展在香港开幕",31
"1995.4.4","华东地区发行国库券进度快上海已完成计划的９９．６％",31
"1995.4.5","欣闻上海人口负增长",31
"1995.4.6","上海龙华烈士陵园建成开放江泽民邓小平陈云分别题词题写园名、馆名",31
"1995.4.6","用心灵美化城市——上海振华汽车公司文明服务纪事",31
"1995.4.7","全国游泳冠军赛上海队夺两金",31
"1995.4.8","全国游泳冠军赛上海队再添三金",31
"1995.4.8","彩墨绘上海“百景中国画展”展出",31
"1995.4.10","科威特王储兼首相访问上海",31
"1995.4.11","向国际一流迈进——记上海第六人民医院",31
"1995.4.11","全国游泳冠军赛结束上海队夺得团体总分第一",31
"1995.4.12","首届中国篮球明星赛在沪举行",31
"1995.4.14","朱镕基在上海调研考察时强调统筹规划有步骤地实施各项改革和建设",31
"1995.4.14","全国网球团体锦标赛进入尾声湖北上海男队北京浙江女队将争冠",31
"1995.4.14","上海反暴利一年",31
"1995.4.16","葡萄牙总统访问西安上海",31
"1995.4.17","新型全集装箱船桃园号在沪下水",31
"1995.4.17","上海申花队１∶１平吉林现代队",31
"1995.4.19","上海郊县举行迎农运摩托拉力宣传活动",31
"1995.4.20","“宏声杯”全国国际象棋个人锦标赛闭幕广东梁金荣上海秦侃滢分获男女冠军",31
"1995.4.22","李鹏在上海考察时指出浦东开发开放基本政策不变希望上海坚持物质文明精神文明两手抓两手都要硬，抓出成效，成为全国的榜样",31
"1995.4.23","马绍尔总统访问上海",31
"1995.4.24","李鹏考察上海“菜篮子”工程",31
"1995.4.25","企业冗员多，减员是为了让企业活起来，上海灯芯绒总厂把消肿减员与发展相结合，企业在减员同时还考虑被减下来的人如何安排使用——再造就业途径",31
"1995.4.25","上海玩具公司跨洋打官司推翻八年沉案挽回损失２００万美元",31
"1995.4.25","莫让“一俊”遮“百丑”——上海市黄浦区纪委关于先进党员违纪状况的调查",31
"1995.4.27","康世恩同志遗体在京火化江泽民邓小平李鹏乔石彭真刘华清荣毅仁等对康世恩同志逝世表示哀悼李瑞环朱镕基胡锦涛等前往八宝山革命公墓送别",31
"1995.5.3","化干戈为玉帛防祸患于未然上海民间纠纷绝大多数化解于基层",31
"1995.5.3","上海博克曼公司推出新型机械密封产品",31
"1995.5.5","沪上“流动书馆”（）",31
"1995.5.6","百户企业是怎样扭亏的——来自上海纺织业的调查报告",31
"1995.5.6","村山首相访问上海",31
"1995.5.7","集造船、航测、电子、通信、光学最高水平新一代航天远洋测量船在沪下水",31
"1995.5.8","上海用公积金开展住房抵押贷款业务三年放贷二点三九亿元一点三九万户职工受益",31
"1995.5.8","凤阳农民跻身上海市场",31
"1995.5.10","政府重视关心各界支持资助　上海形成关心孤儿新风尚",31
"1995.5.11","第一台智能装配机器人在沪问世",31
"1995.5.11","瞄准学科前沿培养跨世纪人才上海基础研究方兴未艾",31
"1995.5.12","经贸委在上海召开企业改革现场交流会提出抓住时机全力推进企业改革试点加强领导点面结合重在试点贵在配套务求突破",31
"1995.5.13","“永远当个‘民演员’”——记上海京剧院演员孙爱珍",31
"1995.5.14","京津穗沪数字移动网建成",31
"1995.5.14","上海摄影界追思摄影大师郎静山",31
"1995.5.15","韩国总理访问西安上海",31
"1995.5.16","依仗科技优势调整产业结构上海六大支柱产业发展势头强劲两大高新技术产业灿然崛起",31
"1995.5.18","闯新路——记上海浦东发展银行杭州分行",31
"1995.5.18","鄂西一绝——福宝山莼菜",31
"1995.5.20","新加坡总理吴作栋抵沪访问",31
"1995.5.20","为千家万户“圆梦”——记上海煤气公司经理总李龙龄",31
"1995.5.20","谢园执导《经过上海》",31
"1995.5.24","江主席在江浙沪考察强调要坚定信心国有企业必须搞好也完全能够搞好通过深化改革增强国有企业活力形成新优势",31
"1995.5.25","国际刑警组织上海联络处挂牌",31
"1995.5.25","德向沪交付万吨油轮",31
"1995.5.28","上海芭蕾舞团赴台湾演出",31
"1995.5.30","塞舌尔总统访问上海",31
"1995.5.31","上海失业职工六月起可领救济金",31
"1995.5.31","杰出的事业杰出的人——记上海杰事杰材料新技术公司",31
"1995.5.31","“金钥匙”熠熠生辉——上海海关支持“希望工程”纪实",31
"1995.6.1","上海将办国际跳水赛",31
"1995.6.2","反弹琵琶推进企业改革失业保险制度亟待完善——上海发放失业救济金评述",31
"1995.6.2","坚持高标准高起点上海利用外资调整产业结构",31
"1995.6.3","“凝聚力工程”报道之一走百家门知百家情——上海市长宁区华阳路街道党工委纪事",31
"1995.6.4","“凝聚力工程”报道之二“菜单式”管理的魅力——上海市大型物件汽车运输公司纪事",31
"1995.6.4","上海军地“合署办公”安置转业干部",31
"1995.6.5","上海改革传统工业管理体制",31
"1995.6.5","全国劳模代表团抵沪传经送宝",31
"1995.6.5","全国劳模代表团抵沪传经送宝",31
"1995.6.7","“凝聚力工程”报道之四用真心真情赢得群众——上海正广和总公司党委纪事",31
"1995.6.9","上海三千公民无偿献血",31
"1995.6.10","上海国际跳水公开赛王天凌杨兰分获男女一米跳板冠军",31
"1995.6.10","全国女排甲级联赛四强循环赛八一上海分别战胜浙江辽宁队",31
"1995.6.11","黄浦江畔将崛起金山雕塑园",31
"1995.6.12","善打“中华牌”有容纳百川万余家外地企业在沪安营本报华东版刊登调查报告《外地人在上海忙什么？》",31
"1995.6.12","上海国际跳水公开赛结束中国队包揽全部６枚金牌",31
"1995.6.12","北普陀影视基地启用",31
"1995.6.13","上海推出新一代系列净水器",31
"1995.6.15","上海市民为何乐于光顾米摊今日华东版刊登《上海米市评述》",31
"1995.6.16","昔日工业废渣如今身价百倍上海利用粉煤灰修筑高等级道路",31
"1995.6.16","昔日工业废渣如今身价百倍上海利用粉煤灰修筑高等级道路",31
"1995.6.19","做国有资本的经营家——记上海三枪集团董事长苏寿南",31
"1995.6.19","一批中荷合资企业在沪签约",31
"1995.6.19","荷兰首相结束访问上海",31
"1995.6.19","北京日报北京晚报上海记者站成立",31
"1995.6.20","成功的起步——上海建立住房公积金制度纪事",31
"1995.6.20","上海将举办汽车展示洽谈会",31
"1995.6.21","京津沪穗沈五城市饮料抽检揭晓汽水质量有提高冰淇淋问题较多",31
"1995.6.22","上海有个“电脑角”（）",31
"1995.6.26","咬文嚼字一错千金沪三报一刊开展编校质量有奖竞查",31
"1995.6.26","外资保险培训中心在沪成立",31
"1995.6.27","上海成为区域经济合作热点本报华东版分析安徽人为什么开进上海",31
"1995.7.1","全民健身口号响亮地喊起来北京上海等地积极实施全民健身计划",31
"1995.7.3","上海南北高架道路试通车",31
"1995.7.3","上海举报中心受理举报１１万余件",31
"1995.7.5","打破交通运输“瓶颈”指日可待京沪高速铁路完成前期研究",31
"1995.7.6","台现代琉璃艺术展在沪举办",31
"1995.7.10","沪郊农业加大开放力度引进国外农副产品优良品种深受欢迎",31
"1995.7.11","营造“金三谷”确保大项目上海现代生物与医药加速产业化",31
"1995.7.13","坚定信心明确任务积极推进国有企业改革——在上海、长春召开的企业座谈会上的讲话（１９９５年５月２２日、６月２６日）",31
"1995.7.13","西蒙斯律师行在沪设办事处",31
"1995.7.14","共建农村养猪场稳定城市肉市场上海淮阴联手探索生猪产销新路",31
"1995.7.17","防国有资产流失帮企业卸掉包袱上海清产核资“一箭双雕”",31
"1995.7.17","断臂强——上海纺织工业调整结构述评（一）",31
"1995.7.17","“上海速度”在南非",31
"1995.7.17","四场激战高潮迭起中国足协杯赛决出四强半决赛：北京国安—济南泰山上海申花—广东宏远",31
"1995.7.19","重组优势——上海纺织工业结构调整述评（二）",31
"1995.7.24","足协杯半决赛第一回合交锋北京国安队上海申花队领先",31
"1995.7.26","抓重点办串案打专项上海检察机关为国有企业改革提供法律保障",31
"1995.7.26","提高思想修养汲取新鲜知识上海职工“读书热”持续发展",31
"1995.7.28","市场期待什么——京津沪广四城市消费者谈绿色食品",31
"1995.7.29","伍绍祖在上海检查工作时指出体育人才要增强自身磨练",31
"1995.7.29","上海人才“流速”加快留住人才关键要靠企业的发展",31
"1995.7.30","两中资金融机构迁入上海外滩",31
"1995.7.30","全国文学创作工作会议强调　把繁荣文艺的“三大件”落到实处选出８６部作品作为重点选题，在湖南、广东、上海、山东、内蒙古、山西建立首批文学创作中心",31
"1995.7.31","脚踏实地抓“中心”——记上海市闵行区区委书记黄富荣",31
"1995.7.31","中国足协杯半决赛结束济南泰山队上海申花队秋后争冠",31
"1995.8.1","上海将开展百万农民健身活动",31
"1995.8.3","淞沪会战——全民族抗战",31
"1995.8.4","上海对口支援宜昌县工作实在",31
"1995.8.6","上海奉浦公路大桥合龙（）",31
"1995.8.8","上海发挥外资综合效益成效显著实际到位外资９５．１亿美元",31
"1995.8.9","上海广场文化送清风",31
"1995.8.11","储蓄银行住房融资研讨会在沪召开工商银行努力开创住房信贷新局面",31
"1995.8.11","上海铁检加大经济罪案打击力度",31
"1995.8.11","全国慈善工作经验交流会在沪召开",31
"1995.8.12","上海科协重塑科学会堂形象",31
"1995.8.13","上海电话号码将升至八位成为世界第四个实行八位号码制的城市",31
"1995.8.13","淞沪抗战（）",31
"1995.8.14","以史为鉴激发爱国热情上海淞沪抗战纪念馆奠基",31
"1995.8.14","虹口运管所勒索外地车",31
"1995.8.15","干在前面　苦在前面——记哈尔滨松江铜矿的共产党员",31
"1995.8.16","新型杀虫防霉剂在沪问世",31
"1995.8.16","一年期记帐式国库券承销签字仪式在沪举行",31
"1995.8.16","上海１４家异地证券机构业务部被撤销",31
"1995.8.17","加强肉菜市场建设　平抑“菜篮子”价格上海物价低于全国平均水平",31
"1995.8.19","京津沪穗统计信息网络开通",31
"1995.8.20","上海援建希望小学九十所",31
"1995.8.21","发生在上海北站和７７次列车上的怪事：车上车下勾结　合伙敲诈乘客",31
"1995.8.26","先看展览后消费　买不起也要看得起上海时兴“看展览”",31
"1995.9.4","上海：援藏干部募集捐款",31
"1995.9.4","以高度民族责任心护好中华瑰宝山西抢修云冈石窟等３４３处文物古迹",31
"1995.9.4","上海私营企业现状扫描",31
"1995.9.4","京沪粤部分学者回眸抗战烽火中国文化历尽劫波精魂不灭",31
"1995.9.5","寻找“十个化”——从上海三维制药公司看改制与管理的关系",31
"1995.9.6","全国游泳赛首日沪将摘六金",31
"1995.9.7","荷兰军舰访问上海",31
"1995.9.9","上海市表彰优秀教师",31
"1995.9.10","上海铁路局安全行车六百天",31
"1995.9.11","让更多的人买得起商品房上海建行推出住房抵押组合贷款",31
"1995.9.11","上海广东连战连胜足球甲Ａ联赛保持领先",31
"1995.9.13","上海教师职业越来越吃香师资队伍开始稳定师范学生质量提高",31
"1995.9.14","保持社会稳定促进改革开放上海等十二城市实行最低生活保障线制度",31
"1995.9.16","今日渔都气象新——普陀掠影",31
"1995.9.17","我国首次举办国际性芭蕾大赛上海国际芭蕾舞比赛即将开幕高手云集评委一流",31
"1995.9.19","统一管理专款专用接受监督上海管好公房出售资金",31
"1995.9.19","上海证券交易所总经理易人",31
"1995.9.20","ＡＴＭ联网开通运行初步实现全市通兑上海金卡工程获突破性进展",31
"1995.9.22","上海国债期货事件处理结束有关人员机构分别受到行政司法处理和经济处罚",31
"1995.9.23","上海商界新时尚——企业家寻找理论家",31
"1995.9.24","上海双周免费音乐会已成文化景观",31
"1995.9.25","足球甲Ａ联赛名次变化不大上海申花队七连胜",31
"1995.9.27","第一课堂因材施教第二课堂自由发展上海建平中学创“合格＋特长”育人模式",31
"1995.9.28","中国民俗风情欢乐节在沪开幕",31
"1995.10.4","阿根廷总统在沪访问",31
"1995.10.4","足球甲Ａ联赛战罢十五轮上海申花队高居榜首",31
"1995.10.4","虹口运管所违章罚款已退还",31
"1995.10.4","连绵不断的笑声——上海地铁扫瞄",31
"1995.10.5","上海市荣获联合国“人居奖”",31
"1995.10.9","上海举办名牌产品全国大联销",31
"1995.10.11","全国女足赛接近尾声上海队夺冠在望",31
"1995.10.12","张闻天研究学术讨论会在沪举行",31
"1995.10.14","上海女足获全国锦标赛冠军",31
"1995.10.17","多渠道集聚财力上海实施企业增资减债新举措",31
"1995.10.17","美国通用汽车公司在沪成立研究院",31
"1995.10.17","邹家华在上海考察时强调解决事关大局的深层次问题",31
"1995.10.17","诸暨四建沪上捧杯靠质量",31
"1995.10.18","分期付款：上海消费新模式",31
"1995.10.19","金秋沪沽湖（）",31
"1995.10.23","上海煤炭交易所交易量上攀",31
"1995.10.23","京沪等五市联播《东芝动物乐园》",31
"1995.10.27","上海奉浦大桥通车（）",31
"1995.10.28","出席联合国成立５０周年特别纪念会议之后江泽民主席回到上海黄菊等到机场迎接",31
"1995.10.29","钱其琛在上海考察",31
"1995.10.29","推动中国电影事业再上新台阶第二届上海国际电影节开幕",31
"1995.10.29","既要有技巧也要会表演——上海国际芭蕾舞比赛的启示",31
"1995.10.30","上海举办首届读书节",31
"1995.11.1","美丘博保险集团开设上海办事处",31
"1995.11.2","优质服务无小事——建设银行上海宝钢支行纪实",31
"1995.11.3","上海城区实现基本煤气化家庭燃气气化率达百分之八十五以上",31
"1995.11.4","画家何水法作品在上海受好评",31
"1995.11.5","沪宁铁路提速试验获成功",31
"1995.11.6","甲Ａ联赛上海申花提前加冕广东北京大连三强争亚军",31
"1995.11.7","上海国际电影节闭幕郭柯宇获最佳女演员奖",31
"1995.11.9","维护抓根本　参与在源头上海工会在建立现代企业制度中积极发挥作用五十七家公司中有五十一位工会主席进入董事会",31
"1995.11.18","东方出版中心在沪成立",31
"1995.11.18","上海重新认识全科医学",31
"1995.11.20","一二三产业和“三二一”方针——访上海市副市长华建敏",31
"1995.11.20","上海企业推荐名牌不花一分钱",31
"1995.11.20","甲Ａ大幕落足球热潮涌上海北京大连分获前三名四川保级成功辽宁成老末",31
"1995.11.21","研究新形势提出新对策　开创新局面上海确定“九五”期间工作目标",31
"1995.11.25","上海电话号码升至８位",31
"1995.11.27","智利总统抵沪访问",31
"1995.11.27","上海国际广播音乐节开幕",31
"1995.11.28","上海铁路公安机关严打票贩",31
"1995.11.30","上海轿车基地初具规模形成年产二十万辆能力",31
"1995.12.4","上海石洞口第二电厂通过验收",31
"1995.12.5","卡斯特罗访问上海",31
"1995.12.5","卡斯特罗访问上海",31
"1995.12.6","上海佘山国家旅游度假区挂牌",31
"1995.12.8","上海建成最大的软件企业",31
"1995.12.11","上海南北高架路建成通车",31
"1995.12.11","回国服务开辟新途径留学人员在上海办企业百余家",31
"1995.12.11","上海申花大连中豪分获男女超霸杯",31
"1995.12.12","中国足协历史上规模最大的一次会议全国足球工作会议在沪开幕",31
"1995.12.13","李铁映专程赴沪与足球会议代表座谈时提出足球发展要坚持四个不能变",31
"1995.12.14","上海交大校庆贺卡发行",31
"1995.12.17","巴西总统卡多佐访问上海",31
"1995.12.20","上海证券市场长足发展头１１月成交额逾５．４万亿元",31
"1995.12.20","全国短池游泳锦标赛在沪举行两天共创五项全国纪录",31
"1995.12.21","南斯拉夫总统访问上海",31
"1995.12.21","全国短池游泳赛再报捷上海小将蔡慧珏又破纪录",31
"1995.12.22","上海：上海交大校庆企业赠报祝贺",31
"1995.12.22","全国短池游泳锦标赛落幕上海泳将又破两项全国纪录",31
"1995.12.25","为改革和发展创造稳定社会环境津沪渝广泛开展社会扶贫解困工作",31
"1995.12.26","聘请外国专家工作座谈会在沪举行",31
"1995.12.26","霓虹灯下新型卫士——上海市公安局警务制度改革纪实",31
"1995.12.30","北京清理镭射放映厅上海海关堵截“黄毒”入境",31
