﻿"index","news_title","prov_cde"
"1995.1.2","湖北采取措施增加教育投入江西专为筹措教育经费立法",36
"1995.1.8","江西老表称赞崇义职业中专书越读越活人越学越灵该校获“全国职业技术教育先进单位”荣誉称号",36
"1995.1.9","江西县以上通信实现“两化”",36
"1995.1.10","景德镇发现明初官窑瓷器",36
"1995.1.21","大水无情党有情“安居工程”暖人心江西万户灾民喜迁新居",36
"1995.1.22","萍乡山区乡镇企业出山求发展出现一批高新强壮“领头羊”",36
"1995.1.24","江西国民生产总值提前翻两番",36
"1995.2.1","江西推出多项旅游活动",36
"1995.2.5","江西：省长牵挂贫困生",36
"1995.2.6","赣州城墙及铭文是宋代孤品",36
"1995.2.11","上饶万余专业户成为文明户",36
"1995.2.15","李铁映在江西调查时强调搞好改革试点推广典型经验",36
"1995.2.18","萍乡优先发展解危解困住房四年建成近二百万平方米平民住宅市民居住面积达人均八点六平方米",36
"1995.2.19","江西山江湖工程：百万人脱贫",36
"1995.2.19","景德镇开发一批陶瓷新品",36
"1995.2.19","立体养殖轮捕轮放南昌县普及科学养鱼技术",36
"1995.2.25","江西万名机关干部驻村包干一手抓基层建设一手抓春耕生产",36
"1995.2.27","江西省委重视舆论监督",36
"1995.3.8","江泽民参加赣鄂滇代表团审议时强调农业农村和农民问题始终是首要问题一个粮食一个棉花，这两个问题解决好了，人民有饭吃，有衣穿，其它问题就容易解决了",36
"1995.3.10","江西胡饬海代表说：企业要把自己的事情做好",36
"1995.3.13","丰收也要话农业——江西人大代表一席谈",36
"1995.3.29","江泽民总书记在江西湖南农村考察时指出中国人民完全有能力丰衣足食既要看到发展农业的艰巨性，又要看到光明前景",36
"1995.3.29","江西新余计划生育加大服务力度",36
"1995.3.30","京九铁路吉赣段两隧道贯通",36
"1995.3.30","产棉第一村的喜悦——江泽民与江西棉农谈话记",36
"1995.4.2","江西向世妇会赠《中国母亲》一书",36
"1995.4.3","南昌开通智能卡公用电话",36
"1995.4.8","本报一篇报道持续引起反响九江积极协助银行清收利息",36
"1995.4.10","一届传一届　一级带一级宜春办绿化点人走茶不凉",36
"1995.4.11","闽粤赣共商构筑韩江经济圈",36
"1995.4.12","赣州喜闻火车叫京九铁路南段正线铺轨达一百八十六公里",36
"1995.4.12","依靠科技兴赣富民",36
"1995.4.15","中共中央决定吴官正任江西省委书记",36
"1995.4.15","九江大化肥工程进展顺利",36
"1995.4.16","江西帮助农民发“羊”财",36
"1995.4.17","量入为出量力而行江西省县级财政连续四年无赤字",36
"1995.4.18","九江国有商业网点改造见效",36
"1995.4.18","宋平同志在江西考察时指出做好农业产前产中产后服务",36
"1995.4.19","江西加强农业承包合同管理",36
"1995.4.20","江西省年年调出大批粮食为兄弟省市经济发展和社会稳定作出重大贡献",36
"1995.4.22","萍乡工行贷款保骨干企业",36
"1995.4.29","新余轻工局深化党风廉政教育",36
"1995.4.29","赣榆土地部门重廉政正行风",36
"1995.4.29","弘扬爱国主义和革命传统赣南推出教育《红土圣地》",36
"1995.5.8","上饶街头邮筒少",36
"1995.5.16","南昌重视发展一线职工入党",36
"1995.5.24","“精兵强将”进村大力发展经济江西农村基层党建势头好",36
"1995.5.24","宜春部分农民为何由富变穷？",36
"1995.5.25","山区的年轻人——来自江西省永丰县的报道",36
"1995.5.29","江西春熟作物大幅增产",36
"1995.5.30","萍乡煤矿活了",36
"1995.5.30","浙赣复线樟树赣江铁路特大桥建成通车",36
"1995.5.31","南昌卷烟厂重奖攻克无害卷烟",36
"1995.6.2","江西交通建设令人瞩目",36
"1995.6.4","九江长江大桥通过鉴定",36
"1995.6.4","争做好党员争当好干部江西广泛开展学习孔繁森活动",36
"1995.6.6","江西采取措施稳定生猪生产",36
"1995.6.7","江西红星乳品厂产销两旺",36
"1995.6.7","发展一线党员　促进扭亏增盈南昌市企业党建充满活力",36
"1995.6.8","我国大江大河及主要支流汛情平稳湘鄂赣皖川部分地区普降大到暴雨",36
"1995.6.17","无悔的青春——记南昌大学聋哑人研究生唐英",36
"1995.6.20","就建立高效农业开放型市场经济江西省领导进京向专家咨询",36
"1995.6.21","王震雕像在江西落成",36
"1995.6.21","从低点跃起——记江西师范大学教授薛锦云",36
"1995.6.23","江西农村投资大幅增长",36
"1995.6.30","姜春云打电话慰问湖南江西受灾群众全力以赴抓好抗洪抢险救灾",36
"1995.7.3","江泽民总书记李鹏总理打电话亲切慰问湖南江西的受灾群众国家防总向湖南江西贵州防汛抗旱指挥部发出慰问电",36
"1995.7.4","光荣与梦想——记全国劳模、京九铁路赣州指挥部指挥陈嘉珍",36
"1995.7.5","萍乡消防通道已经疏通",36
"1995.7.6","江西雨量超过历史最高年份抢险得力大堤无一冲垮",36
"1995.7.7","吉安成为京九线上电子城",36
"1995.7.8","湘赣鄂黔驻军官兵民兵奋力抗洪抢险",36
"1995.7.9","向灾区群众转达党中央国务院的关怀姜春云在江西指导抗洪救灾工作勉励军民发扬井冈山精神　夺取抗洪救灾的全面胜利",36
"1995.7.11","盘活贷款存量减少贷款风险江西建行“五结合”力解收贷难",36
"1995.7.11","总后调拨物资支援江西抗灾",36
"1995.7.12","江西首条中外合资公路开工",36
"1995.7.12","送走瘟神求健美江西余江开展健身健美活动",36
"1995.7.12","上饶地区邮筒能满足需要",36
"1995.7.14","涵养资源保护生态宜春禁笋２年新增毛竹１亿多根",36
"1995.7.14","邮件比性命重要——记江西省萍乡市邮电局投递员曹罗生",36
"1995.7.16","上饶地区水退人进不荒一丘田湖北农行积极发放救灾款",36
"1995.7.16","赣南客家歌舞团赴港演出",36
"1995.7.17","莫使“公关”变“攻官”江西鹰潭市建设银行",36
"1995.7.18","赣榆县属工业靠技改上台阶",36
"1995.7.19","采取五项措施切实学好《纲要》江西省把理论学习引向深入",36
"1995.7.19","打开省门发展区域经济赣闽粤边界贸易蓬勃发展",36
"1995.7.19","江西铜业公司出口大于进口",36
"1995.7.26","南昌有条“蛤蟆街”（）",36
"1995.7.30","台湾史学术研讨会在江西举行两岸学者共同探讨台湾历史",36
"1995.8.1","南昌起义（）",36
"1995.8.2","南昌工业用煤掺杂使假严重",36
"1995.8.3","面向未来　改革教学江西财院为经济建设输送大批合格人才",36
"1995.8.23","心系红土地——记江西省兴国县委书记邝小平",36
"1995.8.23","赣南石磨匠弃艺改行",36
"1995.8.27","吴官正当选江西省委书记",36
"1995.9.4","依靠科技进步建设陶瓷“硅谷”景德镇陶瓷产品１０年获国际金奖２６块",36
"1995.9.6","湖南省种子管理站提供调查报告假稻种来自江西宜春湖田乡",36
"1995.9.11","景德镇瓷器精品在京展览",36
"1995.9.11","吉安桥梁厂靠科技创优",36
"1995.9.12","宜春成立假种事件专案组事实真相有待进一步查实",36
"1995.9.14","为营救一落水妇女驻赣某部两战士英勇献身",36
"1995.9.14","《江西抗日将士藏品展》展出",36
"1995.9.19","南昌破获特大虚开代开增值税发票案虚开代开增值税金额达２．４６亿元",36
"1995.9.20","棉农积极投入管理措施得力新疆江西棉花长势喜人",36
"1995.9.20","吉安建成天然龙脑基地",36
"1995.9.20","九江长江大桥钢结构设计领先",36
"1995.9.28","狠抓队伍建设确保社会平安南昌市公安局从严治警",36
"1995.10.3","江西樟树赣江大桥通车",36
"1995.10.4","在不声不响中前进——刨根究底访江西",36
"1995.10.16","浙赣铁路复线浙江段开通",36
"1995.10.25","浙赣复线已开通运营八百八十二公里",36
"1995.10.26","赣台经贸洽谈会成果喜人",36
"1995.10.30","说好“带江西口音的北京话”——访江西省委书记吴官正",36
"1995.11.1","日新月异的进步　活跃跃的创造　上饶发展驶向快车道",36
"1995.11.9","景德镇：“出租”爱贴红“喜”字",36
"1995.11.17","纵贯南北九省市艰苦创业筑丰碑京九铁路全线铺通铺通庆典在九江举行李鹏总理发表重要讲话六十四个先进集体和六百一十二名先进个人受表彰",36
"1995.11.20","李鹏在江西考察时指出振兴老企业技术改造大有可为",36
"1995.11.22","江西保护台商投资地方法规出台",36
"1995.11.24","崛起于宁汉之间——九江归来话九江",36
"1995.12.8","荒山荒地荒水荒坡　养猪养鸭养鸡养鱼鹰潭三千人做新型“庄园主”",36
"1995.12.11","延伸管理强化服务南昌农村劳力流动有序",36
"1995.12.12","江西采取一系列有力措施坚决制止农民负担反弹",36
"1995.12.13","声乐器乐“群星奖”在南昌颁奖",36
"1995.12.14","九江力促企业按时偿付银行利息工商银行二十三天收回利息一千二百多万元",36
"1995.12.18","赣州特大桥动工修建",36
"1995.12.18","京九线赣南段“高效农业带”已具规模",36
"1995.12.25","萍乡建行广开言路民主管理",36
"1995.12.27","山水田园竞风流——江西宜春地区发展县域经济见闻",36
