﻿"index","news_title","prov_cde"
"1995.1.2","福建成立消费者委员会农资分会",35
"1995.1.3","福州有福——从闽江口“金三角”看福州（上）",35
"1995.1.4","福建乡镇企业出口增加",35
"1995.1.8","福建外贸出口突破８０亿美元",35
"1995.1.9","福州有福——从闽江口金三角看福州（下）",35
"1995.1.9","维护法律尊严保障公民权益福建检察机关执法监督得法",35
"1995.1.9","海上查路上堵市场抓福建“扫黄打非”常抓不懈",35
"1995.1.9","福建加快发展师范教育",35
"1995.1.9","厦门新年首场赛事挪威队胜大连队",35
"1995.1.18","厦门青年志愿者为返乡民工服务",35
"1995.1.20","中国青年男排抵漳州集训",35
"1995.1.21","福建财政持续１０年收支平衡",35
"1995.1.21","莆田县农村经济发展快",35
"1995.1.21","福建边防破获一起预谋偷渡案",35
"1995.1.28","反腐倡廉从严治警福建新年重申“七禁令”",35
"1995.2.3","海上建粮仓山上开银行福建缓解粮食紧缺有新路",35
"1995.2.5","李鹏在厦门与台资企业代表座谈指出愿与台湾当局谈判促进祖国和平统一",35
"1995.2.5","北京上海山东江苏福建落实全教会精神增加投入实干兴教",35
"1995.2.6","福建加大投入确保稳粮增产",35
"1995.2.7","福建各界人士表示发挥地域文化优势　促进祖国早日统一",35
"1995.2.8","福建有关专家学者座谈认为谈判是和平统一有效途径",35
"1995.2.9","福建城市园林绿化面积大增",35
"1995.2.10","嘉峪关市确立双拥新模式厦门邀请守岛新兵游特区",35
"1995.2.10","切磋球艺共同提高全国十二支男排云集漳州集训",35
"1995.2.11","李鹏总理在福建考察时强调省长抓好米袋子市长管好菜篮子要有明确目标具体措施落到实处",35
"1995.2.11","实事求是最重要——福建省柘荣县委书记林坤华一席谈",35
"1995.2.12","李铁映在福建考察时强调解放思想加快建立新的体制大胆改革发挥带头示范作用",35
"1995.2.13","深化法律监督保障严格执法福建检察机关加强审判监督",35
"1995.2.13","泉州举办民间文化艺术节",35
"1995.2.16","男排重整旗鼓——沈富麟漳州交底",35
"1995.2.17","南方机械泉州公司抓市场空缺",35
"1995.2.19","徐悲鸿艺术展在泉州举行",35
"1995.2.20","福建鼓励华侨捐资办学侨胞爱国爱乡慷慨解囊",35
"1995.2.22","厦门人保公司积极开办出口信用保险",35
"1995.3.6","福建农村义务教育任重道远",35
"1995.3.10","乔石在福建代表团强调下大功夫深化改革扩大开放",35
"1995.3.12","福建黄小晶代表说：组建集团提高效益",35
"1995.3.13","建设闽东南繁荣带——福建人大代表一席谈",35
"1995.3.18","调整企业结构加强内部管理福建国有企业扭亏见效",35
"1995.3.24","八闽大地春耕忙已落实播种面积３００８万亩",35
"1995.3.24","中国厦门汽车体育文化节６月举行",35
"1995.3.29","乔石在福建考察时强调大政方针已定关键真抓实干",35
"1995.3.30","闽台农业合作步入新天地科技交流活跃引进资金到位９亿多美元",35
"1995.4.1","光纤数字同步传输网络在泉州建成",35
"1995.4.1","世界青年男排赛资格赛在漳州开战中国队首战负于印度队",35
"1995.4.2","福建今年增建８处自然保护区",35
"1995.4.3","闽北农民成立护树“理事会”",35
"1995.4.3","行政机关为何败诉率高——漳州市二百二十件行政诉讼案透视",35
"1995.4.5","闽西，跃动的群山",35
"1995.4.11","闽粤赣共商构筑韩江经济圈",35
"1995.4.12","福建治理水土流失面积１万多平方公里",35
"1995.4.12","福建芳华越剧团进京演出《玉蜻蜓》",35
"1995.4.15","创造新优势　再上新台阶高新技术产业火炬带耀亮闽江",35
"1995.4.18","福建青年文化艺术访问团赴台",35
"1995.4.19","福建城乡医疗网点亟需整顿",35
"1995.4.21","倡导文明新风　普及文化知识宁德农村宣传阵地越办越红火",35
"1995.4.22","“后招商”在漳州",35
"1995.4.27","千辛万苦无怨言——记福建省华安县乡邮员邹甲乙",35
"1995.4.28","身为领导干部　索取收受贿赂闽江水电工程局原局长助理林安华被依法处决，原副局长蔡辉荣被判处死缓，原局长章椿宝等三人分别被判处有期徒刑",35
"1995.4.28","福建：农民收入增速快",35
"1995.5.2","规模经营突出特色闽西建设创汇农业基地",35
"1995.5.3","福建发现罕见的动植物基因库",35
"1995.5.10","建立蔬菜保护区严格菜地征用管理福建力保城市人均３厘菜地",35
"1995.5.11","台判决闽浙渔工宜兰死亡案三船东一船长被判刑",35
"1995.5.12","沟通两岸信息促进两岸交往福建邮电部门搞好对台通信服务",35
"1995.5.16","住宅占福建商品房总数近八成",35
"1995.5.18","重回土地的农民们——福建晋江农村纪行",35
"1995.5.20","胡锦涛在福建考察时强调全面加强党建促进经济发展",35
"1995.5.25","首届汽车体育文化节将在厦门举行",35
"1995.5.26","全国围棋团体赛在漳州收盘浙江一队北京队分获男女组冠军",35
"1995.5.31","福建省委抓经济工作有新招建立“经济形势分析会”制度及时研究针对问题提出对策",35
"1995.5.31","佛得角总统访问厦门",35
"1995.6.2","八闽归来茶犹香",35
"1995.6.6","全国女排甲级联赛八一福建队出线",35
"1995.6.10","绿色明珠——南平（）",35
"1995.6.12","规范内部管理　拓宽业务领域　福建中行服务快捷优质",35
"1995.6.13","闽台经贸合作进入新阶段",35
"1995.6.16","创造“魔幻晶体”的人——记中科院福建物构所研究员陈创天",35
"1995.6.17","王兆国会见香港福建体育会访京团",35
"1995.6.20","孙孚凌会见香港福建体育会访京团",35
"1995.6.21","福建省直专业剧团活跃城乡",35
"1995.6.27","昔日沙荒裸地如今层林尽染福建沿海树起绿色屏障",35
"1995.6.27","福建省军区直属队学法制度化",35
"1995.7.6","海协致函台湾海基会对台军方炮击闽渔民表示愤慨要求台湾当局立即停止罪恶行径，处理肇事者，对受害者家属予以赔偿",35
"1995.7.11","《厦门特区市场经济与精神文明研究》略评",35
"1995.7.11","从无序走向有序——厦门流动人口管理有法可依",35
"1995.7.13","体育，军地关系的纽带——南京军区驻厦门某炮兵部队群体活动见闻",35
"1995.7.18","瞄准市场，上山种果，下海养鱼，连的基地拓宽了农业发展的空间，甚至把城里的干部、工人以至外商都吸引住了，综合开发带来——漳州农业后劲足",35
"1995.7.19","打开省门发展区域经济赣闽粤边界贸易蓬勃发展",35
"1995.7.20","福建农村电气化建设加快县乡通电率１００％村户通电率９８％",35
"1995.7.20","贴近市场为用户——记福建晋江市英林邮电支局",35
"1995.7.24","撤站除卡闽道畅通福建公路“三乱”现象越来越少",35
"1995.7.25","国务院检查组结束东线检查鲁苏浙闽公路“三乱”初步遏制",35
"1995.7.30","《悠悠闽水情》在京公演",35
"1995.7.31","政府企业社会共同关心福建２万多失业人员重新就业",35
"1995.8.5","再生之地——福建省强制戒毒所见闻",35
"1995.8.7","福建定海海湾发现宋末元初沉船",35
"1995.8.8","福建检察机关加大“严打”力度",35
"1995.8.10","福建粮食增产农民增收上半年粮食总产３３１万吨　人均现金收入逾千元",35
"1995.8.10","海协致函台海基会谴责台湾当局军队枪杀福建渔民",35
"1995.8.15","福建粮油夏购资金足额到位",35
"1995.8.17","台湾军队枪杀福建渔民激起愤慨当地群众要求台当局严惩凶手赔偿损失",35
"1995.8.19","迈向“南方之强”——访厦门大学",35
"1995.8.19","福建重视党报党刊发行确保明年人民日报在闽发行稳中有升",35
"1995.8.19","福建省台办发言人发表谈话强烈谴责台当局军队残害福建渔民",35
"1995.8.19","在“奔”字上下功夫——福建省龙岩市市委书记丁仕达一席谈",35
"1995.8.21","厦门　群防群治保平安",35
"1995.8.23","培养应用型人才　满足现代化需要福建面向市场发展职业教育",35
"1995.9.5","国际电化学年会近日在厦门举行",35
"1995.9.7","全国武术赛在漳州开幕六位世界冠军参加角逐",35
"1995.9.12","泉州海关青年踊跃申请入党",35
"1995.9.19","厦门高崎国际机场三号候机楼封顶",35
"1995.9.24","积极引进资金技术良种福建农业大步迈向“两高一优”",35
"1995.9.25","女科学家的风采——记厦门大学化学系博士后流动站王小如教授",35
"1995.10.5","闽西红土地",35
"1995.10.20","贾庆林当选福建省委书记",35
"1995.10.20","厦门高新技术开发区驶入快车道",35
"1995.10.25","福建纪念台湾回归祖国五十周年",35
"1995.10.30","闽西老区加快脱贫步伐",35
"1995.11.7","旅日福建同乡在京举行恳亲大会捐建抗战胜利纪念碑亭在卢沟桥揭幕",35
"1995.11.7","初具魅力的漳州农业",35
"1995.11.8","福建纪念林则徐诞辰２１０周年",35
"1995.11.17","全国人大执法检查组认为　福建贯彻台胞投资法有成绩",35
"1995.11.18","深入一线长才干——记福建省同安县干部下派镇村工作",35
"1995.11.25","严格内部管理　加快技术改造南平纸厂新闻纸增产",35
"1995.11.27","学理论学管理上水平泉州乡镇企业“体质”增强",35
"1995.12.4","福建省莆田县书画在京展出",35
"1995.12.10","贯彻税收政策增强执法力度安徽福建河南加快“两税”征收",35
"1995.12.14","加大农业投入夯实农业基础福建力促农业不断“升温”",35
"1995.12.14","厦门海关查获走私香烟大案",35
"1995.12.15","全国羽毛球锦标赛决出各项冠军闽男队收获三金叶钊颖女单封后",35
"1995.12.18","碧海蓝天引白鹭风清气朗留客商厦门靠“环境效应”持续发展",35
"1995.12.19","龙岩百余名退伍兵奉献国道第一线",35
"1995.12.22","备战亚特兰大奥运会中国女排抵漳州开始集训",35
"1995.12.23","甲级女排云集漳州冬训",35
"1995.12.25","福建“英雄三岛”水电工程竣工",35
"1995.12.25","泉州财政收入县县超亿元",35
"1995.12.25","厦门军民扑灭一场山火",35
"1995.12.27","对外索赔在厦门",35
"1995.12.30","八闽涌动助学潮",35
