﻿"index","news_title","prov_cde"
"1995.1.1","血浓于水——空军驻济宁某仓库拥政爱民记事",37
"1995.1.1","沸腾的青岛港",37
"1995.1.1","泰安民师喜获新年贺礼１．４万教师“民转公”",37
"1995.1.3","喜见济南多妩媚",37
"1995.1.4","青岛地铁一期工程开工",37
"1995.1.6","临沂批发市场成交逾八十亿",37
"1995.1.6","济南地下电缆沟爆炸（）",37
"1995.1.8","山东颜纺集团产品上档次",37
"1995.1.9","泥腿子托起小城镇——山东省临邑县见闻",37
"1995.1.9","理论武装挂职锻炼换岗交流早压重担山东“四轮驱动”培养跨世纪干部",37
"1995.1.11","淄博无电户全部通电",37
"1995.1.13","总工会送温暖劳动局办实事青岛提高“双困”救助标准",37
"1995.1.14","山东章丘饲养大户带好头",37
"1995.1.14","潍坊为新闻工作者开办人身保险",37
"1995.1.14","实劲，要一鼓到底——烟台市委书记杜世成一席谈",37
"1995.1.15","农村发展社会主义市场经济的成功探索——关于山东省农村实施产业化经营的调查报告",37
"1995.1.17","青岛出让八大关部分别墅",37
"1995.1.20","严格执法强化监督　山东环保有法可依",37
"1995.1.21","山东国航服务总公司创佳绩",37
"1995.1.21","烟台研制成功新型聚酯漆",37
"1995.1.22","烟台中策公司党员作用显著",37
"1995.1.23","红粉蓝紫斗奇艳菏泽牡丹凌寒开",37
"1995.1.24","青岛双星集团创汇五千万美元",37
"1995.1.24","武警济南指挥学校培训经警",37
"1995.1.26","威海经技区加强社会治安综合治理",37
"1995.1.27","日照市注重发展农村党员",37
"1995.1.30","山东两岸演员联袂演出传统戏孔孟之乡名人盛事上舞台",37
"1995.1.31","济南火车站：推出“随车服务”新招",37
"1995.2.5","山东进出口总值破百亿美元",37
"1995.2.5","依靠职工找漏洞管理抓出“金娃娃”潍坊纯碱厂一年增收节支三亿元",37
"1995.2.5","山东农村电话突破一百万门",37
"1995.2.5","北京上海山东江苏福建落实全教会精神增加投入实干兴教",37
"1995.2.5","山东新建“希望小学”２８所",37
"1995.2.6","武穴工行管现金把“三关”济南工行严堵不合理支出",37
"1995.2.6","烟台大学多种形式办学建起培养当地急需人才新框架",37
"1995.2.6","要想富，办好全民大教育山东羊庄镇崛起高标准教学楼",37
"1995.2.7","青岛市市北区军属喜挂“光荣匾”",37
"1995.2.10","山东泗水县兴修水利（）",37
"1995.2.10","济宁电业局安全生产九百天",37
"1995.2.11","一名十三岁的山东小姑娘患了一种罕见的肌体溃烂性疾病，尽管做了截肢手术，坏死组织还在向上蔓延——杨小霞病情牵动首都人民心",37
"1995.2.12","海军青岛疗养院科研硕果累累",37
"1995.2.13","青岛警备区为基层排忧解难",37
"1995.2.14","前沿“堡垒”——山东省潍坊市加强农村党的建设纪实",37
"1995.2.16","日照电业局跨入“双无”行列（）",37
"1995.2.17","潍坊钢管总厂出口创汇多",37
"1995.2.17","菏泽　建二百股份养殖场",37
"1995.2.19","大宇水泥（山东）厂合同签订",37
"1995.2.19","淄博农行盘活存量增加贷款去年收回３年以上沉淀贷款１亿元，占农业贷款５１％",37
"1995.2.20","威海人行实施贷款证制度",37
"1995.2.20","聊城市成立拥军优属基金会",37
"1995.2.20","山东足球队不敌韩国金星队",37
"1995.2.21","临沂市成立军粮供应公司",37
"1995.2.22","全国三产排行揭晓单位最多：四川省人数最多：山东省",37
"1995.2.22","山东“爱婴医院”达８４所",37
"1995.2.23","龙少好治水──青岛港务局在“消肿”中发展壮大",37
"1995.2.23","济宁强化农村党建培养选拔村干部五千余名",37
"1995.2.25","李春亭当选山东省省长",37
"1995.2.26","家长杂费少交　学生书包减肥滨州教育界建新制正行风",37
"1995.3.5","泰安春耕资金物资准备就绪",37
"1995.3.5","文理渗透结构优化优势互补四院校组建新青岛大学",37
"1995.3.6","以弱取强济南军区队一分小胜前卫士气虽盛南京军区队终究不敌辽宁",37
"1995.3.7","教书育人三十春秋一朝卧床万人相助济宁各界关怀女教师席瑜",37
"1995.3.8","日照的市长工程增加农民钱袋子丰富市民菜篮子",37
"1995.3.8","中国教育电视山东台开播",37
"1995.3.10","山东杜德富代表说：立足内部挖潜增效",37
"1995.3.12","山东李景常代表说：“搞活整个国有经济”提法好",37
"1995.3.14","孔繁森事迹报告团到山东作报告",37
"1995.3.15","乔石在山东代表团说要进一步健全法制加强监督",37
"1995.3.15","山东王大海代表说：走农业产业化道路",37
"1995.3.16","临沂师专拓宽学雷锋领域",37
"1995.3.16","日照龙山艺术院院委作品举行巡展",37
"1995.3.17","江泽民在吉林四川代表团谈加强党的领导一要正确决策二要用好干部并看望山东、河北代表，勉励他们加强团结，把改革发展稳定工作搞得更好",37
"1995.3.17","改革购销体制稳定粮食市场——访人大代表、青岛市委书记俞正声",37
"1995.3.19","经贸委在潍坊召开经验交流会小农户大市场农业难发展贸工农一体化携手奔前程",37
"1995.3.19","一票优先一票否决烟台芝罘区赐科技两把“尚方宝剑”",37
"1995.3.21","全国女子足球锦标赛预赛第三轮大连队和山东队取胜",37
"1995.3.22","危险地带“雷锋哨”——记济南军区某部指挥一连",37
"1995.3.22","小品大赛将角逐潍坊",37
"1995.3.23","烟台建成亚洲最大食用菌生产基地",37
"1995.3.23","美国军舰访问青岛",37
"1995.3.23","潍坊三月",37
"1995.3.24","来到青岛瞻仰康有为故居的游客，却被铁将军拒之门外。管理人员称：旅游淡季不赚钱，故而不开放。人们不禁要问——“活教材”紧锁到几时？",37
"1995.3.25","学英模精神走英模道路济宁广泛开展“五学”活动",37
"1995.3.26","美国军舰结束访问青岛",37
"1995.3.26","烟台—东亚城市商交会六月举行",37
"1995.3.28","田野上的奠基工程——山东省平度市发展农村教育纪实",37
"1995.3.28","青岛试行能源管理师制度",37
"1995.3.28","“领墒牛”——记山东省苍山县大炉乡杨庄村原党支部书记杨振刚",37
"1995.3.28","青岛新曲（二章）",37
"1995.3.29","青岛地铁一期工程动工",37
"1995.3.29","安徽、四川、山东等省部分地区重新启用粮本、粮票，该如何看待这种现象？话说粮本现象",37
"1995.3.30","淄博公园商场杜绝假货进店",37
"1995.3.30","山东群众性乒乓球运动常盛不衰",37
"1995.3.31","托住斜坡上的球——记青岛海尔集团的“日清日高”管理招数",37
"1995.3.31","济南军区发挥典型示范作用",37
"1995.3.31","山东：棉花生产仍需抓紧",37
"1995.4.1","踏上轻骑不下鞍当众多同行纷纷将原商标换成洋商标时，济南轻骑集团坚持牌子不能换，他们说：中国人需要自己的名牌！",37
"1995.4.2","利用区位优势　完善投资环境济南形成对外开放新格局",37
"1995.4.2","淄博市一大批妇女干部脱颖而出",37
"1995.4.3","山东：一棵君子兰长出十五箭",37
"1995.4.6","淄博试点企业改制全面展开",37
"1995.4.8","西藏：含深情缅怀孔繁森聊城：学楷模为民办实事",37
"1995.4.9","掌声响起来——菏泽新兴乡掺盐尿素退赔现场会侧记",37
"1995.4.10","简化手续加快通关济南海关为合法进出开绿灯",37
"1995.4.12","“蚓激酶”技术在青岛应用投产",37
"1995.4.14","唐山东矿聋哑学校教育有特色",37
"1995.4.15","成立农产品生产加工销售联席会议山东创汇农业富有生机",37
"1995.4.16","日照市民主推选村干部",37
"1995.4.17","北京至青岛优质优价列车开通",37
"1995.4.17","棉花吃不饱　化纤来补充淄博纺织工业靠结构调整增效益",37
"1995.4.17","广州太阳神队１∶０胜青岛海牛队",37
"1995.4.17","山东泰山队２∶１胜北京国安队",37
"1995.4.18","青岛警备区党委廉洁自律",37
"1995.4.20","保种植面积　保资金投入　保农技队伍烟台靠硬措施稳住“米袋子”",37
"1995.4.22","山东支农资金增加近二成",37
"1995.4.22","加快培养和选择年轻干部步伐黄冈有计划推进干部交流青岛订措施改善班子结构",37
"1995.4.23","山东首次开展信息扶贫",37
"1995.4.24","山东：七成农机属农户",37
"1995.4.28","山东电力扶贫提出新目标争取本世纪末农村实现户户通电",37
"1995.4.28","第三届城运会田径预选赛在大连鸣金青岛大连广州获团体总分前三名",37
"1995.5.2","廉洁勤政的当家人——记全国劳模、威海市化工公司经理丁玉华",37
"1995.5.4","潍坊成立被盗抢保险车辆查找中心",37
"1995.5.4","济南工行规范服务用语",37
"1995.5.4","安全第一质量兴港青岛港涌来众客商",37
"1995.5.5","青岛电务段安全生产四千天",37
"1995.5.8","盘活“家底”——淄博市优化资本结构试点取得进展",37
"1995.5.8","潍坊：农民服务组",37
"1995.5.9","济南铁检辖区罪犯无一脱管失控",37
"1995.5.9","没有终点的“马拉松”——记山东省高密市南关村党委书记王建章",37
"1995.5.10","抓骨干添活力创名牌增效益烟台着力增强企业竞争能力",37
"1995.5.10","占用企业集资购买进口豪华轿车　原济宁副市长陈步堂被查处",37
"1995.5.10","菏泽检察院积极参与农村治理",37
"1995.5.14","富村带穷村共同奔小康山东南山集团兼并贫困村",37
"1995.5.16","德州市蔬菜局帮驻军丰富“菜篮子”",37
"1995.5.17","烟台建成百万吨高标号水泥生产线",37
"1995.5.18","山东兴建ＧＳＭ数字移动电话通信网",37
"1995.5.22","青岛第二制药厂为聋哑人捐资",37
"1995.5.22","利用历史开展爱国主义教育临沂师专以革命旧址为课堂效果好天津出版《百年风云》大型丛书受欢迎",37
"1995.5.22","联合国技术信息促进系统威海站成立",37
"1995.5.25","中国足协决定处分济南泰山俱乐部",37
"1995.5.30","滚动出来的效益——山东淄博华光、华辰集团资本运营纪实",37
"1995.5.30","青岛一千多家饭店被停业",37
"1995.5.30","橄榄绿的承诺——淄博巡警采风",37
"1995.5.30","“青岛市作协首届小说奖”揭晓",37
"1995.5.31","山东：新型表面活性剂加大产油率",37
"1995.6.1","促进人事制度改革提高机关办事效率青岛辞退一批行政机关工作人员",37
"1995.6.1","潍坊市下派干部工作重实效",37
"1995.6.2","淄博油脂厂开发系列产品",37
"1995.6.3","枣庄市山亭区村村通电",37
"1995.6.5","滨州百万亩棉田变为“科技车间”",37
"1995.6.5","淄博市狠抓水资源管理　八年增产基本不增水",37
"1995.6.5","山东６００万亩棉田实施高产开发",37
"1995.6.5","济南军区某部为战士成才开办第二课堂",37
"1995.6.6","潍坊培养农村后备干部",37
"1995.6.6","勇抓企业兴旺之本——记山东兖州杨庄煤矿党委书记刘佩成",37
"1995.6.8","菏泽成为世界最大牡丹基地",37
"1995.6.9","济南新客站投入使用",37
"1995.6.10","山东表彰一批售粮大户",37
"1995.6.11","加快企业技术改造　开发高新技术产品济南二机床成为汽车工业装备部",37
"1995.6.12","经济上台阶　干部下基层　山东十年下派干部十三万",37
"1995.6.13","调整学校布局实现资源共享滨州地区教育投入效益高",37
"1995.6.14","抓良种繁育抓成果推广山东实施科教兴农战略",37
"1995.6.16","烟台举办东亚城市进出口商品交易会",37
"1995.6.16","烟台举办东亚城市进出口商品交易会",37
"1995.6.17","全国司法厅局长座谈会在烟台召开",37
"1995.6.19","烟台大力实施科技兴市战略发展“海上烟台”“山上烟台”",37
"1995.6.19","潍坊巾帼英才走上各级领导岗位",37
"1995.6.19","山东生猪生产滑坡",37
"1995.6.19","山东“菜篮子”日臻丰盛",37
"1995.6.22","认真抓管理老实学经营济南化纤总厂转危为安",37
"1995.6.23","淄博外贸出口增长迅速",37
"1995.6.23","营造“学校—社会—家庭”配套基地山东实验中学爱国主义教育有声有色",37
"1995.6.27","济南铁路局安全生产８００天",37
"1995.6.27","聊城运输机械厂产销两旺",37
"1995.6.28","泰安锅炉厂ＳＺＬ系列产品畅销",37
"1995.6.30","中央政法委中央综治委发出慰问信表彰烟台追捕歹徒牺牲的四名干警",37
"1995.7.3","铁龙滚滚奔威海（）",37
"1995.7.5","德州农药厂扭亏为盈",37
"1995.7.8","山东农民兴办全国最大的武术学校",37
"1995.7.9","聊城四力合一发展国民生产总值、财政收入、农民人均收入显著增长",37
"1995.7.10","山东超额完成夏粮定购任务北京今年小麦又获丰收",37
"1995.7.11","昔日船小好调头今朝舰队搏风浪山东率先发展烟草集团",37
"1995.7.13","烟台科技兴农呈良好态势推广优秀成果２９０项农产品科技含量达６０％",37
"1995.7.15","增粮、增效、富民三项并举——山东省平度市市委书记于冲访谈录",37
"1995.7.17","用理论导向抓典型引路以组织保证青岛铁路分局扎实抓党建",37
"1995.7.17","扶植高雅文化引导通俗文化限制庸俗文化查禁黄色文化青岛营造优良文化环境",37
"1995.7.17","四场激战高潮迭起中国足协杯赛决出四强半决赛：北京国安—济南泰山上海申花—广东宏远",37
"1995.7.18","潍坊强化个人所得税征管",37
"1995.7.20","按产业化组织生产实现农业规模效益枣庄市创建一批农产品生产基地",37
"1995.7.20","山东建行营业部注重信贷资产管理",37
"1995.7.23","“新亚欧大陆桥与日照桥头堡关系研究”汇报会召开",37
"1995.7.25","一身威武——记淄博市黑旺派出所所长赵金星",37
"1995.7.26","给牛“换胎”给猪“减肥”——滨州地区畜牧业新事",37
"1995.7.29","“双优”“再就业”“双困救助”三项工程联动青岛一批国有企业焕发生机安置了一批富余职工一批失业职工再就业救助了一批困难企业",37
"1995.7.29","为政焉能打“白条”——山东省枣庄市委书记郭振山一席谈",37
"1995.7.30","全国文学创作工作会议强调　把繁荣文艺的“三大件”落到实处选出８６部作品作为重点选题，在湖南、广东、上海、山东、内蒙古、山西建立首批文学创作中心",37
"1995.7.31","谁坑害顾客就处罚谁济南关停２４０家不卫生饭店",37
"1995.7.31","枣庄市常庄镇八年先后投资一千八百多万元，建设了“教育开发区”，镇党委书记孙晋华说他们兴建的是——永不亏损的企业",37
"1995.7.31","中国足协杯半决赛结束济南泰山队上海申花队秋后争冠",37
"1995.8.1","烟台为科技成果转化架金桥技术市场交易额连续４年以５０％的速度上升",37
"1995.8.1","狠抓制度落实强化群众监督青岛开展违反廉洁自律规定专项举报",37
"1995.8.2","青岛人事局聘请人事工作监督员",37
"1995.8.2","新亚欧大陆桥与日照桥头堡关系研究汇报会述要",37
"1995.8.3","中国足协处罚济南赛区",37
"1995.8.4","青岛确立高新技术发展目标",37
"1995.8.4","山东省组建百名农业专家顾问团",37
"1995.8.5","山东省棉花长势好于往年",37
"1995.8.7","面对顾客——不说“不”，多说“请”济南工行倡导文明用语为人称道树立职业道德提高服务质量是人心所向",37
"1995.8.7","山东九地市实现户户通电",37
"1995.8.7","山东主要收费站点实现微机收费",37
"1995.8.8","青岛海信公司独辟蹊径上规模",37
"1995.8.8","烟台福山１０万妇女为两个文明建功业",37
"1995.8.9","读者就济南工行报道建议本报把职业道德建设文章做下去沈阳“大公交”推行文明服务",37
"1995.8.9","发展乡镇企业要以人才为本——山东省乡镇企业局局长马洪顺一席谈",37
"1995.8.12","北京至泰安旅游专列对开",37
"1995.8.12","“黄土也能攥出油”——山东省滨州地委书记王道玉一席谈",37
"1995.8.15","《八路军山东纵队史》出版发行",37
"1995.8.15","菏泽着力培养农村后备干部",37
"1995.8.16","拂去空中烟尘　清除河水污染济南全面治理市区环境",37
"1995.8.17","冲破行业分割　组建集团公司潍坊实现盐碱大联合",37
"1995.8.17","威海农村人口大面积负增长人口、社会、经济协调发展",37
"1995.8.18","田野走出“塑机大王”——记山东青岛精达塑料机械有限公司经理赵炳泉",37
"1995.8.19","敌后抗战　功著山东——缅怀罗荣桓元帅领导山东军民进行抗日斗争的历史伟绩",37
"1995.8.21","强化城市功能　培育东方桥头堡日照以港兴市蓬勃发展",37
"1995.8.21","甲午海战纪念馆在威海市建成",37
"1995.8.21","扼住污染势头　保住青山绿水临沂靠良好环境引来外资",37
"1995.8.22","潍坊百万亩棉花实现统保",37
"1995.8.23","青岛进京列车推出传统服务项目",37
"1995.8.24","山东成为“全国第一大菜园”上半年产值一百三十亿元　创收七十多亿元",37
"1995.8.24","以租车代养车　费用低资金活淄博万祥集团无公车",37
"1995.8.24","前仆后继谱壮歌——烟台五·二三追捕持枪歹徒纪实",37
"1995.8.25","文明用语意义大——再访济南工行",37
"1995.8.25","八十二勇士浴血杀敌——济南军区某团“刘老庄连”寻访记",37
"1995.8.26","德州市德城区实施“小康入户”工程大部分农户新上了致富项目",37
"1995.8.26","廉洁自律好公仆——记济南军区一五一医院党委副书记、院长王强",37
"1995.8.27","重塑形象——济南交通警察规范执勤文明管理见闻",37
"1995.8.28","山东进一步改善投资环境",37
"1995.8.28","他们与中国人民的胜利同在——忆山东战区“在华日人反战同盟”",37
"1995.8.28","菏泽查处假农肥兽药案",37
"1995.8.30","对预算外资金实行预算内管理潍坊寒亭区给“小金库”上锁",37
"1995.9.3","日本出兵山东与“济南惨案”",37
"1995.9.4","山东民间借贷出现新特点",37
"1995.9.5","青岛一村民投巨资建水上公园",37
"1995.9.6","济宁市“越河”污染严重",37
"1995.9.6","青岛火车站怪事：高价检票",37
"1995.9.8","潍坊奎文区重视培养青年干部",37
"1995.9.11","学习孔繁森事迹弘扬孔繁森精神“孔繁森同志纪念馆”在聊城开馆江泽民题写馆名乔石参观展览",37
"1995.9.12","规范职工言行加强利益约束山东建行全方位提高服务质量",37
"1995.9.12","改善环境组织客源强化管理泰安旅游业步入新境地",37
"1995.9.12","潍坊潍城区加强街道党员教育管理先后有３３名党员被授予各级优秀党员称号",37
"1995.9.13","日照有家“流动银行”",37
"1995.9.14","乔石在山东考察时强调抓住时机扎实工作发展经济",37
"1995.9.14","《中国机构》发行会议在济南召开",37
"1995.9.16","找准切入点——山东泰安市委书记张庆黎一席谈",37
"1995.9.18","转换内部机制参与市场竞争山东发达集团效益连年翻番",37
"1995.9.18","淄博周村区不拘一格选人才",37
"1995.9.19","完善制度狠抓落实青岛市反腐败斗争成效显著",37
"1995.9.20","泰安科技与经济紧密结合科技成果推广应用率达９０％",37
"1995.9.21","让孩子们传唱属于自己的歌——从李颜龙倪雅丰获大奖看青岛文化环境",37
"1995.9.23","投递路上写春秋——记青岛市优秀乡邮投递员苟宝书",37
"1995.9.24","刻字艺术展在青岛举行",37
"1995.9.25","山东探明一大型金矿床",37
"1995.9.28","山东威海推出——“青年安居工程”",37
"1995.9.30","齐文化再放光彩——淄博市研究开发齐文化纪实",37
"1995.10.4","以经济赔偿相制约为市民生活解难题烟台推行社会服务承诺制度",37
"1995.10.10","淄博国税局领导不吃酒宴吃“碰饭”",37
"1995.10.12","“窗口”辐射的力量——济南“交警现象”的启示",37
"1995.10.12","潍坊建行支持海洋化工基地建设",37
"1995.10.12","《孙其峰师生展》在烟台开幕",37
"1995.10.15","山东六成多棉田投保灾害险",37
"1995.10.16","青岛开通数字移动电话",37
"1995.10.16","丹心硬骨创新业——记优秀军转干部、济南第一建材厂厂长李延升",37
"1995.10.18","严格执法　热情服务公安部召开学习济南交警先进经验现场会授予济南市交警“模范交警支队”荣誉称号",37
"1995.10.19","吴邦国在山东安徽考察时强调　加快经济增长方式转变",37
"1995.10.20","新型农药涕灭威在山东投产",37
"1995.10.22","山东艺术品拍卖预展",37
"1995.10.24","山东兴建国际物资交易中心",37
"1995.10.24","济南军区建筑设计院科技成果累累",37
"1995.10.26","抓住管理不放松——山东潍坊玻璃纸厂扭亏纪实",37
"1995.10.26","规范服务用语优化服务行为工行推广济南分行经验",37
"1995.10.26","山东滕州峄庄乡健全农技推广体系",37
"1995.10.27","建行青岛分行人事制度改革得力",37
"1995.10.30","富在深山有“军亲”——济南军区某部帮助驻地科技致富纪事",37
"1995.10.30","育才何惜炬成灰——记山东省庆云县全国优秀小学教师吴秀云",37
"1995.10.31","淄博交警支队交通管理创新路",37
"1995.10.31","从文明用语延伸到文明行动济南工行全面开展规范化服务",37
"1995.11.1","青岛徐福研究会成立",37
"1995.11.2","山东淄博服装十厂开发新产品",37
"1995.11.4","稳定种植面积　实施科技兴农山东粮食总产创历史最高水平",37
"1995.11.4","山东潍坊体校在深化改革中的探索表明——社会化之路越走越广",37
"1995.11.5","青岛港强化管理振兴企业",37
"1995.11.6","济南军区开发丰产优质苹果",37
"1995.11.6","科技是把金钥匙——山东省冠县韩路村科技兴果纪实",37
"1995.11.7","为了祖国的承诺——记威海希波制药（厂）有限公司",37
"1995.11.18","摸准农民的脉搏——山东陵县县委书记魏学平一席谈",37
"1995.11.19","基地化生产产业化经营德州畜牧业实现高效益",37
"1995.11.20","烟台订阅人民日报进度快龙口万余个体户争订报刊",37
"1995.11.21","正警风树形象爱岗位鞍山交警“学济南”重实效",37
"1995.11.23","为建立现代企业制度创造条件青岛基本摸清预算内国有企业“家底”",37
"1995.11.23","青岛在国内外招商建雕塑",37
"1995.11.23","“精神文明重在建设”的生动实践——济南市职业道德建设考察报告",37
"1995.11.23","追求多彩的人生——记山东省高密市青年医学专家单联明",37
"1995.11.24","山东力争农业大省变强省",37
"1995.11.27","村村通电户户亮灯临沂电业局为老区送光明",37
"1995.11.28","公道·正派·清廉——记济南军区舟桥团政委于永初",37
"1995.11.28","你站立在大河中流——济南交警礼赞",37
"1995.11.30","倾心科技绘蓝——记山东省栖霞县委书记吕志海",37
"1995.12.1","向“第一杀手”挑战——记山东大西苑集团公司总裁吕道龙",37
"1995.12.1","向“第一杀手”挑战——记山东大西苑集团公司总裁吕道龙",37
"1995.12.2","一步一个脚印地干——山东省高密市委书记张建国一席谈",37
"1995.12.2","一步一个脚印地干——山东省高密市委书记张建国一席谈",37
"1995.12.4","山东提前完成粮食定购任务",37
"1995.12.4","缘何改“专管户”为“专管事”——山东省国税局长崔俊慧谈征管改革",37
"1995.12.5","《山东漫画作品选》出版",37
"1995.12.6","自架桥梁奔市场——山东莱阳市农村兴办供销合作社纪实",37
"1995.12.6","学济南　整警容　树新风西安交警规范上岗",37
"1995.12.7","深入哨卡　巡回服务济南军区某部“大篷车”备受赞扬",37
"1995.12.7","山东：层层明确责任　收订进度加快",37
"1995.12.7","乌克兰总统访问青岛",37
"1995.12.7","潍坊糖尿病医院重医德树新风",37
"1995.12.10","密切警民关系创造良好环境淄博公安干警严格执法热情服务",37
"1995.12.11","必由之路——山东潍坊农业产业化述评之一",37
"1995.12.12","菏泽华润向总后捐赠百万元药品",37
"1995.12.12","山东艺术家在京办沙龙画展",37
"1995.12.13","造就一种新关系新格局——山东潍坊农业产业化述评之二",37
"1995.12.13","青岛唐伟公司连创经营佳绩",37
"1995.12.13","烟台建成大型甲鱼养殖基地",37
"1995.12.13","树立良好形象保证道路畅通北京交警深入学习济南交警",37
"1995.12.14","更广更深更实的思考——山东潍坊农业产业化述评之三",37
"1995.12.14","青岛大力建设高等级公路",37
"1995.12.14","山东省直机关千名干部下基层帮助欠发达地区开展工作",37
"1995.12.15","济南海关力促鲁西北外向型经济",37
"1995.12.15","放手发动群众开展民主管理济南洗衣机厂依靠职工办企业",37
"1995.12.15","淄博推出“生命救助卡”",37
"1995.12.15","闯三关步新天——山东邹平县西王村脱贫致富纪实",37
"1995.12.17","烟台各界支持少儿合唱事业",37
"1995.12.18","山东河北电话号码升七位",37
"1995.12.20","开拓者的风采——记山东省劳动模范王锡友",37
"1995.12.21","济南军区某部数百名少数民族战士成才",37
"1995.12.22","潍坊国税１１个月增收３．７亿元",37
"1995.12.22","温家宝在山东农村考察时强调探索农业发展新机制",37
"1995.12.23","胶东明珠——记山东莱州中华武校",37
"1995.12.23","投入１０元钱，全年有书看——德州走红“读书社”",37
"1995.12.24","漂洋过海不忘上山下乡——青岛双星集团在市场竞争中的超前意识",37
"1995.12.25","市场牵龙头龙头带基地基地连农户烟台加快农业产业化进度",37
"1995.12.25","变“养儿防老”为“投保防老”山东积极发展农村社会养老保险",37
"1995.12.25","泰安农业社会化服务快速运营",37
"1995.12.30","临沂十年改变贫困面貌农民人均收入达到全国平均水平",37
