﻿"index","news_title","prov_cde"
"1995.1.2","娱乐场所又传火警南京欢乐育乐公司大楼发生重大火灾，死亡２人",32
"1995.1.4","优秀篮球队在广西基层献技广西男队江苏女队夺走冠军杯",32
"1995.1.7","无锡审结一起特大非法出版案罪犯吕平被判无期徒刑",32
"1995.1.8","徐州在街头设置物价举报箱",32
"1995.1.9","无锡两成集体企业改制唐山推进乡企产权改革",32
"1995.1.10","苏州人保为工业园区提供保险",32
"1995.1.13","共同医治心灵创伤——日本民间团体协助修复南京古城墙",32
"1995.1.14","南京铁路分局安全运输２０００天",32
"1995.1.14","无锡农村党建注重寻找结合点达到脱贫标准的薄弱村已过八成",32
"1995.1.16","泰州“旭照”牌高能密封电池投产",32
"1995.1.17","苏州为贫困地区培训干部三千余人",32
"1995.1.20","苏州农村提前６年实现规划目标人人享有卫生保健",32
"1995.1.21","交响乐在南京遇知音",32
"1995.1.23","泰州注销１１家三资企业",32
"1995.1.23","狠抓大案反腐败——访江苏省委副书记、省纪委书记曹克明",32
"1995.1.24","徐州市委市府向老同志赠书",32
"1995.1.26","无锡重点培养青年教师",32
"1995.1.27","苏州新区建立劳动力市场",32
"1995.1.29","扬州巡警文明执勤",32
"1995.1.30","南京除夕庆典撞响鼓楼太平钟　七万彩灯争奇斗巧夫子庙",32
"1995.2.3","古城扬州今更俏",32
"1995.2.4","“不满意，就退货”徐州人民商场实现两个１００％",32
"1995.2.5","江苏江阴市：“反哺农业”带来高效益",32
"1995.2.5","不搞花架子一心求实效无锡注重提高经济发展质量",32
"1995.2.5","北京上海山东江苏福建落实全教会精神增加投入实干兴教",32
"1995.2.5","老企业服用“长生不老药”南京化工厂科研兴厂保青春",32
"1995.2.6","甘为勤务员——记盐城市模范共产党员葛传华",32
"1995.2.9","江苏农行“送年货”春耕喜获“压岁钱”",32
"1995.2.11","美化自然环境增添人文景观南京孔雀园见闻",32
"1995.2.12","无锡麒麟饮料有限公司成立",32
"1995.2.13","江苏金卡工程启动",32
"1995.2.13","参与市场竞争积极平抑物价南京将在农贸市场设国有售粮点",32
"1995.2.13","要吃饭　不怕难——无锡天元麻棉纺织厂扭亏为盈记",32
"1995.2.14","组建企业集团培育骨干企业江苏乡镇企业持续高速增长",32
"1995.2.15","江苏计划生育寓管理于服务",32
"1995.2.17","湖北冬季造林掀起热潮江苏争取早日消灭荒山",32
"1995.2.17","徐州发现金缕玉衣残",32
"1995.2.18","武警江苏总队二支队支持驻地建设",32
"1995.2.19","江苏增加水利投入：二十二亿",32
"1995.2.20","动员群众深入开展举报活动江苏数百名犯罪分子投案自首",32
"1995.2.22","常州农门敞开活水来八十五家三资企业年出口值八点五亿元",32
"1995.2.23","江苏　农技推广经费逐年增加",32
"1995.2.27","科研实行招标　推广实行承包江苏科技兴农取得成果",32
"1995.2.28","郑斯林当选江苏省省长",32
"1995.3.2","男篮八强赛以弱胜强南京军区队爆冷门功亏一篑北京队老输关键球",32
"1995.3.3","江苏公布今年企业最低工资标准",32
"1995.3.6","以弱取强济南军区队一分小胜前卫士气虽盛南京军区队终究不敌辽宁",32
"1995.3.7","第三届城运会１０月在南京举行中国奥委会发函邀请台北、台中、高雄参赛",32
"1995.3.8","新型防蛀用品在扬州问世",32
"1995.3.9","辽宁前卫双奏凯歌南京军区一分险胜",32
"1995.3.13","北京上海广州武汉南京等地举办活动纪念孙中山先生逝世７０周年",32
"1995.3.14","新形势下企业思想政治工作大有可为——无锡威孚股份有限公司调查",32
"1995.3.15","江苏虞振新、孟金元代表说：改造农业寻求突破",32
"1995.3.16","全国男篮八强赛又战两场八一队继续保持全胜南京军区队又胜一场",32
"1995.3.17","江苏建设以王港为中心港口群",32
"1995.3.17","加速推进经济国际化——访江苏陈焕友、王荣炳、徐燕代表",32
"1995.3.18","南京大屠杀遇难同胞纪念馆二期工程开始兴建",32
"1995.3.18","提高经济增长的质量和效益——江苏代表团访谈录",32
"1995.3.18","加快科技系统的调整——访南京大学校长曲钦岳代表",32
"1995.3.25","中韩合资成立苏州三星电子有限公司",32
"1995.3.25","为政之要在于通下情——江苏省南通市副市长马汉坤访谈录",32
"1995.3.26","安置随军家属义不容辞百余军嫂落户苏州",32
"1995.3.26","南京处理一起侵犯台商商标权案",32
"1995.3.27","百年大计　教育为本江苏像抓经济那样抓教育",32
"1995.3.29","徐州飞虹网架进入国际市场",32
"1995.3.29","中美男排对抗赛将在合肥和南京举行",32
"1995.3.31","中航与民航联办南京航空航天大学",32
"1995.3.31","江苏：保棉措施加大",32
"1995.4.1","坚持把国家利益放在首位无锡县１０年上交国家财政３４亿",32
"1995.4.1","连云港土地局注重廉政建设",32
"1995.4.3","李岚清在江苏考察时强调深化教育改革　振兴苏北经济",32
"1995.4.4","李贵鲜在江苏考察时强调狠刹用公款吃喝玩歪风",32
"1995.4.4","全国技巧锦标赛结束江苏队获团体冠军",32
"1995.4.5","江苏凤凰泉公司从严治厂",32
"1995.4.9","不让历史悲剧重演日本友人协助修复南京城墙",32
"1995.4.10","盐城制定政策鼓励发展棉花生产",32
"1995.4.10","思想教育领先教学改革深入苏州铁道师院培养复合型人才",32
"1995.4.11","连云港为农村干部请教师建“课堂”",32
"1995.4.12","南京军区某部支援老区春耕生产",32
"1995.4.12","弘扬爱国主义主旋律特快列车开办专题广播老区盐城注重基地建设",32
"1995.4.13","苏州金阊商业改革见成效",32
"1995.4.13","江苏珠光公司调整科研部门职能研究所成为生产与市场的桥梁",32
"1995.4.16","敢于压担子　精心指路子宿迁中学大胆起用新人",32
"1995.4.17","姑苏城外新苏州——苏州高新技术开发区采访散记",32
"1995.4.21","国务院批复南京市城市总体规划",32
"1995.4.21","盐城农业综合开发成绩大",32
"1995.4.22","“热爱祖国、自强不息”巡回报告演出团在江苏报告演出",32
"1995.4.24","引进国有粮店参与市场竞争南京农贸市场粮油价格稳定回落",32
"1995.4.24","惟愿农家奔小康——记李龙海和他的常州富康饲料公司",32
"1995.4.26","“小喇叭响万家一天不听就想它”江苏巩固发展农村广播网",32
"1995.4.27","成功的秘诀——记江苏维维集团总经理崔桂亮",32
"1995.4.30","今日会战古城南京明朝扬威亚特兰大江苏紧锣密鼓筹办全国城运会",32
"1995.5.2","老名牌更具优势新名牌独领风骚常州市全面实施“名牌战略”７８种产品销售总量在全国同行业居前５位，出现了产品优势向行业优势转变的好势头",32
"1995.5.2","南京铁路公安侦破一起特大盗窃团伙案",32
"1995.5.3","江苏三毛集团注重新品开发",32
"1995.5.3","扬州预备役师炮兵团连创佳绩",32
"1995.5.4","“三化”＋“一点”——记徐州工程机械集团公司成功的道路",32
"1995.5.5","扬州木偶剧团访问玻利维亚",32
"1995.5.6","输赢背后是骗局——南京取缔赌博游戏机",32
"1995.5.7","荣毅仁在江苏调查时强调坚持两手抓是长远大计",32
"1995.5.7","江苏推出少儿行为教育养成丛书《童规》",32
"1995.5.8","巧借外力——江苏姜堰市淤溪镇素描",32
"1995.5.11","江苏农村五保老人安度晚年",32
"1995.5.11","培育科技的蓓蕾——记南京市少年科学院",32
"1995.5.11","扬长避短焕发青春——王朝闻给江苏省文德中国山水画研究会的信",32
"1995.5.11","江苏美术家作品选（）",32
"1995.5.15","刘华清在南京考察时强调　埋头苦干实干发展电子工业",32
"1995.5.16","文理工医结合优势互补南京大学完善学科结构",32
"1995.5.17","盐城靠科技兴区",32
"1995.5.18","维护国家安全促进经济发展江苏省人民防线发挥重大作用",32
"1995.5.20","推广张家港无锡县经验江苏加大双文明建设力度",32
"1995.5.21","江苏吊销“三无”外资企业",32
"1995.5.22","苏州残疾人就业率达九成",32
"1995.5.25","中日开始合作修复南京古城墙平山郁夫说：使之成为日中永不再战的象征",32
"1995.5.25","江苏推出农村青年科技致富十大状元",32
"1995.5.26","查桥成为无锡县利税第一镇４年投入３．５亿元发展科技含量高项目，壮大科研队伍",32
"1995.5.31","扬州欣和公司推出亲和番茄汁",32
"1995.6.5","江苏水利科技成果年创效益近６亿元",32
"1995.6.6","田纪云在江苏考察时强调继续稳定完善家庭联产承包制",32
"1995.6.7","触摸式无级调节器在徐州投产",32
"1995.6.7","扬州挨“宰”记",32
"1995.6.8","南京大屠杀遇难同胞纪念馆二期工程开工",32
"1995.6.9","菜篮子——“民心工程”——南京“菜篮子”工作纪实",32
"1995.6.9","南京注销一批“三无企业”",32
"1995.6.9","徐州铁路分局建成一游泳馆",32
"1995.6.11","瞄准新作　推出精品——江苏文艺出版社的新思路",32
"1995.6.12","走强农富民兴工之路　盐城经济总量跃居苏北首位打破农业大市等于经济穷市的公式，逐步缩小与苏南发达地区差距",32
"1995.6.12","江苏油菜籽产量超纪录",32
"1995.6.14","南京推出传真广告",32
"1995.6.20","江苏增加科技投入",32
"1995.6.22","不忘血写的历史——南京军民凭吊侵华日军南京大屠杀遇难三十万同胞",32
"1995.6.26","姜春云在江苏考察时强调正确处理农村一二三产业关系",32
"1995.6.26","船舶交通服务系统在连云港安全运营成功",32
"1995.6.28","江苏省游泳跳水馆落成",32
"1995.6.28","扬州“扬丑”记",32
"1995.7.5","《南京大屠杀证》出版向三十万死难同胞致哀",32
"1995.7.6","军训体训融于一体——南京军区群体见闻",32
"1995.7.8","南京军区举行老战士座谈会",32
"1995.7.8","从此不必“下扬州”——安徽定远县“私奔”现象透视",32
"1995.7.10","文化古城书香浓寻常百姓喜求知一批藏书家庭竞秀常州",32
"1995.7.10","逆向思维闯市场——江苏省岗埠农场发展肉鸡生产纪实",32
"1995.7.11","江苏宝胜集团规模经济发挥作用",32
"1995.7.11","登山追潮闹海滩——记南京军区某部四连群体活动",32
"1995.7.12","请坐三条腿凳——江苏盐城市华通实业总公司改革纪实",32
"1995.7.12","“先行官”不忘健身壮体——南京军区某油储运基地群体见闻",32
"1995.7.12","南京出现寄宿家教",32
"1995.7.13","体育，军地关系的纽带——南京军区驻厦门某炮兵部队群体活动见闻",32
"1995.7.14","《南京大屠杀证》出版",32
"1995.7.14","“稳住一头”强本固基“放开一”全盘皆活南京大学勇接重大科研课题",32
"1995.7.15","江苏掀起迎城运会热潮",32
"1995.7.17","南京军区某仓库协助公安部门“打拐”",32
"1995.7.17","《每日新闻》披露侵华日军罪行日军在“徐州会战”中使用毒气",32
"1995.7.18","连云港地税收入快速增长",32
"1995.7.19","三星电子在苏州兴建半导体生产厂",32
"1995.7.21","常熟与徐州实行卷烟联产联销",32
"1995.7.21","江苏援建西藏希望小学",32
"1995.7.22","“我们感到震惊！”——日本留美学生参观“南京大屠杀”展览",32
"1995.7.23","江苏建成一批“电话村”",32
"1995.7.25","江苏进行农村风险互助会试点",32
"1995.7.25","常州能源设备总厂心系西沙向守岛官兵赠海水淡化装置",32
"1995.7.26","苏州引进汽修电脑教学设备",32
"1995.7.28","排障争分秒——记南京电信局市话光华门分局修障班",32
"1995.7.28","江苏大力抓好科技成果转化",32
"1995.7.30","扬州建成铁氧体软磁磁芯生产线",32
"1995.7.30","无锡新兴公司非法集资六名主犯被检察机关提起公诉",32
"1995.7.31","扫文盲科盲树文明新风江苏十万大学生投身社会实践",32
"1995.8.1","扬州制药厂向湖南灾区捐药",32
"1995.8.2","构筑大商业阵地　走活经营一盘棋苏州金阊区商业系统面貌一新",32
"1995.8.7","企业需要一个好班子——对镇江市部分亏损企业领导班子情况的剖析",32
"1995.8.7","江苏：茧价偏低蚕农伐桑",32
"1995.8.8","南京瑞金路街道拥军办实事",32
"1995.8.8","学而知知而行儿童品德教育在南京引起社会关注",32
"1995.8.9","给群众带来更多安全感徐州泉山区公安干警快侦快破显神威",32
"1995.8.13","没吃国家一口奶　闯荡市场身健壮——记江苏沙钢集团公司",32
"1995.8.14","影《南京大屠杀》首映",32
"1995.8.14","江苏举办电影展映月",32
"1995.8.15","扬州狠刹“三乱”歪风",32
"1995.8.15","江苏红豆集团借“才”生“财”",32
"1995.8.16","日本《每日新闻》社驻冲绳那霸分局局长谴责日本一些人否认南京大屠杀",32
"1995.8.17","苏州工业园区召开经验研讨会",32
"1995.8.18","进入７月以来，无锡市１／５市民用臭水做饭洗澡。面对越来越严重的污染，人们不禁要问——《太湖美》还能唱多久",32
"1995.8.19","小镇办大赛——访江苏张家港市南沙镇",32
"1995.8.22","南京大学扶掖青年教师成长",32
"1995.8.23","南通建成醋纤工业基地",32
"1995.8.23","“三抓”生意旺——记南京金桥饭店",32
"1995.8.23","减少环节　薄利快流常州开通蔬菜产销“绿色通道”",32
"1995.8.28","治水降洪魔　兴水促建设水利保护苏州经济发展",32
"1995.8.30","无锡港站运输分公司重视安全生产",32
"1995.8.31","侵华日军南京大屠杀铁证如山",32
"1995.9.1","管理：面对市场——无锡小天鹅公司营销管理的新观念",32
"1995.9.7","南京拓普网络公司技术领先",32
"1995.9.8","淮安林集发放“土窑口粮证”",32
"1995.9.10","坚持八年重在建设无锡市职业道德教育成果显著全总向全国工矿企业推广无锡经验",32
"1995.9.14","“我是农民的儿子，是农民的血液铸就了我的生命，我要为农民奉献我的青春，奉献我的一生！”这是江苏铜山县供销合作社年轻的主任——朱志东的“农民情结”",32
"1995.9.16","南京街头解忧亭",32
"1995.9.18","全国乒乓球锦标赛团体赛八一男队江苏女队夺魁",32
"1995.9.20","伍绍祖在南京视察场馆时强调办好城运会促进全民健身",32
"1995.9.21","范仲淹蜡塑群像在苏州天平山落成",32
"1995.9.23","一心扑在事业上——记徐州邮电局报刊发行员李世祥",32
"1995.9.23","苏州青工技能月活动引出话题：要重视青工技术晋级工作",32
"1995.9.27","苏州建立服装中心批发市场",32
"1995.9.28","常州公积金管理软件系统开发成功",32
"1995.9.28","永葆党员本色——记徐州市优秀共产党员李树芹",32
"1995.9.29","苏州市重视做好拥军优属工作",32
"1995.9.30","范仲淹纪念馆在苏州开馆",32
"1995.10.7","徐州再唱《大风歌》",32
"1995.10.9","中新继续加速开发苏州工业园区李岚清李显龙出席中新联合协调理事会会议并为园区净水厂奠基",32
"1995.10.9","江苏农资价格涨势趋缓",32
"1995.10.10","南京军区某分部共建成果显著",32
"1995.10.10","江苏“云锦”展在瑞开幕",32
"1995.10.10","创业拚搏勇争先——记江苏省张家港市委书记秦振华",32
"1995.10.11","伸出热情的双臂——南京迎接全国城市运动会纪实",32
"1995.10.12","李岚清在江苏考察时强调大力推进国有外经贸企业改革",32
"1995.10.12","第三届中国综合实力百强县评定前十名是：锡山市（原无锡县）、张家港市、南海市、顺德市、江阴市、常熟市、吴县市、武进市、昆山市、绍兴县",32
"1995.10.16","南京鼓楼南北隧道建成通车",32
"1995.10.20","扬州百强企业产品在京展出",32
"1995.10.20","城运会分赛场比赛全部结束南京主赛场即将揭开战幕",32
"1995.10.21","足协杯赛将在南京举行",32
"1995.10.22","第三届城运会今日开幕准备工作就绪，万名教练员运动员和来宾会聚南京",32
"1995.10.23","第三届全国城运会在南京隆重开幕四十九个代表队三千多名运动员参赛",32
"1995.10.24","九五南京金秋恳谈会硕果累累",32
"1995.10.27","南京军区某分部党委心系山沟创业",32
"1995.10.30","老产品新做新产品精做江苏三毛集团重视新品开发",32
"1995.10.31","南京举行万人千队全民健身有奖赛",32
"1995.11.1","南通港实现安全引航二千天",32
"1995.11.6","南通大力推广农业科技",32
"1995.11.7","关键是要把“蛋糕”做大——访江苏省委书记陈焕友",32
"1995.11.7","常州市选送兵员实行质量担保制",32
"1995.11.8","科技推动扬州经济腾飞科技对工业增长的贡献率达百分之四十",32
"1995.11.9","连云港实施浮法玻璃改造项目",32
"1995.11.9","让“吃”更科学　让“用”更独特无锡轻工大学科研成果常新",32
"1995.11.17","江苏石油城",32
"1995.11.19","南京化学试剂厂环保生产齐头并进",32
"1995.11.23","增设售书网点深入乡村服务宿迁书店为农民致富搭桥",32
"1995.11.24","非洲问题研讨会在徐州举行",32
"1995.11.26","南京战区三军联合作战演习成功张万年强调全军要坚决贯彻江主席军队建设总要求提高现代条件下作战能力",32
"1995.11.27","新亚欧大陆桥的起点——连云港码头（）",32
"1995.11.27","常州郊区注重优化项目投向",32
"1995.11.27","宿迁粮食局决定开展读报用报竞赛",32
"1995.11.30","无锡新兴公司非法集资案查清涉案党员干部受到党纪政纪处理",32
"1995.12.3","南京出版社推出《可爱的南京》丛书",32
"1995.12.4","江苏建成技术市场联合体",32
"1995.12.4","江苏建成技术市场联合体",32
"1995.12.4","多种经营，在乡镇企业非常发达的苏州市，不仅当好了保供增收的配角，而且一跃成为经济新的增长点——多种经营：苏州重新认识你",32
"1995.12.4","多种经营，在乡镇企业非常发达的苏州市，不仅当好了保供增收的配角，而且一跃成为经济新的增长点——多种经营：苏州重新认识你",32
"1995.12.5","江苏蚕农含泪砍桑仅金坛市就已毁桑３０００亩",32
"1995.12.5","江苏蚕农含泪砍桑仅金坛市就已毁桑３０００亩",32
"1995.12.6","为了挽回１２亿元损失——无锡新兴实业总公司非法集资案清退工作纪实",32
"1995.12.11","连云港地税比去年增收七成",32
"1995.12.11","反映南京大屠杀纪录《痕》在德首映",32
"1995.12.12","《黑太阳：南京大屠杀》在纽约上映",32
"1995.12.14","连云港编出《文明市民三字经》",32
"1995.12.14","南京军区某医院优质服务受表彰",32
"1995.12.14","杨尚昆凭吊南京大屠杀遇难同胞",32
"1995.12.14","江苏暨南京各界集会悼念南京大屠杀遇难同胞遇难同胞纪念馆二期工程完工",32
"1995.12.14","首例法院计算机综合网在南京开通",32
"1995.12.14","南京环保所攻克低温废热回收难题",32
"1995.12.14","转变经济增长方式构筑无锡经济新优势",32
"1995.12.15","严格执法依法征收江苏“两税”收入持续大幅增长",32
"1995.12.16","真抓实干事必成——江苏省宿迁市委书记周立新一席谈",32
"1995.12.16","建班子理路子包村子连云港切实整顿后进村支部今年以来整顿的１０９个后进村党支部已转化８１个",32
"1995.12.16","铁心跟党铸军魂——寄自南京军区某团党委“一班人”的报告",32
"1995.12.17","杨尚昆同志在江苏考察",32
"1995.12.18","苏州宝碟公司“制黄”盗版被停业涉案人员已收审",32
"1995.12.19","扬州加强企业廉政建设",32
"1995.12.19","南京火车站将拍卖广告位",32
"1995.12.21","本报一篇短文引出一段佳话南京梅园中学“周恩来班”捐款资助佤族贫困学生",32
"1995.12.21","九六圣鹰系列展示会在南京举行",32
"1995.12.24","以苏州宝碟公司“制黄”案为突破口江苏加大“扫黄打非”力度",32
"1995.12.24","盐城奏响农业“三部曲”以农起飞强农富民兴工，推动经济全面发展",32
"1995.12.26","南京消防器材厂赢得市场主动权",32
"1995.12.26","情洒雪域——江苏扬子江药业集团赴藏捐药追记",32
"1995.12.29","严控土地供应总量——对江苏昆山市土地管理近况的调查",32
"1995.12.30","南通建成“百师壁”",32
"1995.12.31","空政歌舞团将在南京迎新年",32
