﻿"index","news_title","prov_cde"
"1995.1.2","干部三懂群众三知关心三到百色安排好贫困群众生活",45
"1995.1.3","梧州快速新邮路元旦开通",45
"1995.1.4","优秀篮球队在广西基层献技广西男队江苏女队夺走冠军杯",45
"1995.1.6","我国最北海关漠河海关开关",45
"1995.1.6","广西制成西番莲果汁饮料",45
"1995.1.6","广西展出历代爱国名人雕塑",45
"1995.1.7","广西普法工作重点突出",45
"1995.1.9","壮乡南宁机场扩建工程开工",45
"1995.1.11","广西工行存款突破三百亿元",45
"1995.1.11","广西让灾区群众过个欢喜年要求保证八成灾民搬进新居",45
"1995.1.12","百色芒果",45
"1995.1.20","柳州铁路局开行年货专列",45
"1995.1.20","李森桂林山水书法在京展出",45
"1995.1.21","外商看好北海铁山港",45
"1995.1.21","《梧州日报》省下庆典费用支援灾区",45
"1995.1.22","钦州灾年农民人均增收２００元",45
"1995.1.23","赵富林当选广西区人大常委会主任",45
"1995.1.24","广西确保农业多投入",45
"1995.1.24","中科院与贵州广西云南协作西南喀斯特地区科技扶贫战打响",45
"1995.1.28","钦州农村党建与经济同步发展",45
"1995.1.28","南宁职业技术学校三年增一倍",45
"1995.1.29","广西城乡社会治安稳定山西社会治安有新气象",45
"1995.2.1","南宁饭馆管住狂吃狂饮",45
"1995.2.4","白日千帆过夜明万盏灯防城港——大西南的明珠",45
"1995.2.5","广西合浦县：粮食面积稳中有升",45
"1995.2.5","武警广西边防总队缉私立新功",45
"1995.2.6","政府关怀百姓温暖广西２２万灾民乔迁",45
"1995.2.7","我国地震台网测定新西兰东北海中发生７．２级地震",45
"1995.2.14","赵富林走遍广西各县市，写出电视纪录脚本《大山的呼唤》呼唤扶贫",45
"1995.2.16","国有大中型企业发挥中流砥柱作用柳州工业实现“两高”“两低”目标产值和销售收入增幅高于全国平均水平企业亏损面亏损额低于全国平均水平",45
"1995.2.18","广西盘河人长寿有新说",45
"1995.2.19","广西筹资改造百余家电影院",45
"1995.2.21","全国甲级女排六强在柳州交锋",45
"1995.2.23","中国女排教练班子初定郎平等昨赴柳州着手组队",45
"1995.2.24","广西去年旅游业收入创历史最高纪录",45
"1995.2.24","台湾花莲东北海中发生６．６级地震",45
"1995.2.27","中国女排集训队在柳州组成",45
"1995.3.7","江泽民同新疆内蒙古广西代表团一起审议时说我们党的民族政策是正确的只要各族人民心连心，中国的发展和富强任何力量也阻挡不了",45
"1995.3.10","柳州微型汽车进军国际市场",45
"1995.3.11","朱镕基听取广西代表团意见时说广西种蔗制糖大有发展前途",45
"1995.3.11","日北海道和东京发生地震",45
"1995.3.16","艰苦奋斗再创佳绩——访广西壮族自治区主席成克杰",45
"1995.3.16","四支足球劲旅将角逐南宁",45
"1995.3.17","玉林农行集中资金保农业",45
"1995.3.19","广西首次拍卖走私卷烟",45
"1995.3.20","各路女排在柳州进行身体素质测验",45
"1995.3.23","民政部总政在南宁举行命名大会韩素云获“优秀军人妻子”称号",45
"1995.3.23","中国女排名单初步确定女排国手昨晚在柳州首次亮相",45
"1995.3.24","加大投入稳步发展桂林地区综合开发农业",45
"1995.3.25","广西乡镇企业三年连翻三番增幅连续四年居全国之冠",45
"1995.3.28","广西梧州机场试飞成功",45
"1995.4.12","广西新增基建投资九成用于农业",45
"1995.4.12","布赫在广西考察时强调加快民族地区立法和经济发展步伐",45
"1995.4.13","桂林侦破一起倒卖增值税发票大案初步查明骗税额在１７６５万元以上",45
"1995.4.15","市长出题招标　社会争相揭榜梧州市社科研究引入竞争机制",45
"1995.4.15","壮乡三月歌如潮——漫话广西民歌节",45
"1995.4.17","广西军区捐办希望小学２３所",45
"1995.4.17","姜春云在广西农村调查时强调加大开发力度加快开放步伐",45
"1995.4.18","广西梧州机场正式通航",45
"1995.4.19","柳州发挥妇女参政议政作用全市女干部占干部总数的３８．７％",45
"1995.4.19","扎实为群众健身服务——记深州市体委主任张玉林",45
"1995.4.21","广西玉林修建高等级公路",45
"1995.4.21","广西开发使用两用人才有成效",45
"1995.4.21","唤醒科技意识　促进农业发展广西科技兴农态势令人鼓舞",45
"1995.4.22","柳州确定汽车发展新思路",45
"1995.4.23","防城港市外经贸实现全面突破",45
"1995.4.24","广西表彰四百名劳模先进工作者",45
"1995.4.25","全国企业家活动日在南宁举行",45
"1995.4.28","广西：小康道路艰巨",45
"1995.4.29","建设出海“大通道”——访钦州市委书记褚之田",45
"1995.5.4","一条既治穷又治愚的大道——云南宁蒗彝族自治县开展科普培训调查纪实",45
"1995.5.6","广西稻田养鱼今年扩至百万亩",45
"1995.5.10","《广西百科全书》出版发行",45
"1995.5.13","广西两万干部下乡助耕",45
"1995.5.15","“铮铮铮”，让岁月镌刻童真——小学教师张桂林推广儿童版画记事",45
"1995.5.19","生猪出栏增多存栏不减价格平稳广东广西喜气洋洋",45
"1995.5.23","企业参与专家献计南宁朝阳溪清污工程启动",45
"1995.5.24","统战部组织专家学者考察广西",45
"1995.5.31","防城港人保经济效益显著",45
"1995.6.1","广西各民族用文化摆脱贫困",45
"1995.6.3","中日韩三国棋手转战桂林　争夺富士通杯围棋赛半决赛权",45
"1995.6.4","南宁高新技术开发区初具规模已开发一百多项产品形成新兴产业群",45
"1995.6.5","广西各族干部学习孔繁森见行动两万多名干部深入基层为民办实事",45
"1995.6.6","还社于民　活力大增玉林供销社与农民亲近多了",45
"1995.6.6","专家学者为广西建设献计献策自治区党委和政府将专门研究他们的意见和建议",45
"1995.6.10","广西清理三无三资企业",45
"1995.6.10","马玉林求才",45
"1995.6.12","广西安居工程取得进展",45
"1995.6.16","壮乡群众自觉计划生育广西１２年少生６００万人",45
"1995.6.22","缤纷百色",45
"1995.6.29","桂林国税局确保两税收入１至５月两税入库１．５２亿元",45
"1995.7.10","一卡在手修机不愁南宁实施电话信誉卡制度",45
"1995.7.12","八万“川军”有了家四川省就业局在北海设劳务管理站",45
"1995.7.12","任桂林诞辰八十周年纪念研讨会在京举行",45
"1995.7.13","百色老区芒果香",45
"1995.7.13","湖南宁乡培训科技村主任",45
"1995.7.18","吉林山西广西重视抓好省（区）委中心组学习用科学的理论武装领导干部",45
"1995.7.18","广西推广家用沼气（）",45
"1995.7.22","北海有座“夜巴黎”",45
"1995.7.24","贵州广西夏季粮油丰收农民人均收入有所增加",45
"1995.7.26","为国有企业排忧解难广西党政领导现场办公",45
"1995.8.3","桂林崛起我国第三大饮料厂",45
"1995.8.6","桂林石刻“甲”天下",45
"1995.8.8","早稻种下晚稻种七千亩良田绝收假冒种子坑了广西大批农户",45
"1995.8.12","北海道的雪",45
"1995.8.13","到典型单位进行现场交流广西深入开展中心组理论学习",45
"1995.8.14","群众广泛参与　歌声四季不断桂林文艺创作与演出繁花似锦",45
"1995.8.17","桂林秋季交易会九月举办",45
"1995.8.18","如皋客车总厂赈灾救护车发往广西",45
"1995.8.19","名城美景在人为——广西桂林市委书记张文学一席谈",45
"1995.8.28","宁夏：高新技术带动传统产业腾飞广西：高科技产业促经济快速发展",45
"1995.9.12","桂林山水旅游节启幕漓江岸",45
"1995.9.27","一个独特的历史现象：桂林文化城",45
"1995.10.2","百色圆了火车梦",45
"1995.10.4","配齐班子选准路子依法治村广西农村基层政权建设出现新气象",45
"1995.10.4","广西贺县一批造假烟窝点被捣毁",45
"1995.10.19","民航南宁站安全飞行十二年",45
"1995.10.20","南宁市民参与市容管理壮乡首府洁净漂亮",45
"1995.10.20","武警广西总队为民族地区发展作出贡献",45
"1995.10.23","北海市取缔五十一家“三无”外资企业",45
"1995.10.23","柳州国税局以票管税堵住漏洞",45
"1995.10.23","桂林市为驻军千余名官兵颁精武奖",45
"1995.10.23","重组红土地——从广西贺县农业发展看农村走势",45
"1995.10.30","广西成立地方铁路有限责任公司",45
"1995.10.30","陈俊生在广西考察强调探索符合实际的扶贫路子",45
"1995.11.2","同在一张课桌上起跑——广西龙胜各族自治县抓教育改革提高民族素质的调查",45
"1995.11.3","甘肃实施“１２１”雨水集流工程广西治水坚持八个为主八个结合",45
"1995.11.5","帮助七百万贫困人口尽快脱贫　广西采取八大措施扶贫攻坚",45
"1995.11.20","南宁站４４年无伤亡事故",45
"1995.11.20","桂林发现宋代水井",45
"1995.11.21","中国男篮结束集训柳州举办《中国篮球之光》晚会",45
"1995.11.21","抗战文化与爱国主义——广西抗战文化研讨会综述",45
"1995.11.22","朱镕基在广西考察时强调全社会都要关心支持扶贫工作",45
"1995.11.23","黑龙江发动社会集资办水利广西选准冬春水利建设项目",45
"1995.12.7","广西：领导亲自过问　加大发行力度",45
"1995.12.8","严厉打击制黄贩黄和非法出版活动广西审结三起案件",45
"1995.12.13","贵港国有工业企业家家盈利",45
"1995.12.13","开拓前进的北海道",45
"1995.12.19","南宁：发挥带头作用订数全区领先",45
"1995.12.22","桂林国税入库大幅度增长",45
"1995.12.22","广西假稻种案二审有结果受坑害农民得到５９９．５万元赔偿",45
"1995.12.23","赵富林当选广西壮族自治区党委书记",45
"1995.12.23","调整阵容提高实力　中国女篮在柳州强化冬训",45
"1995.12.23","黎民风貌入丹青——裴玉林其人其画",45
"1995.12.24","靠山吃山治山富民广西综合开发林业",45
"1995.12.25","柳州微型汽车年产超五万辆",45
"1995.12.27","南宁　换位思考建章立制",45
"1995.12.28","圆满结束东南亚五国之行李瑞环回到南宁",45
