﻿"index","news_title","prov_cde"
"1995.1.3","长沙温馨缕缕五一路",43
"1995.1.4","岳阳市北区法院引进竞争机制",43
"1995.1.4","湖南建起九个绿色食品基地",43
"1995.1.4","长沙喜迎瑞雪飞（）",43
"1995.1.4","株洲加油站汽油合格率低",43
"1995.1.10","补漏洞挤水分湖南计生部门严格查假治假",43
"1995.1.11","岳阳将办世界龙舟赛",43
"1995.1.12","湘潭湘乡注水猪肉大量销往外地国家技术监督局要求严肃查处",43
"1995.1.12","湖南全面整顿后进村支部年前抽调１．４万名干部驻村工作",43
"1995.1.13","湖南派专车赴粤接民工回乡",43
"1995.1.19","全总领导赴湘慰问　倾听工人意见呼声",43
"1995.1.20","杨正午任湖南省代省长",43
"1995.1.23","“湘军”好娘家（）",43
"1995.1.25","湖南省领导冒雨检查市场现场解决问题",43
"1995.1.25","湖南推广杂交水稻超高产制种技术",43
"1995.1.27","湖南春节为农民送特供电",43
"1995.1.28","湖南侦破两起特大受贿案",43
"1995.1.29","横批：人民的政府上联：办公办事遵纪守法正人君子请进下联：送礼送情溜须拍马势利小人止步湘乡市府廉政对联把大门贴出后效果很好，到市府送礼者基本绝迹",43
"1995.1.31","湖南深化干部廉洁自律工作成果红包礼金上缴国库贵重物品公开拍卖",43
"1995.2.3","增加农业投入重视农田建设湖南农业增产农民增收",43
"1995.2.6","为官一任保一方平安湖南推行社会治安综合治理责任制",43
"1995.2.8","湘潭县养猪赚大钱产值逼近农业“半壁江山”",43
"1995.2.8","湖南省委书记王茂林春节给农民拜年，结果拜出一个解决化肥生产供应困难的现场办公会。他及有关方面领导干部都说——不能让农民愁化肥",43
"1995.2.9","深化改革加强管理湖南扭亏增盈成效显著去年企业亏损面下降亏损额比上年减少２０．５％",43
"1995.2.9","解放思想　开放兴湘",43
"1995.2.10","改革有大动作　技改获新进展株洲电力机车厂喜事盈门",43
"1995.2.11","中国儿艺赴湖南演出",43
"1995.2.13","长沙开展“关心最困难家庭”活动解决暂时困难共商致富办法",43
"1995.2.14","蚌埠市公安局预审员严云霞深挖积案",43
"1995.2.14","湖南发掘我国迄今最早古城",43
"1995.2.14","湖南万余干部帮助整顿后进支部",43
"1995.2.15","昆坛代有人才出——记湘昆小生张富光",43
"1995.2.20","湖南多产化肥支援农业",43
"1995.2.20","农副产品争购战愈演愈烈湘鄂川黔边界重筑“篱笆墙”",43
"1995.2.22","美的质朴与清纯──看湖南花鼓戏《筒车谣》",43
"1995.2.23","湖南　三万优秀科技人员下乡",43
"1995.2.25","杨正午当选湖南省省长",43
"1995.2.27","衡阳捣毁特大制贩假火车票团伙",43
"1995.3.3","深切怀念孙湘同志",43
"1995.3.6","深圳张家界空中航线开通",43
"1995.3.8","朱镕基参加湖南云南代表团审议时强调坚持稳定完善粮棉化肥购销体制",43
"1995.3.11","无私才能无畏——岳阳市南区区委书记胡亦一席谈",43
"1995.3.14","“让种田人也能发财”——访湖南省省长杨正午",43
"1995.3.17","益阳举办国际竹文化节",43
"1995.3.18","湖南扩大粮棉种植面积",43
"1995.3.21","湖南加强司法行政基层建设",43
"1995.3.22","人大代表严肃评议司法干警闻过整改衡阳市人大积极监督司法机关",43
"1995.3.26","湖南抓紧抢运春耕物资育种全面展开早稻秧田耕整就绪",43
"1995.3.27","湖南清理党政机关无偿占用企业钱物已退还资金物资折款近七千万元",43
"1995.3.29","江泽民总书记在江西湖南农村考察时指出中国人民完全有能力丰衣足食既要看到发展农业的艰巨性，又要看到光明前景",43
"1995.3.29","湖南专利实施率居全国前列",43
"1995.3.30","培训一人致富一方衡阳四百多名村支书上大学",43
"1995.3.31","总书记常德一日",43
"1995.4.2","核减负担　查处案件　完善管理衡阳遏制农民负担“反弹”",43
"1995.4.2","湖南人口出生率降幅全国第一",43
"1995.4.3","湖南建成一家大型啤酒合资企业",43
"1995.4.3","科教兴湘　前程似锦",43
"1995.4.3","敢字当头就不难——湖南省各级人民法院认真开展行政审判工作",43
"1995.4.5","湘西，比山川更美丽的……",43
"1995.4.6","怀化实施农村党员“科教工程”",43
"1995.4.8","乐与农民换位思考——湖南省衡南县委书记陈新文一席谈",43
"1995.4.9","粤桂湘联手撤关卡",43
"1995.4.9","引进推广并举　示范培训结合长沙市科技兴农渐入佳境",43
"1995.4.10","湖南农发行实施支农形象工程",43
"1995.4.10","潜力在山希望在山——关于湖南丘岗山地综合开发的调查报告",43
"1995.4.11","先忧后乐　团结求索岳阳多形式开展爱国主义教育",43
"1995.4.12","衡阳加快安居工程建设",43
"1995.4.12","湘黔复线阻工事件已处理",43
"1995.4.13","耗费巨资违纪兴建和超标准装修住房湖南省教委领导被查处中纪委监察部为此发出通报",43
"1995.4.15","湖南查处一起特大走私小轿车案没收１４８台轿车检察机关对有关责任人立案侦查",43
"1995.4.16","首届世界龙舟锦标赛６月将在岳阳举行中国两支参赛队投入集训",43
"1995.4.17","衡阳乡村筑巢引资兴农两年兴办六十八个“三资”农业项目",43
"1995.4.17","从株洲迅速发展看科技的威力",43
"1995.4.18","株洲冶炼厂开拓国际市场跃居湖南出口创汇企业榜首",43
"1995.4.18","三条“渠道”流向经济“沃土”湖南科技成果推广形成规模效应",43
"1995.4.19","湖南正虹饲料厂实现优质高效",43
"1995.4.22","为确保粮棉上交的硬任务，农村菜地在减少，城镇蔬菜价格上扬，县城的菜价比乡里便宜，却比省会长沙价格高。这就提出了一个问题——县长也要抓“菜篮子”",43
"1995.4.22","打击犯罪　专项治理　强化管理长沙高校地区治安面貌明显改观",43
"1995.4.24","湘乡：农机销售热",43
"1995.4.25","切实维护农民利益湖南查处农资乱涨价问题",43
"1995.4.27","全国书法艺术与道家美学学术讨论会在蚌埠举行",43
"1995.4.28","湖南落实防汛措施抓得紧",43
"1995.4.28","熟悉法院业务内部换岗交流长沙法院注重法官素质培养",43
"1995.5.3","岳阳城镇供水方兴未艾",43
"1995.5.4","贪污挪用侵占国家巨额资财衡阳６名地市级干部被查处",43
"1995.5.8","突出重点依靠群众协同作战长沙严厉打击严重刑事犯罪",43
"1995.5.8","湘农闯广东",43
"1995.5.15","姜春云在湖北湖南调查时强调　积极防汛抗灾保丰收保安全",43
"1995.5.15","株洲车辆厂研制成先进铁道架桥机",43
"1995.5.23","李富春故居纪念馆在长沙开馆江泽民题写碑名李鹏刘华清等题词",43
"1995.5.27","邹家华在湖南考察时指出发展地方经济要突出特色",43
"1995.6.1","株洲车辆厂科技兴厂",43
"1995.6.6","湖南检察机关加强民事行政审判监督",43
"1995.6.6","新增投入过亿　兴办实事逾十长沙市教育吃上“偏心饭”",43
"1995.6.8","我国大江大河及主要支流汛情平稳湘鄂赣皖川部分地区普降大到暴雨",43
"1995.6.12","岳阳重视培养农村领头人　近三千村支书参加党校、农业院校培训",43
"1995.6.13","青年择业观的新变化长沙女大学生爱当教师",43
"1995.6.15","政府当后台菜店重挂牌衡阳国有菜店再操旧业",43
"1995.6.15","查处违纪案件支持保护改革长沙纪检监察机关服务经济建设",43
"1995.6.15","千条龙舟归故里世界龙舟锦标赛在岳阳开幕",43
"1995.6.16","钱其琛在湖南考察时指出发展旅游要有特色引进外资要讲效益",43
"1995.6.16","钱其琛在湖南考察时指出发展旅游要有特色引进外资要讲效益",43
"1995.6.18","湘潭崛起一批女能人",43
"1995.6.19","湖南茶叶生产堪忧",43
"1995.6.20","“实”字上面做文章——中共湖南省株洲市委书记程兴汉谈心录",43
"1995.6.22","乔石在湖南考察工作强调抓住有利时机加快经济发展",43
"1995.6.26","长沙严惩重大贩毒分子",43
"1995.6.26","建一个好班子找一条致富路河北整顿农村后进党支部岳阳改善村支书工作环境",43
"1995.6.27","加大农业投入粮棉面积回升湖南春收作物丰收",43
"1995.6.27","湘西燃起“希望之火”",43
"1995.6.29","全国残疾人游泳锦标赛结束云南湖南贵州等队表现出色",43
"1995.6.30","姜春云打电话慰问湖南江西受灾群众全力以赴抓好抗洪抢险救灾",43
"1995.6.30","衡阳７２万农家院落成为“聚宝盆”",43
"1995.7.3","江泽民总书记李鹏总理打电话亲切慰问湖南江西的受灾群众国家防总向湖南江西贵州防汛抗旱指挥部发出慰问电",43
"1995.7.3","湖南省临湘市：农村文化生活落后了",43
"1995.7.4","以民为本以民为先　长沙市保稳定促发展措施得力",43
"1995.7.4","邵阳举办党建电影展映",43
"1995.7.5","奇星杯体育漫画赛评选揭晓湖南张卫获一等奖",43
"1995.7.6","湖南领导干部奋战抗洪一线各类救灾物资及时到位",43
"1995.7.7","受江泽民总书记和李鹏总理委托姜春云到湖南察看灾情慰问灾民热情鼓励群众振奋精神坚定信心战胜洪涝灾害",43
"1995.7.8","湖南省受灾县市高考如期顺利进行",43
"1995.7.8","湘赣鄂黔驻军官兵民兵奋力抗洪抢险",43
"1995.7.8","三湘军民抗重灾（）",43
"1995.7.10","《三湘都市报》创刊",43
"1995.7.13","国务院检查组结束鄂湘公路检查时要求加强“三乱”整治建立监督机制",43
"1995.7.13","湖南宁乡培训科技村主任",43
"1995.7.15","湖南灾区大力开展生产自救",43
"1995.7.15","努力于宏观与求实之间——评长篇纪实文学《荡匪大湘西》",43
"1995.7.16","驻湘部队帮助灾区恢复生产",43
"1995.7.18","保证支付　支持抗灾　益阳农行灾后迅速恢复营业",43
"1995.7.20","中流砥柱——记湖南抗洪救灾中的几位共产党员",43
"1995.7.24","岳阳国税局税收稳步增长",43
"1995.7.24","各司其职全力以赴湖南省直机关支持灾区恢复生产",43
"1995.7.25","衡阳创建农村治安“绿洲”",43
"1995.7.26","尉健行李其炎会见郭炳湘一行时表示北京坚定不移开放引资",43
"1995.7.30","湖南开发丘岗山地９００多万亩",43
"1995.7.30","全国文学创作工作会议强调　把繁荣文艺的“三大件”落到实处选出８６部作品作为重点选题，在湖南、广东、上海、山东、内蒙古、山西建立首批文学创作中心",43
"1995.7.31","常德油菜选育获成果",43
"1995.8.1","扬州制药厂向湖南灾区捐药",43
"1995.8.2","怀化群众积极开展生产自救",43
"1995.8.7","建好菜园管好菜店长沙确保灾后市场供应",43
"1995.8.8","《当代湘籍著作家大辞典》问世",43
"1995.8.10","《我的湘西》（散文选集）研讨会在湘西举行",43
"1995.8.15","长沙农民灾年踊跃交定购粮",43
"1995.8.16","郴州火车站接受批评",43
"1995.8.20","株洲实施电力扶贫",43
"1995.8.20","湖南晚稻禾苗长势喜人",43
"1995.8.26","假稻种事件引起强烈反响农业部长称决不熟视无睹农业部和本报组成的联合调查组近日将赶赴皖、湘等地调查事实真相",43
"1995.8.26","“明月”照“山河”——湖南桃源县明月村党总支带领群众奔小康记事",43
"1995.8.30","山区科技兴农难在哪里——关于湖南安化科技兴农工作的调查与思考",43
"1995.8.31","湖南师大教授展示水彩画新作",43
"1995.9.2","多做“减法”事有成——衡阳市委书记颜永盛一席谈",43
"1995.9.2","“文学湘军”重振雄风",43
"1995.9.6","湖南省种子管理站提供调查报告假稻种来自江西宜春湖田乡",43
"1995.9.7","湖南超额完成早中稻定购任务",43
"1995.9.10","长沙６００多教师喜得新房",43
"1995.9.11","湘桂线衡柳光电通信工程开通",43
"1995.9.12","湘西百所希望小学落成李瑞环出席落成庆典",43
"1995.9.12","长沙对县处级干部进行廉政考评",43
"1995.9.13","李瑞环在湖南考察工作时强调高度重视农用土地保护利用和开发",43
"1995.9.13","集峰桥洞湖瀑于一身纳雄奇野秀幽于一体联播张家界成为旅游胜地",43
"1995.9.13","潇湘儿童意象工笔画在京展出",43
"1995.9.16","湘女竞岗",43
"1995.9.17","第五届“湘交会”成果丰硕",43
"1995.9.18","湖南粮食“三包一放”",43
"1995.9.21","向警予铜像在湖南揭幕江泽民为向警予故居题写匾名李鹏刘华清题词",43
"1995.9.21","湖南省军区文化扶贫（）",43
"1995.9.23","确保政令畅通——记湖南省临澧县委一班人",43
"1995.9.25","株洲二中开展科技小发明活动",43
"1995.9.25","中国古代就有“五谷为养、五果为助、五畜为益、五菜为充”的说法，这就是一种“大粮食”概念的雏形，现在应该发展它。树立新的“大粮食”观念——湖南省供销社主任姚定泉谈食品社会化",43
"1995.9.27","“市内旅游”热岳阳",43
"1995.10.4","湖南清除腐败分子",43
"1995.10.4","株洲市各界公祭炎帝陵",43
"1995.10.6","湘绣极品群仙",43
"1995.10.10","衡阳狠刹公款“吃喝玩乐”风",43
"1995.10.12","湖南株洲公祭炎帝陵",43
"1995.10.14","王茂林当选湖南省委书记",43
"1995.10.15","湖南完成“一六五通信工程”",43
"1995.10.16","是谁坑害了农民——湖南汝城假稻种事件追踪纪实",43
"1995.10.17","技术产业大步走职业教育人满楼教师安居思敬业流失人才凤回头长沙科教兴市“八五”见成效",43
"1995.10.18","对长沙赛区观众冲击赛场中国足协作出处理决定",43
"1995.10.19","红军长征突破湘江烈士纪念碑园竣工",43
"1995.10.20","湖南大农集团服务农村求发展",43
"1995.10.20","湖南省伪劣化肥难以藏身",43
"1995.10.21","不尚空谈办实事——湖南省常德市委书记吴定宪一席谈",43
"1995.10.21","株洲车辆厂离退休职工老有所为",43
"1995.10.23","湘西明珠新店坪",43
"1995.10.24","湖南重建灾民倒塌房屋绝大部分房屋已恢复或在建",43
"1995.10.29","花鼓灯研讨会在蚌埠举行",43
"1995.10.30","娄底依靠市场振兴城市",43
"1995.10.30","选派得力干部驻村建立健全管理机制湖南整顿农村后进党支部",43
"1995.11.6","再穷不欠教师款　再难不让孩子难郴州确保教育投入足额到位",43
"1995.11.7","武警湖南总队注重接兵干部教育",43
"1995.11.7","湖南：亟待解决三个问题",43
"1995.11.7","长沙３０７个后进村班子由软向硬转化",43
"1995.11.8","武警湖南总队节省会议经费十万元",43
"1995.11.17","衡阳农民跨省卖技术",43
"1995.11.19","湖南名特蔬菜全国领先",43
"1995.11.20","培育人才加大投入湖南出台科教兴湘新举措",43
"1995.11.20","波黑外长沙契尔贝伊提出辞职",43
"1995.11.21","打破“瓶颈”的束缚——株洲铁路枢纽建设纪实",43
"1995.11.23","株洲车辆厂为青年成材铺路搭桥",43
"1995.11.27","增加科技投入发展高效农业岳阳农村形成十大新型产业",43
"1995.12.3","湖南广电网络数字微波工程动工",43
"1995.12.5","面向市场　自主经营——记株洲市分离企业办社会职能",43
"1995.12.5","面向市场　自主经营——记株洲市分离企业办社会职能",43
"1995.12.7","益阳专业户致富反哺农行一个月存款４０００多万元还贷５１００多万元",43
"1995.12.9","为市民当好服务员——访湖南省株洲市市长王汀明",43
"1995.12.9","绿色的歌［外一首］——张家界即景",43
"1995.12.11","湘乡何以发猪财",43
"1995.12.11","衡阳市千余老知青重返乡村",43
"1995.12.13","岳阳典当业亟须整顿",43
"1995.12.16","一路平安过衡阳",43
"1995.12.16","长沙狠刹“索拿卡要”歪风",43
"1995.12.29","一批专家学者在长沙举行研讨会探讨深化改革中热点问题",43
"1995.12.31","湖南集中精力抓农业战胜灾害粮棉丰收，农民人均增收二百五十多元",43
