﻿"index","news_title","prov_cde"
"1995.1.1","省港杯今晚开始　广东队借将出战",44
"1995.1.2","省港杯首战广东队赢两球",44
"1995.1.3","南海行（一）　汕头第一灯",44
"1995.1.3","“雪龙”号连续破冰赴南极“中山站”粮油充足度新年",44
"1995.1.3","全国象棋邀请赛后生可畏广东选手许银川夺冠",44
"1995.1.4","广东三十万灾民春节前将迁新居",44
"1995.1.4","梅州通客车了",44
"1995.1.4","广州市：零钞短缺严重影响经营活动",44
"1995.1.5","广东破获伪造信用卡大案",44
"1995.1.6","深圳一批企业获授权占用证书依法可占有、使用国有净资产二十一亿多元",44
"1995.1.6","广东作好春运部署南铁4000天无事故",44
"1995.1.6","广东推出新式超低噪音空调器",44
"1995.1.7","广东纪念“珠纵”成立五十周年",44
"1995.1.7","《新闻战线》《深圳特区报》联合征文研讨抓经营促办报等问题",44
"1995.1.7","举报“黄赌毒”有功人员广东给予保护并奖励",44
"1995.1.7","深圳推出新歌手",44
"1995.1.8","深圳海关查获走私文物大案这批文物共三千八百多件，其中一级文物两件",44
"1995.1.9","深圳足球队胜俄奥林匹克队",44
"1995.1.9","第１７届省港杯足球赛广东队以４∶０捧杯",44
"1995.1.10","追求有价值的人生——广州女大学生张雪峰自愿到贫困山区任教的事迹",44
"1995.1.10","成立基金会努力办实事广州轻工系统向退休职工送温暖",44
"1995.1.10","在广东省丰顺县一个远离城镇的偏僻乡村，冒出了一个黄、赌、毒俱全的“娱乐城”。社会主义的国土上怎能允许这样的毒瘤生存？请看——千里奇袭雅特斯娱乐城",44
"1995.1.11","广东百户瑶民喜迁新村",44
"1995.1.12","汕头街道办事处全部建立党委",44
"1995.1.12","广州客运压力仍然很大（）",44
"1995.1.13","湖南派专车赴粤接民工回乡",44
"1995.1.14","深圳人均购书量连续６年夺冠",44
"1995.1.14","广东保护知识产权有重大行动２０家涉嫌专利侵权企业被查封",44
"1995.1.14","泰华报人公益基金会向汕头捐款",44
"1995.1.14","深圳皇岗口岸亚洲陆路最大",44
"1995.1.16","世界首尊金玉大佛在江门动工",44
"1995.1.17","深圳经济合作发展基金高效运作",44
"1995.1.17","着力培养合格的社会主义建设者广东对外来员工强化教育管理",44
"1995.1.18","让龙头舞起来——广州经济技术开发区十年巡礼",44
"1995.1.18","深圳一信用社向边防部队赠文体器材",44
"1995.1.18","爱心同铸民族情——影《广州来了新疆娃》拍摄小记",44
"1995.1.19","继续发挥深圳特区“试验场”的作用",44
"1995.1.19","广州青年价值观扫描",44
"1995.1.20","广州涌现六百多文明村",44
"1995.1.21","广东公安部门确保节日治安",44
"1995.1.21","爱国拥军模范城——广东省汕头市“双拥”工作记事",44
"1995.1.21","广东开展“打假”活动",44
"1995.1.21","消雷，还是引“雷”？——对湛江一起严重涉嫌侵权、诈骗案的调查",44
"1995.1.22","广东对百万农村党员进行技术培训",44
"1995.1.23","广东３０万灾民喜迁新居",44
"1995.1.23","广州火车站年运输收入近十亿元",44
"1995.1.25","广东向香港警方移交被盗游艇",44
"1995.1.25","宋平在广东考察工作",44
"1995.1.26","深圳青年志愿者行动起来了",44
"1995.1.26","广东首发智通卡",44
"1995.1.27","第四届外企出口商品交易会将在广州举办",44
"1995.1.28","中华民族风情巡展在广州开幕",44
"1995.1.29","荣毅仁参加广东迎春晚会",44
"1995.1.30","广州深圳暖如家",44
"1995.1.30","宋健致电南极“长城站”“中山站”向考察队员致以春节问候",44
"1995.1.30","广东潮阳广招贤士借才生财",44
"1995.1.31","谢非等慰问粤北农村煤矿群众",44
"1995.1.31","广州火车站：顺利送走１５５万旅客",44
"1995.2.1","广东组织送艺下乡海南开好“精神年饭”",44
"1995.2.3","变无序为有序——广东省加强外来劳动力管理的调查",44
"1995.2.3","走出历史风景线——深圳布吉镇见闻",44
"1995.2.4","广东“科技兴省”取得新进展高新技术产业税利和销售年递增５０％",44
"1995.2.5","深圳外贸进出口仍居全国之首总值达３４９．８亿美元",44
"1995.2.5","深圳百日灭罪行动告捷",44
"1995.2.5","广东实行劳务输入宏观调控进外省区劳动力逐步走上有组织有秩序轨道",44
"1995.2.6","东莞农民资助《花城》《随笔》",44
"1995.2.6","肇庆奔上“快车道”",44
"1995.2.7","广州三产比重居大城市之首",44
"1995.2.7","揭阳：构筑粤东交通枢纽",44
"1995.2.9","米袋子钱袋子——广东重视粮食问题启示录",44
"1995.2.10","广东活禽出栏亿只",44
"1995.2.11","潮州菜篮子四季丰盈",44
"1995.2.11","广州铁路公安局连破大要案",44
"1995.2.11","温情弥漫寻常街巷广州市海珠区昌岗中街围绕“家庭”主题开展系列教育活动，使各家各户左邻右舍和睦互助蔚然成风",44
"1995.2.12","保护现有农田开发后备资源广东要求确保种粮５０００万亩",44
"1995.2.12","慷慨解囊乐善好施广州人支援和田打井工商社团及个体户认捐２００万元",44
"1995.2.12","《新三字经》在广东面世文佳亦茂易懂又好记首批征订已达８００万册",44
"1995.2.13","广东对外经贸九连冠去年进出口总额达９６７亿美元",44
"1995.2.13","广东个体户私营企业去年纳税５５亿元",44
"1995.2.14","刘华清在广东考察时指出特区要继续抓好两个文明建设",44
"1995.2.14","广东全面实施安排残疾人就业法规残疾人就业困难状况得到根本改变",44
"1995.2.14","步行上广州港人献爱心（）",44
"1995.2.14","经验与启示社会主义市场经济在广东的成功实践",44
"1995.2.15","《孙中山与辛亥革命》出版",44
"1995.2.16","好军嫂事迹动羊城讲奉献新风传南粤",44
"1995.2.19","广州引巨额外资改造旧城",44
"1995.2.20","全国救灾工作座谈会在广州召开",44
"1995.2.20","华夏春秋公园将在广东兴建",44
"1995.2.21","广州足球队负于日本平塚队",44
"1995.2.23","赛事绵延京沪粤　选手转战海内外中国高尔夫球运动日趋活跃",44
"1995.2.23","广州足球队战平韩国金星队",44
"1995.2.24","深圳黄金灯饰落户京城",44
"1995.2.24","杭州国有企业“三改”结合效果好经济效益在全国省会中仅次于广州",44
"1995.2.24","惠州华曌公司劣质空调被查处",44
"1995.2.24","广州引进外资改造旧城",44
"1995.2.24","杨尚昆在广东考察",44
"1995.2.24","哀莫大于散伙广州军区男篮打一场少一场",44
"1995.2.25","广东立法保护全省三千万亩耕地",44
"1995.2.25","广东灾年农业丰收",44
"1995.2.25","西萨摩亚总理离广州回国",44
"1995.2.26","中国政府采取坚决手段制裁盗版深飞激光和珠海音像出版社被关闭",44
"1995.2.26","深圳１５万职工参加医疗保险",44
"1995.2.27","北京粤阳汽贸公司开业",44
"1995.2.28","粤澳边境事务协调小组举行年会",44
"1995.2.28","深圳高新技术产业高速发展产品产值高新技术含量居全国前列",44
"1995.2.28","广东宏远足球队招募强将加盟",44
"1995.3.1","广州推出新型电子台历",44
"1995.3.3","广东浮玻公司获国际质量认证",44
"1995.3.3","河北大规模开发太行山广东春季造林进入高潮",44
"1995.3.6","深圳张家界空中航线开通",44
"1995.3.6","亡羊补牢为时未晚——与广东省国土厅厅长袁征谈如何处理闲置土地",44
"1995.3.6","山西“林模”下广东",44
"1995.3.8","面向社会定向吸引发展基金中山加快高技术产业开发",44
"1995.3.8","千佛山快成“千户山”了",44
"1995.3.9","周南在广东代表团审议会上发言港胞爱国爱港力量不断壮大",44
"1995.3.10","江泽民参加广东代表团审议时重申党的基本路线长期坚持不变中央关于改革开放和现代化建设的各项基本政策都要长期稳定",44
"1995.3.10","中山农业：效益高",44
"1995.3.11","南大门的“钢铁卫士”——记武警广东边防总队",44
"1995.3.11","第四届城运会申办城市广州重庆西安４月接受考察",44
"1995.3.12","孙中山手书“博爱”真迹面世",44
"1995.3.13","北京上海广州武汉南京等地举办活动纪念孙中山先生逝世７０周年",44
"1995.3.14","挪威议长结束访问广东",44
"1995.3.14","深圳：年轻干部茁壮成长",44
"1995.3.16","广州军区雷达训练大队支援地方绿化",44
"1995.3.16","长篇报告文学《深圳传奇》问世",44
"1995.3.16","野生珍稀动物重返潮州山林",44
"1995.3.16","广州画院作品选",44
"1995.3.17","全力为过往港胞服务——深圳机场福永码头小记",44
"1995.3.20","广州作品音乐会在京举行丁关根等和部分人大代表观看演出",44
"1995.3.24","给广州军区某师和某舟桥团记功",44
"1995.3.25","广州申办城运会强调务实",44
"1995.3.25","科技兴镇添异彩——深圳市布吉镇剪影",44
"1995.3.25","惠州话剧《警钟》进京公演",44
"1995.3.26","广东兴建沿海高速公路",44
"1995.3.26","广州举行春季田径赛",44
"1995.3.27","实现了持续、快速、健康发展的深圳华侨城，不仅以“锦绣中华”、“中国民俗文化村”等旅游景点，引得八方客至，游人如织；更以其独特的思路和崭新的风貌，向世人展示着一种新的——华侨城发展观",44
"1995.3.28","“中山”舰水下测试工程全部完成今年秋冬可望整体打捞",44
"1995.3.29","十五万吨级修船坞在广州建成",44
"1995.3.30","广东培训主管经济市（县）长",44
"1995.3.30","深圳画家画深圳（）",44
"1995.3.30","特区深圳不仅有高耸云端的国贸大厦、漂亮的别墅和私家车，而且有无数颗纯净而高尚的心灵和温暖的人际关系。请看——深圳打工妹的故事",44
"1995.3.31","温家宝在广东调查时强调沿海发达地区要建设发达农业",44
"1995.3.31","为第四十三届世乒赛创造良好舆论环境本报体育部和广州陈李济药厂等举办世乒赛宣传座谈会",44
"1995.4.1","珠海西区加强为内陆服务",44
"1995.4.1","深圳渴望文化大师",44
"1995.4.3","粤北旅游热线配套成龙",44
"1995.4.3","深圳市民悼念因执法献身三烈士",44
"1995.4.4","为“国”分忧的共产党员——广东顺德糖厂起死回生纪实",44
"1995.4.4","“巨轮”怎样疾驰？——记国有特大型企业茂名石化公司",44
"1995.4.5","增强抵御自然灾害能力南粤大地水利建设掀起高潮",44
"1995.4.5","提供种苗、饲料、技术指导，保护价回收成鸡，贴钱代为投保——粤汉饲料公司带出２７０个鸡场",44
"1995.4.6","管好这把刀——“定点屠宰”在深圳",44
"1995.4.7","弘扬传统美德熔铸时代精神京粤两种《新三字经》畅销",44
"1995.4.7","一本打开的巨书——广州购书城（）",44
"1995.4.8","《深圳企业家与现代企业制度》出版发行",44
"1995.4.8","中山巡警有力维护社会治安",44
"1995.4.8","广州公路主枢纽工程开工",44
"1995.4.9","粤桂湘联手撤关卡",44
"1995.4.10","新疆广东干部表示学孔繁森当人民公仆",44
"1995.4.10","广东吴志前超一项蹼泳世界纪录",44
"1995.4.11","深圳社会保障体系初步形成一百六十万员工参加社会保险",44
"1995.4.11","闽粤赣共商构筑韩江经济圈",44
"1995.4.11","武警班荣皇用行动实践入党誓词南粤大地开展向英雄学习活动",44
"1995.4.12","中国高尔夫球巡回赛在深圳开杆",44
"1995.4.13","深圳南山区制订十五年发展规划",44
"1995.4.13","全国体育舞蹈锦标赛今秋将在广州举行",44
"1995.4.14","香港回归在即深圳人才市场兴旺",44
"1995.4.15","中山市捣毁一间地下工场查获假冒抽油烟机１３００多台",44
"1995.4.16","加强农业　保护耕地广东八成闲置地灭荒复耕",44
"1995.4.17","广梅汕铁路铺轨到揭阳",44
"1995.4.17","广东物价涨幅逐月回落",44
"1995.4.17","田纪云在广东考察时说各级人大要切实加强立法和监督",44
"1995.4.17","广州太阳神队１∶０胜青岛海牛队",44
"1995.4.17","四川全兴队１∶２负于广东宏远队",44
"1995.4.19","第４１届高尔夫球世界杯决赛将在深圳举行",44
"1995.4.20","“宏声杯”全国国际象棋个人锦标赛闭幕广东梁金荣上海秦侃滢分获男女冠军",44
"1995.4.22","构建系统工程　完善生产基地珠海重振特区农业雄风",44
"1995.4.22","广东华侨博物馆奠基",44
"1995.4.23","在兵的岗位上——记广州军区优秀专业军士唐富贵",44
"1995.4.24","走出封闭大山重建希望家园广东石灰岩地区９．５万特困人口搬迁",44
"1995.4.24","广州百万职工参加养老保险",44
"1995.4.24","三菱公司与广东合资生产空调",44
"1995.4.25","广东分期分批抓村级组织建设",44
"1995.4.27","广东台山电厂隧道竣工",44
"1995.4.27","长篇纪实文学《深圳传奇》出版",44
"1995.4.28","第三届城运会田径预选赛在大连鸣金青岛大连广州获团体总分前三名",44
"1995.4.30","厉有为继续任中共深圳市委书记",44
"1995.5.2","孙中山与宋庆龄研究的新拓展——读《孙中山宋庆龄社会主义思想论》",44
"1995.5.3","全国汽车展销会将在广州举行",44
"1995.5.3","深圳招商公司开拓市场求发展",44
"1995.5.5","王兆国会见香港潮州商会访问团",44
"1995.5.7","大型户外宣传画《邓小平同志视察南方》屹立广州",44
"1995.5.8","李瑞环会见潮州商会访问团勉励他们为做好香港后过渡期各项工作做新贡献",44
"1995.5.8","湘农闯广东",44
"1995.5.10","广州东山区实现税务电脑管理",44
"1995.5.11","’９５巴黎中国广东商展闭幕",44
"1995.5.12","广州陈李济药厂再向乒乓健儿表心意",44
"1995.5.13","深圳和香港达成协议合作治理深圳河",44
"1995.5.13","《深圳传奇》的魅力",44
"1995.5.15","广州人民机器厂以新取胜",44
"1995.5.15","拨开贫困的阴霾——记广东温氏食品集团有限公司",44
"1995.5.18","勇敢的一大步——深圳市物资总公司从商品经营到资本经营扫描",44
"1995.5.18","广东海关严厉打击成品油走私",44
"1995.5.19","汕头市委市政府为中国乒乓健儿庆功",44
"1995.5.19","生猪出栏增多存栏不减价格平稳广东广西喜气洋洋",44
"1995.5.22","深圳高新技术产业获长足发展产值达１３９．２７亿元，比６年前增长２９倍",44
"1995.5.22","全国田径锦标赛结束解放军和广东队分获男女团体第一",44
"1995.5.23","深圳新事——车丢包赔车坏包修",44
"1995.5.24","茂名石化四十年为国贡献逾百亿元",44
"1995.5.24","湛江加大反腐败力度一批违法乱纪者受到党纪处理和法律制裁",44
"1995.5.25","紧密结合改革开放和经济建设深圳市政协积极献计献策",44
"1995.5.25","李子彬当选深圳市市长",44
"1995.5.25","深圳研制成功复费率电度表",44
"1995.5.26","广东儿童剧《狼孩》在京公演",44
"1995.5.29","广州保税区已初具规模",44
"1995.5.30","深圳—合资企业依靠党支部开展工作",44
"1995.5.30","绝不能让案犯逃脱——汕尾特大盗窃吸毒犯罪团伙案侦破记",44
"1995.5.31","珠海机场建成通航李鹏总理出席并剪彩",44
"1995.5.31","再创“深圳速度”——中建三局一公司承建深圳地王商业大厦记事",44
"1995.5.31","广州市宗教界支持民族地区办教育第一期赠款２００万元",44
"1995.6.1","李鹏总理在珠海考察工作",44
"1995.6.1","为现代化奠定坚实的基础——深圳市加强农村基层建设的调查",44
"1995.6.3","留住青山白云间——广州整治白云山风景区纪实",44
"1995.6.6","天河成为广州高新技术产业密集区",44
"1995.6.6","湛江港夜景（）",44
"1995.6.7","惠州建全国乡企产品集散中心",44
"1995.6.7","世界乒乓球明星将在深圳角逐",44
"1995.6.8","中山市闲荒地重披“绿装”",44
"1995.6.8","ＡＣ米兰大胜广州太阳神队",44
"1995.6.9","广州举行国际旅游展销会",44
"1995.6.9","广东海关便民服务见成效",44
"1995.6.9","广州太阳神足球队更换主教练",44
"1995.6.12","粤西遭受特大暴雨袭击当地军民奋力抗灾抢险",44
"1995.6.13","广东房改步入正轨近半地市实行住房公积金制度",44
"1995.6.14","世界乒乓球明星赛深圳站中国队三人打进半决赛",44
"1995.6.16","铤而走险者戒——广东“鼎湖代开、虚开增值税专用发票特大案件”查处纪实",44
"1995.6.16","铤而走险者戒——广东“鼎湖代开、虚开增值税专用发票特大案件”查处纪实",44
"1995.6.16","集腋成裘可派大用场　百川归海能行万里船广东形成多元化科技投资格局",44
"1995.6.17","汕头举办中国乒乓球大奖赛邓亚萍等打入女单４强",44
"1995.6.18","深圳将举办名家字画精品拍卖会",44
"1995.6.19","“珠海之鹰”首航北京",44
"1995.6.19","湛江实施“以港兴市”发展战略",44
"1995.6.20","广东康宝电器厂善用法律武器",44
"1995.6.20","孙中山纪念台座在京发行",44
"1995.6.20","梅州海外乡亲１０年捐资７亿元助学",44
"1995.6.21","粤合同制职工近六百万",44
"1995.6.21","假冒产品肆虐市场穷追猛打决不姑息　广东“打假”取得进展",44
"1995.6.21","荷兰首相结束在广东访问离境",44
"1995.6.22","深圳机场公司探索资金管理新路",44
"1995.6.23","梅州杯国资管理知识竞赛揭晓",44
"1995.6.23","广州军区某团周末文体活动健康丰富",44
"1995.6.23","汕头涌动乒乓潮",44
"1995.6.25","国道清远段一级公路开工",44
"1995.6.26","深圳禁毒斗争措施得力战果显著",44
"1995.6.26","王珣章任中山大学校长",44
"1995.6.26","足协杯赛展开首轮角逐佛山逼和大连松日胜太阳神",44
"1995.6.27","万里神州一日还——记发展中的汕头航空股份有限公司",44
"1995.6.27","白色幽灵在挑战——广东省毒品问题透视录",44
"1995.6.28","增加投入培训师资提高待遇江门师范教育蓬勃发展",44
"1995.7.3","广东大亚湾核电站一号机组完成首次换料大修重新并网",44
"1995.7.3","足协杯赛产生八强广州太阳神队落马",44
"1995.7.3","回归“母亲”——广东经济发展与土地的关系考察之一",44
"1995.7.4","广东工业大学成立",44
"1995.7.6","广东星湖味精出口看好",44
"1995.7.8","深圳建成涉外人才培训基地",44
"1995.7.8","广州将办世界举重锦标赛中国体育报出版大会会刊",44
"1995.7.9","广东电视台推出书评节目",44
"1995.7.10","“鑫光”灿烂——珠海鑫光集团发展纪事",44
"1995.7.10","珠海破获增值税发票被盗大案",44
"1995.7.12","深圳人保公司抓紧汛期防灾工作",44
"1995.7.12","北上：广东文化视角的转变",44
"1995.7.13","广州将办进口商品交易会",44
"1995.7.14","深圳建立保真名牌商品批发市场",44
"1995.7.17","发挥优势　耕海牧渔阳江加快“海上阳江”建设步伐",44
"1995.7.17","四场激战高潮迭起中国足协杯赛决出四强半决赛：北京国安—济南泰山上海申花—广东宏远",44
"1995.7.17","呼唤配套——广东经济发展和土地的关系考察之二",44
"1995.7.19","打开省门发展区域经济赣闽粤边界贸易蓬勃发展",44
"1995.7.22","深圳足球队访柬首场获胜",44
"1995.7.25","中国深圳足球队访柬三战三胜",44
"1995.7.26","迎着难点突破——广东社会保险改革新进展",44
"1995.7.28","广东全面实施科教兴国战略",44
"1995.7.30","全国文学创作工作会议强调　把繁荣文艺的“三大件”落到实处选出８６部作品作为重点选题，在湖南、广东、上海、山东、内蒙古、山西建立首批文学创作中心",44
"1995.7.31","华夏艺术节将在深圳举行",44
"1995.7.31","新的土地观——广东经济发展和土地的关系考察之三",44
"1995.8.1","李岚清在深圳口岸管理体制试点会议上提出建设国际一流口岸",44
"1995.8.1","“贴心书记”——记广州军区某军械仓库政委胡多明",44
"1995.8.2","广东检察机关严厉打击新型犯罪查处非法虚开、代开、倒卖增值税发票案１１９件",44
"1995.8.3","规模化带来高效益湛江农业综合开发成果喜人",44
"1995.8.3","广州向柬赠送三十台抽水机",44
"1995.8.4","广东今年夏粮全面丰收",44
"1995.8.4","先富带后富特区带山区深圳捐资贵州三都县发展教育",44
"1995.8.4","武汉市各界人士集会纪念“中山”舰抗日罹难５７周年",44
"1995.8.5","广东省农科院科技开发成果转化效益不凡投入两个亿产出二百亿推动“三高”农业壮大自身实力留住高级人才",44
"1995.8.7","眼睛向内重视管理湛江国有企业减亏增盈",44
"1995.8.8","广州实行“名酒保险”",44
"1995.8.9","广东为高级人才创造成功“舞台”",44
"1995.8.9","广州市设立“文艺奖”",44
"1995.8.11","把海洋资源优势转化为经济优势广东建设“海上田园”",44
"1995.8.11","肇庆人武干部顾大局讲奉献",44
"1995.8.13","广州港新沙１至５泊位全面竣工",44
"1995.8.13","为储户提供优质服务茂名工行存款余额突破三十亿元",44
"1995.8.13","广州各界举行活动悼念十九路军阵亡将士",44
"1995.8.14","积极引导　加强管理　做好服务广东精神文化产品佳作迭出",44
"1995.8.14","广州夏天兴起“钟点房”",44
"1995.8.14","广州户外展览开幕",44
"1995.8.14","“我要向人民有个交代”——广东省开平市委书记黄广汉办学记",44
"1995.8.15","深圳推出新型高分子涂料",44
"1995.8.15","建设好班子　培养好书记　造就好队伍武警广东边防总队党建“五特别”",44
"1995.8.16","珠海华益集团投资菜篮子",44
"1995.8.18","中山否决近百重污染项目",44
"1995.8.19","政府高度重视　措施具体得力广东物价涨幅回落到１５％以内",44
"1995.8.19","广东书销售位居全国第一",44
"1995.8.19","爱岛　护岛　建岛——记广东省桂山边防检查站",44
"1995.8.21","广州火车站票霸仍猖獗",44
"1995.8.23","壮哉，军中好女儿——记广州医学高等专科学校一队的女学员们",44
"1995.8.25","深圳动产拍卖成交达五亿多元",44
"1995.8.28","深圳将办第２４届国际摄联大会",44
"1995.8.29","资产跨地区重组　凝聚大企业优势　仪征化纤购买佛山化纤全部产权",44
"1995.8.30","广州地铁施工刷新国内纪录",44
"1995.9.1","广厦千万间南粤人欢颜",44
"1995.9.4","广东：健力宝援助西藏教育",44
"1995.9.4","京沪粤部分学者回眸抗战烽火中国文化历尽劫波精魂不灭",44
"1995.9.6","深圳华侨城取消１０周年庆典节省经费邀请优秀教师参观",44
"1995.9.7","广州军区某团党委加强廉政建设",44
"1995.9.8","深圳市捐助红安贫困学生",44
"1995.9.11","深圳爱心送张北",44
"1995.9.11","上海广东连战连胜足球甲Ａ联赛保持领先",44
"1995.9.13","广东人保公司为外商提供保障",44
"1995.9.13","广州发现西汉南越国宫署遗址",44
"1995.9.13","违规推广“遗传工程稻”    广东万户农民受损失",44
"1995.9.14","全国围棋个人锦标赛在广州开幕",44
"1995.9.16","广州话剧团新排《春秋魂》",44
"1995.9.17","面向市场调整结构广州国有大中型企业走向振兴",44
"1995.9.18","广东严禁高校乱收费违章收费如数退还鼓励学生反映情况",44
"1995.9.18","甲Ａ联赛申花一枝独秀辽宁力克广东宏远",44
"1995.9.22","深圳：不平凡的十五年",44
"1995.9.23","丹心为民最闪光——记广东省台山市委书记方庭旺",44
"1995.9.23","深圳的“招工难”现象",44
"1995.9.27","创造良好法律环境促进特区经济发展珠海法院有力抵制地方保护主义",44
"1995.9.27","深圳举办国际高尔夫球比赛",44
"1995.9.28","广梅汕铁路全线开通货运形成横贯广东东西部运输大动脉",44
"1995.10.4","改善投资环境组建集团公司惠州工业发展快效益高",44
"1995.10.10","广州总院党委为老干部办实事",44
"1995.10.11","深圳银行大力开办离岸业务",44
"1995.10.11","广东人在内蒙古购西装（）",44
"1995.10.12","城运会首枚金牌产生深圳徐健雄力拔头筹",44
"1995.10.13","深圳城市合作商业银行开业",44
"1995.10.13","志存高远——广东凤阳企业集团董事长欧阳明的故事",44
"1995.10.16","从流通领域实施名牌保护战略深圳保真名牌商品批发市场开始运营",44
"1995.10.17","《新增广贤文》在广州问世",44
"1995.10.19","武警广东总队警容风纪纠察有成效",44
"1995.10.19","内外携手兴侨乡　全民重教结硕果江门举行五邑大校庆暨荣誉市民授荣庆典",44
"1995.10.21","深圳证券交易所领导班子调整",44
"1995.10.22","广州举办万人《黄河大合唱》",44
"1995.10.24","走近“深圳的维纳斯”——评长篇报告文学《深圳的维纳斯之谜》",44
"1995.10.26","广东岭澳核电站十一个合同和协议签字李鹏会见参加签字仪式中外代表",44
"1995.10.27","中国车手将参加中国珠海汽车大赛",44
"1995.10.28","潜下去还得浮上来——广东省湛江市委书记陈同庆一席谈",44
"1995.10.30","万人高歌《黄河大合唱》中国星海音乐周在广州开幕",44
"1995.10.31","“大众保姆”——深圳建设银行优质服务纪实",44
"1995.10.31","为了两地的安定繁荣——粤港警方联手打击犯罪纪实",44
"1995.11.2","救群众　勇士血沃草原为人民　英雄功建南粤",44
"1995.11.3","深圳沙头角文化生活点滴",44
"1995.11.5","中山国际海上俱乐部奠基",44
"1995.11.6","甲Ａ联赛上海申花提前加冕广东北京大连三强争亚军",44
"1995.11.6","与时代同行——大步向前的广州美院设计学科",44
"1995.11.7","汕头老人钟情潮乐",44
"1995.11.8","惠州将建罗浮山大观园",44
"1995.11.8","高尔夫球世界杯赛在深圳开幕",44
"1995.11.9","驻深圳官兵治理福田河床长岛县军民共建文化长廊",44
"1995.11.17","中山说日曾给中国等添了大麻烦",44
"1995.11.17","世界举重锦标赛在广州开幕",44
"1995.11.19","内贸部在深圳召开现场经验交流会推行生猪定点屠宰确保肉类市场稳定",44
"1995.11.20","广州农民办市场参与流通",44
"1995.11.20","广东工行为企业增贷７７亿元",44
"1995.11.20","广州世界举重大赛继续进行男女力士又各决出六枚金牌",44
"1995.11.23","广东农业综合效益明显提高",44
"1995.11.24","深圳七千失业员工重新就业",44
"1995.11.24","病人第一——记汕头市中心医院抢救科的医护人员",44
"1995.11.27","“人武之星”——记广东肇庆军转办主任陈灿辉",44
"1995.11.28","技术适用服务配套深圳中兴新公司开拓农村电信市场",44
"1995.11.28","网球巡回赛广州站开拍",44
"1995.11.30","网球巡回赛广州站进入正选赛",44
"1995.12.2","广州美院的气派",44
"1995.12.2","粤北山道“生命墙”",44
"1995.12.2","广州美院的气派",44
"1995.12.2","粤北山道“生命墙”",44
"1995.12.3","北京—武夷山—广州航线开通",44
"1995.12.3","北京—武夷山—广州航线开通",44
"1995.12.5","度十五年风雨　获两百余殊荣深圳边防分局功勋卓著",44
"1995.12.5","王兆国会见粤港澳青年企业家",44
"1995.12.5","王兆国会见粤港澳青年企业家",44
"1995.12.5","沙龙全国网球巡回赛广州站收拍",44
"1995.12.5","生机勃勃的湛江版画",44
"1995.12.6","宏远挑战申花　擂台设于东莞",44
"1995.12.7","江主席与卡斯特罗主席再次会晤江主席陪同卡斯特罗主席在深圳参观",44
"1995.12.7","卡斯特罗访问深圳",44
"1995.12.7","建设国际大都市　推进管理科学化深圳将把自己“装进”电脑",44
"1995.12.9","江泽民在深圳考察并会见香港知名人士时希望深圳经济特区更上一层楼为香港平稳过渡多作贡献",44
"1995.12.12","山区发展战略国际会议在粤举行",44
"1995.12.12","加纳总统访问深圳",44
"1995.12.12","广州白云山百亩山林起火一军医大800名师生奋勇扑救",44
"1995.12.13","东莞建成鞋业供销市场",44
"1995.12.14","汕头农村工作队被誉为“亲人队”",44
"1995.12.15","湛江开发利用高岭土资源",44
"1995.12.15","广东加强人武部门廉政建设",44
"1995.12.15","华夏民间收藏品展示会在惠州举行",44
"1995.12.16","深圳特大杀人抢劫案十三名主犯伏法",44
"1995.12.17","经济发展越快金融越要规范广东推出金融监管六举措",44
"1995.12.19","构建四级网络　及时化解矛盾深圳劳动关系平稳和谐",44
"1995.12.19","江门工交职业高中服务侨乡经济",44
"1995.12.22","“丽珠”科研人员获珠海市重奖",44
"1995.12.26","广东人民日报订数稳中有升沈阳超额完成今年征订计划",44
"1995.12.26","庆贺“苏哈尔”号船纪念碑揭幕阿曼派团赴广州",44
"1995.12.28","过去１５年成就辉煌　今后１５年任务艰巨珠海特区再创新优势",44
"1995.12.31","邹家华在广东考察时强调下功夫进一步提高经济运行质量",44
