﻿"index","news_title","prov_cde"
"1995.1.5","安徽处理一批违纪干部",34
"1995.1.6","安徽灾年农业增产农民增收人均收入920元，比上年增加196元",34
"1995.1.13","安徽财政收入大幅增长",34
"1995.1.13","我国第一所希望小学——安徽金寨县南溪镇中心小学剪影（）",34
"1995.1.14","香港新恒基总裁向安徽老区捐款",34
"1995.1.14","老子骑青牛出关名标史册　庄子状庖丁解牛传唱千古阜阳，崛起的中国黄牛“金三角”",34
"1995.1.17","阜阳进一步稳定完善土地承包强化所有权稳定承包权明确发包权放活使用权",34
"1995.1.19","京九阜阳枢纽投入运营",34
"1995.1.20","黄山索道８年安全运送游客４００万",34
"1995.1.21","合肥诚招八方客",34
"1995.1.23","卢荣景当选安徽省委书记",34
"1995.1.23","阜阳财政收入连上台阶",34
"1995.1.24","安徽工会“送温暖”治表又治本确定１００家亏损企业为解困重点",34
"1995.1.27","我首创新型生物复合肥",34
"1995.1.28","安庆开展送温暖活动",34
"1995.2.13","黄山二题",34
"1995.2.14","蚌埠市公安局预审员严云霞深挖积案",34
"1995.2.20","安徽农村储蓄突破２００亿元",34
"1995.2.21","阜阳一信用社刁难储户：恶劣！农行有关负责人就此事发言要求信用社改善服务",34
"1995.2.23","农村城市化的希望──安徽小城镇建设述评",34
"1995.2.24","让淮河在２０００年变清豫皖苏鲁四省共商治淮大计",34
"1995.2.26","回良玉当选安徽省省长",34
"1995.2.27","春季造林大规模展开苏皖浙等１１省区完成整地１７７４万亩造林４８１万亩",34
"1995.2.27","安徽六安：中药材收购困难",34
"1995.3.8","李鹏到宁皖陕青代表团听取意见时说创造条件缩小东西部差距中央和经济发达地区应积极支持民族地区经济发展",34
"1995.3.10","安徽宣中光代表说：经营者要注重自身建设",34
"1995.3.10","安徽回良玉等代表说：国有企业要多创名牌",34
"1995.3.11","抓住农业缩小差距——安徽贵州两省代表访谈",34
"1995.3.11","马鞍山下寺桥村",34
"1995.3.14","合肥：深化干部制度改革",34
"1995.3.18","安徽稳定粮油种植面积",34
"1995.3.19","铜陵大力推进配套改革去年财政收入增长五成，中小企业大多数扭亏为盈",34
"1995.3.20","宿州农民竞买“四荒”使用权",34
"1995.3.24","滁州：充实完善“大包干”",34
"1995.3.26","六安地区儿童获得一批赠书",34
"1995.3.27","铜陵职工踊跃购买住房",34
"1995.3.29","增加生产整顿市场搞好销售安徽着力组织化肥供应",34
"1995.3.29","中美男排对抗赛将在合肥和南京举行",34
"1995.3.29","安徽、四川、山东等省部分地区重新启用粮本、粮票，该如何看待这种现象？话说粮本现象",34
"1995.4.19","安徽第二监狱重视干警队伍建设",34
"1995.4.24","抓好重要商品的市场整顿安徽维护“菜篮子”商品交易秩序",34
"1995.4.26","“赶着黄牛奔小康”——来自我国“养牛之冠”阜阳的报告",34
"1995.4.27","全国书法艺术与道家美学学术讨论会在蚌埠举行",34
"1995.4.29","“三清”的学问——访安徽淮北市市长陈德胜",34
"1995.5.2","呕心沥血育“芳草”——记全国劳模、安徽芳草集团总经理朱桂根",34
"1995.5.5","设立专用基金制订奖励条例淮南为见义勇为者解忧",34
"1995.5.5","治理淮河流域污染动真格安徽年内关停并转六十余家污染大户",34
"1995.5.10","早调查早预测早安排安徽农金部门确保收购不打白条",34
"1995.5.12","安徽农业生产效益待提高",34
"1995.5.18","择优奖励扶贫扶志安徽省财税改革扭转争戴“贫困帽”怪现象",34
"1995.5.22","集重兵巧借力多下蛋安徽农科院１０年选育新品种６８个",34
"1995.5.23","铜陵筑巢引凤形成物流新格局",34
"1995.5.26","安徽举办首届乡村歌手赛",34
"1995.5.27","三国谋略与现代商战学术研讨会在合肥举行",34
"1995.5.29","芜湖搞好国有大中型企业又一探索光华玻璃厂“壮枝返接”出新绿",34
"1995.6.4","齐心舞好“长江龙”——安徽“开发皖江，呼应浦东”五年纪实",34
"1995.6.4","马鞍山五十万吨特钢工程奠基",34
"1995.6.5","亳州药材市场发展快",34
"1995.6.5","亳州药材市场发展快",34
"1995.6.6","亳州重奖党建工作先进",34
"1995.6.7","安徽农民文化消费比重上升",34
"1995.6.8","尘土难染“红绿灯”——记亳州市公安交警大队",34
"1995.6.8","我国大江大河及主要支流汛情平稳湘鄂赣皖川部分地区普降大到暴雨",34
"1995.6.9","芜湖机关干部下乡“对口扶持”",34
"1995.6.14","皖南新山村（）",34
"1995.6.19","黄山碑林动工兴建",34
"1995.6.22","安徽开展城乡青年互助活动",34
"1995.6.27","上海成为区域经济合作热点本报华东版分析安徽人为什么开进上海",34
"1995.7.3","规范农资市场遏制坑农现象——来自安徽六县、市农资市场的调查",34
"1995.7.5","依托食品加工开拓两个市场　安徽实施长江高效农业开发工程",34
"1995.7.8","从此不必“下扬州”——安徽定远县“私奔”现象透视",34
"1995.7.9","安徽春茧收购量近４０万担",34
"1995.7.9","安徽军民确保长江大堤",34
"1995.7.10","阜阳地区保险业发展快",34
"1995.7.15","安徽灾民生活得到妥善安置",34
"1995.7.18","马鞍山海狮巾被集团成立",34
"1995.7.23","黄山跨入国家级“安全山”行列",34
"1995.7.28","亳州金刚石厂告别作坊式生产",34
"1995.7.29","科学种田出“黄金”安徽界首市一九九二年创办“吨粮田建设指挥部”，小麦、棉花单产连续两年居全省第一，累计增加粮食一点三五亿公斤",34
"1995.7.31","安徽农行支农决心不动摇上半年投放贷款增加二十三亿元",34
"1995.8.11","合肥建野生动物园",34
"1995.8.14","安徽推广水稻旱育稀植技术",34
"1995.8.17","安徽省加快农村卫生组织建设",34
"1995.8.20","安徽加快推行公务员制度",34
"1995.8.26","假稻种事件引起强烈反响农业部长称决不熟视无睹农业部和本报组成的联合调查组近日将赶赴皖、湘等地调查事实真相",34
"1995.8.30","经调查假种危害不止岳西安徽受害面积达四万亩",34
"1995.9.8","阜阳农民卖油菜籽难",34
"1995.9.9","务实·肯学·善思——安徽省界首市市长陶克贵的谈话",34
"1995.9.12","淮北市委积极培养选拔青年干部",34
"1995.9.16","陈俊生在安徽考察时谈发展农村经济在集约经营上挖潜力增效益",34
"1995.9.17","安庆石化总厂二期工程竣工",34
"1995.9.23","情洒乡邮路——记安徽蒙城县小涧邮电支局乡邮员王文生",34
"1995.9.23","华佗故里谱新篇——记安徽省亳州市委书记饶益刚",34
"1995.9.29","既重查办更重防范安徽坚持反腐败服务经济建设",34
"1995.10.9","合肥工业大学喜迎５０周年校庆江泽民李鹏等题词",34
"1995.10.12","安徽等地假稻种事件基本查清",34
"1995.10.13","构筑安徽新形象——安徽实施名牌战略综述",34
"1995.10.13","阜阳实施黄牛系列开发规划",34
"1995.10.13","全国人大检查安徽“二五”普法工作检查组听取有关部门情况汇报",34
"1995.10.15","合肥开发开放后来居上一批名牌企业成为工业支柱",34
"1995.10.17","以高新技术为自己装上“千里眼”“顺风耳”合肥公安系统向科技要警力",34
"1995.10.17","煤海金秋笔会在淮北煤矿举办",34
"1995.10.17","安徽七名青年志愿者骑车万里行",34
"1995.10.18","运用生态工程　综合治理“三滩”安徽农大“兴林灭螺”辟新途",34
"1995.10.19","’９５全国名牌大会在合肥召开",34
"1995.10.19","吴邦国在山东安徽考察时强调　加快经济增长方式转变",34
"1995.10.24","合肥兴建特大型农贸批发市场",34
"1995.10.24","合肥市出台义务兵有关法规",34
"1995.10.26","《抗战在淮北》出版座谈会举行",34
"1995.10.29","花鼓灯研讨会在蚌埠举行",34
"1995.11.2","加大投入　重点突破　带动全局科技推动安徽机械工业快速发展",34
"1995.11.4","安徽富格集团在安庆成立",34
"1995.11.24","７００公斤复合肥施在果园中，４天后出现烧苗现象，接着，１６万株海棠苗枯萎，大量成年果树出现死亡……蹊跷肥害险恶杀手",34
"1995.11.26","吉林粮食又获丰收安徽农业全面增产",34
"1995.11.30","中国铜陵和智利安托法加斯塔结为姐妹城",34
"1995.12.3","绿了山　肥了田　富了民——安徽科教兴农奔小康剪影",34
"1995.12.10","贯彻税收政策增强执法力度安徽福建河南加快“两税”征收",34
"1995.12.12","把法律交给人民——安徽省“二五”普法纪实",34
"1995.12.14","苏皖军民携手办军交",34
"1995.12.21","大桥情结——记铜陵长江公路大桥施工指挥长陈明宪",34
"1995.12.23","让能人跳出来——安徽省宁国县县长刘庆强一席谈",34
"1995.12.25","皖南风景（）",34
"1995.12.27","铜陵长江公路大桥正式通车",34
