﻿"index","news_title","prov_cde"
"1995.1.1","节日期间留在北京西客站工地上的民工（）",11
"1995.1.1","为了孩子有歌唱——记北京儿童歌曲创作组",11
"1995.1.1","北京端门：中国伟人蜡像首次亮相",11
"1995.1.1","北京山区新年有新歌",11
"1995.1.1","“戴高乐”定居北京",11
"1995.1.2","北京吉普年销售４０亿元",11
"1995.1.2","所见寻常事留意即有情——北京东城区小学爱国主义教育二三事",11
"1995.1.3","北京南城最大商厦开业",11
"1995.1.3","北京乙烯主装置竣工",11
"1995.1.3","北京推出’９５学生免费音乐会",11
"1995.1.4","北京“菜百”坚持大众化服务方向",11
"1995.1.5","在北京过个年！",11
"1995.1.5","北京举行纪念南社活动",11
"1995.1.7","北京站实行全封闭式管理（）",11
"1995.1.8","北京站：整顿两月秩序井然已售出２５万余张预售票，比上年增１０万张",11
"1995.1.8","北京举办首场学生免费音乐会李岚清副总理写信祝贺",11
"1995.1.8","“少女课堂”——北京市１０９中学青春期教育侧记",11
"1995.1.10","《北京政协》公开发行",11
"1995.1.10","擅自停止供暖使百多户居民挨冻北京严肃查处事件责任者",11
"1995.1.10","北京市城镇企业职工实行大病医疗费社会统筹",11
"1995.1.11","北京小轿车失窃案频发",11
"1995.1.14","北京窦店粮多牛多农民富",11
"1995.1.14","北京天文台发现新天体亮度超过两千亿个太阳",11
"1995.1.14","北京海关查获走私珍贵古生物化石",11
"1995.1.14","北京电视台推出“时尚装苑”春节特辑",11
"1995.1.15","国安足球俱乐部为北京队“补血”投资比去年增１／３挑选符宾充任门将",11
"1995.1.16","风景这边正好——记发展中的北京旅游业",11
"1995.1.16","“中国房地产指数”进入运行首期指数描述北京市场",11
"1995.1.16","为企业发展网罗人才北京城建集团广招高校毕业生",11
"1995.1.16","北京公共关系学院获准成立",11
"1995.1.17","北京举办农民艺术节",11
"1995.1.18","北京对口支援三峡建设付诸实施",11
"1995.1.18","北京老年网球又掀高潮",11
"1995.1.19","民政部、总政治部、北京市政府　慰问军队离退休干部",11
"1995.1.19","白俄罗斯总统在北京参观",11
"1995.1.19","陈希同谈北京市贯彻全教会精神　优先发展教育要做到“六个优先”",11
"1995.1.19","武术老前辈桃李满天下　北京体育大学领导看望张文广",11
"1995.1.20","送走煤炉留下温暖——北京人的企盼不是梦",11
"1995.1.21","中央歌舞团推出全新歌舞晚会“大红灯笼”照亮北京新春舞台",11
"1995.1.21","北京举办第十届地坛庙会",11
"1995.1.22","北京站退管会热情照顾老同志",11
"1995.1.23","北京社会商品零售额创新水平",11
"1995.1.23","北京开展卷烟打假打私有成效",11
"1995.1.23","穷地方也能办好教育北京门头沟区　西安市高陵县教育投入逐年增加",11
"1995.1.24","结束对巴基斯坦等国访问中国军事代表团回到北京",11
"1995.1.24","美养老金存储机构设北京代表处决定在中国投资",11
"1995.1.25","人民日报·北京电台新闻快讯开屏",11
"1995.1.25","北京乙烯工程乙烯装置开车成功",11
"1995.1.25","北京严禁酒后开车违章者将被拘留吊扣驾驶证",11
"1995.1.25","北京开展“城市清洁日”活动",11
"1995.1.25","“桑塔纳专列”顺利抵达北京",11
"1995.1.25","抗战烽火中同行深化教改中携手中国人民大学北京理工大学合作办学",11
"1995.1.25","优化结构全面提高北京深化中专教育改革",11
"1995.1.25","北京将举办首次女子散打立擂大赛向世界妇女大会献礼",11
"1995.1.26","北京一家“军地婚姻服务库”开业４个月表明——女青年钟情解放军",11
"1995.1.26","北京吉祥学校依托社会办学",11
"1995.1.27","北京外经系统深化产权改革",11
"1995.1.27","北京市民委向民族人士通报工作情况",11
"1995.1.27","查处违法案维护版权人北京市版权保护工作有成效",11
"1995.1.28","党中央国务院慰问　公安干警武警官兵任建新罗干等到北京站看望春运执勤民警",11
"1995.1.28","北京举行迎春桥牌赛",11
"1995.1.29","陈锦华慰问北京物价系统干部职工时说群众监督物价经验值得推广",11
"1995.1.29","北京武术队应邀赴美训练",11
"1995.1.30","圆满结束对葡萄牙和瑞士的访问朱镕基副总理回到北京",11
"1995.1.30","北京西客站：　３０００民工就地过年",11
"1995.1.30","在北京过年很开心（）",11
"1995.1.30","北京检察机关反贪有力度",11
"1995.1.30","北京展示古老文化市民应接不暇排演当地新事农民自娱自乐",11
"1995.2.1","“您好，北京列车！”",11
"1995.2.1","北京人艺推出《天之骄子》",11
"1995.2.4","“以文兴商，情义服务”北京蓝岛大厦销售逾九亿元",11
"1995.2.4","北京市中小学拥有计算机１．３万台多还是少",11
"1995.2.5","北京又添一“大菜篮子”市场",11
"1995.2.5","北京“小不点儿”赴云南采访",11
"1995.2.5","外宾喜做一天北京人（）",11
"1995.2.5","北京上海山东江苏福建落实全教会精神增加投入实干兴教",11
"1995.2.6","北京商贸系统开展企业形象教育",11
"1995.2.6","北京市中级法院做出判决《我的前半生》著作权归溥仪",11
"1995.2.7","广开渠　缓放水——北京牡丹电子集团公司采访记",11
"1995.2.7","北京站内新景观",11
"1995.2.7","张丁华在北京市总工会成立４５周年座谈会上提出工会要推动自身改革和建设",11
"1995.2.8","北京丰台区加强公安基础建设",11
"1995.2.8","北京圣格公司重奖李德发教授",11
"1995.2.8","北京串列加速器核物理实验室完成百余课题我低能核物理研究达新高度",11
"1995.2.9","北京开通一条新闻信息专线",11
"1995.2.9","清华与北京体育大学合作办学发挥所长　优势互补",11
"1995.2.10","粥饭思不易物力念维艰——北京西中街小学开展勤俭节约教育纪事",11
"1995.2.11","从空中看北京（）",11
"1995.2.12","九五北京国际精品展将举行",11
"1995.2.12","深化体制改革　开拓演出市场北京市专业艺术表演团体走出低谷",11
"1995.2.13","中国猿人活动年限有新说北京猿人距今六十至二十五万年",11
"1995.2.13","父母科学育儿姥姥重新补课北京注重解决家教难点",11
"1995.2.15","功臣本色——记武警北京二总队十八支队副支队长尹福东",11
"1995.2.15","北京朝阳车管所干警为警清廉",11
"1995.2.15","走千家交百友北京天坛街道计划生育十年先进",11
"1995.2.15","俺在北京过年！",11
"1995.2.16","北京乙烯工程又一装置投产成功",11
"1995.2.16","北京将举办国际化妆博览会",11
"1995.2.16","北京军区实行“云梯计划”三年来选拔三百余名中青年重点培养",11
"1995.2.16","北京青年：现状与思考",11
"1995.2.18","北京将举办大型百货业博览会",11
"1995.2.18","ＡＢＢ公司在北京设立分部",11
"1995.2.18","为了明天科学城——北京市与中科院领导现场办公侧记",11
"1995.2.19","北京绿化美化见成效",11
"1995.2.19","新学期北京市教育局要求各中小学不以升学率奖惩学校停办各类“培训班”",11
"1995.2.19","带着成绩去北京——澳大利亚积极准备参加世界妇女大会",11
"1995.2.19","北京举行名人网球邀请赛",11
"1995.2.19","北京市九运会将于三月召开",11
"1995.2.20","外向带动科技驱动北京乡镇企业上新台阶",11
"1995.2.21","参加中美知识产权磋商美贸易副代表今日抵北京",11
"1995.2.23","北京新中港大厦奠基",11
"1995.2.23","北京市中级法院对邱氏鼠药案作出终审判决支持专家维护科学尊严　邱满囤败诉",11
"1995.2.23","北京市突击检查电子市场打击盗版行为　保护知识产权",11
"1995.2.24","北京外商直接投资去年比前年增１．２倍",11
"1995.2.24","北京工行人均创利１６．６万元建行在安康兴业扶贫出佳绩",11
"1995.2.24","北京成立棒垒球学校",11
"1995.2.25","李国安应邀到武警北京二总队作报告",11
"1995.2.27","“庆三八、迎四大、通向北京”首都举行万名中外妇女长跑活动",11
"1995.2.27","北京粤阳汽贸公司开业",11
"1995.2.27","通向北京",11
"1995.2.27","北京：生活垃圾变成建筑材料",11
"1995.2.27","北京科研院所大步走向产业化上海加快培育高新技术产业群",11
"1995.2.27","男篮八强赛再战两场前卫队以快制高胜北京队",11
"1995.2.28","北京美通公司努力开发新品",11
"1995.2.28","爱心献山乡——记北京青年志愿服务队进山服务",11
"1995.2.28","北京４名保安员勇擒持枪盗窃犯",11
"1995.3.2","北京海内公司干果加工上档次",11
"1995.3.2","男篮八强赛以弱胜强南京军区队爆冷门功亏一篑北京队老输关键球",11
"1995.3.2","巴黎—北京汽车拉力赛８月举行中国将有两组车手参赛",11
"1995.3.3","北京举行万成杯网球赛",11
"1995.3.3","北京将开展全民健身周末乒乓球赛活动",11
"1995.3.4","’９５北京妇女乐园开幕",11
"1995.3.4","他把体育教活了——记北京市６５中教师蔡福全",11
"1995.3.5","北京东区邮局精心服务两会",11
"1995.3.5","北京“北七家园区”特色突出",11
"1995.3.5","北京整顿交通秩序服务“两会”",11
"1995.3.5","北京国际儿童书博览会九月举行",11
"1995.3.5","北京国际女子公路接力赛日本队夺冠中国队第五",11
"1995.3.5","她们赛过了辽宁队——记北京公路接力赛友好组冠军内蒙古女队",11
"1995.3.6","北京民居：城市文化的变迁",11
"1995.3.7","李鹏参加北京代表团审议听取意见时说北京的建设要适合首都特点建议采取措施加强流动人口管理维护首都发展稳定",11
"1995.3.8","发挥妇女优势维护妇女权益４位女政协委员答记者问●时间：３月７日●地点：北京国际饭店“两会”新闻中心●被采访人：关涛、康泠、巫昌祯、陈受宜",11
"1995.3.8","北京雪花集团利用外资改造老企业",11
"1995.3.8","北京广播学院工学院成立",11
"1995.3.8","全球妇女盼聚北京",11
"1995.3.8","六月车轮滚滚赛车竞逐京城北京将举行汽车场地赛",11
"1995.3.8","家务劳动社会化，是一个社会走向现代化的标志之一。在北京，洗衣社会化，开始走进普通老百姓的生活。方兴未艾洗衣业",11
"1995.3.9","首届“龙登杯”北京老年秧歌赛结束",11
"1995.3.10","北京将开发建设望京新区",11
"1995.3.11","赴丹麦出席联合国社会发展世界首脑会议李鹏总理抵达哥本哈根离开北京时，朱镕基钱其琛李岚清等前往人民大会堂送行李鹏总理将在今天的首脑会议上发言",11
"1995.3.12","北京第一所职业武术学校落成运乔腾龙武校设施一流",11
"1995.3.13","北京１６０家国营菜店重姓“菜”",11
"1995.3.13","北京上海广州武汉南京等地举办活动纪念孙中山先生逝世７０周年",11
"1995.3.14","出席联合国社会发展世界首脑会议后李鹏总理回到北京朱镕基邹家华钱其琛李岚清等在人民大会堂迎接",11
"1995.3.15","“北极星”进北京西客站",11
"1995.3.17","北京宝鼎广场动工兴建",11
"1995.3.17","世界妇女大会筹备会议开幕审议北京会议《行动纲领》",11
"1995.3.17","北京春季长跑赛将开始",11
"1995.3.17","与中国妇女有关的数据（联合国第四次世界妇女大会将于９月４日—１５日在北京举行）",11
"1995.3.18","西班牙米罗画展将在北京举行",11
"1995.3.18","让孩子终身受益北京八十中加重体育砝码",11
"1995.3.19","好久没有这样热闹了——记北京全民健身周末乒乓球赛",11
"1995.3.19","为实施全民健身计划北京精华武馆面貌一新",11
"1995.3.20","北京设立消费者免费检测点",11
"1995.3.20","杨沫任北京四民武术研究社社长伍绍祖谈处理发展武术的四种关系",11
"1995.3.21","丰富“菜篮子”：北京市一大工程——菜价追踪之十二",11
"1995.3.21","亚洲羽坛高手下月云集北京",11
"1995.3.21","北京举行伟业杯网球赛",11
"1995.3.22","北京地区长话区号改为“１０”",11
"1995.3.22","联合国秘书长加利强调北京世妇大会是全球盛会",11
"1995.3.22","北京晚报举办体育摄影比赛",11
"1995.3.22","北京网球裁判员培训班开课",11
"1995.3.23","北京有个汽车配件城",11
"1995.3.23","北京中小学生喜获《新三字经》",11
"1995.3.23","北京市加强人才市场管理",11
"1995.3.24","北京佑安医院医德医风好",11
"1995.3.26","北京举行机械产品交易会",11
"1995.3.26","北京等省市团委将在西藏建立１４所希望小学",11
"1995.3.26","围棋双雄返回北京",11
"1995.3.27","北京新银座发展总公司正式运营",11
"1995.3.27","北京城市改造将留书店一席之地",11
"1995.3.27","北京春季长跑暨首届北京国际长跑节在京举行",11
"1995.3.28","北京汽车交易市场开市",11
"1995.3.28","北京军区为首都造美添绿每天出动数千官兵挥汗植树",11
"1995.3.28","北京西单商场依靠群众保平安",11
"1995.3.28","面对社会的挑选——’９５北京高校供需见面会见闻",11
"1995.3.28","舍得万金助教育——记北京章光一○一集团董事长赵章光",11
"1995.3.28","北京日报在人民大学设“新闻人才奖学金”",11
"1995.3.29","国航飞行总队安全飞行４０年艰苦创业先进事迹报告会在北京举行",11
"1995.3.29","北京外企协会越办越好",11
"1995.3.29","减轻负担方法多贵在改革与探索北京中小学教育质量提高有术",11
"1995.3.29","北京市财贸管理干部学院为企业培养急需人才",11
"1995.3.29","北京市体育工作会议开幕",11
"1995.3.30","北京建成大型建材自选市场",11
"1995.3.30","北京街头再奏英雄正气歌陈正军勇擒歹徒荣立二等功",11
"1995.3.30","北京首次对专利纠纷案实行证据保全",11
"1995.3.30","北京—米兰直达航线开通",11
"1995.3.30","男篮八强赛八一队再胜北京队首届中国篮球明星赛场定在上海",11
"1995.3.31","北京军区重点抓团以上干部",11
"1995.4.1","在不少严肃艺术场所举步维艰纷纷“转向”的时候——北京音乐厅缘何“火爆”？",11
"1995.4.1","北京中日新闻事业促进会成立",11
"1995.4.1","北京广岛摩托车友好赛将在京举行",11
"1995.4.1","’９５北京国际家用电器展览会开幕",11
"1995.4.2","输送专门人才　推广科研成果北京农业工程大学为农服务",11
"1995.4.3","天津汽车公司在北京设窗口",11
"1995.4.3","北京首家食品高科技企业投产",11
"1995.4.3","第四届北京国际博览会即将举行",11
"1995.4.4","中行北京分行个人外币存款多",11
"1995.4.4","用生命铸造永恒——北京中技克美谐波传动有限公司创业纪实",11
"1995.4.5","起飞阶段话发展——北京邮电通信业调查思考",11
"1995.4.5","中日合资开发北京西山矿泉",11
"1995.4.5","北京举办送戏下乡活动让农村儿童看上一场戏",11
"1995.4.7","向现代科技企业标准靠拢北京机电研究院改革见成效",11
"1995.4.9","北京中华武术女子散打立擂大赛开始",11
"1995.4.9","北京举行京港网球联谊赛",11
"1995.4.10","奥地利中央合作银行北京代表处开业",11
"1995.4.10","北京“爱鸟周”丰富多彩",11
"1995.4.11","北京齐天乐园开发运河旅游",11
"1995.4.11","北京国际博览会贸易成果喜人",11
"1995.4.11","北京鲲鹏集团肉食品生产系列化",11
"1995.4.11","我爱北京天安门（）",11
"1995.4.11","也门妇女界瞩望北京大会",11
"1995.4.11","北京国际举重邀请赛昨天举行中国选手超两项挺举亚洲纪录",11
"1995.4.11","羽翼未丰——北京国际举重邀请赛访谈",11
"1995.4.11","北京市民健身系列活动将推出",11
"1995.4.12","中共中央全国人大常委会国务院全国政协中央军委沉痛宣告陈云同志在北京逝世",11
"1995.4.12","北京国际举重邀请赛结束中国队男女团体总分均获第一",11
"1995.4.12","“生命热线”的呼唤——来自北京“１２０”的报告",11
"1995.4.12","都市史研究的丰硕成果——谈十卷本《北京通史》的编撰",11
"1995.4.13","为让市民吃上便宜鲜菜北京首家蔬菜产销协会成立",11
"1995.4.14","北京诺基亚移动通信有限公司成立",11
"1995.4.14","全国网球团体锦标赛进入尾声湖北上海男队北京浙江女队将争冠",11
"1995.4.15","北京制定外地来京务工经商人员管理条例",11
"1995.4.15","北京将建世界儿童和平墙",11
"1995.4.15","全国网球团体锦标赛收拍湖北北京分获男女冠军",11
"1995.4.15","北京电影学院演《原野》",11
"1995.4.16","北京将举办会计电算化成果展示会",11
"1995.4.16","北京军区开展纪念抗战胜利５０周年活动",11
"1995.4.16","朱家陆中国画在北京展出",11
"1995.4.17","北京至青岛优质优价列车开通",11
"1995.4.17","北京举行周末大众乒乓球赛",11
"1995.4.17","山东泰山队２∶１胜北京国安队",11
"1995.4.18","陈云同志遗体昨在北京火化中央领导前往医院沉痛送别",11
"1995.4.19","北京推荐涉台百家律师事务所百名律师",11
"1995.4.19","北京西客站显露雄姿（）",11
"1995.4.19","北京朝师附小让学生乐学会学",11
"1995.4.23","结束对日本和韩国的正式友好访问乔石委员长回到北京李瑞环等在人民大会堂迎接",11
"1995.4.23","北京直销书市开幕",11
"1995.4.23","北京日报举办世乒赛竞猜活动",11
"1995.4.24","瑞士外长科蒂抵达北京",11
"1995.4.25","从出了孙茂芳到救治杨小霞，北京军区总医院好人好事为何层出不穷？——医德医风常抓雷锋精神长驻",11
"1995.4.25","阿拉伯妇女大会开幕共同纲领将提交北京大会",11
"1995.4.25","世界竞走大赛日期临近北京赛场战前气氛渐浓",11
"1995.4.25","北京武术队赴美训练归来",11
"1995.4.26","全国劳模和先进工作者表彰大会２９日在北京人民大会堂隆重召开",11
"1995.4.26","北京华百公司党委关怀备至离退休职工“人走茶不凉”",11
"1995.4.26","我国音像事业迅速发展盗版行为基本得到遏制北京国际唱版权保护座谈会举行",11
"1995.4.26","北京举行乒乓球公开赛",11
"1995.4.27","北京全力以赴迎接全国劳模大会西藏全国劳模先进工作者抵京",11
"1995.4.27","北京重建梅兰芳京剧团",11
"1995.4.27","安达信公司将设北京办事处",11
"1995.4.27","北京国际职业台球赛即将打响",11
"1995.4.27","青春，在车厢里闪光——记北京公汽优秀售票员杨晓东",11
"1995.4.28","中共中央任命尉健行为中共北京市委书记批准陈希同引咎辞职",11
"1995.4.28","泛太平洋贸易中心北京联络处成立",11
"1995.4.29","’９５北京台商投资洽谈会取得成果",11
"1995.4.29","北京举行中印友谊奖设立十周年庆祝活动",11
"1995.4.29","文科教育的新尝试——培养通才——记北京大学文史哲综合试验班",11
"1995.4.30","胡锦涛在北京市区县局党员领导干部会议上强调认真贯彻党中央关于北京市工作指示精神把首都改革开放现代化建设继续推向前进",11
"1995.5.2","北京又见草莓红",11
"1995.5.2","北京“五一”格外热闹",11
"1995.5.2","维护秩序排解纠纷服务民众北京两千巡警上岗",11
"1995.5.2","北京昨起严格限制养犬",11
"1995.5.2","北京外来人口超过３００万",11
"1995.5.2","产学研结合优势互补太阳集热管快步上市清华与北京玻璃仪器厂共创佳绩",11
"1995.5.2","明做人之理导美德之行北京和平里四小试读《新三字经》",11
"1995.5.2","《北京法制报》捐资助学",11
"1995.5.3","规范价格秩序抑制通货膨胀北京加大市场管理力度",11
"1995.5.3","近几年，洋酒大军压境，价格居高不下，国内一些厂家、商家也“嫌贫爱富”，在高价上做文章，而北京红星二锅头不为所动，执著地走自己的路——在百姓中定位",11
"1995.5.3","北京圆明园学院发起教育扶贫首都十五所中学今秋接纳老区学生",11
"1995.5.4","北京欢迎劳模载誉归来尉健行强调要在全社会弘扬劳模精神，促进北京的改革、发展和稳定",11
"1995.5.4","北京觅港肉牛养殖有限公司成立",11
"1995.5.5","北京举行十八岁成人仪式参加仪式学生誓以火红青春建设锦绣中华李岚清希望青年肩负振兴祖国的历史责任",11
"1995.5.5","北京电视台推出午间节目《都市阳光》",11
"1995.5.7","北京艺术博物馆揽胜文明之光",11
"1995.5.8","北京建起大型陶瓷商城",11
"1995.5.8","北京成立病友俱乐部",11
"1995.5.9","北京四通松下电工有限公司开工",11
"1995.5.9","红旗列车时代风——记郑州客运段北京车队党支部",11
"1995.5.10","武警北京总队十支队团委发挥助手作用",11
"1995.5.10","北京国际元老乒乓球锦标赛结束",11
"1995.5.11","圆满结束莫斯科之行江泽民主席回到北京李鹏乔石李瑞环刘华清荣毅仁等在人民大会堂迎接",11
"1995.5.11","北京朝外办事处为驻军办实事",11
"1995.5.12","北京采用专家系统管理小麦",11
"1995.5.12","北京理工大学董事会成立",11
"1995.5.12","春风迎笑语京台话合作——北京台商投资洽谈会侧记",11
"1995.5.13","北京电视台新栏目《都市阳光》播出",11
"1995.5.15","今日鲁班风采——记铁道部建厂工程局北京第一建筑工程处",11
"1995.5.16","扶贫先扶智治穷先治愚北京建设大学为老少边穷地区育人",11
"1995.5.17","九五北京周边地区旅游展示会日前举行",11
"1995.5.17","北京万通新世界广场封顶",11
"1995.5.17","中以示范农场在北京永乐店农场剪彩",11
"1995.5.17","尉健行会见莫斯科市长时说北京当前各方面情况是好的北京与莫斯科结为友好城市",11
"1995.5.18","北京高校教师住宅小区建设进展顺利尉健行勉励施工人员精心施工确保按期交付使用",11
"1995.5.18","北京，我们期待着……——在津各方妇女访谈录",11
"1995.5.18","英国足球劲旅访华首遭败绩北京国安队勇胜阿森纳队",11
"1995.5.19","北京汽车工业正式组建集团",11
"1995.5.19","北京北方汽车交易市场开业",11
"1995.5.19","北京举办职业与人才劳务交流洽谈会",11
"1995.5.20","北京拍摄两部二战专题",11
"1995.5.22","北京国际工程机械展览会举行",11
"1995.5.22","迎接全国科技大会召开北京开展科技周活动",11
"1995.5.22","北京儿童举办严肃音乐会",11
"1995.5.23","北京推出节水型自来水龙头",11
"1995.5.23","北京市民有口福瓜多品质优",11
"1995.5.23","北京农大举办农民科技日新设辨识伪劣生产资料咨询台",11
"1995.5.24","北京市民族传统体育运动会闭幕",11
"1995.5.25","北京空气净化器市场问题突出",11
"1995.5.25","尉健行寄语北京援藏干部——学习孔繁森重在实效",11
"1995.5.25","博士后赴北京房山科技服务",11
"1995.5.25","一路欢歌一路情——记北京市１０１路公共汽车售票员李路",11
"1995.5.26","美国新思科技公司北京办事处成立",11
"1995.5.26","全国围棋团体赛在漳州收盘浙江一队北京队分获男女组冠军",11
"1995.5.27","北京市青少年音像出版社“六一”出新作",11
"1995.5.28","第一次亚区域禁毒会议在京举行通过《亚区域禁毒行动计划》和《北京宣言》",11
"1995.5.28","为“全国助残日”　北京音乐台办音乐会",11
"1995.5.29","北京电视台“六一”播出文艺晚会",11
"1995.5.29","足球甲Ａ联赛北京队一马当先",11
"1995.5.30","北京侨资企业协会成立",11
"1995.5.30","北京海内公司成为干果加工龙头企业",11
"1995.5.30","北京市民喜健身万人骑车游三环",11
"1995.5.30","北京崇文公安分局深入宣传限制养犬规定",11
"1995.5.31","北京建行开办通存通兑业务",11
"1995.5.31","北京朝阳区积极开展智力拥军",11
"1995.5.31","北京艺术学校音乐分校成立",11
"1995.5.31","寻回“北京菜”",11
"1995.6.1","首届“首都青年科技企业家之星”评选揭晓第二届北京青少年科技博览会闭幕",11
"1995.6.3","尉健行会见香港客人时说北京市改革开放政策不变",11
"1995.6.3","北京智力开发函授学院教育扶贫成效显著",11
"1995.6.3","北京市８８个国家重点实验室开放",11
"1995.6.4","北京经济技术开发区依法建设入区企业９０家，总金额近７亿美元",11
"1995.6.6","北京大潮家具城开业",11
"1995.6.6","北京职业介绍机构达七十九家",11
"1995.6.7","九五北京国际精品展洽会举行",11
"1995.6.7","北京社会主义学院新校舍投入使用",11
"1995.6.7","北京为世界妇女大会培训人员",11
"1995.6.8","’９５北京国际中国书画周开幕",11
"1995.6.8","长中国人的志气——记北京科技大学校长杨天钧",11
"1995.6.8","北京举办“科技与跨世纪”演讲比赛",11
"1995.6.9","民生银行入主北京万通新世界广场",11
"1995.6.10","北京西藏大厦奠基",11
"1995.6.10","北京台《大社会·新生活》栏目获好评",11
"1995.6.11","北京’９５春季艺术品拍卖透视",11
"1995.6.12","北京同仁医院吸引留学人员归来",11
"1995.6.12","北京举办’９５昂立科普宣传月",11
"1995.6.12","足球甲Ａ联赛第一阶段结束北京国安队积分领先",11
"1995.6.13","借资兴企借窝下蛋——北京东安集团开拓经营记事",11
"1995.6.13","北京笔电新人信息技术有限公司成立",11
"1995.6.13","维护法律的尊严——记北京市公安局西城分局预审员汪秀珍",11
"1995.6.14","美国信安相互人保设北京代表处",11
"1995.6.14","北京兴洲会计师事务所业务红火",11
"1995.6.14","北京两区县实现公共场所用字规范化",11
"1995.6.14","北京国安队今晚迎战ＡＣ米兰队",11
"1995.6.15","北京销毁一批假劣药品",11
"1995.6.15","互射点球分高下ＡＣ米兰队小胜北京国安队",11
"1995.6.16","高标准严要求北京军区领导廉政建设扎实有效",11
"1995.6.16","高标准严要求北京军区领导廉政建设扎实有效",11
"1995.6.16","北京房山区向建筑工人赠书",11
"1995.6.17","九五北京国际电视市场即将开幕",11
"1995.6.18","北京舞蹈学院建立音乐剧基地",11
"1995.6.18","北京音乐台成立“琴童联谊会”",11
"1995.6.19","“珠海之鹰”首航北京",11
"1995.6.19","结合特点开展工作团结青年投身四化北京市青联献力首都改革开放",11
"1995.6.19","北京日报北京晚报上海记者站成立",11
"1995.6.19","走自己产业化之路——北京市太阳能所１０年改革纪实",11
"1995.6.20","北京书馆又“热”了",11
"1995.6.20","北京九洲床具闯进大市场",11
"1995.6.20","北京组建高科技人才住宅合作社",11
"1995.6.20","北京加强外来务工经商人员管理近期内外来人口总量将控制在三百万人左右",11
"1995.6.21","北京建行房信部保管箱业务开业",11
"1995.6.21","张万年在北京军区干部集训会上强调　抓好教育训练改革目标的落实",11
"1995.6.22","建设者的风采——北京西客站纪实",11
"1995.6.22","从北京到明斯克",11
"1995.6.23","北京乐金电子部品有限公司成立",11
"1995.6.23","北京青联七届一次全会召开",11
"1995.6.23","国际化学“奥赛”七月在北京举行",11
"1995.6.24","十八位港澳青年担任北京市青联委员",11
"1995.6.25","北京去年节电４．８亿千瓦时",11
"1995.6.26","北京电车运营二场举办“五爱”职业演讲活动",11
"1995.6.26","北京汽车场地赛落幕",11
"1995.6.27","香港——北京汽车拉力赛将于十月举行",11
"1995.6.27","超级摩托车越野赛在北京举行",11
"1995.6.27","与国际惯例接轨——访北京青年律师张涌涛",11
"1995.6.28","商品，亮出“身份”——北京禁销无中文标识商品实录",11
"1995.6.29","圆满结束对白俄罗斯乌克兰俄罗斯的访问李鹏总理回到北京朱镕基钱其琛姜春云等到人民大会堂迎接离莫斯科时切尔诺梅尔金总理主持隆重欢送仪式",11
"1995.6.30","北京市表彰先进基层党委和党委书记尉健行强调进一步加强党的建设，深入开展反腐败斗争",11
"1995.6.30","邹家华回到北京",11
"1995.7.1","全民健身口号响亮地喊起来北京上海等地积极实施全民健身计划",11
"1995.7.2","结束对拉美四国的访问李瑞环回到北京乔石等到人民大会堂迎接",11
"1995.7.2","李岚清访问俄罗斯等５国后回到北京",11
"1995.7.3","北京祝贺王洛宾艺术生涯６０年",11
"1995.7.3","攻关不畏难——记北京华戎生物激素厂厂长王建山",11
"1995.7.3","国际化学奥赛移师北京",11
"1995.7.5","北京市人大常委会决定　撤销王宝森的副市长职务",11
"1995.7.5","北京东百发建材城开业",11
"1995.7.6","尉健行在北京市区县局党员领导干部大会上指出党完全有能力清除腐败分子",11
"1995.7.6","北京推出四方牌樟脑系列产品",11
"1995.7.6","武警北京总队抓好“菜篮子”",11
"1995.7.6","北京武警九支队为官兵排忧解难",11
"1995.7.7","新版《北京电话号簿》出版",11
"1995.7.7","幸运的一代——访港事顾问、北京市青联副主席李秀恒",11
"1995.7.8","北京各界代表集会卢沟桥尉健行说：让我们每个人都肩负起民族振兴的伟大使命",11
"1995.7.8","考场之外——北京高考第一天见闻",11
"1995.7.9","进一步完善新税制——访北京市国税局局长孙志强",11
"1995.7.9","第五十届国际统计大会将在北京举行",11
"1995.7.10","山东超额完成夏粮定购任务北京今年小麦又获丰收",11
"1995.7.10","增强党性提高素质实现小康北京郊区开展“做合格党员”专题教育",11
"1995.7.10","全国足球锦标赛展开第二轮角逐松日再爆冷门北京力克大连",11
"1995.7.11","北京国库券兑付快",11
"1995.7.11","北京市黄埔军校同学会集会纪念抗战胜利五十周年",11
"1995.7.12","心血浇灌“黄金树”——记北京市大兴县委书记王耀平",11
"1995.7.12","推动实施《全民健身计划纲要》北京全民健身宣传周有声有色",11
"1995.7.13","拜耳公司与北京合建药厂",11
"1995.7.13","发电设备如期制成北京地区年底不再拉闸限电",11
"1995.7.13","北京中小学今天放暑假假期生活丰富多彩",11
"1995.7.13","走近员工——记北京新型建筑材料总厂构筑健身城",11
"1995.7.13","北京举办“尹湛纳希研究三种座谈会”",11
"1995.7.14","北京革制品厂香河分厂开发新产品",11
"1995.7.14","北京首届中学生台球公开赛举行",11
"1995.7.16","北京举办抗战歌曲免费音乐会",11
"1995.7.16","结束对泰国、缅甸友好访问迟浩田回到北京",11
"1995.7.17","圆满结束对芬兰匈牙利和德国的国事访问江泽民主席回到北京李鹏乔石李瑞环刘华清荣毅仁等到人民大会堂迎接",11
"1995.7.17","北京国旅接待游客三百五十万人次",11
"1995.7.17","武警北京总队制定切实防汛方案",11
"1995.7.17","四场激战高潮迭起中国足协杯赛决出四强半决赛：北京国安—济南泰山上海申花—广东宏远",11
"1995.7.18","应邀前往非洲七国进行正式友好访问　朱镕基副总理离开北京",11
"1995.7.18","北京地铁装上了电话",11
"1995.7.18","优势互补　资源共享北京６所卫校联合办学效益高",11
"1995.7.18","通过继续教育　提高学历层次北京为小学教师设自学考试科目",11
"1995.7.19","北京市保险公司保费收入大幅增加",11
"1995.7.19","北京环球通达电信公司成立",11
"1995.7.19","北京举行防火器材演示会",11
"1995.7.19","北京科学基金促进基础研究",11
"1995.7.19","以“走向北京”为主题欧亚妇女大会开幕",11
"1995.7.19","北京棒球队夺得全国冠军",11
"1995.7.19","北京将首次举办沙滩排球赛",11
"1995.7.19","北京中小学生足球赛参赛队逾千",11
"1995.7.20","为了多出几个“谢军”——北京市国际象棋新星大赛侧记",11
"1995.7.20","北京国际少儿网球赛收拍",11
"1995.7.20","把尊严留给客人——探访北京西苑饭店的全国“青年文明号”",11
"1995.7.21","北京西客站用上新型涂料",11
"1995.7.22","北京上半年经济发展势头好尉健行强调端正建设方向把首都经济搞得更好",11
"1995.7.22","北京中关村改建规划设计竞赛揭晓",11
"1995.7.24","中房指数勾画北京房地产走势",11
"1995.7.24","高少平献身国防以身殉职北京军区为他追记一等功",11
"1995.7.24","足协杯半决赛第一回合交锋北京国安队上海申花队领先",11
"1995.7.24","北京首批社会体育指导员取得证书",11
"1995.7.25","北京落实１９９５年度安居工程建设资金",11
"1995.7.25","亚特兰大奥运会邀请书送达北京我健儿备战奥运进入倒计时",11
"1995.7.25","北京西城公安分局打击卖淫嫖娼活动",11
"1995.7.26","尉健行李其炎会见郭炳湘一行时表示北京坚定不移开放引资",11
"1995.7.26","北京将对护士实施继续教育",11
"1995.7.26","桃李遍五洲——访北京巴基斯坦学校",11
"1995.7.26","黎巴嫩总统夫人接受新华社记者采访期望北京世妇大会成功",11
"1995.7.26","巴黎—莫斯科—乌兰巴托—北京中国车手下月参加汽车拉力赛",11
"1995.7.27","北京张家口携手扶贫",11
"1995.7.27","尉健行在北京市科技大会上提出北京要大力发掘科技优势和潜力",11
"1995.7.27","保妇女发起“走向北京”运动",11
"1995.7.27","北京—拉萨摩托车拉力赛参赛选手全部为女车手",11
"1995.7.27","北京电视台举办《国际动画展播》活动",11
"1995.7.28","前往文莱参加东盟外长会议钱其琛外长离开北京",11
"1995.7.28","中行北京分行信用卡机房落成",11
"1995.7.28","大别山与北京小朋友手拉手“爱心夏令营”在京闭营",11
"1995.7.29","北京女子手球队蝉联全国冠军",11
"1995.7.30","北京第九水厂二期工程竣工通水",11
"1995.7.30","中国艺术博览会移位北京",11
"1995.7.31","非洲妇女积极准备参加世妇会“妇女和平火炬”将从非洲传递到北京",11
"1995.7.31","北京举行中学生星牌杯台球赛",11
"1995.8.1","北京工商银行储蓄存款超六百亿元",11
"1995.8.1","北京使用降水概率天气预报",11
"1995.8.1","拉美议会妇女会议结束将向北京世妇会递交文件",11
"1995.8.1","北京理工大学认真抓好“推优”工作",11
"1995.8.2","北京动员全市人民搞好服务确保世界妇女大会顺利召开",11
"1995.8.2","北京实施出租汽车管理新办法",11
"1995.8.2","首届伊斯兰国家女议员大会开幕阿富汗决定派团参加北京世妇会",11
"1995.8.2","和平火炬传北京",11
"1995.8.2","北京中韩足球对抗赛“老虎”咬伤国安",11
"1995.8.2","北京——盛夏义卖情更热",11
"1995.8.3","北京儿艺送戏下乡受欢迎３个月为京郊７区县１１万多名农村少年儿童演出７０场",11
"1995.8.3","北京惩处一批火车票贩子今年以来抓获票贩子逾５０００人",11
"1995.8.3","世妇会主会场电视墙与北京站视屏联网",11
"1995.8.4","电信继续保持强劲发展势头北京等９城市电话普及率超过３０％",11
"1995.8.4","北京公安机关决心做好世妇会保卫工作",11
"1995.8.4","北京第一热电厂为武警某部办实事",11
"1995.8.5","北京铁路局暑运首战告捷",11
"1995.8.6","结束对非洲七国正式友好访问朱镕基副总理回到北京",11
"1995.8.6","各地歌手聚集北京高歌“光荣与和平”",11
"1995.8.7","汇丰银行北京分行开业",11
"1995.8.7","北京拍卖行成功举办首次超标汽车拍卖会",11
"1995.8.8","维护消费者和经营者的合法权益北京制定禁止使用杆秤规定",11
"1995.8.8","北京房地产交易中心开业",11
"1995.8.9","北京西单国际大厦提前封顶",11
"1995.8.9","首届北京—拉萨摩托车拉力赛开赛",11
"1995.8.9","“８·１５”之夜北京推出大型晚会《人民必胜》",11
"1995.8.10","超高速ＣＴ在北京阜外医院投入使用",11
"1995.8.10","北京用准分子激光治疗近视眼",11
"1995.8.10","暑期乐园——北京市西城区奋斗小学见闻",11
"1995.8.10","和平列车驶向北京",11
"1995.8.11","北京“窗口”行业开展职业道德教育",11
"1995.8.11","赫尔辛基——北京和平列车抵达基辅",11
"1995.8.12","北京至泰安旅游专列对开",11
"1995.8.14","北京将建无污染洁净居住区",11
"1995.8.14","北京万通公司引进美国商业管理",11
"1995.8.14","北京今夏低温阴雨",11
"1995.8.14","集各方优势　育“四有”新人北京西城区加强社区青少年教育",11
"1995.8.14","全国足球甲级Ａ组联赛北京继续领先　辽宁客场惨败",11
"1995.8.14","北京牌彩电配件难买",11
"1995.8.15","北京军区召开纪念抗战胜利大会",11
"1995.8.15","各国友人致函国际台祝贺妇女大会将在北京召开",11
"1995.8.15","北京市召开动员大会采取措施保证世妇会车辆安全畅通",11
"1995.8.15","“决不埋没一棵好苗子”——北京高校招生录取现场见闻",11
"1995.8.15","世妇大会秘书长蒙盖拉夫人　赞扬北京世妇大会筹备工作阿盟将派代表团参加世妇会",11
"1995.8.16","驻守北京站武警抓培训迎世妇会",11
"1995.8.16","北京边防总队全力以赴迎世妇会",11
"1995.8.17","北京国际汽车装备展览会开幕",11
"1995.8.17","北京举办压力容器焊接技术培训班",11
"1995.8.17","北京新世纪国际科贸研修学院成立",11
"1995.8.17","加凝聚力　增竞争感——访煤炭科学研究院北京青年创新社",11
"1995.8.17","北京中小学生百队足球赛落幕",11
"1995.8.17","北京国际少儿棒球邀请赛结束",11
"1995.8.17","沙滩排球“落户”北京",11
"1995.8.18","武警北京九支队继承爱国传统",11
"1995.8.18","十万北京青年志愿者将服务世妇会",11
"1995.8.18","北京强化基层司法行政职能共有调解组织１．４万多个",11
"1995.8.18","酷暑中的24小时——北京吉普汽车有限公司工人生产纪实",11
"1995.8.20","北京世妇会通信工作筹备就绪",11
"1995.8.21","北京积极做好迎接世妇会准备工作首都国际机场落实安全保卫措施",11
"1995.8.22","北京什刹海古玩市场开业",11
"1995.8.22","“北京艺术节”将于九月举办",11
"1995.8.22","北京市新华书店举办电脑类书展",11
"1995.8.23","北京开展黄金饰品检测",11
"1995.8.23","北京电视台播出《战争与和平》",11
"1995.8.23","“李成智杯”北京国际象棋赛开幕",11
"1995.8.24","成就源于不懈的努力——记北京农业大学植物营养系张福锁教授",11
"1995.8.24","利用科技手段实现金融服务自动化北京中行首开本外币储蓄通存通兑",11
"1995.8.24","北京建成大型体育娱乐中心",11
"1995.8.25","北京木樨园工业品综合批发市场开业",11
"1995.8.26","世界各国关注北京世妇会",11
"1995.8.28","武警北京总队全力迎接世妇会",11
"1995.8.28","数千北京青年志愿者开始为世妇会服务",11
"1995.8.28","北京上地信息产业基地发展势头看好七十六家中外高科技企业投资筑巢",11
"1995.8.29","北京全华国际招商中心成立",11
"1995.8.29","确保道路交通安全畅通世妇会期间北京采取交通管制措施",11
"1995.8.29","艺术与科学联姻　传统同现代结合北京工艺美校教改充满活力",11
"1995.8.29","世界四城市围棋赛北京少年队夺冠",11
"1995.8.29","相聚在北京（）",11
"1995.8.30","北京中秋月饼特色突出",11
"1995.8.30","武警北京二总队为世妇会安保献力",11
"1995.8.30","九五北京非政府组织妇女论坛今日开幕我国五十六个民族都有人员出席　筹备四十四个专题研讨会",11
"1995.8.31","相聚在北京——九五非政府组织妇女论坛开幕式侧记",11
"1995.8.31","北京台球学校起点高",11
"1995.9.1","武警北京总队十支队官兵讲奉献",11
"1995.9.1","北京召开贯彻《教育法》座谈会",11
"1995.9.4","北京：京广中心建希望小学",11
"1995.9.4","黎总统夫人祝世妇会成功阿一组织赞扬北京举办全球妇女盛会",11
"1995.9.5","出席世妇会各国来宾会聚北京我国政府举行盛大欢迎仪式江泽民主席会见各国贵宾",11
"1995.9.5","满载西藏人民对党中央和全国人民的深厚情意中央代表团回到北京",11
"1995.9.5","北京北新桥街道为民服务结硕果",11
"1995.9.5","阿根廷《民族报》就世妇会发表社论《北京：为了妇女的平等》",11
"1995.9.5","北京国际象棋公开赛鸣金汪自力将申报国际特级大师",11
"1995.9.5","北京边防总队深入进行人生观教育",11
"1995.9.5","北京铁路警察打掉一批犯罪团伙",11
"1995.9.6","欢乐在今朝——《相聚在北京》大型文艺演出素描",11
"1995.9.6","四任秘书长相聚在北京（）",11
"1995.9.6","北京艺术节开幕",11
"1995.9.7","三十年心血倾注山区教育田沛发优秀事迹感人至深中宣部国家教委北京市委举行报告会",11
"1995.9.7","《相聚在北京》演出幕后",11
"1995.9.7","世妇会专场音乐会在北京音乐厅举行",11
"1995.9.7","北京爱立信移动通信有限公司成立",11
"1995.9.7","北京组建“全国防水精品市场”",11
"1995.9.7","北京市完成军转干部安置任务",11
"1995.9.7","世界女排大奖赛第四站中国姑娘将在北京亮相",11
"1995.9.7","北京威克瑞足球俱乐部成立",11
"1995.9.8","世妇会议员日活动在京举行乔石委员长出席并致辞通过北京《议员日宣言》",11
"1995.9.8","传播精神文明的天使——记北京军区某部女兵六连",11
"1995.9.8","李岚清会见北京重点中学老区学生时强调振兴老区关键靠教育靠人才",11
"1995.9.9","’９５北京非政府组织妇女论坛闭幕论坛总召集人素帕达拉说，我们已经取得成功",11
"1995.9.9","难忘您，北京ＮＧＯ！——’９５妇女论坛与会者谈怀柔印象",11
"1995.9.9","北京ＮＧＯ，新的起点——九五妇女论坛闭幕日速写",11
"1995.9.9","中国组委会在怀柔举行新闻发布会’９５北京妇女论坛圆满成功素帕达拉对大会组织服务工作给予高度评价",11
"1995.9.10","全球姐妹的盛会——’９５北京非政府组织妇女论坛回眸",11
"1995.9.10","北京表彰一批优秀教师尉健行要求努力建设一支一流教师队伍",11
"1995.9.11","学高众望归——记民主推举的北京师范大学校长陆善镇",11
"1995.9.11","北京可口可乐捐资助教",11
"1995.9.11","《北京周报》发表文章中美两国妇女状况之比较",11
"1995.9.11","世界女排大奖赛北京站比赛美国队夺冠中国队第二",11
"1995.9.12","北京铁路公安机关落实巡线制度",11
"1995.9.13","法国代表团团长说北京世妇会进展显著",11
"1995.9.13","葡外长谈北京世妇会时说中国积极参与国际事务",11
"1995.9.13","乌妇联主席归国话北京妇女论坛赞扬大会组织出色",11
"1995.9.13","英《卫报》发表社论认为北京ＮＧＯ论坛取得成果",11
"1995.9.13","北京国际马拉松赛即将举行",11
"1995.9.14","《相聚在北京》受热烈赞扬陈慕华彭珮云会见主创人员感谢他们为祖国争光",11
"1995.9.14","杜勇、王光亚介绍《北京宣言》和《行动纲领》磋商情况既顺利又艰苦",11
"1995.9.14","巴基斯坦非政府组织妇女代表归国后表示北京怀柔令人难忘",11
"1995.9.14","哈妇女代表盛赞北京ＮＧＯ论坛",11
"1995.9.14","一次成功的会议——英中文化中心主任麦克贝恩女士谈北京ＮＧＯ论坛",11
"1995.9.14","七月，孔书记在北京",11
"1995.9.15","就《北京宣言》和《行动纲领》中个别问题世妇会继续讨论磋商",11
"1995.9.15","我们代表北京——北京青年志愿者的话",11
"1995.9.15","荣毅仁考察北京中以示范农场",11
"1995.9.15","北京举办书节八万种新书上市十万种藏书参展",11
"1995.9.15","俄代表称颂北京ＮＧＯ论坛",11
"1995.9.15","农业：如何由弱变强——访北京农业大学教授郑大豪",11
"1995.9.16","以行动谋求平等、发展与和平第四次世界妇女大会闭幕顺利通过《北京宣言》和《行动纲领》加利在书面发言中感谢中国政府为大会作出突出贡献",11
"1995.9.16","北京宣言——１９９５年９月１５日联合国第四次世界妇女大会通过",11
"1995.9.16","从北京开始——《行动纲领》将推动世界妇女全面走向进步",11
"1995.9.16","北京吉普车进入南非市场",11
"1995.9.16","第四届“双奖”电影节将在北京举行",11
"1995.9.17","日本相马达雄律师事务所北京办事处开业",11
"1995.9.17","尉健行考察新技术产业开发试验区说北京经济发展要发挥科技优势",11
"1995.9.17","“北京文物精华展”举行",11
"1995.9.18","北京古旧书市第一天",11
"1995.9.18","外国舆论盛赞北京世妇会表示将积极响应《北京宣言》和《行动纲领》",11
"1995.9.18","文明的用语，热情的服务，高度的敬业精神从何而来？请看北京十路公共汽车四七○二车组的故事——多说半句话",11
"1995.9.19","农工党北京市委组织专家为老战士义珍",11
"1995.9.19","北京朝阳副食发展连锁经营",11
"1995.9.19","北京音乐厅将举办“绿色的旋律”——拉苏荣独唱音乐会",11
"1995.9.20","我外交部发言人表示中国将认真实施《北京宣言》《行动纲领》",11
"1995.9.20","美埃克森公司在北京设分公司",11
"1995.9.21","北京举行世妇会服务工作总结大会尉健行出席并讲话",11
"1995.9.21","来自十多个国家的近万种读物参展第二届北京国际儿童书博览会开幕",11
"1995.9.21","世界太极修炼大会将在北京举行",11
"1995.9.23","“三勤”保“三早”——记北京市魏公村邮局发行员杨秀兰",11
"1995.9.24","北京公安局召开世妇会保卫工作表彰会",11
"1995.9.24","北京国际音乐音像博览会举行",11
"1995.9.25","北京理工大建校５５周年江泽民李鹏刘华清等题词祝贺",11
"1995.9.25","北京景山学校建成多媒体网",11
"1995.9.25","北京立交桥名牌更换一新",11
"1995.9.26","北京建设呼家楼新街",11
"1995.9.26","李岚清李铁映邹家华等领导人参观北京国际音乐音像博览会",11
"1995.9.26","职业道德在北京窗口",11
"1995.9.27","北京西客站新姿（）",11
"1995.9.27","北京医院喜庆建院九十周年胡锦涛等出席庆祝会",11
"1995.9.27","北京肿瘤医院开创全程无痛医疗",11
"1995.9.27","全国男篮锦标赛战罢两轮辽宁北京上演一场龙虎斗",11
"1995.9.28","九五北京国际钟表展举行",11
"1995.9.28","首届北京国际美发美容节开幕",11
"1995.9.28","北京口岸机电产品出口势头猛",11
"1995.9.28","大病统筹——北京企业医疗改革新路",11
"1995.9.28","北京书节购书热点追踪",11
"1995.9.28","北京市动员实施体育法",11
"1995.9.29","中共十四届五中全会在北京举行全会由中央政治局主持江泽民总书记作重要讲话",11
"1995.9.29","北京西客站已露雄姿尉健行等参加祝捷大会",11
"1995.9.29","北京区县人武部加强人生观教育",11
"1995.9.29","全国男篮锦标赛决出四强半决赛：八一——北京前卫——辽宁",11
"1995.9.29","北京举行台资企业产品展示会",11
"1995.9.30","北京市人大常委会罢免陈希同八届全国人大代表职务陈希同的北京市十届人大代表职务也被罢免",11
"1995.10.2","庆祝中古建交３５周年招待会在北京举行",11
"1995.10.2","北京的早晨（）",11
"1995.10.4","北京八大处重阳游山会开幕",11
"1995.10.4","当一回投资者——个人外汇买卖在北京",11
"1995.10.4","北京举办多位京剧名家纪念演出",11
"1995.10.5","“手拉手”为农村儿童送戏北京儿艺向昆明儿艺赠演出车",11
"1995.10.5","北京百分之一人口调查开始彭珮云到现场指导",11
"1995.10.5","北京男篮险胜台北宏国队",11
"1995.10.6","北京林兴美术学院开学",11
"1995.10.7","国际计划生育联合会人士发表讲话呼吁落实北京世妇会决议",11
"1995.10.8","“邮发”结缘四十五载成就瞩目我国年邮发报刊达２０６亿份北京举办报刊发行宣传活动",11
"1995.10.9","北京雪莲公司注重品种开发",11
"1995.10.9","北极星塔钟在北京西客站敲响",11
"1995.10.9","北京举办媒介与企业研讨会",11
"1995.10.9","第七届亚洲营养会议在北京召开",11
"1995.10.10","北京研制出新型节能型机油",11
"1995.10.10","北京天文台发现小行星逾百颗",11
"1995.10.10","北京日本学研究中心举办学术讨论会",11
"1995.10.11","参加新疆维吾尔自治区成立四十周年庆祝活动后中央代表团回到北京",11
"1995.10.11","北京贵友大厦建立零风险购物制",11
"1995.10.12","李瑞环慰问北京西客站建设者称赞工程从设计施工到管理都很好，许多方面堪称世界第一",11
"1995.10.12","北京国际Ａ级拳击赛将举行一百多名运动员报名参赛",11
"1995.10.13","北京新城广场正式开业",11
"1995.10.13","北京当代商城落成开业",11
"1995.10.13","北京市规划局改革审批运行机制",11
"1995.10.13","应用ＣＩＭＳ企业增效益成都飞机工业公司沈阳鼓风机厂北京第一机床厂获应用领先奖",11
"1995.10.13","第二届北京国际骨质疏松研讨会召开",11
"1995.10.14","北京举办圣丹斯电影节",11
"1995.10.16","北京国际仿真与科学计算展举行",11
"1995.10.16","北京推出自通中文序列输入平台",11
"1995.10.16","北京邮电大学进入不惑之年",11
"1995.10.16","北京马拉松中国包揽金银牌男子水平今不如昔女子缺少外国选手",11
"1995.10.16","此生路途漫漫——记北京国际马拉松男子冠军孟宪辉",11
"1995.10.16","巨人的形象——写在北京西客站",11
"1995.10.17","把报刊及时传送到读者手中北京市邮政局纪念“邮发合一”４５周年",11
"1995.10.17","科威特国埃米尔在北京机场短暂停留",11
"1995.10.17","北京国际Ａ级拳击赛开战中国大部分选手闯过头关",11
"1995.10.17","高墙铁网里的创造——来自北京市监狱的报告",11
"1995.10.18","太极名家荟萃　环境古朴典雅高水平的北京汇中太极修炼中心在京建成",11
"1995.10.18","北京网球公开赛有激战张德培过关　潘兵遭淘汰",11
"1995.10.18","金秋健身潮——北京１２１健身咨询展示会侧记",11
"1995.10.18","十月好健身——北京市全民健身活动剪影（）",11
"1995.10.19","李鹏访问五国后回到北京　朱镕基等在人民大会堂迎接",11
"1995.10.19","“京九行”采访团从北京启程",11
"1995.10.19","认真总结陈希同严重错误的教训北京市委强调遵守六条纪律",11
"1995.10.19","武警北京总队一支队重视思想教育",11
"1995.10.19","北京取缔一个非法教育机构",11
"1995.10.19","北京网球公开赛进入第三天",11
"1995.10.19","南美足坛设立超霸杯赛明年将在北京争夺冠军",11
"1995.10.20","这趟旅游值不值？——暗访北京“一日五游”",11
"1995.10.20","计算机和通信完美结合北京开通支票查询台",11
"1995.10.20","香港北京拉力赛今晨抵京",11
"1995.10.20","北京网球公开赛八强产生张德培顺利过关",11
"1995.10.20","北京国际Ａ级拳击赛进入尾声",11
"1995.10.21","北京将办国际散手搏击邀请赛",11
"1995.10.21","北京网球公开赛决出四强半决赛张德培对耐金",11
"1995.10.21","香港—北京汽车拉力赛赛车抵京中国车手取得好成绩",11
"1995.10.23","北京石化工程公司通过质量认证",11
"1995.10.23","北京市律师协会完成换届选举",11
"1995.10.23","北京安贞医院创肺移植成活时间亚洲纪录患者冀书春已存活２４１天",11
"1995.10.23","北京网球公开赛结束",11
"1995.10.23","北京国际Ａ级拳击赛落幕",11
"1995.10.23","北京旧城区电火灾隐患堪忧",11
"1995.10.24","北京韩一杯北京国际元老网球赛结束",11
"1995.10.25","维护联合国宪章的宗旨和原则促进和平与发展的崇高事业——在联合国成立５０周年纪念大会上的讲话（１９９５年１０月２４日，北京）",11
"1995.10.25","北京“世纪村”示范小区引人瞩目",11
"1995.10.25","北京马家堡西区首批居民乔迁",11
"1995.10.26","话机装上“千里眼”——记北京声迅电子有限公司电子专家谭政",11
"1995.10.27","北京房地产价格回落",11
"1995.10.27","北京市青年宫落成投入使用",11
"1995.10.27","蓬溪流动基层党校建北京分校",11
"1995.10.28","李铁映在听取北京市现代企业制度试点工作汇报时指出体制改革要为经济增长方式转轨服务",11
"1995.10.29","出席联合国成立五十周年特别纪念会议后江泽民主席回到北京李鹏乔石李瑞环刘华清荣毅仁等在人民大会堂迎接",11
"1995.10.30","说好“带江西口音的北京话”——访江西省委书记吴官正",11
"1995.10.30","北京衬衫厂集中全力创名牌",11
"1995.10.30","北京南站狠抓“软件”建设",11
"1995.10.30","序《青春方程式——五十个北京女知青的自述》火红的过去不是渺茫",11
"1995.10.30","两岸文物工作者相会在北京（）",11
"1995.10.31","北京城外诚家具商场开业",11
"1995.10.31","北京军区某师为基层干部搭台办事",11
"1995.11.1","北京西客站电气化工程开工",11
"1995.11.2","人民冷暖我心知——记北京市人大代表佟美荣",11
"1995.11.2","北京电力高等专科学校喜庆４５华诞李鹏总理题词致贺",11
"1995.11.2","北京科大办人文讲座",11
"1995.11.2","北京市人大代表关心群体工作",11
"1995.11.3","北京纪念刘白羽文学创作６０周年《刘白羽文集》出版",11
"1995.11.3","北京老年病医疗研究中心成果累累",11
"1995.11.3","北京故宫名宝展在东京开幕",11
"1995.11.5","十几支高水平乐队参加北京国际爵士乐集萃在即",11
"1995.11.6","北京站实现计算机发售软纸车票",11
"1995.11.6","甲Ａ联赛上海申花提前加冕广东北京大连三强争亚军",11
"1995.11.7","北京仍有火车票外加价现象有关部门组成检查组严肃查处",11
"1995.11.7","北京街头出现无人售报箱",11
"1995.11.8","北京燕帝燃具公司成立",11
"1995.11.8","北京电影学院成立董事会",11
"1995.11.8","群星出演《北京深秋故事》",11
"1995.11.8","北京电视台推出《长青藤剧场》",11
"1995.11.9","江泽民在北京考察",11
"1995.11.9","北京索鸿电子有限公司成立",11
"1995.11.9","北京和荷兰合建涂料公司",11
"1995.11.9","北京隆重表彰消防先进",11
"1995.11.17","中国的军备控制与裁军中华人民共和国国务院新闻办公室一九九五年十一月·北京",11
"1995.11.18","鞠躬尽瘁为人民精神常在人民心北京学习李润五活动在深入",11
"1995.11.18","天津进货北京取",11
"1995.11.19","再现全国十佳少先队员风采北京电视台等拍《闪光的年华》",11
"1995.11.19","九五北京国际音响展——风格化的趋势",11
"1995.11.20","北京兵马城落成石花洞",11
"1995.11.20","总政通知要求驻京部队贯彻江泽民考察北京时讲话精神增强首都意识树立良好军人形象",11
"1995.11.20","甲Ａ大幕落足球热潮涌上海北京大连分获前三名四川保级成功辽宁成老末",11
"1995.11.20","北京华威体育俱乐部成立",11
"1995.11.21","顺利结束访韩并出席亚太经合组织会议后江泽民主席回到北京李鹏李瑞环刘华清荣毅仁等到人民大会堂迎接",11
"1995.11.21","深房集团看好北京房地产",11
"1995.11.21","北京第一机床厂应用ＣＩＭＳ国际领先成为获得“工业领先奖”唯一的美国境外企业",11
"1995.11.22","《北京教育丛书》赠送贫困县",11
"1995.11.22","北京同志",11
"1995.11.22","“火鸟”成功的“幕后新闻”——京台合资北京统益油脂有限公司记事",11
"1995.11.23","乔石回到北京李瑞环等到人民大会堂迎接",11
"1995.11.23","北京西站供热厂正式点火",11
"1995.11.24","北京站公安段严打票贩子",11
"1995.11.24","北京民办高校毕业生首次获国家文凭李岚清为毕业生代表颁发毕业证书",11
"1995.11.24","国家科委为北京一机床厂庆功宋健强调提高劳动生产率是当务之急",11
"1995.11.24","北京民营科技企业逾万家",11
"1995.11.25","南水北调工程开始全面论证百余专家汇北京，对东、中、西三条线路进行全面综合比较，并推荐出近期实施的调水方案",11
"1995.11.26","工业领先奖的背后——记北京第一机床厂应用ＣＩＭＳ增效益",11
"1995.11.26","首届国际篆刻艺术展在北京开幕",11
"1995.11.26","北京音乐台举办金曲演唱会",11
"1995.11.26","北京电视台推出《学京剧》专栏",11
"1995.11.27","万泰中心将在北京落成",11
"1995.11.27","北京举办冬季时装面料展示会",11
"1995.11.27","北京住总一公司扭亏为盈",11
"1995.11.27","德经济部长赞扬北京飞机维修公司",11
"1995.11.27","北京将举行群众登八达岭长城活动",11
"1995.11.28","南航开通北京至南阳航线",11
"1995.11.28","北京对燕窝产品专项抽查",11
"1995.11.28","北京东百发建材城举行展销会",11
"1995.11.28","海尔专卖店在北京长安商场设立",11
"1995.11.28","第１５届世界石油大会１９９７年在北京召开",11
"1995.12.1","珍惜这光荣称号——记北京城建战线优秀共产党员于忠新",11
"1995.12.1","珍惜这光荣称号——记北京城建战线优秀共产党员于忠新",11
"1995.12.2","罗干一行回到北京离藏时西藏僧俗群众热烈欢送",11
"1995.12.2","罗干一行回到北京离藏时西藏僧俗群众热烈欢送",11
"1995.12.2","北京建成超大银幕影院",11
"1995.12.2","北京建成超大银幕影院",11
"1995.12.3","北京电报大楼新塔钟启用",11
"1995.12.3","北京—武夷山—广州航线开通",11
"1995.12.3","北京电报大楼新塔钟启用",11
"1995.12.3","北京—武夷山—广州航线开通",11
"1995.12.3","拍卖为中国文物事业带来了什么——访北京市文物事业管理局局长单霁翔",11
"1995.12.4","泰中商品展览会将在北京举行",11
"1995.12.4","北京工业系统节能成效大",11
"1995.12.4","北京工业系统节能成效大",11
"1995.12.4","北京市公开选拔副局级领导干部",11
"1995.12.4","北京市公开选拔副局级领导干部",11
"1995.12.5","总结经验教训　强化党内监督　查处大案要案北京加大反腐败力度",11
"1995.12.5","北京城建一公司注重队伍建设",11
"1995.12.6","北京长城松下精工公司成立",11
"1995.12.6","北京５名盗车犯被判死刑",11
"1995.12.6","纪念联合国国际志愿人员日北京举行青年志愿者行动报告会",11
"1995.12.6","北京电专设立“兆钧奖”",11
"1995.12.7","北京西站高架桥施工技术通过鉴定",11
"1995.12.7","北京军区“离退休医协”为民解难",11
"1995.12.7","北京武术院国际意拳培训中心基地落成",11
"1995.12.7","北京“面的”是与非",11
"1995.12.8","中央经济工作会议在北京召开",11
"1995.12.10","荣毅仁离澳门回到北京在澳门会见马万祺并看望全国人大代表政协委员等",11
"1995.12.10","北京等地举办法国“高蒙影近作展”",11
"1995.12.10","《北京文学》获社会支持",11
"1995.12.11","李光耀会见丁关根丁关根一行回到北京",11
"1995.12.11","第３１届国际军事医学大会将在北京举行",11
"1995.12.11","联大呼吁执行《北京宣言》和《行动纲领》我代表提出实施社发首脑会议后续行动六点主张",11
"1995.12.12","北京用国外设备改进热网控制",11
"1995.12.12","’95北京学生免费音乐会落下帷幕1．5万余名大中小学生欣赏演出12场",11
"1995.12.12","双休日孩子们怎样安排北京育英学校组织“假日小队”活动",11
"1995.12.12","首届全国乒乓球俱乐部赛北京华远队获女团冠军",11
"1995.12.12","北京树立首都铁警新形象",11
"1995.12.13","树立良好形象保证道路畅通北京交警深入学习济南交警",11
"1995.12.13","北京市欢送入伍新兵",11
"1995.12.13","北京球迷与国安队联欢",11
"1995.12.14","北京市第一中级人民法院开庭公开审理一审判处魏京生有期徒刑１４年",11
"1995.12.15","北京市区电话普及率达百分之三十五",11
"1995.12.15","发展街道经济造福辖区百姓北京三里屯街道“双文明”建设创佳绩",11
"1995.12.15","北京举行限养犬规定颁布一周年座谈会",11
"1995.12.16","从“办竞赛”转向“管竞赛”——北京市体育竞赛管理中心闯出改革之路",11
"1995.12.18","北京·松下彩管公司添新族",11
"1995.12.18","第三届亚冬会圣火在北京点燃",11
"1995.12.18","“北京六人书法篆刻展”开幕",11
"1995.12.19","北京举办“新三包”规定知识赛",11
"1995.12.19","武警北京二总队组织干部学法",11
"1995.12.19","《论北京人艺演剧学派》出版",11
"1995.12.20","北京国美电器商城即将开业",11
"1995.12.20","以典型为榜样　促工作争上游北京朝阳公安分局为民办实事",11
"1995.12.20","北京将举办室内五人制国际业余足球赛",11
"1995.12.20","北京双河农场制成速溶豆粉",11
"1995.12.21","李鹏视察十三陵抽水蓄能电站对北京市提出要求为老百姓多办好事实事",11
"1995.12.21","北京巡警聘请３０名记者任监督员",11
"1995.12.21","男篮甲级联赛战罢四轮八一辽宁北京三队保持四连胜",11
"1995.12.22","海裕公司看好北京餐饮业",11
"1995.12.22","北京市公共场所禁止吸烟规定出台明年５月１５日起实施",11
"1995.12.22","北京加大“扫黄”“打非”力度收缴光盘１万余张　取缔无照摊点１８０多个",11
"1995.12.23","北京体育界开发体育产业",11
"1995.12.23","北京十一学校重视学生素质",11
"1995.12.24","《姐姐妹妹闯北京》亦悲亦喜",11
"1995.12.24","北京国际饭店在艺术气氛中辞旧迎新",11
"1995.12.24","北京大学生军乐团",11
"1995.12.25","以科学协调生命的和谐——记北京协和医院",11
"1995.12.25","北京北站实现安全生产两千天",11
"1995.12.25","北京边防总局提高服务质量",11
"1995.12.25","北京军区某坦克师谱写“爱民曲”",11
"1995.12.25","北京云南高度重视党报发行",11
"1995.12.25","男篮联赛战罢五轮档次渐分八一辽宁北京五战全胜",11
"1995.12.26","北京市中关村海关开关",11
"1995.12.26","北京建立职工送温暖基金会",11
"1995.12.26","北京纪念冯友兰诞辰一百周年",11
"1995.12.27","北京海淀区设投资银行办事处",11
"1995.12.27","北京高校毕业生就业指导中心负责人劝告大学生选择单位不可太挑剔",11
"1995.12.28","上兵伐谋——北京浙江男篮比赛观感",11
"1995.12.28","全国男篮联赛战罢第六轮八一北京辽宁三队保持全胜",11
"1995.12.29","北京市高级人民法院公开宣判驳回魏京生上诉维持一审判决",11
"1995.12.29","北京秘书台元旦开播",11
"1995.12.30","圆满结束对东南亚五国的访问李瑞环回到北京乔石等在人民大会堂迎接",11
"1995.12.30","北京清理镭射放映厅上海海关堵截“黄毒”入境",11
