﻿"index","news_title","prov_cde"
"1995.1.2","湖北采取措施增加教育投入江西专为筹措教育经费立法",42
"1995.1.4","宜昌黄牛经济技术园区在京招商",42
"1995.1.10","宜昌兴起体育热",42
"1995.1.16","潜江市后进村支部一年“脱帽”",42
"1995.1.30","潜江市发挥自营出口优势",42
"1995.2.6","荆门减负担增收入两手抓农民人均收入超过一千六百元",42
"1995.2.7","开年五件事　件件不离农湖北今年农业抓得早抓得实",42
"1995.2.8","荆门市设法解决粮食收购难",42
"1995.2.9","乡干部包村　村干部包组　组长包户荆门市刹住盗窃古墓风",42
"1995.2.13","荆门石膏矿被滥采",42
"1995.2.14","襄阳培训外出党员",42
"1995.2.14","农村党员的崭新形象——记湖北省枝城市农民党员程启木",42
"1995.2.17","湖北冬季造林掀起热潮江苏争取早日消灭荒山",42
"1995.2.20","农副产品争购战愈演愈烈湘鄂川黔边界重筑“篱笆墙”",42
"1995.2.25","钱运录当选湖北省政协主席",42
"1995.2.27","蒋祝平当选湖北省省长",42
"1995.2.27","湖北郧西：乱建卫星地面站",42
"1995.3.5","湖北十五亿元贷款支援春耕",42
"1995.3.8","江泽民参加赣鄂滇代表团审议时强调农业农村和农民问题始终是首要问题一个粮食一个棉花，这两个问题解决好了，人民有饭吃，有衣穿，其它问题就容易解决了",42
"1995.3.10","湖北马跃代表说：眼睛向内天地宽",42
"1995.3.13","湖北松滋：偷税抗税案上升",42
"1995.3.16","刘华清看望湖北代表",42
"1995.3.16","运动十硒恩施人健身健美的奥秘",42
"1995.3.18","稳定面积落实措施增加投入湖北抓粮棉油生产有实招",42
"1995.3.18","广交友大有益——湖北省枝城市委书记文成国一席谈",42
"1995.3.21","湖北农民技术协会逾六千",42
"1995.3.29","仙桃有个叶金堂",42
"1995.3.31","湖北加强城市街道党建全省百分之九十一居委会实现一居一支部",42
"1995.4.1","仙桃市经济增长质量效益双提高",42
"1995.4.2","李铁映在湖北调查时强调抓住机遇加快改革开放步伐",42
"1995.4.3","鄂建亚洲最大无线寻呼网",42
"1995.4.5","从内陆走向世界——湖北美尔雅集团发展企业之路",42
"1995.4.6","仙桃市花鼓剧团送戏下乡",42
"1995.4.8","十堰建行龙卡发行量突破一万张",42
"1995.4.10","湖北查获一起贩卖假冒稻种案",42
"1995.4.13","湖北凯乐公司加强质量管理",42
"1995.4.14","吴邦国在湖北谈当前企业工作时强调搞好生产运行协调工作",42
"1995.4.14","去岁尝到甜头　今朝争相投入湖北产粮大镇力创新高",42
"1995.4.14","鄂钢资金运行效率全行业领先流动资金周转一次７４．８天",42
"1995.4.14","全国网球团体锦标赛进入尾声湖北上海男队北京浙江女队将争冠",42
"1995.4.15","全国网球团体锦标赛收拍湖北北京分获男女冠军",42
"1995.4.16","桂花邮票在咸宁市发行",42
"1995.4.20","湖北公布几起高考舞弊案",42
"1995.4.22","加快培养和选择年轻干部步伐黄冈有计划推进干部交流青岛订措施改善班子结构",42
"1995.4.28","多方筹资灵活融资十堰建行全力助“东风”",42
"1995.5.4","潜江与江汉油田结“良缘”",42
"1995.5.6","湖北工商分行制止高息揽存",42
"1995.5.11","姜春云在国家防总武汉会议上强调要立足于防大汛抢大险抗大旱长江是今年防汛重点，湖北又是重中之重",42
"1995.5.15","姜春云在湖北湖南调查时强调　积极防汛抗灾保丰收保安全",42
"1995.5.15","湖北农行的“１２６”信贷工程",42
"1995.5.17","宜昌实施“百企工程”",42
"1995.5.18","鄂西一绝——福宝山莼菜",42
"1995.5.20","吴作栋说新加坡与湖北合作前景广阔",42
"1995.5.23","鄂尔多斯之春",42
"1995.5.23","恩施选派国家干部到村任职",42
"1995.5.27","百米长卷《鄂东将军》面世",42
"1995.5.30","黄石长江大桥主桥贯通",42
"1995.6.2","改一块活一块——湖北化纤总公司分块改制记事",42
"1995.6.7","湖北表彰百名模范转业军官",42
"1995.6.8","荆门石化：“内功”三步棋",42
"1995.6.8","我国大江大河及主要支流汛情平稳湘鄂赣皖川部分地区普降大到暴雨",42
"1995.6.8","改进奖学金制度　开辟助学新渠道湖北高校切实扶助贫困生",42
"1995.6.16","湖北省七年营造防护林两千万亩",42
"1995.6.16","湖北省七年营造防护林两千万亩",42
"1995.6.23","围绕农业抓血防送走瘟神奔小康湖北四湖地区血吸虫病疫情下降",42
"1995.6.24","贫困不能阻挡……——湖北高校助困活动纪实",42
"1995.6.26","湖北棉花种植面积增加１５万亩",42
"1995.6.27","湖北开办大中专学生健康保险",42
"1995.6.29","鄂南一村",42
"1995.7.8","湘赣鄂黔驻军官兵民兵奋力抗洪抢险",42
"1995.7.8","“近水楼台先得月”——湖北潜江市委书记马荣华一席谈",42
"1995.7.9","湖北军民奋战抗灾第一线",42
"1995.7.13","国务院检查组结束鄂湘公路检查时要求加强“三乱”整治建立监督机制",42
"1995.7.16","上饶地区水退人进不荒一丘田湖北农行积极发放救灾款",42
"1995.7.17","我国煤炭地质勘查又有惊人发现鄂尔多斯盆地储煤丰富稳居世界八大煤田前列",42
"1995.7.25","法镜明如洪湖水——记湖北省洪湖市政府法制办主任鄢萍",42
"1995.8.3","违反廉洁自律规定　弄虚作假掩盖错误原湖北省副省长陈水文被撤职",42
"1995.8.4","上海对口支援宜昌县工作实在",42
"1995.8.5","深情系银碗风流耀草原——看鄂尔多斯歌舞剧《银碗》",42
"1995.8.6","正气凛然一群体——记工商银行鄂伦春自治旗大杨树第五储蓄所的英雄们",42
"1995.8.7","农民的儿子——记中共湖北省仙桃市委书记刘贤木",42
"1995.8.7","随州：农民“雇”鸭进鱼塘",42
"1995.8.9","湖北省建成国内最大数移电话网",42
"1995.8.10","在湖北企业管理现场会上陈清泰说加强管理是企业最现实的选择",42
"1995.8.10","升华青春——华中农大、湖北农院大学生支农纪实",42
"1995.8.10","清江，浪花里飞出风流的歌——湖北民族地区旅游开发巡礼",42
"1995.8.19","喜看今日鄂伦春",42
"1995.8.25","加强审计监督查处违控购置湖北严控集团消费过快增长",42
"1995.8.25","政府扶持　农民入股潜江农民九成喝上自来水",42
"1995.8.26","大别山中一面旗——记武警湖北总队蕲春县中队党支部",42
"1995.8.30","十堰建行加强职工岗位培训",42
"1995.9.7","黄冈依托“大京九”发展经济",42
"1995.9.7","恩施铁路百年梦",42
"1995.9.11","十堰市救助万余名失学儿童",42
"1995.9.18","湖北棉花长势不平衡",42
"1995.9.28","宜昌至黄石高速公路通车形成湖北长江经济带运输大动脉",42
"1995.9.30","鄂伦春的三朵“白兰花”",42
"1995.10.7","从群众中汲取智慧——湖北省老河口市委书记樊建国一席谈",42
"1995.10.9","杨尚昆在湖北考察",42
"1995.10.10","不断强化党要管党意识潜江提高农村党建工作水平",42
"1995.10.10","“跃出森林一只虎”——访鄂伦春自治旗大杨树镇",42
"1995.10.16","鄂伦春有了博士生",42
"1995.10.17","湖北推行综合财政预算管理",42
"1995.10.20","湖北幸福公司实施名牌战略",42
"1995.10.30","潜江各级人大代表公开评议干部",42
"1995.10.30","棉花暖融融——随州市棉花经济发展评述",42
"1995.11.1","湖北省巴东县发生滑坡",42
"1995.11.5","湖北振兴黄梅戏",42
"1995.11.6","湖北确保新兵质量",42
"1995.11.7","湖北：天门棉农呼声急",42
"1995.11.18","庸者下平者让能者上潜江公开评议干部形成制度",42
"1995.11.19","抓与放的思辨——访湖北省委书记贾志杰",42
"1995.11.21","高洁淡雅洗尽铅华——记湖北省黄梅戏剧团优秀青年演员杨俊",42
"1995.11.23","宜昌县超常规发展体育事业",42
"1995.11.24","从“旱包子”到大粮仓——湖北省襄樊市治理鄂北岗地纪事",42
"1995.11.27","各有关部门督办检查狠抓落实湖北收订人民日报进度快",42
"1995.12.3","鄂尔多斯羊绒时装设计大赛在即",42
"1995.12.11","湖北地税超额完成全年任务",42
"1995.12.13","湖北藕池曲酒厂依靠职工创高效",42
"1995.12.14","发挥多学科综合优势湖北软科学研究院成果丰硕",42
"1995.12.15","吴兆麟基金会在鄂州成立",42
"1995.12.17","黄石长江公路大桥正式通车",42
"1995.12.19","彭珮云在湖北考察时强调　抓好血防和计划生育工作",42
"1995.12.20","货郎担挑进鄂州城",42
"1995.12.26","全国工商税收突破５０００亿元湖北大力清理“两税”欠税",42
"1995.12.26","多种经营支撑咸宁半壁江山农民收入八成来自楠竹、桂花、茶叶……",42
"1995.12.27","世界银行帮助湖北省治理环境污染",42
"1995.12.30","鄂西小城乐声扬",42
