﻿"index","news_title","prov_cde"
"1995.1.1","浙江实施“敬老工程”五万余孤寡老人增添温暖欢乐",33
"1995.1.2","温州注册商标突破５０００件",33
"1995.1.3","杭州建国家液体分离膜中心",33
"1995.1.5","金华发展特色农业强县富民",33
"1995.1.7","金华建成大型综合市场",33
"1995.1.7","今日“天堂”更美——杭州市保护历史文化和风景名胜纪实",33
"1995.1.10","宁波港成为国内液化产品大型集散地",33
"1995.1.11","浙江证券公司去年业务量翻番",33
"1995.1.14","温州农村涌现出七十二个亿元镇",33
"1995.1.15","浙江市场去年总成交额翻番",33
"1995.1.16","舟山普陀捕鱼忙（）",33
"1995.1.16","宁波港十万吨级码头业绩超群",33
"1995.1.16","浙江技术市场发展迅速",33
"1995.1.17","浙江实施农村干部学历培训",33
"1995.1.21","杭州电声厂开发新产品结硕果",33
"1995.1.23","山清水秀百鸟鸣天长地久人欢乐浙江环境保护成效显著",33
"1995.1.24","杭州大学培养高层次人文人才在经费上实行倾斜政策",33
"1995.1.27","加快发展教育保持经济增长浙江实施面向２１世纪教育发展战略",33
"1995.1.27","为希望工程义拍舟山企业家以１０．１万元获冰心签名文集",33
"1995.1.30","金华光大信用社努力扩展业务",33
"1995.1.30","杭州庆佳节新剧荟萃一堂传喜悦老少自歌自舞",33
"1995.1.31","绍兴又起莲花落",33
"1995.2.3","浙江各地冬修水利完成４万多处工程",33
"1995.2.4","宜统则统宜放则放——宁波敦煌集团股份有限公司见闻",33
"1995.2.4","杭州热心支持译制事业",33
"1995.2.6","“文化深刻地影响着经济”——与金华市委书记仇保兴一席谈",33
"1995.2.9","浙江１６０万农民参加养老保险",33
"1995.2.10","舟山港吞吐量创出最高纪录",33
"1995.2.10","温州正泰集团通过质量管理体系认证",33
"1995.2.10","西湖周边风景地乱建高楼岂相宜杭州强令拆除三处违章豪华建筑",33
"1995.2.10","舟山兴中石油公司岙山基地重视环保",33
"1995.2.14","浙江农民新情趣：保护野生动物",33
"1995.2.16","面向市场　调整结构　深化改革　内部挖潜杭州工业经济效益居省会城市前列",33
"1995.2.17","绍兴乡镇经济跃上新台阶",33
"1995.2.19","浙江万户教师喜迁新居",33
"1995.2.20","浙东海面发生重大沉船事故",33
"1995.2.24","杭州国有企业“三改”结合效果好经济效益在全国省会中仅次于广州",33
"1995.2.24","浙江超山：十里梅海吐蕊早",33
"1995.2.27","杭州将办建材博览会",33
"1995.2.27","春季造林大规模展开苏皖浙等１１省区完成整地１７７４万亩造林４８１万亩",33
"1995.2.28","眼睛盯着基层　走村串巷送戏民间戏班子走红浙江乡镇",33
"1995.3.2","黄昏不寂寞——浙江青年志愿者“敬老工程”纪实",33
"1995.3.2","下岗以后怎么办？由衢州市肉联厂３０名青年女工引发的思考",33
"1995.3.5","西子湖畔有“绿洲”——记杭州市文化中心",33
"1995.3.6","宁波发现全国最大明清民宅",33
"1995.3.6","杭州灵峰梅花烂漫迎游客",33
"1995.3.7","乔石参加浙江代表团审议时强调实实在在地一个一个解决问题搞好国有大中型企业的好经验要积极推广",33
"1995.3.8","浙江冬春造林热气腾腾　齐鲁大地又掀灭荒高潮",33
"1995.3.10","浙江温州涌现７２个亿元镇",33
"1995.3.13","浙江代表访“百亭”",33
"1995.3.15","浙江许行贯代表说：调整产业结构适度规模经营",33
"1995.3.15","我们很有信心——访浙江贝尔通信集团董事长方雪木委员",33
"1995.3.15","浙江各地抓紧农资供应工作",33
"1995.3.16","宁波农民用上支农“信用卡”",33
"1995.3.16","“东西互助——劳务协作”活动成绩喜人团中央表彰团浙江省萧山市委等十个先进单位",33
"1995.3.19","“富康”走俏温州",33
"1995.3.21","加大投入正确引导严格管理宁波市文化市场健康繁荣",33
"1995.3.24","抽调干部下乡分负责浙江确保早稻种植面积",33
"1995.3.24","哥伦比亚副总统伊朗外长将访华中国东盟高官磋商将在杭州举行",33
"1995.3.26","绍兴春耕忙（）",33
"1995.3.27","２０万株郁金香杭州展芳容",33
"1995.3.30","“火眼金睛”——记荣立集体二等功的铁路杭州东站派出所",33
"1995.3.31","国有企业能出高效益——绍兴市属国有工业企业的调查",33
"1995.3.31","哪里有党员哪里就建党组织绍兴在市场上建党支部",33
"1995.4.3","浙江１０个经济强县领导形成共识集中精力抓农业巩固经济实力",33
"1995.4.3","宁波开发区加快基础设施建设",33
"1995.4.3","落实早稻面积刻不容缓——浙江省桐庐近百农户早稻种植意向调查",33
"1995.4.4","杭州牡丹绽苞吐艳",33
"1995.4.5","白节岛上一愚公——访宁波海监局航标工叶中央",33
"1995.4.6","中国与东盟高级官员磋商在杭州举行",33
"1995.4.8","绍兴人的“文化热”——鲁迅故乡行",33
"1995.4.10","金华苗木让人忧",33
"1995.4.11","浙江大学启动“五一一人才工程”",33
"1995.4.11","浙江成立足球俱乐部",33
"1995.4.12","浙江广厦集团向中国青年志愿者协会捐款",33
"1995.4.14","全国网球团体锦标赛进入尾声湖北上海男队北京浙江女队将争冠",33
"1995.4.16","大禹的子孙——访绍兴市禹陵乡禹陵村",33
"1995.4.16","区别不同情况　逐户对症下药浙江建行压缩逾期贷款见成效",33
"1995.4.16","浙江三坠冰　疑是天外客紫金山天文台组成专门研究小组",33
"1995.4.16","浙产品在法博览会夺魁",33
"1995.4.18","民主党派从政人士座谈会在浙举行",33
"1995.4.21","赤子情公仆心——衢州市委书记郭学焕扶贫记",33
"1995.4.21","“杭州周恩来之夜”晚会将举行",33
"1995.4.22","浙江暨绍兴各界公祭大禹陵",33
"1995.4.22","科技兴厂市场旺　浙江开关厂三峡工程中屡中标",33
"1995.4.25","平板荧光显示屏生产线在绍兴开通",33
"1995.4.26","宁波农民到美国养鱼",33
"1995.4.27","调整产品结构　发展规模经济杭州二轻效益冠同行",33
"1995.4.27","浙江春耕粮挂化肥到位",33
"1995.4.29","杭州越剧院进京演出",33
"1995.5.2","质量立市打响温州牌",33
"1995.5.4","“四方”受困农民遭殃浙江发生假冒柴油机坑农案",33
"1995.5.5","绍兴黄酒集团重声誉抓质量",33
"1995.5.10","杭州丝绸城进京办丝绸展销",33
"1995.5.11","台判决闽浙渔工宜兰死亡案三船东一船长被判刑",33
"1995.5.13","乔石参观杭州中国丝绸城赴京展销会",33
"1995.5.17","温州百岁老人陈碎娇实现遗愿火化安葬丧事从简",33
"1995.5.18","闯新路——记上海浦东发展银行杭州分行",33
"1995.5.18","浙西企业集团资产增值快",33
"1995.5.18","杭州西子电梯厂腾出空地搞健身在群众性和广泛性上下功夫",33
"1995.5.22","不再勉强使每个企业扭亏增盈杭州推进国企改革着眼整体通过改组兼并国企数量减少亏损面下降效益上升",33
"1995.5.22","浙江规划保护良渚文化遗址群",33
"1995.5.24","江主席在江浙沪考察强调要坚定信心国有企业必须搞好也完全能够搞好通过深化改革增强国有企业活力形成新优势",33
"1995.5.26","全国围棋团体赛在漳州收盘浙江一队北京队分获男女组冠军",33
"1995.5.27","田纪云在浙江考察时指出各级人大常委会要行使好监督权",33
"1995.5.28","浙江建起９６个农业基地",33
"1995.5.30","浙赣复线樟树赣江铁路特大桥建成通车",33
"1995.6.5","播种希望　收获喜悦——访浙北种粮大户凌连根",33
"1995.6.6","杭城的思念——杭州“周恩来之夜”晚会活动侧记",33
"1995.6.7","重农促工　强工护农嘉兴经济发展“鱼与熊掌兼得”",33
"1995.6.7","台州电控窗帘机落户万家",33
"1995.6.7","浙江早稻插秧全部完成",33
"1995.6.7","赞温州“接待模式”",33
"1995.6.8","乔石在浙江考察工作强调大力加强农业提高工业增长质量",33
"1995.6.10","杭州处理闲置征地单位",33
"1995.6.10","全国女排甲级联赛四强循环赛八一上海分别战胜浙江辽宁队",33
"1995.6.10","锐意改革出精品——记浙江教育出版社",33
"1995.6.12","浙江早稻插种全部完成",33
"1995.6.14","杭州铝制品总厂产品畅销海外",33
"1995.6.15","宁波一家企业成功收购外资公司",33
"1995.6.18","浙江着力提高经济增长质量推进生产要素优化配置，向科技进步要效益",33
"1995.6.19","浙江科技合作迈开大步",33
"1995.6.20","浙江积极推进殡葬改革推行火化建立公墓保护耕地",33
"1995.6.21","杭州房建公司坚持“百姓工程”",33
"1995.6.21","浙江公开选拔三所高校负责人",33
"1995.6.22","杭州大学爱心协会举行国旗插挂仪式",33
"1995.6.23","现代企业制度试点开始实施重钢、冶钢和杭州汽轮动力公司实施方案获批复",33
"1995.6.24","为“国企”分忧——浙江兰溪市委书记郑宇民一席谈",33
"1995.6.26","杭州停产一批污染环境企业",33
"1995.6.26","香港德敏集团捐资宁波建残疾人扶贫基金",33
"1995.6.26","杭州加快实施科教兴市全市７县（市）５城区都制定出具体实施措施",33
"1995.6.27","浙江求精公司产品精益求精",33
"1995.6.30","杭州查处一起招生贿赂案鲍光鸟、肖百鸣、许雪明被判有期徒刑",33
"1995.6.30","杭州推出丝绸运动休闲服",33
"1995.7.3","浙江表彰农村奔小康带头人",33
"1995.7.3","浙江“天孚”向阿里藏胞赠衣",33
"1995.7.3","台州市重视体育规划给百姓多留健身宝地",33
"1995.7.5","宁波保税区成为投资宝地",33
"1995.7.5","浙江开设“银色人才库”企业争聘科技“白发人”",33
"1995.7.6","浙江推进企业制度改革获成果经济总量已从全国第１４位跃居第５位",33
"1995.7.7","全国诗词大赛在温州揭晓",33
"1995.7.10","绍兴：靠名牌兴经济",33
"1995.7.12","杭州西湖区２００余亩土地抛荒",33
"1995.7.14","杭州餐饮业刮起“微利风”",33
"1995.7.16","加大投入发展“一优两高”农业浙江建成９６个农业基地",33
"1995.7.19","浙江成为“市场大省”上半年商品成交额高达一千多亿元",33
"1995.7.21","靠科技创造名牌——温州西山特陶公司振兴记",33
"1995.7.22","路要开通，心要沟通——浙江省江山市委书记徐仁敏一席谈",33
"1995.7.24","到地球顶端去采访——浙江电视台《北极纪行》剧组追记",33
"1995.7.25","国务院检查组结束东线检查鲁苏浙闽公路“三乱”初步遏制",33
"1995.7.27","浙江上半年国民经济发展趋稳",33
"1995.7.28","杭州金鱼集团捐助慈善机构",33
"1995.8.1","杭州火车站重视编外职工管理",33
"1995.8.3","杭州中外合资企业招工新鲜事——共青团员优先",33
"1995.8.7","浙江：春茧量增质好有序",33
"1995.8.10","富甲钱江畔——记杭州四季青乡定海村",33
"1995.8.11","浙江发展水利经济促进水利建设",33
"1995.8.13","浙江成立农业技术推广基金会",33
"1995.8.15","浙江积极对口支援三峡库区",33
"1995.8.15","温州医学院成为视光学科研基地",33
"1995.8.21","社区为主　政府协调　社会参与　共育新人浙江形成中小学德育工作新局面",33
"1995.8.22","杭州大学设重点学科基金",33
"1995.8.23","“特陶杯”国际象棋对抗赛将在温州举行",33
"1995.8.26","金华市委着力培养入党积极分子",33
"1995.8.28","浙江利用外资不断增长协议利用外资一百一十九亿多美元",33
"1995.9.1","无招胜招——宁波长发商厦经营思路小记",33
"1995.9.4","浙江：银行开展爱心储蓄",33
"1995.9.5","宁波举行“侵华日军细菌战鼠疫区遗址”揭碑仪式",33
"1995.9.6","杭州饭店出小摊",33
"1995.9.11","杭州深情系西藏",33
"1995.9.14","温州灾后一年夺得丰收",33
"1995.9.14","浙江开发鱼腥草资源取得成果",33
"1995.9.14","舟山千艘渔船出海开捕",33
"1995.9.14","浙江引进数字移动电话系统",33
"1995.9.16","杭州越剧院进京演出《莲花湖》",33
"1995.9.18","我国又一职业篮球俱乐部在浙江诞生",33
"1995.9.19","温州的新“规矩”",33
"1995.9.22","默沙东公司在杭州设厂投产",33
"1995.9.24","资金筹措市场化建设行为企业化资源享用商品化设施服务商业化温州城市建设市场化",33
"1995.9.28","金华侍王府两幅壁画复位成功",33
"1995.10.4","《今日绍兴》展在京举行",33
"1995.10.4","浙江打工仔邹城当标兵（）",33
"1995.10.12","宁波以港兴市城乡繁荣",33
"1995.10.12","第三届中国综合实力百强县评定前十名是：锡山市（原无锡县）、张家港市、南海市、顺德市、江阴市、常熟市、吴县市、武进市、昆山市、绍兴县",33
"1995.10.13","绍兴开发传统风味食品",33
"1995.10.16","浙江建成会议电视电话网",33
"1995.10.16","浙赣铁路复线浙江段开通",33
"1995.10.17","本报新闻摄影研讨会在舟山举行",33
"1995.10.17","红绿灯下写人生——记全国先进工作者、杭州市上城区交警大队副大队长王建强",33
"1995.10.20","冲出狭窄的土地空间——浙江省综合开发国土资源发展多种经营纪事",33
"1995.10.25","浙赣复线已开通运营八百八十二公里",33
"1995.10.26","全国电子产品展销会在杭州举行",33
"1995.10.27","浙江农民欢迎粮棉肥挂钩四川调控化肥资源保平衡",33
"1995.10.30","杭州湾大通道可行性研讨会举行",33
"1995.10.31","湖州创建一○四国道文明样板路",33
"1995.10.31","国务院中央军委发出通知要求各地做好今冬退伍士兵安置工作全国退役士兵安置工作会议在宁波召开",33
"1995.11.3","可敬的“傻支书”——绍兴县三位村党支部书记访谈录",33
"1995.11.4","金华市提出塑造地区形象三大系统",33
"1995.11.9","江南一枝花　北国也爱她绍兴小百花再次进京演出",33
"1995.11.17","刘华清观看绍兴小百花演出",33
"1995.11.19","宁波开发新一代电热水器",33
"1995.11.20","绍兴干部普及“三种语言”",33
"1995.11.20","嘉兴市民办教师全部转公",33
"1995.11.22","血浓于水——宁波市大学生代表团赴台采访追记",33
"1995.11.24","无愧于千年文明——浙江绍兴市精神文明建设纪实",33
"1995.11.26","温州，质量立市",33
"1995.12.3","杨尚昆同志在浙江考察",33
"1995.12.3","杨尚昆同志在浙江考察",33
"1995.12.6","为了存款人的利益——建行浙江省分行依法经营纪实",33
"1995.12.6","温州经济发展经验探索——经济学家与县委书记的对话",33
"1995.12.10","３０万吨级特大散装货轮抵宁波",33
"1995.12.11","宁波港接卸特大货轮",33
"1995.12.11","全国男篮联赛战幕拉开甲级新军浙江中欣击败劲旅前卫",33
"1995.12.14","浙江建工集团如何教育“农合工”一靠灌输二靠引导",33
"1995.12.15","扩展范围深化内容嘉兴加大监督领导干部力度",33
"1995.12.15","农技推广举步维艰——来自浙江台州市黄岩区的调查",33
"1995.12.16","从实处入手——浙江省嘉兴市市长杜云昌一席谈",33
"1995.12.19","浙江粮肥挂钩减轻农民负担稳定了化肥价格，促进了粮棉生产",33
"1995.12.20","“有其志必成其事”——记杭州大厦总经理楼忠炎",33
"1995.12.21","浙江采取有效措施保“两税”收入已征收１５０多亿元，同比增１９％",33
"1995.12.22","浙江渔业水域污染日趋严重",33
"1995.12.27","下得去呆得住干得好浙工大为地方建设输送大批骨干",33
"1995.12.28","上兵伐谋——北京浙江男篮比赛观感",33
