﻿"index","news_title","prov_cde"
"1995.1.1","比邻而居是“对手”——新乡市社区体育活动纪实",41
"1995.1.3","周口味精厂靠兼并壮大实力",41
"1995.1.3","基因工程显威力洛阳牡丹四季开",41
"1995.1.4","河南出现首个消灭宜林荒山地区",41
"1995.1.5","漯河建成综合肉制品大楼",41
"1995.1.6","焦作从严治警结出丰硕成果",41
"1995.1.6","智能型机器人“河南一号”研制成功",41
"1995.1.6","河南向水质污染宣战把淮河干流初步变清让黄河饮用水质达标",41
"1995.1.8","先抓菜园子再抓菜摊子洛阳副食品零售价格指数比全省平均低２．２个百分点",41
"1995.1.8","郑州分局：十万职工齐动员将增开临客２３对，另有２７３辆棚车供随时调用",41
"1995.1.9","南阳医药市场发票管理混乱——当管！",41
"1995.1.10","我国铁路光电缆生产基地在焦作建成",41
"1995.1.12","清除腐败注入生机濮阳后进村面貌一新",41
"1995.1.12","观“潮”郑州站",41
"1995.1.14","把“散兵游勇”组建成“正规部队”商丘劳务输出有计划重管理",41
"1995.1.15","许昌市实施借“脑袋”工程不花一分钱增产一亿三",41
"1995.1.18","河南隆重纪念杨靖宇９０诞辰　江泽民为纪念馆题写馆名",41
"1995.1.19","郑玉昆艺术研讨会在郑州召开",41
"1995.1.20","排出一批治安乱点确定重点打击对象河南整治农村治安动真格",41
"1995.1.20","河南城市电话容量破百万门大关",41
"1995.1.20","商丘连续发现仰韶时期墓葬",41
"1995.1.21","郑州天然商厦发生大火",41
"1995.1.24","触及“热点”反腐败——访中共河南省纪委书记宋国臣",41
"1995.1.25","郑州站新建售票行包大楼启用",41
"1995.1.28","上级发子支部教法子群众拿票子河南党员电化教育网络化",41
"1995.1.28","让每一分钱都花到失学孩子身上河南严格管理希望工程资金",41
"1995.1.29","许昌农村　“文化大院”成气候",41
"1995.2.1","新颖别致赏心悦目——豫剧《红果红了》观后",41
"1995.2.3","改进办法拓宽渠道新乡退伍安置工作走出新路",41
"1995.2.4","河南发展多种口岸促开放",41
"1995.2.5","河南卫辉市：蛋鸡成了摇钱树",41
"1995.2.5","开封市公安局办群众所急之事",41
"1995.2.5","河南：特困学子无辍学",41
"1995.2.6","依托基地开展各项活动联系实际立志脱贫致富驻马店爱国主义教育见实效",41
"1995.2.6","洛阳国家牡丹基因库建成",41
"1995.2.7","李长春结合河南两起虚报浮夸案件要求：各级干部旗帜鲜明反对虚报浮夸",41
"1995.2.8","焦作农业投入增速快",41
"1995.2.8","郑州钱币市场好火",41
"1995.2.8","安阳创办夜市储蓄",41
"1995.2.9","郑州一批孕乳期纺织女工不再上夜班",41
"1995.2.10","用资能手——记周口地区工商银行行长陈效范",41
"1995.2.10","安阳县法院认真审理经济纠纷案",41
"1995.2.11","郑州中原区检察院开展“岗位树形象”活动",41
"1995.2.11","河南新郑发现郑国王室重器九件铜鼎同时面世",41
"1995.2.11","投保六元钱保险一千元住院有补偿驻马店开办农民住院医疗保险",41
"1995.2.13","李岚清在河南考察时强调大力发展国合商业连锁经营",41
"1995.2.14","访农户察民情抓党建濮阳市七百余干部下乡办实事",41
"1995.2.14","焦作山阳区民兵积极宣传法律知识",41
"1995.2.16","周口通讯电缆厂成大器",41
"1995.2.16","新乡市培训新任县级领导干部",41
"1995.2.16","河南省教育世家逾两千",41
"1995.2.17","许昌法院建设标准化“两庭”",41
"1995.2.17","河南优先发展教育部署已定“教育落实年”抓好十件事",41
"1995.2.17","郑州郊区建起台港澳投资区",41
"1995.2.19","焦作转换水利机制：股份合作",41
"1995.2.19","新乡农行两手编好“菜篮子”",41
"1995.2.19","河南警告８个绿化滑坡县市",41
"1995.2.19","艰苦创业铸辉煌——记焦作市优秀共产党员王怀山",41
"1995.2.19","南阳市检察院强化法律监督",41
"1995.2.20","虚报设备价格追究记——发生在郑州新新纺织辅料有限公司的一起合资经济纷纠",41
"1995.2.21","平顶山卫东公安分局破案率有提高",41
"1995.2.21","新乡开展破大案攻积案活动",41
"1995.2.23","河南省又有百万人脱贫",41
"1995.2.24","让淮河在２０００年变清豫皖苏鲁四省共商治淮大计",41
"1995.2.27","胸怀全局提建议——记民革郑州市委副主委侯其坦",41
"1995.2.27","四个“一体化”　科技兴南阳",41
"1995.3.2","倡导热爱祖国自强不息精神残疾人巡回报告演出团在豫报告演出",41
"1995.3.4","产业化——强农固本一妙棋——人大代表、商丘地委书记杨金亮一席谈",41
"1995.3.4","罗干在河南考察工作",41
"1995.3.5","河南形成科技成果转化动力机制成果推广：连续４年达九成直接经济效益：３０多亿元",41
"1995.3.6","洛阳市美术陶瓷厂言而无信",41
"1995.3.7","三门峡水电站汛期浑水发电试验成功６年增加汛期发电量２．１亿千瓦时",41
"1995.3.8","要求学生做到教师首先做好河南教育界开展为人师表活动",41
"1995.3.9","乔石参加河南河北代表团审议时指出农业大省更要抓紧抓好农业",41
"1995.3.9","现代戏创作的新收获——评河南入选“五个一工程”的几台现代戏",41
"1995.3.10","将军名垂冀鲁豫——缅怀杨得志同志在冀鲁豫抗日战场的业绩",41
"1995.3.12","少说多做抓实农业再上台阶——河南代表团审议政府工作报告侧记",41
"1995.3.13","河南许昌：劳动用工问题多",41
"1995.3.13","何日还我青山绿水——河南省洛宁县西山底村滥采乱伐现场写真（）",41
"1995.3.15","学校体育砝码加重河南初中升学将测试体育成绩",41
"1995.3.15","开封馒头的变化",41
"1995.3.17","三门峡农行全力扶持支柱产业",41
"1995.3.17","坚持两手抓实干兴河南——访人大代表、河南省委书记李长春",41
"1995.3.20","多形式选拔大力度使用新乡一批年轻干部走上领导岗位",41
"1995.3.24","河南社科研究成果丰硕去年出版著作４８０余部发表论文８０００余篇",41
"1995.3.25","今年棉花怎么种？——河南几个棉花种植大县县长访谈录",41
"1995.3.25","三门峡发现一巨型恐龙蛋化石",41
"1995.3.27","河南速破两起毁树案件",41
"1995.3.28","武警许昌支队帮助驻地脱贫致富",41
"1995.3.30","三门峡开闸放水缓旱情（）",41
"1995.3.31","铁路卫士——记商丘火车站公安派出所政工干事王晓春",41
"1995.4.1","郑州北电务段安全生产常抓不懈",41
"1995.4.2","濮阳广开妇女干部资源",41
"1995.4.4","河南中原芝麻批发市场交易活跃",41
"1995.4.5","如何用足用活用好资金平顶山推出“六看”放贷标准",41
"1995.4.5","河南省南阳市卧龙区法院在审理和挽救两名少年罪犯时，弥合了一个破碎家庭，引起社会轰动，真可谓——一案激起层层浪",41
"1995.4.6","中国当代名家书画展将在洛阳举行",41
"1995.4.9","洛阳建成大型紫铜盘管生产线",41
"1995.4.11","洛阳大佳公司注重服务",41
"1995.4.12","全国最大ＰＳ版生产线在郑州开工",41
"1995.4.14","商丘破获伪造贩卖大专文凭案",41
"1995.4.14","河南农民建股份制市场",41
"1995.4.15","黄牌警告撼人心　亡羊补牢奋起追河南绿化滑坡县实干雪耻",41
"1995.4.17","建设五大体系　加速水利改革河南为农业“命脉”注活力",41
"1995.4.19","摩托车赛改锦标赛为系列赛洛阳承办全国摩托车越野赛",41
"1995.4.19","安阳建行信贷管理软件在全国推广",41
"1995.4.21","驻马店法院公断伪劣瓜种案",41
"1995.4.22","避免说情风关系网干扰平顶山政法领导易地交流",41
"1995.4.22","河南发现春秋古墓",41
"1995.4.23","郑州建成积压物资融通市场",41
"1995.4.24","登开封龙亭揽胜",41
"1995.4.27","建筑劳务成为河南支柱产业",41
"1995.4.28","明确产权关系组建企业集团河南交通业竞争实力增强",41
"1995.5.4","走群众路线听多方意见濮阳积极慎重选拔年轻干部",41
"1995.5.5","郑州将办房地产材料技术展",41
"1995.5.5","漯河实施外向带动战略",41
"1995.5.5","从“头”抓起——焦作市公安局局长李民庆谈从严治警",41
"1995.5.8","新郑至许昌高速公路开工",41
"1995.5.8","豫农富新疆",41
"1995.5.9","红旗列车时代风——记郑州客运段北京车队党支部",41
"1995.5.11","郑州国际少林武术节今秋举办",41
"1995.5.12","全国７６６家报纸自办发行报纸自办发行协会在洛阳总结１０年经验",41
"1995.5.13","用愚公精神创业兴业——河南省济源市委书记高文焕一席谈",41
"1995.5.15","南阳恐龙蛋化石在京展出",41
"1995.5.15","爆破声中话是非——对新安县北岭村与洛阳铝矿纠纷的调查",41
"1995.5.16","计划生育工作规范化出现喜人现象河南计生管理学院“客请”盈门",41
"1995.5.17","河南发现最古老城址",41
"1995.5.18","商丘科技兴市有新战略",41
"1995.5.19","民革郑州市委向“希望工程”赠书画",41
"1995.5.22","河南关停一批污染企业",41
"1995.5.22","河南一公司省下１０万庆典费助教",41
"1995.5.23","焦作市农行贴心支农",41
"1995.5.24","安阳流行婚纱照",41
"1995.5.25","郑州将举办建材技术展",41
"1995.5.25","安阳县电业局长杨占山利用职权大办女儿婚事",41
"1995.5.25","在提高农村干部素质上下功夫——河南省培训农村干部的实践与体会",41
"1995.5.26","河南羚锐制药公司靠新产品拓市场",41
"1995.5.27","王屋山下谱新篇——“愚公”故乡河南济源市掠影",41
"1995.5.31","安阳市文峰区法院重视行政审判工作",41
"1995.6.2","海南高效农业发展势头强劲河南科学技术兴农步伐加快",41
"1995.6.4","河南开封公安机关加强治安管理",41
"1995.6.5","新乡高新技术产业开发区崛起",41
"1995.6.5","新乡化纤厂靠技改推动生产发展",41
"1995.6.5","从“换牌”到公司制——安阳钢铁公司采访录",41
"1995.6.5","新乡化纤厂靠技改推动生产发展",41
"1995.6.5","郑州东方医院聘医德医风监督员",41
"1995.6.5","洛阳西苑公园里（）",41
"1995.6.6","“要想脱贫致富，必须紧跟党支部”新乡后进村千余农民递交入党申请书",41
"1995.6.8","硬起手腕抓队伍　毫不掩饰讲问题河南公安机关深化爱民教育",41
"1995.6.9","新乡市纺织厂出口势头看好",41
"1995.6.10","王屋山下铸辉煌——愚公故乡济源人民艰苦创业纪实",41
"1995.6.13","郑州市话总容量达３５万门",41
"1995.6.13","拓宽思路跨区经营开封一商摘掉５年亏损帽子",41
"1995.6.13","坎特说如汽车贸易谈判达不成协议美对日制裁毫不犹豫",41
"1995.6.14","朱镕基在河南考察时强调粮油收购既不得打“白条”也不能挤占挪用收购资金",41
"1995.6.14","磨刀不停砍柴不误——郑州铁路局在改革中争得主动",41
"1995.6.15","郑州亨通期货公司捐款助残",41
"1995.6.16","南阳市狠刹公款吃喝风",41
"1995.6.16","南阳市狠刹公款吃喝风",41
"1995.6.16","河南队破一项自行车全国纪录",41
"1995.6.17","中国驻美国大使李道豫奉召回国述职",41
"1995.6.17","富民，牵动党员干部心——漯河市实施“富民工程”的报告",41
"1995.6.19","豫南农民交粮忙",41
"1995.6.19","河南出现千项科技成果",41
"1995.6.20","不倒的拐杖——记河南省邓州市十里铺城郊乡小学校长李道理",41
"1995.6.22","独树一帜——介绍河南省镇平县农资连锁经营",41
"1995.6.22","以身护法——记河南省博爱县青年交警郝三庆",41
"1995.6.23","推动社会治安综合治理领导责任制落实洛阳实行“一票否决权”",41
"1995.6.23","开封棉农入保险",41
"1995.6.25","河南采取措施保护耕地两年可复垦耕地十万多亩",41
"1995.6.26","驻马店公安机关严打车匪路霸",41
"1995.6.29","“万人坑”——日军在河南信阳的大屠杀",41
"1995.6.30","黄淮流域六省协作推广良种豫麦２１获得大面积丰收",41
"1995.7.3","京深高速公路河南段开工",41
"1995.7.3","豫西南四县区：农民的文化天地小了",41
"1995.7.4","“放心农业”看焦作——焦作农业发展透视",41
"1995.7.4","立足省情　示范带动河南农村职业教育办出特色",41
"1995.7.4","为江碧波濮阳壁画题辞",41
"1995.7.6","开封亚太啤酒有限公司投产",41
"1995.7.8","南阳建成全国最长橡皮坝",41
"1995.7.10","国务院检查组检查冀豫公路治理情况时要求巩固现有成绩防止“三乱”回潮",41
"1995.7.10","圆一个“寻矿”梦——记河南省地矿厅高级工程师石昆山",41
"1995.7.12","新乡引种成功无公害脱毒葡萄",41
"1995.7.13","郑州矿区宋大铁路投入运营",41
"1995.7.17","洛阳撤销１４家不守合同的外资企业",41
"1995.7.20","全身心投入工作——记河南省“十大优秀青年”之一赵根元",41
"1995.7.21","河南最大房地产交易中心建成",41
"1995.7.22","平顶山市精心筹办第二届中国曲艺节",41
"1995.8.2","优先上做文章落实上下功夫濮阳市加大教育投入",41
"1995.8.3","洛阳“蓝精灵”系列童装走俏市场",41
"1995.8.4","河南完成夏粮定购任务",41
"1995.8.4","河南卫辉开发吡咯烷酮系列产品",41
"1995.8.4","楼宇见多草木见少绿色渐退郑州城",41
"1995.8.4","平顶山市着力开展效能监察",41
"1995.8.4","郑州有家“书银行”",41
"1995.8.7","支部是杆旗——郑州市加强农村党支部建设纪实",41
"1995.8.7","郑州农行信用社加大支农力度",41
"1995.8.7","安阳镇夏粮收购不再难",41
"1995.8.8","特派员奉命抵挡一切不合理摊派平顶山企业有了“保护神”",41
"1995.8.9","郑州成为中部地区技贸中心十年科技成果成交两万多项",41
"1995.8.9","京广线信阳段：桥梁设施屡被盗",41
"1995.8.10","为平顶山的做法叫好",41
"1995.8.11","河南农行设信贷“快慢道”",41
"1995.8.11","安阳建行与税务局联合征收税款",41
"1995.8.11","走上讲台会讲课　下到地里能种田河南职技师院强化实践教学",41
"1995.8.14","河南灵宝发现五座战国墓葬",41
"1995.8.16","建起“加油站”　唤醒“不倒翁”濮阳严格干部动态管理",41
"1995.8.17","严重违纪超标准建私房周口市８名领导干部被查处",41
"1995.8.18","郑州市农行存款逾百亿元",41
"1995.8.21","郑州厕所公司经营",41
"1995.8.21","河南给千名特困生发入学“盘缠”",41
"1995.8.21","河南农药供应形势严峻",41
"1995.8.22","安阳车站设立“解难窗口”",41
"1995.8.22","南阳一师积极改善教师住房",41
"1995.8.25","加大义务教育投入　培养培训初中教师河南省加快“普九”步伐",41
"1995.8.26","务实求实艰苦创业——河南省遂平县委书记胡鹏轩一席谈",41
"1995.8.28","河南大面积示范高美施有机肥",41
"1995.8.29","商丘白云医药市场被取缔",41
"1995.8.30","水好像变了性儿——写在驻马店“７５·８”特大洪水２０周年之际",41
"1995.9.4","郑州武术节隆重热烈",41
"1995.9.5","为了乡亲们的富裕——记河南新乡县委书记王健民",41
"1995.9.7","郑州国际少林武术节闭幕",41
"1995.9.8","焦作民兵积极投身小康村建设",41
"1995.9.8","平顶山湛河区租赁大棚",41
"1995.9.12","平等竞争公开选拔濮阳一批女干部走上领导岗位",41
"1995.9.12","共同富裕排头兵——记新乡县中街村党支部书记杜天贞",41
"1995.9.14","郑州连锁店发展快特色新",41
"1995.9.15","豫西成群野猪袭击庄稼",41
"1995.9.19","新乡市公安机关爱民活动扎实深入",41
"1995.9.19","武警焦作支队努力丰富战士“菜盘子”",41
"1995.9.19","河南隆重纪念吉鸿昌百年诞辰江泽民为“吉鸿昌将军纪念馆”题写馆名李鹏乔石李瑞环刘华清分别题词纪念",41
"1995.9.20","郑州发现商代供水设施",41
"1995.9.22","南阳法院坚持到监狱普法",41
"1995.9.23","铁路特大型集装箱基地在郑州扩建",41
"1995.9.23","踏遍青山情未了——记河南修武县西村邮局投递员杨青松",41
"1995.9.26","建设企业文化振奋员工精神三门峡农行提高素质求得发展",41
"1995.9.27","进百家门知百家事解百家忧河南农村全面推行民警巡访制",41
"1995.9.28","宋平在河南调查时指出切实加强基层党的工作",41
"1995.9.29","南阳市县律师参与接待群众来访",41
"1995.9.29","健全组织充实一线河南综合治理落在实处",41
"1995.9.29","奋进，张培豫的主旋律",41
"1995.10.2","热爱人民对法律负责焦作市公安局开展职业道德“系列工程”教育",41
"1995.10.4","“特困大学生我们帮助你”河南设立两项助学救济基金",41
"1995.10.7","洛阳才子随想",41
"1995.10.10","焦作人才市场成绩不凡",41
"1995.10.10","实施科教兴豫战略提高劳动者的素质河南职业技术教育蓬勃兴起",41
"1995.10.11","变山变水先变人变人先变带头人河南整顿后进村注重选好党支书",41
"1995.10.12","新乡查处挪用农采资金事件七里营轧花厂购买的轿车被强制拍卖",41
"1995.10.13","郑州天然商厦特大火灾事故责任者被查处",41
"1995.10.16","全国政协暨部分省市政协专委会在豫举行座谈会研究探讨下岗女工再就业问题",41
"1995.10.16","新乡县法院为企业排忧解难",41
"1995.10.17","河南大力发展生产培养县级财源今年将有二十二个县摘掉财政补贴帽子",41
"1995.10.19","焦作山阳区法院维护台胞归侨合法权益",41
"1995.10.19","落后地区发展乡镇企业的成功之路——河南省巩义市南河渡乡发展乡镇企业的调查",41
"1995.10.20","增大高技术含量开发高水平产品南阳光辉制粉机械常出常“鲜”",41
"1995.10.20","河南省专储玉米抛售顺利",41
"1995.10.26","郑州铁路北机务段机车管理微机化",41
"1995.10.31","许昌东大派出所获先进集体称号",41
"1995.11.2","濮阳县“富民工程”呈现新局面",41
"1995.11.2","洛阳郊区信用联社狠刹公款吃喝风",41
"1995.11.2","温家宝在河南调研时强调发扬新时期艰苦创业精神把农民的积极性引导好发挥好保护好",41
"1995.11.2","过洛阳龙门",41
"1995.11.7","河北：棉农卖棉又犹豫",41
"1995.11.7","河南：非法收棉又抬头",41
"1995.11.7","为了维护党的形象——记郑州金牛股份有限公司总经理、党委书记赵英",41
"1995.11.8","河南省以工代赈成效显著",41
"1995.11.8","中美合资开发平顶山盐田",41
"1995.11.8","现代愚公精神的赞歌——观豫剧现代戏《王屋山下》",41
"1995.11.17","晚景虽云暮霞光犹粲然——郑州农药厂离休干部刘枢的助学故事",41
"1995.11.19","国务院检查组要求河南省巩固治理公路“三乱”成果",41
"1995.11.20","认真执行政策规范企业管理河南涉外税收逾八亿元",41
"1995.11.21","新乡工业锅炉厂提前跨入“九五”",41
"1995.11.22","“商丘医疗器械厂”：生产假冒输液器坑患者",41
"1995.11.23","郑州接受批评依法管好土地",41
"1995.11.24","默默苦干的豫南画家",41
"1995.11.25","“立体农业”天地宽——周口地区立体化间作套种一亩能顶两亩用",41
"1995.11.26","盯住市场发展依靠科技进步新乡一拖产品十年产销旺",41
"1995.11.28","南航开通北京至南阳航线",41
"1995.11.28","河南一窖出土古币６０多公斤",41
"1995.11.28","河南省公安机关为了把从严治警纳入规范化、制度化的轨道，为了有效地增强人民警察的责任心、事业心和工作的主动性、自觉性，为了坚决遏制公安队伍内存在的有法不依、执法不严、执法不公等消极现象，提出了一系列强根固本的措施——人民警察要对法律负责",41
"1995.12.2","为国有企业当后卫——河南省平顶山市西区区委书记张德欣一席谈",41
"1995.12.2","为国有企业当后卫——河南省平顶山市西区区委书记张德欣一席谈",41
"1995.12.4","百姓的好警官——记河南方城县公安局局长朱德成",41
"1995.12.4","百姓的好警官——记河南方城县公安局局长朱德成",41
"1995.12.5","河南银行开展票据贴现和再贴现",41
"1995.12.5","南阳建成全国首家地方文学库",41
"1995.12.6","行政技术物资多管齐下　山水林田路通盘治理河南农业综合开发效益显著",41
"1995.12.6","制度完善形式多样信阳师院既重教书更重育人",41
"1995.12.7","对法律负责　为人民解难濮阳县公安局敬业爱民出成果",41
"1995.12.8","河南农村私人建房大量占用耕地",41
"1995.12.10","贯彻税收政策增强执法力度安徽福建河南加快“两税”征收",41
"1995.12.11","强化队伍管理探索治警新路河南公安机关从严治“长”",41
"1995.12.12","河南与欧盟经贸合作交流会在京举行",41
"1995.12.12","郑州中原区法院“摆牌上岗”",41
"1995.12.13","新乡市城郊经济发展快",41
"1995.12.13","许昌农行领导建章立制廉洁自律",41
"1995.12.14","领导带头自查自纠讲求实效信阳地直机关整顿干部作风",41
"1995.12.15","加强队伍建设改善执法环境河南地县级公检法干部易地任职",41
"1995.12.15","托起明天的辉煌——焦作中药二厂厂长张海尊知重教纪实",41
"1995.12.15","信阳职业教育有特色",41
"1995.12.15","京九线上——商丘",41
"1995.12.16","每日上工人数逾亿效益好于去年同期全国农田水利建设进入高潮河南增加水利投入山西力抓兴水治旱",41
"1995.12.17","平顶山市重视党报发行工作人民日报收订比上年再增３％",41
"1995.12.20","焦作山阳农行全力开展增收节支",41
"1995.12.21","平顶山市加强法警队伍建设",41
"1995.12.22","郑州市检察机关严查贪污贿赂重点打击土地批租征用犯罪",41
"1995.12.24","李长春当选河南省委书记",41
"1995.12.26","水解聚丙烯酰胺在河南上市",41
"1995.12.27","平顶山　爱民活动丰富多彩",41
"1995.12.27","济源交警五中队荣立集体一等功",41
"1995.12.28","流动的橄榄绿——郑州巡警掠影",41
"1995.12.30","华豫科技集团慰问三军仪仗队",41
