﻿"index","news_title","prov_cde"
"1999.1.1","拱北海关湾仔、桂山岛监管站实施二十四小时作业",45
"1999.1.2","回归之年归心似箭欢声笑语喜庆吉祥拱北海关迎来新年首批澳门客人",45
"1999.1.4","百色菜农网上看信息",45
"1999.1.11","钱其琛在广西考察工作强调　进一步对外开放争创新优势",45
"1999.1.11","南宁职教造就“领头雁”　一大批毕业生成为技术能手和致富带头人",45
"1999.1.11","南宁　一盒快餐也外送",45
"1999.1.12","全军武警部队对“三讲”教育作出部署　山东内蒙古广西领导干部开展“三讲”",45
"1999.1.15","非法生产违规操作酿成惨祸　赣州钦州花炮作坊发生爆炸事故",45
"1999.1.18","市县乡连成海陆空一体化　广西形成现代交通新格局",45
"1999.1.18","桂林八百军嫂获妥善安置",45
"1999.1.21","广西农村经济发展势头好",45
"1999.1.22","广西工商部门加大对粮食市场管理力度",45
"1999.1.22","中组部组织专家赴广西休假",45
"1999.1.23","就地开发异地安置科学管理　广西去年110万农村贫困人口解决温饱",45
"1999.1.23","广西表彰残疾人优秀运动员",45
"1999.1.24","广西建成一批乡镇文化站",45
"1999.1.25","1月4日至5日，广西防城海关的缉私队员在北部湾海面上，与走私分子进行了殊死搏斗，力擒两艘走私“大飞”，击沉一艘顽抗的走私“大飞”惊心动魄打“大飞”——防城海关狙击走私快艇纪实",45
"1999.1.28","收受巨额贿赂巨额财产来源不明　广西巨贪李乘龙一审被判处死刑",45
"1999.1.29","广西去年外贸　出口总额增长",45
"1999.1.29","老挝总理访问海南广西",45
"1999.1.31","河池十万群众喜迁新居",45
"1999.2.1","广西实现村村通电话（）",45
"1999.2.3","皇岗海关查获走私淫秽光盘大案　广州海关严打珠江口“水上蚂蚁”　拱北海关缴获盗版光盘10万多张",45
"1999.2.5","立志告别噪音唯愿还静于民南宁现在“安宁”了",45
"1999.2.7","不管职务多高资格多老以身试法必将依法查处广西严惩买官卖官中饱私囊者",45
"1999.2.9","“傍大款”毁掉的高级干部——原广西壮族自治区政府副主席徐炳松受贿案警示录",45
"1999.2.11","扶贫“大包干”——广西河池地区干部职工帮扶贫困户记略",45
"1999.2.14","拱北海关确保港澳旅客通关",45
"1999.2.19","广西大苗山农民过年忙生产",45
"1999.2.19","广西乡下红火最喜人",45
"1999.2.20","广西投巨资加快农村电力建设",45
"1999.2.20","广西确保节日消防安全",45
"1999.2.21","好山好水更兼好时光　桂林：游人汇聚客房满",45
"1999.2.24","一根电话线相联天下商情收眼底　广西网上农业初露头角",45
"1999.2.24","桂林春节期间游客达7万",45
"1999.2.26","广西投入巨资改造农村电网",45
"1999.2.27","植树造林兴百业　广西昭平县委书记李彬",45
"1999.3.1","李向群生前所在班被授予“李向群班”荣誉称号　广州军区海南省广西壮族自治区分别作出向李向群学习决定",45
"1999.3.2","广西实施造林良种化工程",45
"1999.3.6","江泽民参加广西代表团审议时强调指出　加强民族团结  维护祖国统一　促进共同发展  推动共同繁荣",45
"1999.3.12","求真务实兴壮乡——访人大代表、广西壮族自治区党委书记曹伯纯",45
"1999.3.13","国企改革要眼光向内——访人大代表、广西柳州市委书记蒋纯基",45
"1999.3.16","从严治政  民心所向——访人大代表、广西壮族自治区主席李兆焯",45
"1999.3.17","广西评出精神文明“双十佳”",45
"1999.3.18","血站严重“贫血”——来自南宁市的报告",45
"1999.3.22","广西国税局税收12.67亿元",45
"1999.3.22","胸怀似海  责任如山——记海军北海舰队某舰艇训练中心教练舰长李咸忠",45
"1999.3.23","北海公共汽车用上电子月票",45
"1999.3.29","政府实行配套服务择业观念发生转变　南宁下岗职工自谋职业成主流",45
"1999.3.29","广西国税系统税收廉政一起抓",45
"1999.3.30","定要求  重培养  抓后备　广西妇女干部队伍不断壮大",45
"1999.3.30","广西集中整顿文化市场　云南持续开展扫黄打非",45
"1999.3.31","广西人工增雨减缓旱情（）",45
"1999.4.5","广西高院：法官判案不达标就下岗",45
"1999.4.5","南宁彩票市场为何急剧降温",45
"1999.4.6","柳州龙城路：铜墙铁壁拒假劣",45
"1999.4.6","广西税收宣传月活动丰富多彩",45
"1999.4.8","广西旅游业能否“甲天下”",45
"1999.4.12","因地制宜形成规模　广西推广特色农业",45
"1999.4.13","广西查获强迫少女卖淫团伙",45
"1999.4.13","广西交通事故缘何居高不下",45
"1999.4.15","姜春云在广西进行立法调研时强调　全社会都要关心未成年人成长",45
"1999.4.18","强化管理清理“三乱”　广西切实减轻企业和农民负担",45
"1999.4.19","确保全年目标如期实现　广西签订外经贸责任状",45
"1999.4.21","加大投入开发景点　广西发展旅游业推动经济增长",45
"1999.4.21","依法自治任重道远——广西壮族自治区人大民族立法小记",45
"1999.4.26","桂林城建格局与山水协调",45
"1999.5.8","河池八十六家企业民主选举厂长",45
"1999.5.8","拱北海关查获科技产品走私案",45
"1999.5.10","“盆景”正在变成“园林”　南宁私营企业蓬勃发展",45
"1999.5.10","“傻瓜”技术富农家——来自防城港市科技兴农的报告",45
"1999.5.18","桂林山水今更美",45
"1999.5.19","大量欧美游客来桂林",45
"1999.5.19","心里始终装着人民——广西北海市人大常委会监督社会热点问题纪实",45
"1999.5.20","广西医疗队深入边远山区",45
"1999.5.23","以树立新形象为切入点  广西深入推进精神文明建设",45
"1999.5.25","广西防止“三讲”教育走过场",45
"1999.5.27","着眼效果  形式活泼　广西师大学生爱听邓小平理论课",45
"1999.5.27","在流通中增收——来自广西壮族自治区钦州市的报道",45
"1999.5.30","广西民族团结推动经济稳步发展　全区近10年国内生产总值年均增长11．7％",45
"1999.5.31","百色老区扶贫攻坚不松劲　力争年内解决最后近20万贫困人口温饱问题",45
"1999.6.5","仫佬族  毛南族  京族  广西三民族的巨变",45
"1999.6.6","太原市治污打响拔烟囱战役　广西对排污未达标企业曝光",45
"1999.6.7","坚持依靠群众  广辟进言渠道　广西“三讲”教育注意广泛征求意见",45
"1999.6.8","如今农村生产形势一天比一天好，但也有不少亟待解决的新问题、新矛盾。如何开展工作？广西兴业县石南镇的办法是——夜访农户",45
"1999.6.13","抓住重点  分类指导  桂林国企改革不断探索新路",45
"1999.6.27","广西早稻抢收拉开帷幕",45
"1999.7.7","加强宣传落实责任　广西约法五章减负担",45
"1999.7.11","南宁出现千辆“文明出租车”",45
"1999.7.12","干就干好让群众满意好支书王任光事迹传壮乡广西区党委追授他模范共产党员优秀党支部书记称号",45
"1999.7.14","加强监管查遗补漏　广西个体税收增长三成",45
"1999.7.15","广西高级法院二审维持原判贵港原副市长李乘龙被判死刑",45
"1999.7.19","南宁筹办民族服饰博览会",45
"1999.7.21","世界屋脊找到石油中国新星石油公司在藏北海拔4700米的伦坡拉盆地获工业油流",45
"1999.7.21","让绿色与大地相拥——全国人大常委会赴广西、四川森林法执法检查综述",45
"1999.7.21","铮铮人生——记广西灌阳县黄关人民法庭庭长蒋述义",45
"1999.7.22","不尽人才“业训”来——广西业余体育训练综述",45
"1999.7.26","党的政策感召和细致的思想工作产生威力广西一批“法轮功”骨干分子幡然悔悟",45
"1999.7.26","广西查缴《转法轮》等近万册",45
"1999.7.28","广西：举行“专题党日”活动",45
"1999.8.4","成了典型不背包袱自加压力扩大成果　南宁精神文明建设更上层楼",45
"1999.8.5","广西侦破跨国海上武装抢劫案",45
"1999.8.5","广西少数民族体育代表团成立",45
"1999.8.6","单位包村干部包户　百色地区提前实现扶贫达标　近三年农民收入增长近一倍",45
"1999.8.6","桂林市做活“水”文章　形成独具特色的市内水上游乐园",45
"1999.8.11","广西叫响“品牌农业”　琼山培育生态名牌产品",45
"1999.8.12","北海北拓医药公司成立",45
"1999.8.15","网络，推动考试革命——广西高考“网上阅卷”见闻",45
"1999.8.16","广西海警一支队严打走私",45
"1999.8.16","’99广西投资项目招商会在京沪举行",45
"1999.8.19","中国海监北海总队组建",45
"1999.8.20","柳州艺术家演出音乐剧《白莲》",45
"1999.8.24","百色老区消灭电视盲村",45
"1999.8.24","广西扭亏为盈糖厂增多",45
"1999.8.24","广西消费品市场销售稳中有升",45
"1999.8.26","新闻事件“火”了科普市场广西科技出版社书订货量直线上升",45
"1999.8.31","河北海警支队丰富文化生活",45
"1999.9.8","河北海警支队：圆满完成暑期任务",45
"1999.9.17","国企改革在广西（上）",45
"1999.9.20","国企改革在广西　（下）",45
"1999.9.23","广西建成大通道",45
"1999.9.30","国庆欢歌响彻南宁",45
"1999.10.4","桂林至北海高速公路通车",45
"1999.10.13","找问题查原因严措施重实效——广西“三讲”教育整改纪事",45
"1999.10.14","忠实履行承诺营造良好环境南宁110获优秀青少年维权岗称号",45
"1999.10.17","桂林之窗无限风光在网上",45
"1999.10.20","海南广西广大干部群众表示　坚决拥护查处海南“法轮功”非法聚集事件",45
"1999.10.25","广西：发行工作抓早抓细抓实",45
"1999.10.26","广西青年环游中国迎接澳门回归",45
"1999.10.28","出海通道显魅力捷足先登抢市场　四川300家企业亮相南宁",45
"1999.10.29","广西中越边境排雷全线告捷",45
"1999.11.4","澳门至桂林航线3日开通",45
"1999.11.7","海内外爱好者柳州赏奇石",45
"1999.11.8","塑造名城新形象抓住机遇求发展桂林“三讲”整改落在实处",45
"1999.11.10","桂林陆军学院开展农村调查见习活动",45
"1999.11.11","新泰：关心部队建设优先安置复转军人　玉林：支持国防建设解决驻军后顾之忧",45
"1999.11.11","桂林陆军学院重视环保",45
"1999.11.13","民歌迎接新世纪壮乡首府不夜城　南宁国际民歌艺术节开幕",45
"1999.11.14","南宁民族服装服饰博览会开幕",45
"1999.11.17","山区基本解决温饱后如何加快奔小康进程广西实施生态扶贫与教育扶贫",45
"1999.11.21","从1500万到256万——广西壮族自治区扶贫开发14年",45
"1999.11.30","南宁人的“绿色情结”",45
"1999.11.30","文化有着点石成金的魔力——柳州奇石演华章",45
"1999.12.3","依托南昆铁路抓住调整机遇　众专家为百色发展出谋划策",45
"1999.12.3","寓教于乐陶冶情操　南宁广场涌动文化潮",45
"1999.12.3","青年男女篮柳州冬训",45
"1999.12.5","事事有进展件件有着落　广西为群众办好12件实事",45
"1999.12.8","广西反季节蔬菜销得快",45
"1999.12.8","广西境内发生车祸　三名记者因公殉职",45
"1999.12.11","广西向贫穷宣战",45
"1999.12.12","广西集会纪念百色起义七十周年",45
"1999.12.15","全国日报体育新闻学会年会在南宁举行",45
"1999.12.17","济南：公布监督电话确保订阅经费　梧州：措施具体有效任务提前完成",45
"1999.12.19","广西贵州举办活动庆祝澳门回归祖国",45
"1999.12.21","南宁：人流如织歌如海",45
"1999.12.28","钦州念活山海经",45
"1999.12.31","原广西政府副主席徐炳松被判无期徒刑",45
