﻿"index","news_title","prov_cde"
"1999.1.1","河南实现村村通电话",41
"1999.1.5","机制一活全盘活——郑州市实施竞争激励机制纪事",41
"1999.1.6","武警周口支队提拔使用干部重实绩",41
"1999.1.7","许昌警方摧毁一特大洗劫公共汽车犯罪团伙",41
"1999.1.8","新年前夕，记者慕名访河南，穿行高楼新区，走过平川沃野，亲身感受了波澜壮阔的中原拥军热潮——潮涌中原",41
"1999.1.8","郑州交警配合严打成绩显著",41
"1999.1.8","绿色周末　郑州人值得骄傲的文化景观",41
"1999.1.10","郑州火车站面对竞争再出新招　旅客办理中转不出站",41
"1999.1.11","郑州万国PS版性能指标好",41
"1999.1.12","积极实践抓点带面注重实效　河南认真落实党风廉政建设责任制",41
"1999.1.12","洛阳建材市场重复建设禁而不止",41
"1999.1.12","让群众放心满意——郑州市公安局车管所小记",41
"1999.1.13","河南规范依法行政",41
"1999.1.14","河南“科技大篷车”进百县",41
"1999.1.18","河南省加大交通扶贫力度　全省高速公路建设步入高速道",41
"1999.1.18","依法纳税义不容辞增收节支千方百计　许昌卷烟厂摘掉欠税大户帽子",41
"1999.1.18","诺基亚公司与河南签订总值二亿八千万美元的GSM扩容合同",41
"1999.1.20","打开一扇法律的窗——河南省检察机关检务公开纪实",41
"1999.1.22","粮棉油收购资金封闭运行已近一年，效果如何？封闭运行看河南",41
"1999.1.25","河南发现苏东坡“天砚”",41
"1999.1.27","河南全面实行村务公开",41
"1999.1.28","深山拓开脱贫路——河南省新县多种途径提高农民收入",41
"1999.2.3","郑州春运首日火车站客流平稳　深圳已有十万人踏上返家旅程",41
"1999.2.3","排球管理中心警告郑州赛区",41
"1999.2.4","科学管理是国有企业的活力源泉——河南灵化集团四优管理法的调查与思考",41
"1999.2.5","抢占制高点培育增长点河南鼓励高新技术产业化",41
"1999.2.7","强化专营机制加大管理力度河南盐行业一年跃出低谷",41
"1999.2.7","李克强当选河南省省长",41
"1999.2.8","新疆中行外汇存款创新高安联大众人寿保险公司开业国际经济与金融研讨会举行安阳农村信用社支农业绩显著",41
"1999.2.9","让群众选出自己信赖的村干部郑州农村民主选举选出活力",41
"1999.2.9","河南文化活动“遍地开花”",41
"1999.2.9","三门峡引来天鹅",41
"1999.2.10","310国道河南段车匪路霸猖獗",41
"1999.2.18","欢天喜地闹中原——河南省开展春节文化下乡活动纪实",41
"1999.2.18","上海：豫园灯会流光溢彩",41
"1999.2.21","河南省洛阳市文物专家考证　新安县青要山古洞穴群乃黄帝密都",41
"1999.2.24","群防群治打防并举　信阳公安致力维护农村稳定",41
"1999.2.24","郑州检察机关聘请法学专家",41
"1999.2.25","郑州交警支队坚持群众接待日制度",41
"1999.2.26","四川节后头件事春耕备耕抓管理　河南农村新景象抗旱浇麦保丰收",41
"1999.3.3","外塑形象  内强素质　河南公安边防总队饮誉海内外",41
"1999.3.15","抓住“农”字不放松——河南代表谈巩固农业基础地位",41
"1999.3.16","全民健身添活力——记中信实业银行郑州分行重视职工体育",41
"1999.3.22","周口民警连续四年上路服务　百万民工归也平安出也平安",41
"1999.3.23","信阳浉河区法院大胆起用中青年干部",41
"1999.3.24","六万代表大评议——河南省人大常委会“两条例一决定”检查评议纪实",41
"1999.3.24","河南行政领导列席人大常委会议",41
"1999.3.25","郑州120",41
"1999.3.29","“河南金融第一案”在郑州宣判",41
"1999.3.29","闵豫同志逝世",41
"1999.3.30","洛阳西工区实施小学校舍整体改造",41
"1999.3.31","胡锦涛在河南考察时强调　贯彻中央部署确保“三讲”教育收到实效",41
"1999.4.1","把住“病从口入”这一关　吉林市河南街严细管理清除假货　百城万店无假货",41
"1999.4.12","安阳北关国税局加强税法宣传",41
"1999.4.12","司马义·艾买提在河南考察时强调　做好民政工作维护社会稳定",41
"1999.4.14","开封国税局加大征管力度",41
"1999.4.16","安阳市郊区国税局加强稽查",41
"1999.4.22","河南省国税系统突击检查表明　加油站偷税现象严重",41
"1999.4.23","廿载亏损帽　一年就摘掉——焦作矿务局中马村矿扭亏增盈纪实",41
"1999.4.23","全国竞走锦标赛将在商丘举办",41
"1999.4.27","河南人寿保费收入突破二十七亿元",41
"1999.4.27","安阳大型企业积极纳税",41
"1999.4.28","焦作限期整治污染大户",41
"1999.4.29","洛阳中药二厂抓技改增效益",41
"1999.4.30","绿色在这里长青——记郑州“绿色周末”",41
"1999.5.4","建一流班子  带一流队伍  保一方平安  驻马店公安机关重视队伍建设",41
"1999.5.4","安阳市书馆走进军营",41
"1999.5.5","扑面而来文明风——郑州铁路分局“青年志愿者行动”记事",41
"1999.5.5","路上行人口皆碑——记洛阳市中级法院副院长陈长西",41
"1999.5.6","河南仔猪缘何大幅跌价",41
"1999.5.11","头顶国徽为人民——记河南省优秀检察长乔国乾",41
"1999.5.15","乡镇企业  如何从分散走向集中——对辽豫苏浙四省八镇乡镇企业的调查报告",41
"1999.5.17","漯河市实现三级政府同时上网",41
"1999.5.20","焦作市：大沙河污染亟待治理",41
"1999.5.24","河南博物院免费开放现代史陈列",41
"1999.5.26","三门峡湖滨区国税局加强廉政建设",41
"1999.5.27","建好“明白栏”  架起“连心桥”　驻马店规范乡镇政务公开",41
"1999.5.27","企业火了  银行活了  农民笑了——农行三门峡崤山支行试行“以销定贷，封闭运行”",41
"1999.5.28","河南王岩问：人人都称今日的千岛湖很美，值得一游。我想知道那里有什么可游的地方？  美在青山绿水间——千岛湖生态之旅",41
"1999.5.29","推广关键技术  培植“绿色财源”　河南大力推进科教兴农",41
"1999.5.31","河南扎实开展国防教育　全省已有二十多万干部接受教育",41
"1999.5.31","河南发现巨型娃娃鱼",41
"1999.6.2","只要出得了  保证出得好  郑州海关确保通关效率",41
"1999.6.2","平顶山聘请特邀督导员",41
"1999.6.2","甘洒热血铸警魂——追记洛阳铁路公安民警马保平",41
"1999.6.2","开封公安推出透明工程",41
"1999.6.4","河南省一次质检结果表明：收割机和脱粒机质量好于往年",41
"1999.6.4","许昌数千干部进村普法立制",41
"1999.6.4","中国乒乓球超级联赛  江苏女队胜河南队",41
"1999.6.6","增强干部任用透明度  密切党群干群关系　开封市对县级干部实行任前公示制",41
"1999.6.8","漯河卷烟厂实行竞标节省600万",41
"1999.6.9","商丘梁园区人大密切联系代表",41
"1999.6.10","充分听取群众意见  勇于揭短触及思想　河南在深入剖析上下功夫",41
"1999.6.10","年年列入重要事  紧紧扭住不松懈　洛阳市解决群众“吃水难”",41
"1999.6.14","焦作山阳区法院下大力解决执行难",41
"1999.6.15","濮阳实行党风建设责任制",41
"1999.6.16","安阳县地税局为企业排忧",41
"1999.6.16","急人民所急——记洛阳市涧西区法院",41
"1999.6.17","信阳市平桥区：农药执法遭抗拒",41
"1999.6.18","中国乒乓球俱乐部超级联赛  河南女队一球失利",41
"1999.6.22","江泽民在郑州主持召开黄河治理开发工作座谈会指出　治理开发黄河造福中华民族　强调治理好黄河水害，利用好黄河水资源，建设好黄河生态环境",41
"1999.6.23","郑州人大对干部任前考试",41
"1999.7.2","公仆情深为人民——记河南省兰考县民政局局长田良贵",41
"1999.7.7","郑州经济技术开发区全面导入CI",41
"1999.7.7","这里没有“太平官”——河南省确山县公安局“双选”侧记",41
"1999.7.12","中西部地区的突破——建行河南分行个人住房贷款展业纪实",41
"1999.7.13","郑州医治断流有药方",41
"1999.7.13","安阳国税直属局狠抓廉政建设",41
"1999.7.14","信阳浉河区法院：杜绝超审限",41
"1999.7.15","河南省夏粮获得好收成",41
"1999.7.15","安阳国税查获假增值税发票案",41
"1999.7.17","小城镇建设：土地使用现状与政策建议——对辽豫苏浙四省八镇用地状况的调查报告",41
"1999.7.19","声讯进农户网络连万家　河南架筑信息时代“红旗渠”",41
"1999.7.20","新时期群众文化建设的有益探索——河南开封市新华书店兴建读者俱乐部网络的调查与思考",41
"1999.7.21","赤诚办铁案——记河南卫辉市人民法院法官王建平",41
"1999.7.22","功过是非今评说　冷观南阳“三轮”热",41
"1999.7.26","穿针引线到安居——小记河南银泰房地产信息中心",41
"1999.7.28","领导班子成员廉洁自律许昌市司法局带出一流干警队伍",41
"1999.7.28","河南科技界揭批“法轮功”",41
"1999.7.28","郑州街头假文凭猖獗（）",41
"1999.7.30","郑州公安干警在取缔非法组织斗争中认识到必须彻底认清“法轮功”的政治谋",41
"1999.8.1","不参与政治是骗人的鬼话——原“法轮功”河南总站站长、副站长忏悔录",41
"1999.8.2","推行“双证”制度培养实用人才　河南电力学校以特色求发展",41
"1999.8.3","因河而名，因坝而立，三门峡市的发展与万里黄河第一坝风雨同舟，可人们常常只知有坝而不知有市。如今，三门峡市立志以自身的崛起赢得人们的喝彩——三门峡：与大坝共争辉",41
"1999.8.4","执行中坚——记洛阳中级法院行政执行大队",41
"1999.8.5","新庄煤矿利税居河南同行前列",41
"1999.8.5","新乡开发区地税局规范执法",41
"1999.8.6","河南经济稳定增长",41
"1999.8.7","河南周口地区教育转化“法轮功”练习者",41
"1999.8.8","城市之美在于人市民素质是根本　濮阳脚踏实地创建文明城市",41
"1999.8.11","公款旅游必须严肃查处——对河南淮阳县农村信用社组织公款旅游的调查",41
"1999.8.12","河南召开本报2000年征订工作会议　推行“代收代订”确保稳中有升",41
"1999.8.12","加强管理提高税收人员素质——河南封丘县孙庄乡地税征收确有问题",41
"1999.8.13","开封龙亭法院行政审判有力度",41
"1999.8.16","揽月摘星架彩虹——记洛阳有线电视台台长潘序元",41
"1999.8.17","漯河市医疗体制改革惠万家医疗费支出减少27％",41
"1999.8.17","老典型创出新经验——漯河市源汇区计生工作小记",41
"1999.8.20","“严”是真正的爱护——河南省级领导班子、领导干部开展“三讲”教育采访记",41
"1999.8.20","刘庆辉，河南安阳人，警察——不要误入歧途",41
"1999.8.24","河南七百万人告别贫困",41
"1999.8.26","焦作解放区税收大幅增长",41
"1999.8.26","惨遭厄运的许昌市科技中心",41
"1999.8.27","河南七千逃犯落网",41
"1999.8.28","烟“熏”郑州城（）",41
"1999.8.31","平顶山市，因煤而立，依煤而兴。20年前，煤产业“一柱擎天”，是平顶山市经济大厦的支柱，如今的平顶山市已是“十柱托天”——平顶山：从单一走向多彩",41
"1999.9.1","银川整治城区完善公用设施　郑州群众文化活动唱响祖国颂",41
"1999.9.2","新乡县法院组织开庭观摩活动",41
"1999.9.8","焦作数十名逃犯自首",41
"1999.9.11","真抓就灵——河南省贯彻党风廉政建设责任制述评",41
"1999.9.13","中国金融教育基金奖颁奖  西单商场MIS系统能刷多种银行卡  任丘市国税局保税收足额入库  安阳北关国税强化个体私企税收  安徽建行大力支持高速公路建设",41
"1999.9.16","河南人民的骄傲",41
"1999.9.21","全国公路自行车冠军赛第二天　吉林北京河南选手顶风竞逐",41
"1999.9.30","全国赛艇锦标赛河南成绩最好",41
"1999.10.9","要做有用人——记开封县一高探索素质教育新路",41
"1999.10.13","厂长爱问“厂外事”——记信阳市人大代表赵鑫荣",41
"1999.10.14","全国铁路九运会在郑州隆重开幕",41
"1999.10.16","河南高质量建设小城镇",41
"1999.10.19","安阳北关国税局严格执法促收入",41
"1999.10.20","安阳国税直属局加强法制宣传",41
"1999.10.22","全国公路自行车赛河南队创佳绩",41
"1999.10.24","彭珮云在河南义务教育执法检查时强调　巩固现有成绩提出新的目标",41
"1999.10.24","变被动疏导为主动引导　郑州铁路局客货专列大增",41
"1999.10.25","郑州煤电与北京化大合作",41
"1999.10.25","彭珮云在河南检查妇联工作时指出　联合社会各方力量做好妇女工作",41
"1999.10.25","平顶山众人点评国税局行风",41
"1999.10.25","高效益取决于高素质　许昌火电厂为职工“充电”",41
"1999.10.26","焦作市山阳法院结合实际抓党建",41
"1999.10.29","开封地税局加强队伍建设",41
"1999.10.29","新乡县法院保护军人军属合法权益",41
"1999.10.29","强身健体向未来——郑州粮食学院秋季运动会侧记",41
"1999.11.3","利用职权严重违法违纪新乡原市委书记祝友文被开除党籍公职",41
"1999.11.5","焦作信用社大力支持农业产业化",41
"1999.11.8","农村干群进党校维护稳定促发展河南探索基层组织建设新途径",41
"1999.11.9","濮阳主色调绿",41
"1999.11.10","平顶山：措施果断纪律严明包头：领导重视党费订报",41
"1999.11.10","△依靠法治的力量，新乡县成了名副其实的现代农村。新乡人都说——法治，带来了进步",41
"1999.11.11","河南秋粮产量创历史最高水平",41
"1999.11.11","许昌街头　110迟迟未到",41
"1999.11.11","植根群众——记河南省十佳青年张慧彬",41
"1999.11.15","以压锭减员为契机向深加工转移南阳纺织集团减量增效",41
"1999.11.16","党建围着什么转——访郑州煤炭工业集团公司党委",41
"1999.11.18","焦作市对现役军人实行“五免费”",41
"1999.11.18","连康山作证——河南新县村村通公路纪实",41
"1999.11.20","许昌有个“业余宣传员”",41
"1999.11.20","开封：土城街十号",41
"1999.11.24","谁该对这些投资者负责？——对郑州市一起违法出租黄河滩地事件的调查",41
"1999.11.27","迎回归自行车拉力赛抵达新乡",41
"1999.11.29","中旅杯迎回归自行车拉力赛车队抵漯河",41
"1999.11.30","延伸服务功能　贴近人民大众　河南新华书店创建读者俱乐部",41
"1999.11.30","迎回归自行车拉力赛车队抵信阳",41
"1999.12.2","中央储备粮在郑州通过市场竞价销售",41
"1999.12.2","女乒联赛江苏险胜河南",41
"1999.12.3","一种新型环保涂料在南阳投产",41
"1999.12.6","中旅杯迎回归自行车赛第五站河南选手马亚军风头最劲",41
"1999.12.6","郑州地税稽查局监督机制效果好",41
"1999.12.7","河南高校结合揭批邪教加强思想教育",41
"1999.12.7","新乡稻麦香",41
"1999.12.8","郑州管城区检察院加强执行监督",41
"1999.12.9","敢于出“重金”舍得给“偏食”河南大幅增加教育投入",41
"1999.12.10","加大东部招商力度推进西部市场开拓河南实施“东引西进”战略见成效",41
"1999.12.10","河南建成高档卷烟纸生产线",41
"1999.12.11","河南有的单位：假借开会乱收费",41
"1999.12.12","抓村民自治促经济发展保社会稳定许昌农村民主政治建设步伐坚实",41
"1999.12.15","濮阳加强农村廉政建设",41
"1999.12.18","坚持两年挖潜堵洞　漯河电厂实现盈利",41
"1999.12.21","郑州：高歌唱心声",41
"1999.12.22","新乡法院巡回执行成绩显著",41
"1999.12.23","重教育严管理正行风创一流　漯河农行文明建设求实效",41
"1999.12.25","减轻农民负担从根儿上抓起——河南省乡村干部“双减”工作的调查",41
"1999.12.27","郑州管城区检察院预防卫生系统犯罪",41
"1999.12.29","郑州金水区开展法纪教育",41
"1999.12.29","围绕经济建设开展军民共建　焦作双拥实现“四化”",41
"1999.12.29","平顶山强化对党员干部监督",41
"1999.12.29","河南清华“结亲”",41
"1999.12.30","铲除社会毒瘤维护法律尊严　天津河南群众坚决拥护依法审判“法轮功”骨干",41
