﻿"index","news_title","prov_cde"
"1999.1.4","一张纸一把尺子一个本子　安徽严把水利兴修质量关",34
"1999.1.5","曲径通幽到农家——安徽毛集镇小城镇建设纪实",34
"1999.1.7","确保“三项政策，一项改革”贯彻落实　安徽从大局出发推进粮改",34
"1999.1.7","滁州市国税稽查局注重思想政治工作",34
"1999.1.8","安徽钢材市场质量问题严重　抽查合格率仅为百分之四十",34
"1999.1.10","合肥文明创建力求步入良性循环",34
"1999.1.12","突出重点讲求实效　安徽水利建设进度快质量好",34
"1999.1.14","架起转化的金桥——安徽科苑集团发展纪实",34
"1999.1.18","安徽去年完成基建投资60亿元",34
"1999.1.22","阜阳　领导重视农民欢迎　大面积推广农业新技术",34
"1999.1.22","安徽三家施工企业被罚“红牌”",34
"1999.1.23","冲向国际市场的新军——记安徽丰原生物化学集团的崛起",34
"1999.1.24","安徽　“三下乡”进村入户",34
"1999.2.5","安徽飞彩集团通过质量认证",34
"1999.2.7","稳字上打基础活字上下功夫马鞍山国企改革注重实效",34
"1999.2.9","了解民情反映民意集中民智安徽认真实施人民建议征集制度",34
"1999.2.11","王太华当选安徽省省长",34
"1999.2.11","“大包干”与安徽农业和农村发展",34
"1999.2.13","合肥让特困职工过好年",34
"1999.2.15","安徽建行增收利润四亿多元　北京工行信用卡业务不断创新　唐山建行信贷经营高效运作　工行新街口支行利润再创新高　“中国服装”股成功发行",34
"1999.2.18","安徽九成灾民倒房户迁新居",34
"1999.2.20","安徽年年开通“送温暖热线电话”",34
"1999.2.21","安徽切实加强计生工作管理",34
"1999.2.21","为群众办实事做好事　安徽三万干部下农村",34
"1999.2.23","强化所有权明确发包权稳定承包权放活使用权　安徽顺利完成农村土地二轮承包",34
"1999.2.24","节后上班第一天　安徽省政府提出廉政约法五章　黑龙江省政府动员部署备春耕",34
"1999.2.25","灾民喜迁新居——安徽省安庆市郊区灾后重建见闻",34
"1999.3.2","宁国化肥厂巧解复合肥结块难题",34
"1999.3.3","安徽蒙城一对夫妻　破坏选举已被拘留",34
"1999.3.9","各地加强农村基层组织建设　四川打破常规选拔干部　安徽为农村党员“加油”",34
"1999.3.13","尉健行在参加安徽代表团审议时强调　落实党风廉政责任制推动反腐斗争",34
"1999.3.17","六安至上海高速客运线开通",34
"1999.3.17","调整产业结构  搞好城市转型　淮北不再单姓“煤”",34
"1999.3.20","强化监督管理  坚持标本兼治　安徽减负工作走向规范化",34
"1999.3.23","铜陵产业发展规划论证会在京举行",34
"1999.3.25","杜绝平均摊派  税源普查建档　安徽农业特产税5年增长12倍",34
"1999.3.26","沪蓉高速安徽段进入最后冲刺",34
"1999.4.2","看着舒心购物放心办事称心　长江中路成为“安徽商业第一街”　百城万店无假货",34
"1999.4.6","全国工商联八届四次常委会议在合肥召开",34
"1999.4.9","安徽国祯集团向治污要效益",34
"1999.4.11","安徽全力推进农业科技进步",34
"1999.4.13","有人问事有钱办事有章理事　安徽农村基层组织建设上新台阶",34
"1999.4.14","制造假劣香肠伤天害理　蚌埠捣毁两个黑窝点",34
"1999.4.15","同心构筑“立交桥”——合肥推进国企下岗职工基本生活保障和再就业工作",34
"1999.4.15","政府鼓励民间投资安徽俩农民办长江轮渡",34
"1999.4.18","明确责任结对帮扶　安徽又有五十五万人口脱贫",34
"1999.4.23","安徽改革公费电话管理每年节约6000多万元",34
"1999.4.26","安徽首季进出口增长16％",34
"1999.4.29","淮南问计专家号脉经济　产业结构调整初现生机",34
"1999.5.4","黄山“五一”期间客流如潮",34
"1999.5.6","小城镇风帆正举——安徽省百镇调查报告",34
"1999.5.8","安徽省委书记回良玉提出　搞好自我剖析要做到六个坚持",34
"1999.5.9","集中精力  攥紧拳头  啃硬骨头　安徽组织深山区库区扶贫攻坚",34
"1999.5.10","芜湖几个做假冒名牌糖果的村年产值达上亿元，可是历次打假却没有一次能进到村子深处——苦涩的打假糖行动",34
"1999.5.18","踏遍黄山不为游",34
"1999.5.19","学习科技知识  掌握一技之长　阜阳涌现大批“乡土人才”",34
"1999.5.20","安徽将投巨资建经济适用房",34
"1999.5.24","淮北纠风工作突出“三公开”",34
"1999.5.25","黄山的绿色守护神——记赤岭口原木竹检查站站长黄政清",34
"1999.5.25","安徽“三讲”教育边整边改",34
"1999.5.26","安徽夏季粮油丰收　小麦增产三成油菜籽增产近八成",34
"1999.5.27","移民新厦起皖江",34
"1999.6.2","依法护农当己任——安徽省各级人大减轻农民负担纪实",34
"1999.6.2","重点监督  四年不辍  合肥市人大常委会钟情水利",34
"1999.6.3","首届亚洲男排俱乐部赛在合肥开赛  两支中国球队旗开得胜",34
"1999.6.4","黄山九华山入境游客大增",34
"1999.6.7","改进招商方式  改善投资环境　安徽提高外资利用水平",34
"1999.6.8","合肥警务督察过得硬",34
"1999.6.8","安徽涡阳：“电老虎”乱收费肆无忌惮　化肥厂不堪重负奋起维权",34
"1999.6.9","汪嘉伟合肥谈兵：男排目标——走向世界",34
"1999.6.11","我心中的黄山",34
"1999.6.14","芜湖：商品房“缩水”多",34
"1999.6.19","太原举办北约轰炸南联盟纪实展览  《目击暴行》在合肥展出",34
"1999.6.19","合肥  国企私企共商合作大计",34
"1999.6.28","芜湖市严查商品房面积“缩水”问题",34
"1999.7.5","蚌埠民生担保公司挂牌",34
"1999.7.5","芜湖又建长江桥",34
"1999.7.11","安徽国企改革配套进行全面深化前五月工业增加值同比增百分之八点七，亏损额降百分之二十七",34
"1999.7.14","安徽省人大常委会加大环保执法监督力度　为了巢湖水重碧",34
"1999.7.15","育一批人才兴一批产业富一方农民　安徽农大15年科技扶贫硕果累累",34
"1999.7.19","执法，手段要硬——安徽芜湖打假见闻",34
"1999.7.19","黄山风景区公安局确保一方平安",34
"1999.7.19","二十年接待游客年均增长逾两成　黄山旅游业带动安徽旅游经济发展",34
"1999.7.28","加大投入拉动需求推进改革安徽多管齐下保持经济健康发展",34
"1999.7.29","满足社会需求大力发展教育安徽加快培养中高级人才",34
"1999.7.30","朱镕基在考察安徽抗洪救灾和经济工作时要求兢兢业业确保长江大堤万无一失扎扎实实落实中央经济工作部署",34
"1999.7.30","机构精贷款足项目好安徽省农行扶贫落到实处",34
"1999.7.30","安徽党员练习者与“法轮功”决裂沈阳“法轮功”组织已基本瓦解",34
"1999.7.30","李忠诚，安徽霍邱人，干部——不要宣扬迷信",34
"1999.8.2","安徽“法轮功”骨干人员幡然悔悟",34
"1999.8.4","依法治理气象新——安徽省气象法制建设巡礼",34
"1999.8.6","刘家宝，安徽霍邱人，教师——惩恶扬善",34
"1999.8.14","温家宝在安徽农村考察时强调　切实抓好农村精神文明建设",34
"1999.8.14","阜阳汽车站　旅客进公厕仍要交费",34
"1999.8.26","安徽实行财政预算追加听证制",34
"1999.8.31","合肥交警查获劫车杀人嫌疑人",34
"1999.9.1","芜湖长江大桥B标段竣工",34
"1999.9.5","请来洋专家  开辟示范园  宿州“借脑种田”果香粮丰",34
"1999.9.7","合肥  层层落实  抓好治安",34
"1999.9.8","淮南促科教兴农",34
"1999.9.9","辽宁省卫生防疫站违反规定黄山开会被查处　主要责任者受党纪政纪处分",34
"1999.9.13","吴邦国在安徽考察国有企业时强调　认真学习贯彻江总书记讲话精神　把国企改革和发展各项工作落到实处",34
"1999.9.13","中国金融教育基金奖颁奖  西单商场MIS系统能刷多种银行卡  任丘市国税局保税收足额入库  安阳北关国税强化个体私企税收  安徽建行大力支持高速公路建设",34
"1999.9.15","安徽省人大常委会加大村委会组织法执法监督力度",34
"1999.9.22","宿州实施人事　任免三项制度",34
"1999.10.11","全国乒乓球锦标赛在合肥结束",34
"1999.10.15","提高认识分解指标确保稳中有升安徽要求党报党刊发行两优先",34
"1999.10.17","向改革要活力向市场要效益安徽科苑集团靠创新兴旺发达",34
"1999.10.19","为了市民用上“顺心气”——合肥市煤气总公司文明建设纪实",34
"1999.10.22","江启胜，安徽人，公务员——插播广告大杀风景",34
"1999.10.25","安徽发现我国迄今最早的“石刀”　距今二百万年加工痕迹可见",34
"1999.10.28","安徽出台地方性兵役法规",34
"1999.10.29","武警芜湖市支队全面建设上台阶",34
"1999.10.29","院有重点科有特色人有专长　安徽以点带面推动卫生事业发展",34
"1999.11.3","一法牵动万人心——安徽省人大常委会为库区人民脱贫立法侧记",34
"1999.11.4","黄山获保护荣誉奖",34
"1999.11.9","皖东南：上山再创业",34
"1999.11.17","芜湖至宣州铁路复线开工",34
"1999.11.18","安徽召开党报党刊发行再动员会成都市采用新方式发行效果显著",34
"1999.11.23","安徽检察机关多层次预防职务犯罪",34
"1999.11.27","超越一般——民革安徽省委员会参政议政工作纪实",34
"1999.11.29","武警安徽总队领导为老战士送温暖",34
"1999.12.1","安徽和县妇幼保健所太离谱　为了增加收入竟拿性病说事",34
"1999.12.4","兴建小城镇搞活小企业　安徽实施“两小战略”富民强省",34
"1999.12.5","《红楼梦》歙砚在黄山市面世",34
"1999.12.6","安徽将建二千公里高速公路",34
"1999.12.7","胡锦涛在鲁苏皖考察时强调适应农业和农村经济发展新阶段坚持不懈加强农村基层组织建设",34
"1999.12.10","刘家宝，教师，安徽霍邱人——学学《史记》",34
"1999.12.13","靠山吃山，靠水吃水，坐拥名满天下的黄山风景资源，如今却被列为省里的扶贫攻坚目标——黄山旅游区咋成贫困区",34
"1999.12.15","武警安徽总队完善监督机制",34
"1999.12.22","安徽人大开展宪法宣传周活动",34
"1999.12.22","武警六安地区支队严惩犯罪",34
"1999.12.23","安徽：加大征订力度",34
"1999.12.24","徽州文化园在黄山建成",34
"1999.12.25","淮北：政协提案质量明显提高",34
"1999.12.27","滁州市国税局实行领导干部任前公示制",34
"1999.12.27","保平衡促发展——安徽省财政支出改革综述",34
"1999.12.29","安徽总结20年人大工作经验",34
"1999.12.30","加大科技投入加强基础建设　安徽实现农业增产农民增收",34
