﻿"index","news_title","prov_cde"
"1999.1.5","湖南省加大扶贫工作力度",43
"1999.1.11","湖南五百万亩玉米丰收",43
"1999.1.11","株洲电信业取得长足发展",43
"1999.1.13","湖南各地普降大雪　百万灾民安全过冬",43
"1999.1.13","扶正法律的天平——湖南湘潭市人大代表评议法院工作纪实",43
"1999.1.26","湘黔铁路实现全线电气化",43
"1999.1.26","湖南检察机关提高办案质量",43
"1999.1.27","长沙县发生一起新建楼房坍塌事故",43
"1999.1.29","岳阳求真学校改革英语教学",43
"1999.1.30","寓教于乐以乐促建——记岳阳市公用局重视职工体育",43
"1999.1.31","湖南安排资金慰问困难职工",43
"1999.2.2","杨正午当选湖南省人大常委会主任　储波当选湖南省省长",43
"1999.2.3","衡阳医学院服务到灾区",43
"1999.2.3","为了司法公正——记湖南省高级人民法院院长吴振汉",43
"1999.2.4","株洲电信推出200余便民举措",43
"1999.2.4","购销非法读物为何不严肃处理——对湖南株洲市一起“书事件”的调查",43
"1999.2.4","协同作战突出重点　湖南净化文化市场",43
"1999.2.4","永州建农产品绿色通道",43
"1999.2.6","湖南推进大中型国企脱困攻坚　去年减亏增利4．74亿元，比上年增长39．7％",43
"1999.2.6","真品真价真情　南京湖南路创建文明一条街",43
"1999.2.7","三湘涌动“下乡”潮",43
"1999.2.8","长沙广开门路安置下岗职工近一万三千名下岗职工走上社区服务新岗位",43
"1999.2.9","岳阳将办首届全国水上运动大赛",43
"1999.2.10","永不失衡的天平——记湘潭市雨湖区法院楠竹山法庭庭长王泽其",43
"1999.2.11","关死闸口套牢笼头长沙锁住预算外资金“野马”",43
"1999.2.12","家家有目标人人有责任长沙五一路拒假得力百城万店无假货",43
"1999.2.12","湖南体育社会化实现突破",43
"1999.2.13","湖南党政机关献爱心送温暖",43
"1999.2.15","湖南春节市场货足价稳服务好",43
"1999.2.15","干部驻村帮扶农民接受培训　湖南三千五百个特困村解决温饱",43
"1999.2.15","长沙送副春联过大年",43
"1999.2.19","积极调运物资加强农技培训抢修水毁工程　湖南备耕动手早",43
"1999.2.22","落实科教兴农战略加快建设农业强省　湖南实施十二项农业工程",43
"1999.2.23","湖南桂阳加强农业科技推广",43
"1999.2.24","义务传播信息深山货畅其流　湖南扶贫广告立了一功",43
"1999.2.26","湖南灾区备耕早()",43
"1999.2.26","湖南提出今年完成造林百万亩",43
"1999.2.27","违反“三同时”带来的恶果——湖南怀化莱孚铝厂废气污染情况的调查",43
"1999.2.28","路在脚下——湖南电信探索适合国情的电子商务之路",43
"1999.3.2","把“百城万店无假货”活动引向深入　中宣部等推广南京湖南路经验",43
"1999.3.3","湖南法院主动接受人大监督",43
"1999.3.6","发展农村经济增加农民收入——湖南代表团审议政府工作报告侧记",43
"1999.3.7","朱镕基到湖南代表团听取意见时强调　加强基础设施建设　必须确保工程质量",43
"1999.3.10","全国人大代表、湖南省高级法院院长吴振汉——多方齐心协力　遏制青少年犯罪",43
"1999.3.10","全国人大代表、湖南省检察院检察长李志辉——强化诉讼监督　加大严打力度",43
"1999.3.11","文明示范促进商贸繁荣——湖南长沙市五一路开展“百城万店无假货”活动的调查",43
"1999.3.13","水患不除  湘乡不宁——湖南代表谈兴修水利",43
"1999.3.17","走向新的文明——南京市湖南路示范街的启示",43
"1999.3.20","湖南卫星遥感地问世",43
"1999.3.24","希捷捐助湖南兴建学校",43
"1999.3.26","李岚清在湖南考察工作时强调　切实做好灾后卫生防疫工作",43
"1999.4.1","岳阳市的一项调查表明：公车使用制度要改革",43
"1999.4.4","李开湘同志逝世",43
"1999.4.5","研究一批开发一批生产一批长沙高新区加大技术创新力度",43
"1999.4.6","湖南减少早籼稻种植面积",43
"1999.4.8","“修、管、防、抢”责任一体险工险段重点整治湘鄂切实做好防汛准备",43
"1999.4.9","钟银平，长沙人，教师——保护现有遗迹",43
"1999.4.10","怀化“收费一一○”",43
"1999.4.11","湖南积极发展农村专业合作社",43
"1999.4.13","落实责任增加投入切断病源　湖南全省实现大灾之后无大疫",43
"1999.4.14","制造假劣香肠伤天害理　蚌埠捣毁两个黑窝点",43
"1999.4.15","调整结构与安置下岗职工相结合　株洲经济“退二进三”",43
"1999.4.16","彭珮云在湖南考察时指出　农村妇女工作要一手抓发展一手抓维权",43
"1999.4.18","产供销一条龙种养加一体化　湖南积极发展农村专业合作社",43
"1999.4.19","张家界至香港航班开通",43
"1999.4.19","国企里的“阳光行动”——湖南省长沙市221家企业实行“厂务公开”记略",43
"1999.4.20","岳阳楼抒怀",43
"1999.4.22","武警湖南总队为百姓普法",43
"1999.4.24","衡阳县六中　擅提学杂费用学生被迫辍学",43
"1999.4.25","加强管理确保质量湖南切实抓好基础设施建设",43
"1999.4.26","湘西沱江污染严重",43
"1999.4.29","拓展农村内需难在何处？——来自湖南娄底地区的调查",43
"1999.5.4","长沙粮食系统分流人员  不留恋“政策饭”  主动吃“辛苦饭”",43
"1999.5.4","严防“豆腐渣”工程  郴州建行把好“造价”审查关",43
"1999.5.5","长沙人大旁听庭审　个案监督又出新法",43
"1999.5.5","武警湖南总队加强普法",43
"1999.5.7","胡军，长沙人，教师——重在素质教育",43
"1999.5.17","CUBA男八强湖南财院赛区收兵　东道主脱颖而出",43
"1999.5.19","湖南检察机关立案监督有成效",43
"1999.5.24","学习研讨兴致高  社会调查效果好  湖南高校涌动学邓小平理论热潮",43
"1999.5.24","中金公司再任高新国际周顾问  中信银行开展金融法规学习  湖南地税直属分局税收“过半”",43
"1999.5.25","坚强的政治保证——湖南省长沙友谊集团公司党委工作纪事",43
"1999.5.26","先过关  再任命　岳阳县人大任命法院、检察院干部严把素质关",43
"1999.5.29","湖南水利投资六十二亿元",43
"1999.5.30","常德投资六亿兴建文化设施",43
"1999.5.31","湖南机械工业局原局长林国悌一审被判死刑",43
"1999.6.1","全国书市九月在长沙举行",43
"1999.6.1","CUBA男八强赛决赛第一回合  湖南财院队力克电子科大队",43
"1999.6.2","湖南领导带头解决问题",43
"1999.6.2","无悔人生铸丰碑——记湖南省优秀法官刘其盛",43
"1999.6.3","素质教育遍三湘",43
"1999.6.5","怀化“110”收费问题已纠正",43
"1999.6.7","长沙打折出怪招：房价骰子定",43
"1999.6.9","长沙市举办乡镇人大主席培训班",43
"1999.6.9","据湖南省常宁市法院统计，该院仅1998年就审理因医疗事故引发的人身损害赔偿案件7件，其中因医疗事故造成病人死亡案2件2人。　医疗事故缘何增多",43
"1999.6.9","长沙天心区查处一特大挪用公款案",43
"1999.6.9","湖南临澧县人大常委会行使权力　加强个案监督　促进司法公正",43
"1999.6.10","湖南：迎战市场长铁扭亏",43
"1999.6.10","社会办学  喜忧参半——来自湖南岳阳市的调查",43
"1999.6.11","武警衡阳市支队严把党员发展关",43
"1999.6.11","若有人兮山之阿——观湘西民族舞蹈诗《扎花女》抒情",43
"1999.6.13","民警自带救急金上岗  岳阳“110”的新鲜事",43
"1999.6.15","以安全为龙头  以服务为中心  南航湖南分公司抓管理促效益",43
"1999.6.16","找咱们的代表去——记常德市武陵区人大代表二三事",43
"1999.6.17","原本红火的湘乡农用运输车辆厂为何陷入困境？  地方打假无力度  众多杂牌逞猖狂",43
"1999.6.21","湖南路桥公司获　ISO9002质量认证",43
"1999.6.21","收费部门几十家 收费项目一百多　乱收费　困扰湖南个私经济",43
"1999.6.23","河北大中型国企脱困见成效　湖南国有控股企业减亏增盈",43
"1999.6.23","香港特区全国政协委员视察湖南",43
"1999.6.25","一个普通党员的诺言——记武警长沙支队副支队长翁培根",43
"1999.6.27","长沙火车站前倒票凶",43
"1999.6.30","架起科教兴农辐射网——记邵阳集中力量办好职业技术学校",43
"1999.6.30","为方便群众举报，长沙市雨花区检察院承诺：“我们24小时值班”",43
"1999.7.3","华夏子孙不忘始祖湖南将组织各界公祭炎帝陵",43
"1999.7.5","蚌埠民生担保公司挂牌",43
"1999.7.7","顺价促销深化改革　湖南粮改一年减亏38亿",43
"1999.7.7","公生明严生威——记长沙市中级法院院长杨志德",43
"1999.7.8","调整班子抓好教育　湖南加强贫困村党支部建设",43
"1999.7.9","常德诗墙书画作品展开幕",43
"1999.7.11","衡阳境内发生一起列车脱轨事故",43
"1999.7.12","外观美口感好抗倒伏抗病虫湖南农科院育出高产优质早籼稻新品种明年可望大面积推广",43
"1999.7.15","课业负担重苦煞众学子——关于湘乡市城区中小学生学习负担的调查",43
"1999.7.19","湖南省严查对个私经济乱收费",43
"1999.7.20","湖北湖南江西广大军民严阵以待　做好防汛工作确保安全度汛",43
"1999.7.20","长沙取缔三大非法药材市场",43
"1999.7.21","湖南纪检监察部门保驾重点工程",43
"1999.7.21","擅离岗位赴家宴玩忽职守酿险情　岳阳抗洪一线两名干部受处分",43
"1999.7.21","长沙“校务公开”广受欢迎",43
"1999.7.21","衡阳：一号议案治污水",43
"1999.7.21","松柏风骨——记湖南岳阳市东茅岭法庭庭长袁高林",43
"1999.7.22","订报读报重在用报——湖南衡阳市县级以上干部读报用报的调查",43
"1999.7.23","抓住中心形式多样长沙以“三讲”教育促廉政深入开展“三讲”教育",43
"1999.7.26","长沙查处《法轮功》等非法出版物",43
"1999.7.27","朱镕基考察湖南抗洪救灾工作要求保持高度警惕昼夜巡堤查险确保长江安全度汛",43
"1999.7.29","认清非法组织反科学反人民反社会本质湖南练习者基本脱离“法轮功”组织",43
"1999.8.4","湖南公安部门提供材料证实：“法轮功”具有严密组织体系",43
"1999.8.5","湖南经济保持稳定增长",43
"1999.8.6","永州农民依靠劳务输出增收",43
"1999.8.6","郑跃辉，湖南怀化人，法官——请给法治一点空间",43
"1999.8.8","长沙铁路打击倒票",43
"1999.8.9","湖南煤炭局帮扶桑植县　叶家桥村告别特困",43
"1999.8.10","长沙扶贫攻坚5年成效显著",43
"1999.8.10","湖南查处一挪用救灾建校款案",43
"1999.8.10","找准切入点——株洲车辆厂物资处党建工作纪事",43
"1999.8.13","全国水运大赛暨岳阳国际龙舟节将举行",43
"1999.8.17","张家界森林覆盖率大幅提高",43
"1999.8.18","落实责任培训骨干网上作战湖南展开追逃大行动",43
"1999.8.19","《长沙百年》和《长沙老街》出版",43
"1999.8.21","衡阳县六中乱收费问题已查处",43
"1999.8.25","邵阳市假章假证泛滥",43
"1999.8.27","努力把湖南的事情办好",43
"1999.8.28","湘南：明年早稻应换良种",43
"1999.8.30","湖南出现首座体育主题公园",43
"1999.9.1","四川：确保公费优先订阅　湖南：督促检查抓好落实",43
"1999.9.1","衡阳第1号议案：整治饮水污染",43
"1999.9.2","南京开展迎国庆系列文化活动　西安致力于清洁城市美化环境　长沙全市动员搞好城市“四化”",43
"1999.9.5","长沙  挑灯夜战抢修道路",43
"1999.9.7","《岳阳楼记》我心中的灯",43
"1999.9.8","株洲乡镇人大为经济发展出力",43
"1999.9.8","为民多办一件事  心中才少一份忧——记湖南省人大代表陈建教",43
"1999.9.9","商品房用户的烦恼——娄底市商品房市场探秘",43
"1999.9.16","乡镇文化站，路在何方？——来自湖南省安化县农村文化站的报告",43
"1999.9.17","走近汇纳思想的大海——湖南出版业巡礼",43
"1999.9.18","亚洲皮划艇锦标赛在常德开幕",43
"1999.10.7","《湖湘名医典籍精华》问世",43
"1999.10.12","岳阳市交委重视全民健身",43
"1999.10.12","永州观“异蛇”",43
"1999.10.13","湖南加快贫困县农田建设",43
"1999.10.13","湖南省体育传统项目学校运动会在沅江结束",43
"1999.10.15","奸淫妇女诈骗钱财为害社会邪教“主神教”主犯在湘潭伏法",43
"1999.10.18","湖南巩固对“法轮功”斗争成果",43
"1999.10.18","湖南各界公祭炎帝陵",43
"1999.10.20","’99张家界世界特技飞行大奖赛12月举行",43
"1999.10.20","湖南打击与保护并重",43
"1999.10.24","湖南国有控股工业企业实现扭亏　1至9月同比减亏增利19．93亿元",43
"1999.10.27","全国中老年门球赛在张家界结束",43
"1999.10.28","长沙开福区“双拥”工作成绩显著",43
"1999.11.5","“衡阳抢险英雄群体”先进事迹报告会举行海军工程大学衡阳抢险英雄群体获“全国新长征突击队标兵”称号",43
"1999.11.7","岳阳多方筹资构筑公路网洞庭湖区改渡为桥见成效",43
"1999.11.11","湖南提高期刊征订服务质量",43
"1999.11.15","张家界永定区加强农村党员管理教育",43
"1999.11.16","株洲解放街派出所热心助民获殊荣",43
"1999.11.16","旅游新城张家界",43
"1999.11.17","湖南集中治理经济环境六个多月减轻企业和社会负担近五亿元",43
"1999.11.17","衡阳农村青年不信“法轮功”信科学",43
"1999.11.23","落实责任制定措施　长沙西长街防止“法轮功”练习者思想反弹",43
"1999.11.24","衡阳述职评议向纵深发展",43
"1999.11.26","调整品种优化品质科技培训政策引导　湖南调整优化农业生产结构",43
"1999.11.26","“是党挽救了我！”——原“法轮功”湘潭站站长林齐民的诉说",43
"1999.11.26","挺进“禁区”——记湖南医科大学附属湘雅医院",43
"1999.12.1","湖南律师　面向农民推行“维权工程”",43
"1999.12.6","第19届“飞天奖”颁奖典礼在长沙举行",43
"1999.12.7","迎回归自行车赛车队抵达衡阳",43
"1999.12.8","中旅杯迎回归自行车赛车队抵郴州老女排五连冠精神鼓舞车队前行",43
"1999.12.9","唐山采取措施转化“法轮功”练习者衡阳一市民与邪教决裂家庭和好如初",43
"1999.12.9","张家界世界特技飞行大奖赛开幕",43
"1999.12.10","张家界世界特技飞行大奖赛开赛15名参赛选手个个都有拿手绝招",43
"1999.12.13","湖南：保证经费加强督查　西藏：强化措施落实任务",43
"1999.12.15","选举应合法——湖南怀化某些乡镇人代会违法选举现象透视",43
"1999.12.19","湖南粮食部门购销大增亏损减少今年一至十月全省粮食收购企业同比减亏十八点七亿元",43
"1999.12.24","岳阳市公安局全民健身有成效",43
"1999.12.28","做大，更要做强——访湖南华菱钢铁集团有限责任公司",43
"1999.12.29","深圳怀化张家界超额完成订数　贵阳严肃批评征订不力的单位",43
"1999.12.30","余热增辉更灿烂——记湖南省政府参事单先麟",43
"1999.12.30","瞄准市场种田围绕增收增产　衡阳特色农业激活农村经济",43
"1999.12.31","张家界永定区提高干部素质",43
