﻿"index","news_title","prov_cde"
"1999.1.1","深圳海关三门岛办事处挂牌",44
"1999.1.4","本报汕头印点开印　粤东读者可读当天《人民日报》",44
"1999.1.4","扫黄打非顺民意福州汕头出重拳",44
"1999.1.4","省港杯足球赛广东队首战告捷",44
"1999.1.5","广东农行推出电子汇款卡",44
"1999.1.5","珠海拱北口岸元旦13万旅客入境",44
"1999.1.6","山东法院清理“法律白条”9万件　广东法院执行标的金额近90亿",44
"1999.1.7","原建行广东分行行长玩忽职守受贿被判刑13年",44
"1999.1.8","广东出台生态公益林补偿制度",44
"1999.1.9","江西有毒猪油事件引起社会重视深圳展开打击制假售假斗争",44
"1999.1.9","从黄土坡到新城区——深圳龙岗五年巨变",44
"1999.1.10","放开视野放宽政策放胆试验放手大干　汕头：发展乡企拉动经济",44
"1999.1.11","深圳办理出口退税十亿",44
"1999.1.11","肇庆国防教育系统化多样化",44
"1999.1.11","香港特区全国人大代表在粤视察",44
"1999.1.11","省港杯广东足球联队六连冠",44
"1999.1.11","深圳三星电管开发出健康型显像管",44
"1999.1.12","珠海市决心为澳门回归多作贡献",44
"1999.1.13","深圳外贸出口六连冠",44
"1999.1.13","大学生双向选择火爆深圳",44
"1999.1.13","深圳农村基本实现村务公开",44
"1999.1.14","香港全国人大代表结束在广东视察",44
"1999.1.15","高法在广州举行大会　表彰审理张子强案有功人员",44
"1999.1.18","发挥五大优势实施四项战略　汕头特区人均GDP逾两万元",44
"1999.1.18","管理混乱负债累累违规经营资不抵债　广东国投及三家全资子公司宣告破产",44
"1999.1.18","广东查走私防回潮",44
"1999.1.19","粤港澳乒乓友谊赛在汕头举行",44
"1999.1.19","东莞：外商翩翩来",44
"1999.1.20","增创新优势更上一层楼　深圳两个文明建设协调发展",44
"1999.1.20","广东立法加强流动人员管理",44
"1999.1.21","粤公安边防部队拼搏海上　三个艇队荣立集体一等功",44
"1999.1.21","深圳青年爱射箭",44
"1999.1.22","广州环路建设一路绿灯",44
"1999.1.23","“东鹏”展翅高飞——佛山石湾东鹏陶瓷集团发展纪实",44
"1999.1.24","深圳市委决定：严禁在年节迎来送往中收送礼金　春节中让“红包”曝光",44
"1999.1.25","管市场挖源头查大案建机制　广州打非工作制度化",44
"1999.1.25","全国男篮甲A联赛第九轮　北京奥神落马广东宏远逞威",44
"1999.1.27","北京缉私警首案告捷　深圳海关深入开展打私　广东海关去年查私创纪录",44
"1999.1.27","澳门人大代表参加广东九届人大二次会议",44
"1999.1.28","广东澄海关窑还田",44
"1999.1.29","纪念江主席八项主张发表四周年　暨《告台湾同胞书》发表二十周年　京沪粤浙等地举行座谈会",44
"1999.1.31","营造良好投资环境产生巨大魅力东莞外贸出口居全国地级市前列",44
"1999.2.1","广州利用外资继续增长",44
"1999.2.2","《广东改革开放大事记》出版",44
"1999.2.3","郑州春运首日火车站客流平稳　深圳已有十万人踏上返家旅程",44
"1999.2.3","皇岗海关查获走私淫秽光盘大案　广州海关严打珠江口“水上蚂蚁”　拱北海关缴获盗版光盘10万多张",44
"1999.2.4","广东工行去年增贷二百二十亿元",44
"1999.2.6","“愚公移山”创文明——记深圳市布吉镇坂田村",44
"1999.2.8","广州宝洁扩大投资创佳绩",44
"1999.2.9","集中资源抓紧施工珠海确保迎澳门回归重点工程如期完成",44
"1999.2.9","汕头落实侨房政策",44
"1999.2.11","巍然屹立华侨城——深圳华侨城集团公司1998年经营大跨越纪实",44
"1999.2.11","爱群甘花茶在广州面市",44
"1999.2.12","深圳海关查获一批“蚂蚁搬家”案广州海关查获非法光盘包装工场南京海关税收实现开门红",44
"1999.2.12","亚俱杯万达挑战磐田双方主将中山雅史李明可能缺阵",44
"1999.2.13","中央领导人向老同志祝贺新春　江泽民李鹏朱镕基李瑞环胡锦涛尉健行李岚清分别看望万里刘华清荣毅仁薄一波宋任穷等受党中央委托李长春和浙江省委主要负责同志分别看望正在广东和浙江的乔石宋平　老同志们请中央领导同志转达他们对全国各族人民的节日祝贺",44
"1999.2.13","我国专家学者聚会深圳研讨——政府职能与现代经济",44
"1999.2.15","汕头人过个“外向型”春节",44
"1999.2.15","深圳飞起空中轻轨",44
"1999.2.17","深圳人均所得税全国第一",44
"1999.2.18","广州地铁对外开放观光营运",44
"1999.2.20","深圳高新技术产品出口增长",44
"1999.2.20","澳门珠海春节期间人潮涌",44
"1999.2.21","汕头全面改造薄弱学校　将筹措四千万元专项资金",44
"1999.2.23","佛山民间木版年画重放异彩（）",44
"1999.2.24","深圳口岸春节期间出入境旅客410万",44
"1999.2.24","湛江海关查获一批走私轿车",44
"1999.3.1","李向群生前所在班被授予“李向群班”荣誉称号　广州军区海南省广西壮族自治区分别作出向李向群学习决定",44
"1999.3.3","鲜明的音符  激越的旋律——来自深圳宣传思想战线的报告",44
"1999.3.4","深圳市改革政府审批制度　审批核准事项减少463项",44
"1999.3.4","广东纪念十一届三中全会二十周年理论研讨会提出　在改革开放中大胆探索",44
"1999.3.5","广州交响乐团和《艺术家的生涯》",44
"1999.3.7","祖国，深圳对你说",44
"1999.3.8","江泽民参加广东代表团审议时指出　搞好广东建设对全国具有重要意义",44
"1999.3.8","承保理赔“一步到位”　深圳太保开辟汽车保险“绿色通道”",44
"1999.3.10","全国人大代表、广东省人大常委会副主任王骏——各方齐配合　层层抓治安",44
"1999.3.10","全国人大代表、深圳市市长李子彬——抓精神文明　促治安稳定",44
"1999.3.11","朱镕基参加广东四川代表团讨论时指出　加大执法力度  整顿经济秩序",44
"1999.3.11","理论学习　须有机制作保障——对广东阳江市领导干部理论学习检查考核的调查",44
"1999.3.13","各地纪念孙中山先生逝世七十四周年",44
"1999.3.13","《中国国情丛书——百县市经济社会调查·汕尾卷》",44
"1999.3.14","廉洁高效有为  树立全新形象——广东代表谈转变政府职能",44
"1999.3.14","认真贯彻江总书记讲话精神　广东严厉打击走私犯罪活动",44
"1999.3.15","我国将加强野生动植物进出口管理　粤桂滇边贸将作重点整顿",44
"1999.3.15","中美国际海缆在汕头登陆",44
"1999.3.15","集中行动 狠抓源头　广东打击破坏森林资源违法活动",44
"1999.3.17","广州本田雅阁轿车加入国宾车队",44
"1999.3.17","保一方平安——深圳市宝安区抓好外来人口和出租屋管理纪事",44
"1999.3.22","（深圳）中国化工交易会将举行",44
"1999.3.22","广州“街头书馆”（）",44
"1999.3.23","广东开辟“直通快车”了解社情",44
"1999.3.24","中山海关实行旅检集约化管理　拱北口岸首条台胞通道进出忙　深圳海关重拳打击“蚂蚁搬家”",44
"1999.3.24","维护稳定  严肃纪律  不走过场　广东大力清理政法机关所办企业",44
"1999.3.25","深圳开展领导干部“廉内助”活动",44
"1999.3.25","“无人喝彩”使人忧——田径大奖赛珠海站观感之一",44
"1999.3.26","在赛练结合上做文章——田径大奖赛珠海站观感之二",44
"1999.3.29","“第二战场”上的较量——广东打击汽车配件走私纪实",44
"1999.4.1","小额成品油走私逐月上升　广东海关开展“灭蚁”斗争",44
"1999.4.1","珠海竖立澳门回归倒计时牌",44
"1999.4.2","中美电信高层会议在广州举行",44
"1999.4.2","企业成为技术创新主体　深圳市研发经费八成出自企业",44
"1999.4.5","深圳工商局建立市场巡查制",44
"1999.4.5","深圳地税局组织打击假发票",44
"1999.4.5","广州本田雅阁一流本色",44
"1999.4.6","向千年陋习宣战——汕头市殡葬改革纪实",44
"1999.4.8","深圳海关一天缉获十六艘走私油船",44
"1999.4.9","四月下旬在北京上演深圳舞剧　《深圳故事》抒当代情怀",44
"1999.4.10","广东地方税收实现首季开门红",44
"1999.4.12","深圳赛格广场封顶",44
"1999.4.12","中国—东盟新闻研讨会在深圳闭幕",44
"1999.4.13","生效判决三年难执行——对广东八建公司与海南兴业公司工程合同纠纷案的调查",44
"1999.4.13","田纪云在深圳考察工作时指出　发展高科技产业人才是关键",44
"1999.4.13","搭建人才流动桥梁——记深圳人才大市场",44
"1999.4.13","云浮军分区党委注重提高决策能力",44
"1999.4.14","高新产业成为深圳经济第一增长点　90％开发机构和90％开发人员设在企业",44
"1999.4.18","花花草草能养家一枝一叶也生财　广州绿色产业岁入十亿",44
"1999.4.20","粤闽援藏建设水利（）",44
"1999.4.20","《孙中山生平史迹展》在南京开展",44
"1999.4.20","《邓小平理论与广东实践研究丛书》",44
"1999.4.22","珠海曝光重大偷税案",44
"1999.4.23","广东工行与私企宜华签订协议",44
"1999.4.23","第三届京粤港普通话歌曲演唱会在即",44
"1999.4.24","社会文明建设的一项重要工程——广东省“深化殡葬改革、促进社会文明学术研讨会”综述",44
"1999.4.25","迅跑在信息高速公路上——广东中山市信息农业考略",44
"1999.4.27","汕头琪雅公司建连锁店助下岗人",44
"1999.4.27","春风扑满面亲情一线牵——珠海拱北口岸台胞入出境专用通道见闻",44
"1999.4.28","广东红领巾为校园添绿",44
"1999.4.29","抓住重点解决突出问题广东省“三讲”教育全面展开",44
"1999.4.30","浓缩时代主题舞出特区气象　专家研讨《深圳故事》",44
"1999.5.3","孙中山与华侨国际美术展举行",44
"1999.5.4","重商贸而不轻农  靠科技主攻单产  汕头“吨谷市”八连冠",44
"1999.5.5","深圳关眼睛亮　发现996份假报关单　涉及骗汇4．77亿美元",44
"1999.5.5","深圳抓村镇——龙岗区规划建设的经验",44
"1999.5.6","肇庆开发“品氧谷”旅游新线",44
"1999.5.7","京粤博士后联手　共建汕头科技开发基地",44
"1999.5.7","中山音乐堂换新颜",44
"1999.5.8","西藏实施青稞千斤高产示范项目　广东援藏项目向“造血型”转变",44
"1999.5.10","七项目落户京粤博士后汕头基地",44
"1999.5.11","广东农网改造获72亿贷款",44
"1999.5.11","珠海保税区正式开关运作",44
"1999.5.11","建设现代文明城市从何抓起？——广州市南华西街两个文明建设的启示",44
"1999.5.13","湛江特大走私受贿案一审宣判  6名罪犯被依法判处死刑，其余25名犯罪分子受到法律严惩",44
"1999.5.16","钱其琛在广东考察时指出　加快发展完善社会保障服务体系",44
"1999.5.19","白马走天下——全国文明市场广州白马服装市场走笔",44
"1999.5.19","广东进出口降幅减缓",44
"1999.5.19","深圳罗湖区建立人大代表“接访日”",44
"1999.5.19","全国业余羽毛球赛在汕头举行",44
"1999.5.24","粤东打假记",44
"1999.5.24","深圳可望成为女装基地",44
"1999.5.25","广州地区召开空管会议",44
"1999.5.26","勇闯医学禁区——记上海医科大学附属中山医院",44
"1999.5.26","广东省治理闯红灯有良策　“电子交警”管住警车",44
"1999.5.26","湛江警方破获盗窃团伙",44
"1999.5.27","茂名荔枝大丰收",44
"1999.5.27","广东肝移植创出新方法",44
"1999.5.29","保加利亚国会主席结束在广东访问",44
"1999.5.30","广东警方严打澳门黑社会",44
"1999.5.31","珠海出台支持新闻舆论监督办法　被批评对象不得要求审稿敏感重大问题需经批准",44
"1999.6.1","驻南工作人员英雄事迹报告感动广东听众",44
"1999.6.1","科教兴粤  夯实基础——广东优先发展教育事业纪实",44
"1999.6.1","粤澳家庭迎回归（）",44
"1999.6.1","化解“三难”靠什么？——来自广东轻工机械二厂的启示",44
"1999.6.2","广东中行推出学生教育贷款",44
"1999.6.3","重点突破  调整结构  强化服务  广东力促外向型经济回升",44
"1999.6.4","广州查获今年最大汽车走私案",44
"1999.6.4","广东光盘走私呈下降趋势",44
"1999.6.4","广东开展“打黑除恶”专项斗争",44
"1999.6.7","深圳物业管理　先人一步　初具规模　覆盖面达九成　年创GDP30亿",44
"1999.6.7","深圳是全国电话使用频率最高的城市之一，然而，收费也是全国最高城市之一——用得多为何还最贵",44
"1999.6.8","中纪委监察部就广东湛江特大走私受贿案　公布涉案领导干部党纪政纪处理情况",44
"1999.6.8","经最高人民法院核准　湛江特大走私受贿案主犯被处决",44
"1999.6.8","权钱交易法不容——广东湛江特大走私受贿案侦破始末",44
"1999.6.8","汕头全面清理挂靠私企",44
"1999.6.8","广州澳门两地赛马会骑师将互访",44
"1999.6.8","珠海举办汽车赛　香港车手创新纪录",44
"1999.6.8","精心组织好新的伟大工程的施工　广州军区联勤部政治部主任姚柏林　组织部门要带头抓好“三讲”教育",44
"1999.6.9","查处湛江走私受贿案各地反响强烈　涉案犯罪分子被绳之以法充分显示出党和政府反腐败决心　海关总署召开全国电视电话会议落实措施加强队伍建设",44
"1999.6.9","珠海市：街道管理新体制",44
"1999.6.9","珠海市政府办理人大代表提议案",44
"1999.6.10","湛江走私案公布后各地反响强烈　打击走私严惩腐败深得民心",44
"1999.6.10","珠海迎澳门回归工程建设顺利",44
"1999.6.10","广东惠州在国内率先推出“教育按揭”",44
"1999.6.11","汕头查获黄带进境大案（）",44
"1999.6.11","深圳将举办全国摩托艇精英赛",44
"1999.6.13","反走私反腐败警钟长鸣发人深省  湛江口岸一派繁忙景象",44
"1999.6.13","顾问厚望寄深圳",44
"1999.6.14","全国公共英语等级考试体系建立  今年9月京津鲁辽浙粤先行试点  明年起全国范围内推广",44
"1999.6.15","支撑特区发展的基石——深圳市教育改革与发展的启示（上）",44
"1999.6.15","广州狠刹医药购销歪风",44
"1999.6.16","十年查获走私文物两万多件  广州海关移交查获文物",44
"1999.6.16","首届高交会将在深圳举办",44
"1999.6.16","迎接未来挑战——深圳市教育改革与发展的启示（下）",44
"1999.6.16","深圳海关严格案件审查",44
"1999.6.17","防止走私回潮  严打常备不懈  深圳海关头五月打私成绩显著",44
"1999.6.17","肇庆端州区双拥工作上新台阶",44
"1999.6.17","广东缉私取得阶段性成果",44
"1999.6.17","封沙植树育草  保护江河源头",44
"1999.6.18","港粤医学院师生联手医疗扶贫",44
"1999.6.18","深圳宝安区美术书法在京展出",44
"1999.6.19","深圳成立小企业服务中心",44
"1999.6.19","广州海事法院归入国家司法体系",44
"1999.6.20","拉那烈离广州赴北京",44
"1999.6.20","美国的“广东”",44
"1999.6.23","迎难而上 奋力开拓　深圳外贸出口增势喜人",44
"1999.6.23","《目击暴行》摄影展在广东举行",44
"1999.6.24","深圳总体规划获国际建协表扬奖",44
"1999.6.27","广东三年新增三十三万党员",44
"1999.6.27","汕头海关税收创历史新高",44
"1999.6.28","黄河源头为何断流",44
"1999.6.29","广东工行增贷一百三十多亿",44
"1999.6.29","广州地铁一号线全线开通",44
"1999.6.29","运用法律武器  推进扫黄打非　广东严惩非法出版犯罪活动",44
"1999.7.1","深圳海关查获走私进口VCD大案",44
"1999.7.2","深圳举办万人放飞风筝大赛内蒙古少数民族运动会落幕万智牌中国选拔赛在京举行“CBA精彩瞬间”评选揭晓",44
"1999.7.3","用脱贫奔小康统揽农村经济工作全局广东加大力度发展山区特色农业",44
"1999.7.6","深圳推进国企改革建立现代企业制度　主要经济效益指标连续3年居全国前列",44
"1999.7.7","香格里拉开设广州办事处",44
"1999.7.8","广东高考实行“3＋X”",44
"1999.7.9","广州海关查获违禁进口饲料",44
"1999.7.9","注重培养人才的首创精神广东舞蹈教育结硕果",44
"1999.7.10","中山医科大99届本科生就业率达96．9％",44
"1999.7.12","女足姑娘顽强拼搏广州奇星重奖支持",44
"1999.7.12","搜狐广州分公司成立",44
"1999.7.14","深入群众为民解忧——记全国人大代表广东明珠球阀集团副总经理罗英发",44
"1999.7.15","中山将举办国际灯饰博览会",44
"1999.7.15","深圳：违法建筑查禁难",44
"1999.7.19","广东液化天然气项目研讨会召开",44
"1999.7.19","肇庆分级管理改造薄弱学校",44
"1999.7.20","粤东打私力度大成效显著　上半年查获走私案件同比增长206．5％",44
"1999.7.20","粤港澳将举行反偷渡联合演习",44
"1999.7.21","深圳上半年经济同比增一成三",44
"1999.7.22","澳门特区筹委会法律小组第十五次会议在珠海结束",44
"1999.7.23","临近二十一世纪，我国九亿农民的文化素质究竟如何？他们的文化环境怎样？部分全国政协委员最近赴广东、湖北考察，他们总结说——农村文化建设任重道远",44
"1999.7.24","京沪粤鲁吉干部群众坚决拥护中央决策深刻认识“法轮功”危害，立场坚定旗帜鲜明彻底清除其影响",44
"1999.7.24","全国中学生运动会在广州开幕",44
"1999.7.24","乘广州地铁感受高科技",44
"1999.7.26","弘扬祖国医学精华——记广东省中医院",44
"1999.7.27","广东经济运行良好上半年国内生产总值增幅领先全国水平",44
"1999.7.27","主动出击“送贷上门”广东工行确立积极贷款工作战略",44
"1999.7.28","介入治疗辟新径——记广东省人民医院",44
"1999.7.29","全国中学生运动会闭幕广东获团体总分第一",44
"1999.7.29","小产品缘何变成大产业——广东中山古镇灯饰产业发展纪实",44
"1999.7.30","广州荡涤精神垃圾",44
"1999.8.1","我为何要退出“法轮功”组织——原广东“法轮功”东莞站站长管志伟自述",44
"1999.8.4","深圳边防官兵冒险救伤员",44
"1999.8.5","瑞士人寿和广东组织课题调研",44
"1999.8.5","中山农民网上寻商机",44
"1999.8.6","有感于南粤锦绣工程",44
"1999.8.7","羽毛球俱乐部联赛广州站　广东三星险胜福建凯胜",44
"1999.8.8","汕头迅速行动清缴“法轮功”类出版物",44
"1999.8.8","违反国家财经法规资金管理支出混乱　广东审计部门查出违规金额249亿元",44
"1999.8.8","简政放权追求廉洁高效　深圳市府审批事项减幅过半",44
"1999.8.9","广东家具落户河北寻市场",44
"1999.8.10","优势互补共发展——珠海澳门经济合作前景广阔",44
"1999.8.10","广东1999名居民成团抵澳门旅游",44
"1999.8.11","内容淫秽骚扰市民　不良广告流毒广州民间",44
"1999.8.12","汕头将举办国际食品博览会",44
"1999.8.16","国际家具、木工机械（深圳）展览会即将开幕",44
"1999.8.16","中保康联寿险公司将成立联合打击外汇黑市见效广东海关提前完成全年税收荆门中行助企业出口创汇修水建行经营连年创佳绩",44
"1999.8.17","规范政府行为大胆探索创新深圳四项改革措施显成效",44
"1999.8.17","深圳产学研基地合作协议签约",44
"1999.8.18","粤桂扶贫协作三十四万人口两年脱贫",44
"1999.8.19","贵州转变作风解决问题　江苏认真落实整改措施　广东敞开大门征求意见",44
"1999.8.21","铁骨铮铮铸忠诚——记人民满意的公务员、广东省公安厅副厅长朱明健",44
"1999.8.22","看高新技术怎样托起深圳",44
"1999.8.22","庆祝澳门回归祖国学术研讨会在珠海举行",44
"1999.8.22","开通五十多天送客八百余万　广州地铁一号线运行良好",44
"1999.8.24","规范政治工作促进队伍建设　深圳罗湖警方思想工作制度化",44
"1999.8.25","谁敢侵犯消费者人格尊严少说赔五万广东首开精神赔偿底价",44
"1999.8.26","更上层楼创新优——广东省通过“三讲”教育促经济发展记事",44
"1999.8.27","广州少年宫合唱团令首都观众赞叹",44
"1999.8.27","王兰若“清逸的粤东情怀”个展",44
"1999.8.28","中国热气球巡回比赛10月举行汕头市嘉奖马琳等世乒赛健儿亚洲蹼泳锦标赛将于大连开战",44
"1999.8.28","全国击剑锦标赛广东队摘金夺银",44
"1999.8.30","广东部署经济特区和珠江三角洲率先基本实现现代化进程",44
"1999.8.30","汕头破获汽车走私大案",44
"1999.8.31","深圳企业家慰问延安精神研究会老同志",44
"1999.8.31","道路拓宽垃圾装袋标牌规范广州整治脏乱差",44
"1999.9.3","建设“大”“专”市场  重组收购上市　深圳农产品公司实现低成本高效扩张　国有资产10年增值60倍",44
"1999.9.3","厄瓜多尔总统访问深圳",44
"1999.9.5","严格贯彻落实党风廉政建设责任制  广东追究雷州市失职领导干部责任",44
"1999.9.5","鼓励科技创新  促进成果转化  珠海实施技术成果入股与提成法规",44
"1999.9.6","全面提高市民素质和城市文明程度  深圳高标准创建文明城市成效显著",44
"1999.9.6","截至1999年8月，有10个企业债券品种在上海证券交易所和深圳证券交易所挂牌上市，挂牌金额127亿元——企业债券火起来",44
"1999.9.6","股份制商业银行大有作为——访广东发展银行董事长李若虹",44
"1999.9.6","深圳  观光巴士进退两难",44
"1999.9.7","本报在珠海举行迎接澳门回归倒计时100天座谈会  澳门回归是一国两制构想又一伟大实践  指出李登辉分裂祖国的险恶用心一定不会得逞",44
"1999.9.8","广东关注伏季休渔",44
"1999.9.10","广东舞蹈学校的老师  为时代而舞蹈",44
"1999.9.11","我军南京广州战区举行诸军兵种联合渡海登陆作战实兵演习",44
"1999.9.13","“神州更辉煌”系列活动在珠海举行",44
"1999.9.14","深圳创虹推出虹膜识别系统",44
"1999.9.17","科教兴粤数广州",44
"1999.9.17","外向带动看东莞",44
"1999.9.17","湖光山色游肇庆",44
"1999.9.17","广东　沃土当台天作幕",44
"1999.9.20","天蓝  地绿  水清　深圳成为我国首个“双达标”城市",44
"1999.9.20","深圳首例BOT项目移交",44
"1999.9.27","广州天河少儿合唱团获国际金奖",44
"1999.9.29","中国男篮将在广州迎战亚洲明星队",44
"1999.10.7","深圳“高交会”首日成交逾60亿元",44
"1999.10.7","成果丰硕精彩纷呈深圳“高交会”隆重开馆",44
"1999.10.7","“文明王国”的诗篇——深圳南岭村纪事",44
"1999.10.8","东莞大力发展电脑资讯产业",44
"1999.10.10","深圳展览中心获得ISO9002认证",44
"1999.10.10","“高交会”热深圳",44
"1999.10.12","深圳努力营造良好的口岸环境",44
"1999.10.12","粤港澳三地警方举行反偷渡联合演习",44
"1999.10.12","粤澳太极好手同庆盛事（）",44
"1999.10.15","广州市原财政局长挪用公款受贿被判刑",44
"1999.10.15","北京—广东书法联展在京举行",44
"1999.10.17","广东确定顺德市为率先基本实现现代化试点市",44
"1999.10.18","深圳公安局制证所以科技促服务",44
"1999.10.18","《财富》中文版发布在华外国投资者看法调查结果：沪京粤投资环境最理想",44
"1999.10.19","居民储蓄下降商业销售攀升　金秋南粤消费一派兴旺",44
"1999.10.20","繁荣市场方便生活提供就业　深圳私营经济充满活力",44
"1999.10.20","世界杯乒乓球赛将在广东中山举行　国际乒联确定16名参赛选手",44
"1999.10.20","力办铁案——记湛江市中级人民法院审理湛江特大走私受贿系列案件",44
"1999.10.21","广东省中医院提升医疗服务文化含量——增强医患亲和力",44
"1999.10.22","国家技监局长带队突袭夜查　揭阳劣质钢材基地被查封",44
"1999.10.22","深圳探索建立新型国有资产管理体制　三个层次保值增值",44
"1999.10.22","深圳推出《祝福祖国》",44
"1999.10.23","邹家华、叶选平在汕头考察时强调把汕头建成环境一流的海滨城市",44
"1999.10.24","加快重大工程建设创造良好治安环境　珠海以实际行动喜迎澳门回归",44
"1999.10.24","给予政治信任加强法律保护　汕头加快个体私营经济发展",44
"1999.10.25","公路自动收费系统在广东实验",44
"1999.10.25","首届全国速度赛马锦标赛在京结束　广州赛马会夺两金一银",44
"1999.10.26","汕头举办国际性综合经贸文化活动　邹家华等出席开幕式",44
"1999.10.27","人民日报（深圳）读者服务中心有限公司成立",44
"1999.10.27","开门立法新尝试——记广东省人大常委会举行立法听证会",44
"1999.10.28","中共中央全国人大常委会讣告　谢非同志在广州逝世",44
"1999.10.29","深圳罗湖口岸首次截获地中海实蝇",44
"1999.10.29","广东工行为国企提供全方位服务",44
"1999.10.30","工作应到位责任要到人——对茂名市落实党风廉政建设责任制的调查",44
"1999.11.1","广州白云机场公安局荣获集体一等功",44
"1999.11.2","“澳门回归林”在珠海营造　李瑞环题写纪念碑碑名",44
"1999.11.3","中国共产党优秀党员、中共中央政治局委员、人大常委会副委员长谢非同志遗体在广州火化胡锦涛专程前往广州为谢非同志送别谢非同志病重期间和逝世以后，江泽民李鹏朱镕基李瑞环尉健行李岚清等前往医院看望或以各种形式向他的亲属表示亲切慰问",44
"1999.11.5","面向市场改机制优化结构降成本广东物资集团一举扭亏",44
"1999.11.5","世纪之交的厚礼——珠海出版社澳门回归书系巡礼",44
"1999.11.7","强化制度建设坚持依法行政汕头优化发展软环境",44
"1999.11.7","广州剪报业紧盯市场提供信息服务",44
"1999.11.8","献“真经”扭亏脱困——广东省长与二十一个市长共商大计",44
"1999.11.8","广州丫髻沙大桥合龙成功",44
"1999.11.8","深圳：出台新举措签订责任状",44
"1999.11.9","大力调整产业结构发展电子信息产业东莞成为全国第三大出口创汇城市",44
"1999.11.9","行政干预执行受阻——一起胜诉案在湛江五年难执行",44
"1999.11.9","深圳谷风画院作品展开幕",44
"1999.11.9","最新化·本地化·全球化——广东北电经营战略",44
"1999.11.9","澳门珠海拥抱你",44
"1999.11.9","珠海大力整治珠澳边境治安秩序",44
"1999.11.9","乡情亲情同胞情——珠海圆明新园接待澳门游客纪实",44
"1999.11.10","深圳太阳广场开业",44
"1999.11.13","全国政协纪念孙中山诞辰133周年　上海武汉分别举行纪念活动",44
"1999.11.13","“世界大脑”聚会珠江“思维盛宴”轰动内外　广东经济发展国际咨询会开幕",44
"1999.11.14","李铁映在深圳考察时指出　社会科学与自然科学要比翼齐飞",44
"1999.11.15","深圳率先实现城乡用电同网同价（）",44
"1999.11.16","国家马术队将赴广州集训",44
"1999.11.18","广东大种玉米",44
"1999.11.19","中粤国际化妆品商贸中心落成",44
"1999.11.19","180元一台燃气热水器，50元一台炉具，似乎是天方夜谭，然而在广东饶平城东一条街你就能买到。这里每天车来车往，生意甚为兴隆。知情人说，这些燃气用具都是假货——饶平打假亲历记",44
"1999.11.20","回归前最后一次全会在珠海召开　澳门特区筹委会圆满完成各项任务",44
"1999.11.23","迎澳门回归树报国之志——武警珠海市支队迎澳门回归，做忠诚卫士",44
"1999.11.24","东莞公安边防切实加强队伍建设",44
"1999.11.24","广东一试题泄密者被判刑三年",44
"1999.11.25","追求卓越敢为先——记广州医学院第一附属医院",44
"1999.11.26","高科技托起新深圳",44
"1999.11.27","西南经济区市长联席会在湛江举行",44
"1999.11.30","粤澳警方联手破获一跨境犯罪团伙7名专门抢劫地下钱庄的犯罪嫌疑人落网",44
"1999.11.30","珠海为举办F—1赛事进行不懈努力",44
"1999.12.1","让无喉者说话——记广州市第一人民医院",44
"1999.12.1","广东筹建农村中等教育网络",44
"1999.12.1","深圳开通首家专家网上医院",44
"1999.12.1","勇士洒血化碧涛——记深圳市布吉镇以身殉职的治安员陈书林吕伟光",44
"1999.12.2","全国男篮甲A联赛第四轮　八一广东保持不败",44
"1999.12.3","引来清泉慰同胞——海军驻珠海工程部队援建对澳门供水工程纪事",44
"1999.12.3","“中山路桥杯”全国散文小小说征文揭晓",44
"1999.12.4","弘扬人文精神扶持文教事业　《北大之父蔡元培》引起各方瞩目　深圳万基向全国百所知名高校赠书",44
"1999.12.6","广东高新技术产品出口增长头九月出口八十一点四亿美元，名列全国首位",44
"1999.12.6","姜春云在广东进行立法法草案调研时强调加强立法工作促进依法治国",44
"1999.12.6","全国男篮甲A联赛第五轮广东连胜止步八一一枝独秀",44
"1999.12.6","“女子银行”亮相深圳",44
"1999.12.8","广州交行给广东联通贷款十三亿元",44
"1999.12.8","粤澳举行治安定期会晤",44
"1999.12.8","监督权是各级人大的一项综合性权力，而评议是国家权力机关对“一府两院”实行监督的一种综合形式，具有人民性、民主性、公开性和权威性的特点。今年5月至11月——深圳人大评议警方",44
"1999.12.9","迎回归自行车赛车队进入广东省",44
"1999.12.10","江苏江阴深圳罗湖提前完成人民日报征订任务",44
"1999.12.10","迎回归自行车赛车队抵广东清远",44
"1999.12.11","澳门—珠海新通道莲花大桥通车",44
"1999.12.13","采访证注粤语读音",44
"1999.12.14","民政部、广东省在珠海召开大会　慰问即将赴澳门的解放军驻澳部队",44
"1999.12.14","广州港务局以多种形式　做好“法轮功”练习者转化工作",44
"1999.12.14","亚洲职业高尔夫球赛落幕深圳",44
"1999.12.15","众志成城铸防线——广东公安边防总队迎澳门回归工作纪实",44
"1999.12.16","茂名30万吨乙烯工程通过验收",44
"1999.12.16","男篮联赛广东宏远力克北京首钢",44
"1999.12.16","深圳边检站前：　“特区通行证”黑市猖獗",44
"1999.12.17","粤剧文武生吴国华",44
"1999.12.18","确保庆回归活动顺利进行　珠海武警加强勤务工作",44
"1999.12.18","澳门人的“孙中山情结”",44
"1999.12.18","穷山今日皆文章——广东梅州市山区开发工作考略",44
"1999.12.18","霍顿珠海别国足",44
"1999.12.19","为了神圣的使命——访中国人民解放军驻澳门部队司令员刘粤军",44
"1999.12.19","珠海建“中华世纪门”",44
"1999.12.20","珠海：同喜同庆一脉情",44
"1999.12.20","广州：豪情满怀歌盛事",44
"1999.12.23","靠名牌赢得市场——关于深圳市飞亚达（集团）股份有限公司的调查",44
"1999.12.25","广东经济发展超额完成预定目标",44
"1999.12.27","深圳罗湖文化建设红红火火",44
"1999.12.28","深圳宝安法院挑战“执行难”",44
"1999.12.29","深圳怀化张家界超额完成订数　贵阳严肃批评征订不力的单位",44
"1999.12.30","深圳率先开通学校巴士",44
