﻿"index","news_title","prov_cde"
"1999.1.3","上海去年财政收入逾814亿元完成工商税收919亿元",31
"1999.1.4","上海海关征税188．66亿元",31
"1999.1.4","上海形成标志性文化建筑群落",31
"1999.1.4","上海迈向温室国产化",31
"1999.1.5","为大工业配套为大都市服务上海纺织业完成压锭减员扭亏年度目标去年压锭70．3万枚净减员4．1万人实现利润近3亿元",31
"1999.1.6","世界最轻电磁型微马达在沪研制成功",31
"1999.1.7","上海市今冬多晨雾　水陆空交通受影响",31
"1999.1.9","全国部分省市打假“指挥官”在沪形成共识　消除地方保护合力重拳治假",31
"1999.1.10","充分利用水洁风清土净自然优势　崇明岛大力发展绿色食品",31
"1999.1.13","建档立卡筹集资金跟踪管理　上海完善社会帮困体系",31
"1999.1.13","上海人大常委会评议政府人员",31
"1999.1.15","上海艺术家　把精品送到农村",31
"1999.1.15","京沪观众即将一睹“情歌王子”理查德·马克思",31
"1999.1.15","一月京沪舞台热线",31
"1999.1.18","上海：个人外汇电话交易便捷",31
"1999.1.19","上海交大裁“官”简政　机构人员剥离近半",31
"1999.1.22","上海日立压缩机累计产销五百万台",31
"1999.1.23","第五届全国残疾人运动会明年举行　上海拉开筹备工作序幕",31
"1999.1.25","全国排球联赛战罢两轮　浙江男排上海女排暂居榜首",31
"1999.1.26","索伊莉·玛亚利画展在沪开幕",31
"1999.1.29","纪念江主席八项主张发表四周年　暨《告台湾同胞书》发表二十周年　京沪粤浙等地举行座谈会",31
"1999.1.29","空政歌舞团情在黄浦江畔　走在春风里“文化拥军”忙",31
"1999.2.1","全国排球联赛战罢第三轮　四川男排上海女排列积分榜首",31
"1999.2.2","上海实行质量“黄皮书”制度",31
"1999.2.2","“上海文化周”在澳门举行",31
"1999.2.3","上海八一精机公司开拓农村市场",31
"1999.2.4","世界台球职业选手排名赛将在沪举行",31
"1999.2.5","上海南京路商业街实施“购物放心工程”　售真品标真价送真情",31
"1999.2.5","上海大剧院上海文化生活新起点",31
"1999.2.7","向病患者奉献社会关爱上海红十字会帮困送温暖",31
"1999.2.8","上海就业培训市场化社会化一年培训十万下岗职工五万人重新就业",31
"1999.2.8","首届高级成衣展将在上海举办",31
"1999.2.9","不忘老人——上海“银发工程”纪实",31
"1999.2.11","上海改扩建美术馆",31
"1999.2.12","上海春节好戏多",31
"1999.2.12","千古名篇知音多欢歌畅曲迎新春——2月京沪舞台一瞥",31
"1999.2.14","情系黎民百姓——上海12万住房困难户解困记",31
"1999.2.15","上海新年送礼戏票俏",31
"1999.2.15","全国排球联赛激战正酣　“川男沪女”连战连捷",31
"1999.2.18","上海：豫园灯会流光溢彩",31
"1999.2.20","继续深化改革提供有效服务　上海着力培植“小巨人”企业",31
"1999.2.23","建立福利基金安置军嫂就业帮助困难官兵　武警上海总队实施“暖心工程”",31
"1999.2.24","上海地铁二号线隧道贯通　葛洲坝枢纽安全营运五百多天",31
"1999.2.24","上海华虹首批芯问世",31
"1999.2.25","上海公交对中巴亮红灯",31
"1999.2.25","深化出版事业改革　上海世纪出版集团成立",31
"1999.2.26","上海养老保险费收缴率创新高",31
"1999.2.26","集中优势兵力构筑创新体系　上海实施十大科技创新计划",31
"1999.2.26","中韩足球双回合对抗赛　上海浦东队再负韩国LG队",31
"1999.3.1","全国排球联赛第六轮冷门迭爆　川男排沪女排连胜势头受阻",31
"1999.3.2","上海软件业加紧联合",31
"1999.3.2","中国国奥足球队在沪首期集训",31
"1999.3.3","上海禁止使用一次性发泡塑料餐具",31
"1999.3.6","上海多种形式纪念“雷锋日”",31
"1999.3.8","上海申花队力夺超霸杯",31
"1999.3.9","江泽民参加上海代表团审议时强调　统一思想增强信心迎难而上积极进取　开创国有企业改革和发展的新局面",31
"1999.3.9","王鹤寿同志遗体在京火化　朱镕基胡锦涛尉健行等前往八宝山告别　王鹤寿同志病重期间和逝世后，江泽民李鹏李瑞环李岚清等前往医院看望或以各种形式向其亲属表示亲切慰问",31
"1999.3.14","北京渴望蓝天  上海呼唤碧水——京沪代表谈改善生态环境",31
"1999.3.15","全国排球联赛战罢第八轮　川男排沪女排保持连胜",31
"1999.3.17","六安至上海高速客运线开通",31
"1999.3.20","首都各界送别文学大师冰心先生　李瑞环李岚清等前往八宝山为冰心送行  在冰心病危期间和逝世后，江泽民李鹏朱镕基胡锦涛尉健行等以不同方式表示慰问和哀悼",31
"1999.3.20","上海改造苏州河防汛墙",31
"1999.3.20","迎风而进创佳绩——记上海青浦爱思箱包厂",31
"1999.3.21","上海确立新一轮工业发展目标　高科技产业将成为工业主导，科技进步和技术创新将成为发展的重要途径",31
"1999.3.23","上海虹口足球场一瞥",31
"1999.3.26","沪蓉高速安徽段进入最后冲刺",31
"1999.3.29","上海春日下雪子",31
"1999.3.29","创新有成  转化有功　上海一教授获百万回报",31
"1999.3.29","第九届上海国际电子生产设备　暨微电子工业展将举办",31
"1999.3.30","上海将举办李宁杯中美体操对抗赛",31
"1999.3.31","尉健行在上海考察时强调　认真开展“三讲”教育推进党风廉政建设",31
"1999.4.2","男篮全明星赛五月在沪举行",31
"1999.4.2","足球甲A战罢三轮　北京国安四川全兴捷足先登　大连万达上海申花尚未发力",31
"1999.4.5","关心他人帮助弱者增强责任感　上海大同中学培养学生助人意识",31
"1999.4.5","上海消费信贷正流行",31
"1999.4.6","上海将举办全国健美锦标赛",31
"1999.4.8","在“预”字上下功夫——上海市机电工会建立劳动关系预警机制的实践",31
"1999.4.8","沪滇对口帮扶建起四十四个温饱村西藏自治区又有三县甩掉贫困帽子",31
"1999.4.8","凭借精良技术提供优质服务上海医院不再靠卖药过日子",31
"1999.4.9","于天平无愧——记上海市第一中级人民法院法官屠美莉",31
"1999.4.12","全国排球联赛进入最后阶段　上海女排提前两轮夺冠",31
"1999.4.13","上海股民可掌上炒股",31
"1999.4.14","上海科技成果转化中心显生机　已采集项目500个，其中100个实现转化",31
"1999.4.14","上海俱乐部权力不多",31
"1999.4.16","韩国一大型货机在上海莘庄坠毁",31
"1999.4.16","京剧新秀满堂辉——上海戏校进京演出先睹记",31
"1999.4.16","好戏大有市场——江浙沪第六届演出业务洽谈会高潮迭起",31
"1999.4.17","生命的绿谷——记上海绿谷集团",31
"1999.4.19","全国田径冠军赛暨大奖赛上海站比赛落幕",31
"1999.4.20","开发开放九年成绩斐然　浦东成为上海经济新增长极",31
"1999.4.20","上海纪检监察海关联手打私",31
"1999.4.20","上海治安防控体系建设效果明显",31
"1999.4.20","上海为志愿献血者队伍授旗",31
"1999.4.20","世界乒乓球俱乐部赛选手确定　萨姆索诺夫瓦尔德内尔刘国梁等六月汇聚上海",31
"1999.4.21","建立新机制加大考核力度　上海切实加强国有企业领导班子建设",31
"1999.4.21","上海台湾研究所成立",31
"1999.4.22","机关促基层领导带干部　武警上海总队重视干部理论学习",31
"1999.4.26","杭沪宁发现定远产伪劣食盐",31
"1999.4.27","上海公用事业改革全面出台",31
"1999.4.27","“社区服务保健科”俏上海（）",31
"1999.4.28","泰国总理川·立派抵沪开始访华",31
"1999.4.28","证监会主席周正庆在上海指出　券商融资问题取得重要进展",31
"1999.4.28","自觉学习广泛听取意见上海市领导班子“三讲”教育认真扎实",31
"1999.4.29","叶飞同志遗体在京火化　江泽民李鹏朱镕基胡锦涛等到八宝山革命公墓向叶飞同志最后送别　叶飞同志病重期间和逝世后李瑞环尉健行李岚清等前往医院看望或以各种形式向其亲属表示亲切慰问",31
"1999.5.4","上海  退休知识妇女服务社区老人（）",31
"1999.5.5","上海期货交易所试营业",31
"1999.5.6","上海建立小企业贷款信用担保制度",31
"1999.5.8","曼联7月来沪战申花　贝克汉姆和吉格斯等将悉数登场",31
"1999.5.9","京沪穗蓉高校学生举行示威游行　最强烈抗议北约轰炸我使馆暴行",31
"1999.5.9","上海审判出口骗税大案",31
"1999.5.11","上海出入境边防检查总站从严治警",31
"1999.5.11","“仁术”无止境——记上海第二医科大学附属仁济医院",31
"1999.5.14","心系世界和平振臂呐喊　魂牵中华崛起发愤读书　京沪穗蓉沈等地高校学生把满腔悲愤化作学习动力",31
"1999.5.14","上海国际艺术节——越办路越宽",31
"1999.5.18","上海为人民音乐家贺绿汀送行　江泽民李鹏朱镕基李瑞环胡锦涛尉健行李岚清等送了花圈",31
"1999.5.18","抢占医学高地——记上海市第一人民医院",31
"1999.5.19","已当了16年民警的陈瑜每天沉浸在忙忙碌碌服务他人的快乐当中，他认为自己做的都是实属分内的小事，请看——大上海小民警",31
"1999.5.21","沪深股市强劲反弹  五月十九、二十日两天成交额突破二百亿元",31
"1999.5.22","澳大利亚国防部长抵沪",31
"1999.5.24","上海开通社区服务热线",31
"1999.5.25","沪深股市日成交额逾260亿　●创1998年以来单日成交额最高纪录　●上证指数站在1210点以上，深证成指收在2800点以上",31
"1999.5.26","稳步推进改革  步步逼近目标　上海经济持续增长市民心齐气顺",31
"1999.5.26","俄罗斯海军总司令访问上海",31
"1999.5.26","勇闯医学禁区——记上海医科大学附属中山医院",31
"1999.5.27","上海赴台可一票到底",31
"1999.5.27","国家批准上海苏州河治理工程",31
"1999.5.28","沪深股市龙头高昂　长虹发展连续涨停　●成交金额破320亿元，创下两年内最高纪录　●上证综指和深成指双双创年内新高",31
"1999.5.28","讴歌辉煌历程  展望振兴发展　上海各界隆重纪念解放50周年",31
"1999.5.28","项目政策资金一条龙运作　上海构筑科技成果转化服务体系",31
"1999.5.28","二十一台节目参加上海之春",31
"1999.5.29","上海举办科学家殷之文80华诞学术报告会",31
"1999.5.30","上海为重病儿童“街头义拍”",31
"1999.5.30","“中国上海”网站开通",31
"1999.5.31","乒乓球超级联赛再赛三场　上海男队出师不利",31
"1999.6.1","创造生命奇迹——记上海第二医科大学附属瑞金医院",31
"1999.6.2","我国驻南使馆工作人员和新闻记者英雄事迹报告团在沪报告",31
"1999.6.4","上海书馆业全面启用现代技术管理",31
"1999.6.6","塞拉利昂总统在沪访问",31
"1999.6.7","金永南委员长访问上海",31
"1999.6.8","乒乓球超级联赛又赛五场　上海男队三场皆负未尝胜果",31
"1999.6.9","小儿科做大文章——记上海第二医科大学附属新华医院",31
"1999.6.10","杜重远学术思想研讨会在沪召开",31
"1999.6.10","亚欧劲旅齐集上海　世界乒乓球俱乐部赛抽签分组确定",31
"1999.6.11","各地各类优秀人才可申请入沪",31
"1999.6.11","武警上海总队妥善安置随军家属",31
"1999.6.11","显微镜下祛病痛——记上海市第六人民医院",31
"1999.6.11","世界乒乓球俱乐部赛小组赛结束　八一队上海队均列小组第一",31
"1999.6.11","信天游荟萃北京　黄河鼓韵敲进上海",31
"1999.6.12","《目击暴行》摄影展在沪举行",31
"1999.6.12","世界乒乓球俱乐部赛产生四强　八一工商银行上海圣雪绒顺利晋级",31
"1999.6.12","给弱者一个支点　将情爱播撒人间——上海市慈善基金会采访记",31
"1999.6.13","对症下药  一企一策  上海打响国企改革攻坚战",31
"1999.6.13","60年前我到上海",31
"1999.6.14","学校不再办社会——上海加快推进高校后勤社会化改革",31
"1999.6.15","上海领导班子“三讲”即知即改",31
"1999.6.16","沪深股市创历史“天量”  日成交金额突破500亿元",31
"1999.6.17","四国女排邀请赛移师上海  中国队首战击败日本队",31
"1999.6.18","四国女排赛上海站第二轮  中国队3∶0胜泰国队",31
"1999.6.18","沈正芳，上海人，干部——可怜的外孙女",31
"1999.6.19","中非共和国总统帕塔塞访问海南上海",31
"1999.6.20","古埃及艺术珍品在上海展出",31
"1999.6.20","中非总统在上海参观访问",31
"1999.6.21","上海举办中学生迎　澳门回归知识竞赛",31
"1999.6.22","陈锡联同志遗体在京火化　陈锡联同志住院期间和逝世后，江泽民朱镕基李瑞环胡锦涛尉健行等前往医院看望或以各种形式向其亲属表示亲切慰问  李鹏李岚清等前往八宝山向陈锡联同志最后送别",31
"1999.6.25","武警上海总队实施“百对助学解困工程”",31
"1999.6.26","上海英雄文化用品厂卖货不开发票",31
"1999.6.27","大小围垦工程50多次  崇明岛五十年扩大一倍",31
"1999.6.28","上海证交所变样了（）",31
"1999.7.2","“洋为中用”追求品味上海“吧文化”自创一格",31
"1999.7.5","外商热情高环保唱主调——第八届上海国际汽车工业展览会综述",31
"1999.7.7","上海举行高新技术转化洽谈会",31
"1999.7.7","上海人告别“公用给水站”",31
"1999.7.8","沪深股市反弹",31
"1999.7.9","上海高技术研发基地启动中科院组建“联合舰队”",31
"1999.7.9","胡甘甘，上海南汇人，中学生——学会选择",31
"1999.7.9","上海白领女性钟情评弹",31
"1999.7.12","上海海关查获走私文物大案",31
"1999.7.12","全国网球俱乐部联赛揭开战幕北京天鸿上海围城首回合告捷",31
"1999.7.13","国际清算银行例会在沪举行",31
"1999.7.16","上海于十年前开展家庭读书活动，数十万家庭走进这一行列。读书明事理，读书催奋进，读书冶情趣。全市涌现出一大批“书香家庭”。书在寻常百姓家",31
"1999.7.22","英格兰曼联队胜上海申花队",31
"1999.7.23","越剧《西厢记》入选上海国际艺术节",31
"1999.7.24","京沪粤鲁吉干部群众坚决拥护中央决策深刻认识“法轮功”危害，立场坚定旗帜鲜明彻底清除其影响",31
"1999.7.26","上海推出“三网合一系统”",31
"1999.7.26","全国网球俱乐部联赛上海北京率先晋级",31
"1999.7.27","“见风使舵”拓展市场上海工行加快信贷结构调整",31
"1999.7.28","信息公开交易公平抑制腐败上海有形建筑市场尝到甜头",31
"1999.7.28","上海联合打私新疆外贸增长",31
"1999.7.28","“‘法轮功’是害人功”——上海“法轮功”练习者及其家属的控诉",31
"1999.7.29","各级党组织深入做好转化工作上海“法轮功”练习者幡然醒悟",31
"1999.7.29","深批歪理邪说坚持科教兴国上海专家学者指出李洪志宣扬巫术",31
"1999.8.6","上海上半年住房消费五百亿",31
"1999.8.8","上海国企负债率由80％下降到54％",31
"1999.8.9","杭州：上海的后花园",31
"1999.8.9","上海索广举行开业庆典",31
"1999.8.10","上海构建为侨资企业服务网络　江苏拓展为侨资企业服务领域",31
"1999.8.11","中国国际橄榄球赛将在沪举行",31
"1999.8.13","赵天安，上海人，教师——并非坏事",31
"1999.8.14","学习理论崇尚科学求知奉献　上海市振兴中华读书活动向纵深发展",31
"1999.8.16","管理出效益——来自光大银行上海分行的报告",31
"1999.8.16","’99广西投资项目招商会在京沪举行",31
"1999.8.20","寻呼机国产品牌不逊色　上海市场面粉质量堪忧",31
"1999.8.20","王琢成，上海嘉定人，编辑——少看为宜",31
"1999.8.23","五版刊登奋进的五十年—上海市专版",31
"1999.8.23","德意志银行上海分行开业",31
"1999.8.23","钱其琛在沪考察工作指出上海经济发展社会稳定",31
"1999.8.23","从尴尬到自豪住房挤，行路难，曾是上海人最大的尴尬。如今，漂亮的新宅，“申”字形的高架路，已成为市民的骄傲",31
"1999.8.23","跨越百年的飞跃——访中共中央政治局委员、上海市委书记黄菊",31
"1999.8.23","60年代“永久车”　90年代“桑塔纳”上海货新了",31
"1999.8.23","进进出出上海人不断涌入的外地人和大胆闯天下的上海人，正赋予“上海人”以新的内涵",31
"1999.8.24","上海海关查获走私香烟大案",31
"1999.8.24","上海食用油产销已趋正常",31
"1999.8.24","女足超级联赛京沪奏凯",31
"1999.8.25","上海黄浦法院加大执行力度",31
"1999.8.30","高架联网上海展新姿捷报频传新疆喜事多",31
"1999.8.30","足球甲A联赛第二十轮辽宁大胜上海",31
"1999.8.31","女足超级联赛第五轮上海紧随北京榜首之位",31
"1999.9.2","上海人事工作环节少效率高",31
"1999.9.3","黄豆豆又展才华　上海歌舞团演《苏武》",31
"1999.9.3","范永林，上海人，职员——少一点“闹”",31
"1999.9.5","保护纪念性建筑  发展行业博物馆  上海制定跨世纪文物保护规划",31
"1999.9.6","截至1999年8月，有10个企业债券品种在上海证券交易所和深圳证券交易所挂牌上市，挂牌金额127亿元——企业债券火起来",31
"1999.9.7","上海举行摩托车巡游活动",31
"1999.9.8","国奥九强赛主场确定上海",31
"1999.9.10","上海银行接受国际金融公司参股投资",31
"1999.9.10","北极科考队返抵上海",31
"1999.9.15","上海清理修订地方性法规",31
"1999.9.17","上海　从小角度反映大背景",31
"1999.9.17","上海的《家》亮相北京",31
"1999.9.21","预祝《财富》全球论坛上海年会成功——访国务院新闻办公室主任赵启正",31
"1999.9.22","向人民汇报——上海市人大常委会述职评议活动侧记",31
"1999.9.27","京沪高速公路山东段通车",31
"1999.9.28","在“九九《财富》全球论坛·上海”开幕晚宴上的讲话",31
"1999.9.28","’99《财富》全球论坛在沪开幕  江主席参加开幕活动并在开幕晚宴上发表重要讲话  本次论坛年会主题——中国：未来五十年",31
"1999.9.29","江泽民在上海考察工作强调　认真贯彻落实十五届四中全会精神　积极开创国有企业改革发展新局面",31
"1999.9.29","社区党建大有可为——记江泽民总书记考察上海市康乐小区",31
"1999.9.29","60家著名大企业参加《财富》论坛上海年会",31
"1999.9.29","阳光A股在沪挂牌上市",31
"1999.9.30","《财富》论坛上海年会圆满结束",31
"1999.9.30","世界看好中国——写在《财富》论坛上海年会闭幕之时",31
"1999.10.3","俄罗斯海军编队访问上海",31
"1999.10.7","俄海军舰艇编队结束访沪",31
"1999.10.8","上海建立全国优秀民企“大本营”",31
"1999.10.9","王兆国会见香港上海总会访问团",31
"1999.10.9","全国乒乓球锦标赛团体赛收兵上海男队北京女队喜圆冠军梦",31
"1999.10.10","上海国际艺术节参演剧目确定",31
"1999.10.12","加强基层组织建设的新实践——上海市积极探索社区党建的思考",31
"1999.10.12","静安结对共建双向得益",31
"1999.10.12","普陀严格社团组织党员管理",31
"1999.10.12","杨浦区重视社会组织党建工作",31
"1999.10.12","闸北上下联动优势互补",31
"1999.10.13","上海阿华生物工程研究所成立",31
"1999.10.15","汤加国王离沪赴厦门访问",31
"1999.10.15","嘉定竹刻",31
"1999.10.15","《大进军——大战宁沪杭》与观众见面",31
"1999.10.17","夕阳似火生命如歌——记上海印钞厂原副厂长陈正",31
"1999.10.18","莱索托国王离沪赴香港",31
"1999.10.18","《财富》中文版发布在华外国投资者看法调查结果：沪京粤投资环境最理想",31
"1999.10.18","安全电子商务处理系统在沪投入运行",31
"1999.10.19","东西合作建立以企业为主体的跨省市技术创新机构　内蒙古在沪建立生物技术研究中心",31
"1999.10.20","武警交通某支队为上海建设作贡献",31
"1999.10.20","上海查处与预防齐抓",31
"1999.10.22","上海外高桥造船基地开工",31
"1999.10.23","一道丰盛的“艺术大餐”——文化部部长孙家正就首届中国上海国际艺术节答记者问",31
"1999.10.23","从“秃头山”到“花果山”——厦门万宝山观光果园小记",31
"1999.10.23","上海一药建成“放心药店”",31
"1999.10.27","“法轮功”组织非法获取和泄露国家机密引起义愤　京沪干部群众谴责“法轮功”的罪恶行径",31
"1999.10.27","“让我们共享人类优秀的文化艺术成果”——访首届中国上海国际艺术节组委会主任、上海市市长徐匡迪",31
"1999.10.28","上海：坚持实行“集订分送”　黑龙江：全省推行“代收代订”",31
"1999.10.28","国际免疫学会议在沪闭幕",31
"1999.10.28","第六届世界象棋锦标赛在沪开幕",31
"1999.10.28","亚洲垒球锦标赛将于上海举行　中国队全力卫冕备战奥运会",31
"1999.10.29","外商投资企业拉动上海进出口贸易",31
"1999.10.30","金牌之师——记上海市黄浦区花样轮滑队",31
"1999.10.30","1949年7月下旬至8月中，陈云同志在上海召开的有华北、东北、华东、华中、西北五大解放区财经部门的领导人参加的财经工作会议上，提出了一个响亮的口号——“全国支援上海，上海支援全国”",31
"1999.11.1","京沪高速公路泰山立交桥通车（）",31
"1999.11.1","全国网球俱乐部联赛　上海围城队夺得决赛权",31
"1999.11.2","贸易与投资保险培训班在沪开班",31
"1999.11.2","首届中国上海国际艺术节今日开幕　第七届中国吴桥国际杂技艺术节举行",31
"1999.11.2","上海组建医院集团",31
"1999.11.2","上海社区新景观　弄堂观天　儿童科普",31
"1999.11.3","德国总理施罗德抵达上海",31
"1999.11.3","首届中国上海国际艺术节开幕李岚清等出席开幕式",31
"1999.11.3","世界艺术的盛会——祝贺首届中国上海国际艺术节开幕",31
"1999.11.3","全国有线电视业余围棋赛开战上海队积分暂时领先",31
"1999.11.4","造就面向21世纪高素质的企业领导人才——上海市深化国有企业干部制度改革调查",31
"1999.11.4","德国总理施罗德访问上海",31
"1999.11.4","中国现代轿车业的开路先锋——访上海大众汽车有限公司",31
"1999.11.5","异国在咫尺天涯不遥远上海渐成国际文化交流中心",31
"1999.11.5","微软亚洲技术中心落户上海",31
"1999.11.6","中科合作潜力大——上海阿比让经贸洽谈暨展销会开幕式侧记",31
"1999.11.8","上海将举办全国商品交易会",31
"1999.11.10","国务院中央军委发布命令授予上海市公安消防总队车站中队“模范消防中队”荣誉称号",31
"1999.11.10","上海公安消防总队五支队车站中队被授予“模范消防中队”称号国务院中央军委在沪举行命名大会",31
"1999.11.10","赴汤蹈火为人民——记上海市公安消防总队第五支队车站中队",31
"1999.11.10","上海边检总站以《站规》促管理",31
"1999.11.12","上海商交会开幕",31
"1999.11.12","深化公安教育改革推动科教强警战略　全国公安教育工作会议在沪结束",31
"1999.11.12","战争电影的大胆探索——评影《大进军·大战宁沪杭》",31
"1999.11.13","全国政协纪念孙中山诞辰133周年　上海武汉分别举行纪念活动",31
"1999.11.13","全国围棋甲级联赛上海队领先",31
"1999.11.16","信息调查新技术研讨会在沪召开",31
"1999.11.17","重点突破体制创新规模经营导入竞争上海推进高校后勤社会化改革",31
"1999.11.17","京沪渝各界人士支持中美就中国“入世”达成协议表示抓住机遇迎接挑战",31
"1999.11.17","崇明县保护中华鲟",31
"1999.11.17","为了繁荣——上海检察机关为国企服务纪实",31
"1999.11.18","三峡移民外迁盘子敲定七万人将迁入川沪等十一省市安置",31
"1999.11.19","加强交流合作　促进两岸直航　海峡两岸航空运输研讨会在沪举行",31
"1999.11.25","全国男篮甲A联赛第二轮　上海东方前卫奥神主场发威",31
"1999.11.28","吴邦国在上海考察工作时强调　开创国企改革和经济工作新局面",31
"1999.11.29","农行上海分行进军教育领域贷款支持四十一所高校全面改造教学基础设施",31
"1999.11.29","世界华商管理大会在沪举行",31
"1999.11.29","《上海百科全书》出版",31
"1999.11.29","网球联赛北京客场胜上海",31
"1999.12.1","公仆议大事衣冠当楚楚　一封市民来信使上海市人大常委会会议参加者着装注意规范",31
"1999.12.2","首届上海国际艺术节闭幕",31
"1999.12.3","一汽集团上海电气与债权银行达成协议　124亿元债转股　成为目前涉及金额最大的债转股协议",31
"1999.12.3","上海五台剧节目喜闹京城",31
"1999.12.6","上海市代表团来京考察京沪领导共同描绘发展宏",31
"1999.12.6","留学人员科研成果布展上海（）",31
"1999.12.6","上海德尔福派克电气公司蝉联通用汽车“最佳供应商”奖",31
"1999.12.8","营造温馨献爱心——记上海市卢湾区为老人服务网络",31
"1999.12.9","上海市民工投诉私营业主增多",31
"1999.12.10","上海出台重要举措推动空置商品房降价",31
"1999.12.14","群众广泛参与内容丰富多彩　沪津渝穗珠欢庆活动渐入高潮",31
"1999.12.14","上海举办首届国际工业博览会　吴邦国黄菊分别致信祝贺",31
"1999.12.14","爱立信小球星活动在沪启动",31
"1999.12.15","祖国内地迎澳门回归庆典活动安排就绪首都将举行4场庆典上海等5城市举行系列庆祝活动",31
"1999.12.16","上海高校教育转化“法轮功”受害者",31
"1999.12.16","上海农业利用外资近十亿美元",31
"1999.12.18","咫尺天地云海志——上海中远置业集团发展纪事",31
"1999.12.20","上海：浦江欢腾不夜天",31
"1999.12.20","让旅游者享受网络时代的新型服务——上海有了“隐身导游”",31
"1999.12.22","上海通用别克变型车（GL8）下线",31
"1999.12.22","决战上海在此一搏中国男排立志进军悉尼奥运会",31
"1999.12.22","黄浦法院设“夜门诊”（）",31
"1999.12.23","上海申花马赛罗获甲A联赛最快进球奖",31
"1999.12.23","2000年世界杯游泳赛将在上海举行",31
"1999.12.24","上海进京节目引起轰动",31
"1999.12.25","学习全国服务全国打“中华牌”　上海：博采众长创造新优势",31
"1999.12.27","上海建立经营者资质评价中心　资质评价：为经营者打分",31
"1999.12.29","上海闵行成为首家环保模范城区",31
