﻿"index","news_title","prov_cde"
"1999.1.9","江西有毒猪油事件引起社会重视深圳展开打击制假售假斗争",36
"1999.1.12","九江城防墙决口正式动工修复",36
"1999.1.12","自备伙食指导重建发展生产　江西机关干部下派灾区受欢迎",36
"1999.1.15","非法生产违规操作酿成惨祸　赣州钦州花炮作坊发生爆炸事故",36
"1999.1.21","南昌帮扶困难企业有成效",36
"1999.1.21","圆满完成灾后重建帮建任务　江西万名机关干部撤离灾区",36
"1999.1.23","江西公路建设进入佳境　两年交通建设投资超过90亿元",36
"1999.1.23","江西革命老区兴起“国球”热",36
"1999.1.26","鹰潭农业产业化突飞猛进",36
"1999.1.29","赣剧新秀童丹",36
"1999.2.1","基层评议机关民主评议行风　南昌市“窗口”单位展示新形象",36
"1999.2.9","南昌郊区乡镇企业成为区财政支柱",36
"1999.2.9","温家宝在江西考察灾后重建工作时强调安排好灾区群众生活全力抓好水利建设",36
"1999.2.11","南昌帮助困难职工过好年",36
"1999.2.11","上饶：遏制农村电价三板斧",36
"1999.2.12","江西万场演出献灾区",36
"1999.2.13","江西灾区群众米袋满菜篮丰",36
"1999.2.20","九江农业力争达到灾前水平",36
"1999.2.25","江西基础设施建设投资逾200亿元",36
"1999.3.10","信心来自凝聚力——江西代表团小组审议侧记",36
"1999.3.15","水枯淤泥重 长江船难行　航运部门紧急疏浚九江段航道",36
"1999.3.17","长江九江段水道：清淤见成效  水位已上升（）",36
"1999.3.19","物资储足  资金筹足　江西备耕忙",36
"1999.3.24","共担风险  共享利益　宜春农民联合体有实力",36
"1999.3.24","不负选民厚望——记江西龙南县里仁镇冯湾村村委会",36
"1999.3.25","建立组织  健全制度  各方参与　鹰潭送温暖工程形成合力",36
"1999.3.29","江西救灾复校工程完成过半",36
"1999.4.5","南昌建设无假货示范街",36
"1999.4.6","赣州文明祭祀漾新风",36
"1999.4.16","廖仲毛，江西崇仁人，县政协委员——借势而生",36
"1999.4.19","抓早抓细抓实　江西国税收入实现开门红",36
"1999.4.20","江西重视引进设备的前期阶段　监管工作早介入",36
"1999.4.23","江西公开选拔副厅级干部",36
"1999.4.25","江西国债项目资金使用弄虚作假　财政部国家计委严肃查处",36
"1999.4.27","新余下岗职工　转变择业观喜端新饭碗",36
"1999.5.3","充实陈列内容  更新展示手段　南昌起义纪念馆强化爱国教育载体功能",36
"1999.5.4","办实事也须依法——山东潍坊市改建央赣公路未办征地手续调查",36
"1999.5.6","赣榆：育苗育出“金娃娃”",36
"1999.5.8","吉安干部业绩平平者被降免职",36
"1999.5.14","科技潮涌红土地——赣南创办科技示范基地纪实",36
"1999.5.19","依靠群众  措施到位  狠抓落实　江西清理干部住房不走过场",36
"1999.5.24","文明都市的安全屏障——南昌郊区湖坊乡纪事",36
"1999.5.25","景德镇“三讲”教育注重整改",36
"1999.5.28","曾利国，江西南丰人，干部——儿童考级当缓行",36
"1999.6.4","今年我国农村经济运行平稳  江西春熟作物喜获丰收",36
"1999.6.4","江西赣州成立客家艺术学校",36
"1999.6.7","江西长江整治保安工程完工",36
"1999.6.10","《最忆是赣南》再现扶贫业绩",36
"1999.6.15","赣州推出社区医保服务卡",36
"1999.6.16","财政部、国家计委决定  恢复对江西项目审批",36
"1999.6.16","《目击暴行》摄影展分别在南昌济南举行",36
"1999.6.17","江西抓住重点边整边改  深入开展“三讲”教育",36
"1999.6.19","江西一农民承包一亏损国企",36
"1999.6.21","依托资源优势 发展支柱产业　吉安百万农民脱贫奔小康",36
"1999.6.25","武警水电部队为九江大堤穿“衣”",36
"1999.7.5","江西：还一湖清水创高效农业　鄱阳湖蓄洪面积两年来增加一千多平方公里",36
"1999.7.6","江西上半年国税同比增一成",36
"1999.7.8","严把“入口”疏通“出口”　江西提高党员队伍整体素质",36
"1999.7.16","张燕，江西德兴人，职员——走火入魔",36
"1999.7.16","杨敏，江西乐安人，军人——动作要漂亮",36
"1999.7.19","领导办节喜群众卖果愁——海南昌江县芒果节后农村见闻",36
"1999.7.20","湖北湖南江西广大军民严阵以待　做好防汛工作确保安全度汛",36
"1999.7.28","江西：深入基层宣传唯物论",36
"1999.7.28","小小顺口溜好念又好懂普及新知识道理一点通江西丰城农民传唱“五字歌”",36
"1999.7.30","吴建河，江西铅山人，退休干部——害苦了我一家",36
"1999.8.2","江西公路：抗费冲卡不断",36
"1999.8.4","江西两千余党员脱离“法轮功”",36
"1999.8.6","移民建镇资金乱动不得　江西查处二十名违纪责任人员",36
"1999.8.9","“法轮功”原南昌站站长周岩文揭露　“法轮功”组织相当严密",36
"1999.8.17","江西纪念方志敏诞辰一百周年",36
"1999.8.19","对症下药抓整改——江西省省级领导班子“三讲”教育整改工作纪事",36
"1999.8.24","江西推出方志敏系列书",36
"1999.8.24","江西引导农村党员干部脱愚致富",36
"1999.8.26","一个“见事早、行动快”的山乡党委——江西高安市华林山乡党委与“法轮功”斗争纪实",36
"1999.9.2","“燕京”工艺移植吉安老区",36
"1999.9.9","南昌火车站广场周边环境  脏乱差（）",36
"1999.9.9","让市场说了算——看江西省宜春市如何增加农民收入",36
"1999.9.19","南昌查处一起“法轮功”非法聚集事件",36
"1999.9.20","南昌　民用机场正式启用",36
"1999.10.11","新编赣剧《还魂后记》晋京展演",36
"1999.10.12","江西向食品工业大省迈进",36
"1999.10.12","江西于都台办热心为台商服务",36
"1999.10.13","赣州交警严惩交通肇事逃逸",36
"1999.10.14","赣南猪油中毒案在赣州开庭",36
"1999.10.18","江西加大农民减负检查力度",36
"1999.10.19","赣州消费需求升温",36
"1999.10.28","粮食产销大省携手开拓市场　浙吉赣建立代储代销关系",36
"1999.10.28","江西余江县四十年无退兵",36
"1999.10.29","江西预备役某部思想政治工作扎实",36
"1999.10.29","脱贫致富讲科学治穷治愚破迷信　江西农村科普新风荡漾",36
"1999.10.29","南昌市取缔兽药市场",36
"1999.11.5","北京：从讲政治高度抓党报党刊发行江西：把党报党刊发行列为“三讲”内容",36
"1999.11.8","北大和新余共建高新产业园区",36
"1999.11.8","假冒伪劣产品何以屡禁不止愈演愈烈？发生在江西弋阳的故事也许能让人们思考点什么——弋阳上演“捉放曹”",36
"1999.11.9","赣榆农村党员成为科技致富领头雁",36
"1999.11.12","邱裕华江西人，学生——不要搞成推销会",36
"1999.11.13","大型话剧《邓小平在江西》将晋京演出",36
"1999.11.15","独辟蹊径积极扩张——工行江西省贵溪市支行信贷经营探秘",36
"1999.11.15","赣州旅馆：请君入住钟点房",36
"1999.11.17","不搞花架子不做表面文章南昌“民心工程”深得民心",36
"1999.11.19","魏文彪，南昌人，编辑——摒弃庸俗",36
"1999.11.30","山，还是那座山吗？——江西安远县山区综合开发纪实",36
"1999.12.1","主辅分离竞争上岗能者多得　江西钢铁企业靠改革扭亏",36
"1999.12.8","萍乡建行业务快速发展",36
"1999.12.13","江西帮助练习者认清邪教本质　山东一干部彻底悔悟家庭和睦",36
"1999.12.17","刘上峰，江西人，编辑——求卖点还是求品位？",36
"1999.12.23","大搞权钱交易生活腐化堕落　江西省原副省长胡长清被开除党籍和公职",36
"1999.12.24","陈荣，江西新干人，公务员——真假重千钧",36
"1999.12.24","邹应国，江西南城人，干部——“地摊文学”",36
"1999.12.26","有效解决农产品卖难和农民增收难　江西农村上万民间流通组织显神通",36
