﻿"index","news_title","prov_cde"
"1999.1.1","北京新年音乐会掌声如潮",11
"1999.1.2","北京鸣古钟喜迎新年",11
"1999.1.3","建立服务网络完善保障体系北京再就业工作扎实有效",11
"1999.1.4","北京电信规划设计院获质量认证",11
"1999.1.4","北京“朝副”创出规模效益",11
"1999.1.4","增强通过能力带动周边经济　北京至北京东复线联动效应明显　加快铁路建设拉动经济增长",11
"1999.1.4","北京新年假日迎来京剧热",11
"1999.1.4","达标才能进北京——元旦汽车尾气检测目击记",11
"1999.1.4","北京百种生菜上餐桌",11
"1999.1.4","北京举行新年登长城活动",11
"1999.1.4","北京商家赶“早潮”",11
"1999.1.5","北京地方税收突破200亿元",11
"1999.1.5","北京堵源截流",11
"1999.1.5","北京友谊医院中西医结合多脏器感染诊治获突破",11
"1999.1.5","北京保龄球赛形式多样",11
"1999.1.6","贾庆林在北京廉政责任制座谈会上提出　廉政建设必须完善配套措施",11
"1999.1.6","癌症不等于死亡——记北京抗癌乐园",11
"1999.1.6","北京举办星牌杯台球赛",11
"1999.1.6","世界杯短池游泳赛北京站揭幕　外国名手以赛代练　中国小将频频夺金",11
"1999.1.7","中国奥委会批准　北京市申办2008年奥运会",11
"1999.1.7","男篮联赛北京险胜山东　八一辽宁保持不败",11
"1999.1.8","不护短不手软不走过场　北京市公安局教育整顿力度大",11
"1999.1.8","北京纪念古巴革命胜利40周年",11
"1999.1.9","全国扫黄工作小组检查北京文化市场",11
"1999.1.9","全国台球精英电视挑战赛开赛首届攀冰大赛将在龙庆峡举行北京电信开通全民健身信息台",11
"1999.1.10","北京华龙灯具市场发生大火",11
"1999.1.10","北京市公安局方便群众　星期六也办出入境手续",11
"1999.1.10","北京：向大气污染宣战",11
"1999.1.10","北京：离全面使用天然气还有多远？",11
"1999.1.11","村里有部“小宪法”——北京市房山区农村民主管理见闻",11
"1999.1.11","《北京教育报》公开发行",11
"1999.1.12","北京举行座谈会纪念张友渔百年诞辰",11
"1999.1.13","长安街下攻坚战——铁十六局建设北京地铁复八线纪实",11
"1999.1.13","北京罗马经贸洽谈会在京举行",11
"1999.1.13","大连与北京高校科研院所合作　签约32个对接项目总成交额2．6亿多元",11
"1999.1.13","北京红十字会捐助高校特困生",11
"1999.1.13","北京奥神男篮更换主教练",11
"1999.1.13","当家作主气象新——北京区县人大代表换届选举侧记",11
"1999.1.14","北京出版社精品多效益好",11
"1999.1.15","国有企业下岗职工基本生活保障和再就业工作会议在北京召开　朱镕基作重要讲话李岚清等出席吴邦国作工作报告",11
"1999.1.15","北京去年工业生产利润23亿",11
"1999.1.15","北京市财政收入大增　去年完成二百二十七亿元",11
"1999.1.17","北京　补助困难职工　过好新春佳节",11
"1999.1.18","北京宝云建材市场建成开业",11
"1999.1.18","北京成为国内游客首选之城　游客评价最高的是游览评价最低的是交通",11
"1999.1.18","北京端窝点抓游商",11
"1999.1.18","北京理工大学校园网走出校园",11
"1999.1.18","北京：小公共实行单一票制后",11
"1999.1.19","创一流品牌拓管理新路——北京昆仑饭店十年发展回顾",11
"1999.1.19","政府雪中送炭企业减少风险　北京6家科技企业获贷款担保",11
"1999.1.20","新疆宁夏北京各族穆斯林欢度传统节日",11
"1999.1.21","北京铁路春运提前十五天开始　预计今年春运发送旅客六百万人次",11
"1999.1.21","宝鸡至北京快速列车开行",11
"1999.1.21","贾庆林在北京市政法工作会议上强调　维护首都社会稳定推进改革和建设",11
"1999.1.22","北京海关去年打私成果丰硕",11
"1999.1.22","北京改造住宅楼电路",11
"1999.1.22","北京龙潭庙会民俗特色浓",11
"1999.1.22","北京建成种马繁殖场",11
"1999.1.22","如何塑造北京的　城市空间形象",11
"1999.1.22","北京研讨鼓曲名家孙书筠",11
"1999.1.24","全年入藏文献54万册网上服务成为重要项目　北京书馆创佳绩迎接建馆90周年",11
"1999.1.24","北京组织优秀人才出国留学",11
"1999.1.25","北京司法行政开创新局面",11
"1999.1.25","全国男篮甲A联赛第九轮　北京奥神落马广东宏远逞威",11
"1999.1.25","北京建行推出个人电子汇款优惠　《中国证券大全》（一九九八）出版　山东浪潮公司完成股份制改组　柘城县税收征管工作上新台阶北京农行发放首商标质押贷款",11
"1999.1.25","可靠的后盾——北京海关保护知识产权记事",11
"1999.1.25","北京有个放心存车点",11
"1999.1.25","北京提高汽车尾气排放标准　环保门槛高不高",11
"1999.1.25","新型奔驰S级轿车亮相北京",11
"1999.1.26","北京出版社版权输出多",11
"1999.1.26","北京举行垂钓赛",11
"1999.1.27","北京下岗职工六成再就业　四川32万国企职工重上岗　武汉形成再就业市场体系　青岛下岗职工安置率65％",11
"1999.1.27","北京密云新建农副产品批发交易市场",11
"1999.1.27","北京缉私警首案告捷　深圳海关深入开展打私　广东海关去年查私创纪录",11
"1999.1.27","北京排球队落户北京航空航天大学",11
"1999.1.28","泸州至北京航线开通",11
"1999.1.28","贾庆林在北京市组织工作会议上指出　搞好“三讲”教育必须力戒“好人主义”",11
"1999.1.29","北京全力发展高新技术产业",11
"1999.1.29","北京电视台播出《环球绿色行》",11
"1999.1.29","北京台再推贺岁喜剧（）",11
"1999.1.30","敲响清亮的钟声——记北京桑德环保产业集团",11
"1999.1.31","北京送温暖工程扎实有效",11
"1999.1.31","扩大内需消费　开拓农村市场北京城乡市场销售同步增长",11
"1999.2.1","北京研制成功亲笔信软件",11
"1999.2.1","北京出台社会保险制度新举措个体户有了社会保险",11
"1999.2.1","扬长避短特色鲜明　北京昌平科技园持续发展",11
"1999.2.1","北京工行全力支持首都经济增长",11
"1999.2.2","北京德意志工商中心开业",11
"1999.2.2","徜徉于北京莱太花卉交易中心——感受花叶之美的文化意蕴",11
"1999.2.2","印画一体书票相依——介绍北京书馆藏书票",11
"1999.2.3","北京蝶阀厂依靠科技闯市场",11
"1999.2.3","北京国有企业产品出口增幅大",11
"1999.2.3","北京交通化淤有方",11
"1999.2.3","北京中心区交通改善工程全面启动",11
"1999.2.3","北京大学生卡丁车赛收兵",11
"1999.2.3","北京将举办首届迎春麻将赛",11
"1999.2.4","北京民俗博物馆向社会开放",11
"1999.2.4","老先进谱写新篇章——走访北京市海淀区万寿路8号院",11
"1999.2.5","北京新星盛公司获质量体系认证",11
"1999.2.6","突出治理环境污染和交通拥堵北京市政府力求今年使环境质量有令人振奋的新变化",11
"1999.2.7","圆满结束对非洲四国的正式访问胡锦涛回到北京",11
"1999.2.7","朝阳公园改扩建在即北京市区将添最大面积“绿肺”",11
"1999.2.8","第六届全国少数民族运动会举办时间确定今年8月9月分别在拉萨北京举行",11
"1999.2.8","北京街头访烧烤羊肉串一赶能否了之？",11
"1999.2.9","建房千万米无一不合格北京城建集团15年获鲁班奖9项",11
"1999.2.9","倾听群众呼声加强督办力度北京市政协提案出精品",11
"1999.2.10","揭开半世纪尘封体味老北京风情东岳庙一展容颜迎春节",11
"1999.2.11","刘淇当选北京市市长",11
"1999.2.11","江泽民视察武警北京市总队向武警部队全体指战员祝贺新春要求官兵当好党和人民的忠诚卫士",11
"1999.2.11","江泽民在北京考察工作时强调全面贯彻落实十五大精神把首都北京建设得更加美好",11
"1999.2.11","北京两支甲级足球队准备迎接新赛季考验",11
"1999.2.11","北京市推出今年竞赛招标计划",11
"1999.2.11","北京首家羽毛球俱乐部成立",11
"1999.2.12","北京书馆更名国家书馆",11
"1999.2.12","北京朝阳区慰问外地务工青年",11
"1999.2.12","北京卫生规范服务动真格不合格者降级摘牌",11
"1999.2.12","北京台贺岁节目播不停",11
"1999.2.13","李岚清视察北京科技大学和北京医科大学时强调　决不把部委高校筒子楼和危房带入21世纪",11
"1999.2.13","罗干慰问北京市公安干警　向全国公安干警及其家属拜年",11
"1999.2.13","北京将举行青少年五轨四驱车大赛",11
"1999.2.14","吴仪考察北京商业和工商行政管理工作时要求　积极开拓城乡市场加大市场监管力度",11
"1999.2.15","北京军区某大队以科研促训练",11
"1999.2.15","北京蓝天行动的警示",11
"1999.2.15","北京文化场馆春节全部开放",11
"1999.2.15","北京桥牌协会与企业联手共建运动队",11
"1999.2.15","安徽建行增收利润四亿多元　北京工行信用卡业务不断创新　唐山建行信贷经营高效运作　工行新街口支行利润再创新高　“中国服装”股成功发行",11
"1999.2.15","北京推出婚庆旅游",11
"1999.2.18","北京工业系统慰问特困职工",11
"1999.2.20","北京城建潍莱公路创佳绩",11
"1999.2.20","守护“北京时间”",11
"1999.2.20","北京联欢庆祝国际老年人年",11
"1999.2.22","普及推广农业科技加快农业结构调整　北京引导农村创新体制转换机制",11
"1999.2.23","北京开始清查闲置建设用地",11
"1999.2.23","推进干部人事制度改革　北京三年公开录用二百余局处级干部",11
"1999.2.23","北京高新技术产业成规模",11
"1999.2.23","北京100个黑烟囱将销声匿迹",11
"1999.2.24","北京文物盗窃倒卖第一案",11
"1999.2.25","北京石景山法院争办“精品案”",11
"1999.2.25","北京开展交通秩序大整顿",11
"1999.2.26","北京排出前10位外资企业",11
"1999.3.1","朱镕基圆满结束访俄回到北京　李岚清等到人民大会堂迎接",11
"1999.3.1","生命协奏曲——记北京协和医院",11
"1999.3.1","全国男篮甲A联赛第十六轮　北京奥神连挫劲旅",11
"1999.3.1","北京建行　房地产金融结硕果",11
"1999.3.2","北京市调整民用燃料价格",11
"1999.3.2","交通畅通  环境整洁  服务到位　北京“两会”接待工作准备就绪",11
"1999.3.2","北京交管干部学院教育扶贫",11
"1999.3.2","北京整治学校周边环境",11
"1999.3.2","告别塑料袋  拎起小布袋　北京市妇联倡议“带动家庭参与环保行动”",11
"1999.3.2","北京国际公路接力赛周末鸣枪",11
"1999.3.3","北京部署交通安全工作",11
"1999.3.3","北京156中注重因材施教",11
"1999.3.3","北京动物园网上落户",11
"1999.3.3","北京开始公布市区空气质量日报",11
"1999.3.4","细微之处见神奇——记北京天坛医院",11
"1999.3.4","首都搭台  全国唱戏　北京再办高新技术产业国际周",11
"1999.3.4","全国男篮甲A联赛第十七轮　四川蓝剑爆冷  北京奥神连胜",11
"1999.3.5","北京酱菜受青睐",11
"1999.3.5","刘英，北京人，大学生——“绍兴师爷”不对劲",11
"1999.3.6","李鹏参加北京团审议政府工作报告时强调　对今年确定的目标充满信心",11
"1999.3.6","日传媒突出报道我人大会议开幕　欧洲时报说北京“两会”广受关注",11
"1999.3.8","北京国际公路接力赛　中国女队勇夺桂冠",11
"1999.3.8","自律规范诚信——记华夏证券北京东四营业部",11
"1999.3.8","华为设备装备北京数据网",11
"1999.3.9","纪念“三八”妇女节89周年　北京举行中外妇女招待会",11
"1999.3.12","治理大气污染  改善环境质量　北京提出28项治理新措施",11
"1999.3.14","北京渴望蓝天  上海呼唤碧水——京沪代表谈改善生态环境",11
"1999.3.14","12单位出资650万  认养北京公共绿地",11
"1999.3.17","北京保健型蔬菜面市",11
"1999.3.17","北京举办珠宝首饰保真展示服务周",11
"1999.3.17","百年风雨光明行——记北京同仁医院",11
"1999.3.17","北京神经内科会诊中心五周岁",11
"1999.3.18","弱冷空气入侵  煤烟粉尘难散　北京出现多雾天气",11
"1999.3.18","让我们畅快地呼吸——写在北京治理大气污染之后",11
"1999.3.19","瑞士联邦旅游局北京办事处成立",11
"1999.3.22","新闻集团北京代表处设立",11
"1999.3.22","北京崛起一批高标准文化场所　贾庆林要求文化设施要与首都地位相适应",11
"1999.3.22","挑战生命极限——记北京友谊医院",11
"1999.3.22","北京口腔工作者协会成立",11
"1999.3.23","北京昌平人才市场开业",11
"1999.3.23","北京划定25历史文化保护区　为明清古城的保护与发展提供依据",11
"1999.3.23","北京“超能”创防伪新标识",11
"1999.3.24","全力以赴创造良好的环境和条件　北京部署迎国庆50周年工作",11
"1999.3.24","北京东区邮局自觉接受社会监督",11
"1999.3.24","中央国家机关和北京市接收军转干部分配选调会举行",11
"1999.3.24","北京军区“菜篮子”越发丰盛",11
"1999.3.24","北京新出台两项道路交通管理措施",11
"1999.3.24","北京春季长跑节本周日举行",11
"1999.3.26","北京内蒙古对口帮扶　四十六万农牧民受益",11
"1999.3.26","北京植物园大型温室初具规模",11
"1999.3.26","北京北潞园小区注重环保建设",11
"1999.3.26","北京整治旅游市场成效明显",11
"1999.3.26","北京大学海洋协会成立",11
"1999.3.26","贝藏松国际指挥预选赛设在北京",11
"1999.3.27","北京宽利足球队接连获赞助",11
"1999.3.29","北京将举办大型建材展览会",11
"1999.3.29","北京开发区成为新电价改革试点地区",11
"1999.3.29","北京市人民检察院成立第一第二分院",11
"1999.3.29","敞开收购余粮  深化自身改革　北京稳步推进粮食流通体制改革",11
"1999.3.29","让夕阳更美好——记北京医院",11
"1999.3.29","北京高校优秀学生奖学金颁发",11
"1999.3.29","两万人参加北京春季长跑节",11
"1999.3.29","男篮甲A联赛决赛阶段开战　北京奥神主场大胜山东永安",11
"1999.3.29","大唐电信与邮电部北京设计院　签署合作协议",11
"1999.3.30","北京西城公安加强技术防范",11
"1999.3.31","北京取消城市容纳费",11
"1999.3.31","为了首都健康发展——北京市人大常委会一九九八年立法综述",11
"1999.4.1","圆满结束对意大利瑞士奥地利三国的国事访问　江泽民主席回到北京　朱镕基胡锦涛等前往人民大会堂迎接",11
"1999.4.1","北京将调控外来务工人员总量",11
"1999.4.1","北京中医药大学构建创造教育模式",11
"1999.4.1","北京现代经济管理学校以特色育人",11
"1999.4.1","无限风光在险峰——记北京医科大学第一医院",11
"1999.4.2","足球甲A战罢三轮　北京国安四川全兴捷足先登　大连万达上海申花尚未发力",11
"1999.4.2","受北京市文化局委约　王西麟将办作品音乐会",11
"1999.4.3","第21届世界大学生运动会2001年将在北京举行",11
"1999.4.4","改善外来人口管理居住条件　北京年内建立五个临时居住点",11
"1999.4.5","北京’99生态环境游举办首游式",11
"1999.4.5","探索生命奥秘——记北京医科大学第三医院",11
"1999.4.5","北京教育工作者研讨家教",11
"1999.4.5","“北京医疗绿色通道”开通",11
"1999.4.5","北京高层住宅的比重越来越大，目前1．5亿平方米住宅中有近25％是高层建筑，新建的高层住宅几乎全是高耸的塔楼——我们需要多少塔楼",11
"1999.4.5","逐步放开行政性垄断——访北京大学中国经济研究中心周其仁教授",11
"1999.4.6","北京前两个月工业快速增长",11
"1999.4.6","北京公安干警清明祭英烈",11
"1999.4.6","自去年10月北京发起绿地认养活动以来，在全市引起了很大反响，越来越多的单位和个人加入到绿化、美化首都的行列里来。绿地认养魅力何在？",11
"1999.4.7","江泽民观看北京军区科技强军成果网上演示时强调坚持科技强军推进我军质量建设为维护祖国安全提供坚强有力保证",11
"1999.4.7","北京锦绣园销售业绩好",11
"1999.4.7","北京市法院开展“执行年”活动加大执行力度维护当事人合法权益",11
"1999.4.7","北京大学授予穆巴拉克名誉博士称号",11
"1999.4.7","北京野生动物呈增多趋势",11
"1999.4.8","北京申办二○○八年奥运会正式向国际奥委会递交报告",11
"1999.4.8","北京市“三讲”教育动员会强调找准并解决领导干部中存在的突出问题",11
"1999.4.8","北京递交奥运会申办报告（）",11
"1999.4.9","创伤在这里愈合——记北京积水潭医院",11
"1999.4.9","外国建筑师和北京城",11
"1999.4.9","四月下旬在北京上演深圳舞剧　《深圳故事》抒当代情怀",11
"1999.4.10","北京市一季度经济稳步上升",11
"1999.4.12","北京抽调骨干教师到薄弱校兼课",11
"1999.4.12","只见绿茵混战未见红杏出墙　辽宁抚顺北京国安首尝败绩",11
"1999.4.12","今年三月北京书大厦网上书店开业的红火场面，引起人们关注——网上书店蓄势待发",11
"1999.4.12","北京首批认养绿地的12家单位出资近650万元，认养了37万平方米绿地；咨询认养情况的市民、单位数以千计——绿地认养热京城",11
"1999.4.12","’99北京国际计算机及网络展览会将举行",11
"1999.4.13","北京打响社会保险攻坚战",11
"1999.4.13","北京7天处罚违法非机动车和行人4万多起",11
"1999.4.13","北京开展教育执法检查",11
"1999.4.14","北京发展国内旅游扩大内需",11
"1999.4.14","北京试办高等职教方案确定　上学缴费自主择业不包分配",11
"1999.4.14","北京吸引观众靠战绩",11
"1999.4.15","克林顿总统与朱镕基总理通电话　同意双方将于本月底以前在北京继续就中国加入世贸组织进行谈判",11
"1999.4.15","北京将举办五大洲京剧票友演唱会",11
"1999.4.15","从古老走向现代——记北京中医医院",11
"1999.4.16","北京将办全民健身节",11
"1999.4.16","北京将举行高空定点跳伞活动",11
"1999.4.17","中国特殊奥委会　北京长城火炬跑活动下月举行",11
"1999.4.17","耐克高中男篮联赛（北京赛区）进入季后赛",11
"1999.4.17","向癌症宣战与命运抗争——来自北京杏林苑癌症患者康复信息中心的报道",11
"1999.4.18","第六届北京大学生电影节开幕",11
"1999.4.18","北京举办生物多样性保护宣传月",11
"1999.4.18","北京外国语大学等举行活动　纪念巴尔扎克诞辰二百周年",11
"1999.4.19","圆满结束欧亚六国之行李鹏委员长回到北京　田纪云等在人民大会堂迎接离曼谷时泰国会主席万诺等到机场送行",11
"1999.4.19","北京六建荣膺最佳施工企业",11
"1999.4.19","北京整治城市水系的喜与忧",11
"1999.4.19","沙特亲王到达北京",11
"1999.4.19","北京聘请国际知名企业家担任市长顾问",11
"1999.4.19","北京推广布制购物袋",11
"1999.4.19","器官移植创奇迹——记北京安贞医院",11
"1999.4.19","中消协部分城市水质测试表明　二成纯净水　不如自来水　北京自来水达到饮用标准",11
"1999.4.19","北京职业妇女喜欢哪些用品",11
"1999.4.20","北京西城国税稽查补税六亿元",11
"1999.4.20","名师执教培育英才　北京武术院伟豪武校成立",11
"1999.4.21","北京国税加大宣传力度",11
"1999.4.21","北京电信承诺　装电话只要一个月",11
"1999.4.21","北京海淀法院实施干部轮岗交流",11
"1999.4.22","圆满结束对美国加拿大正式访问　朱镕基回到北京　钱其琛等在人民大会堂迎接离温哥华时加渔业和海洋部长等到机场送行",11
"1999.4.22","北京向社会推出旅游精品项目",11
"1999.4.22","北京首季国税收入逾百亿",11
"1999.4.23","北京朝阳法院加大监督力度",11
"1999.4.23","让武术走向世界——记北京武术队第四次赴美国冬训",11
"1999.4.23","《北京人》登上银幕",11
"1999.4.25","王选不再担任方正技术研究院院长，方正（香港）公司五名董事辞职，李汉生出任北京方正电子公司总裁——方正管理请“外援”",11
"1999.4.26","了解国情的必修课——北京大学学生学习邓小平理论纪实",11
"1999.4.26","北京试验区担保风险金运作良好",11
"1999.4.27","为“三讲”教育打下坚实基础　北京市领导班子认真学习理论",11
"1999.4.27","北京第一中级人民法院培训陪审员",11
"1999.4.27","以色列总统参观北京国际电信中心",11
"1999.4.27","北京十六所学校获健康促进学校奖",11
"1999.4.27","北京培育少年世纪林",11
"1999.4.27","北京举办百店书大联展",11
"1999.4.27","北京电视台增加晚间体育新闻节目",11
"1999.4.28","方寸之间显功力——记北京医科大学口腔医院",11
"1999.4.29","北京海关查获走私案值大增",11
"1999.4.29","北京’99盛世音乐文化周拉开序幕",11
"1999.4.30","北京人才资源充足",11
"1999.4.30","北大北航共建北京大学工程研究院",11
"1999.4.30","北京首开“委约”创作先例",11
"1999.4.30","外国“老北京”为普及音乐会出力",11
"1999.5.1","北京天鸿网球俱乐部成立",11
"1999.5.2","北京推出科技旅游",11
"1999.5.3","开园后第一个“省周”活动  世博会北京活动周拉开序幕",11
"1999.5.3","激励职工为实现宏伟目标再立新功　北京表彰一批先进集体和个人",11
"1999.5.4","北京春季书市拉开帷幕",11
"1999.5.4","北京书大厦开展读书活动",11
"1999.5.4","北京市  中科院  开短会  吃盒饭  科技合作新风扑面",11
"1999.5.4","北京全民健身节开幕",11
"1999.5.5","北京龙庆峡以新面貌迎接游人",11
"1999.5.5","北京中关村电脑节拉开帷幕",11
"1999.5.5","真情融融入里来——记北京市崇文区人民法院告诉庭",11
"1999.5.6","北京市举办机关文化艺术大赛",11
"1999.5.7","北京首次用焚烧炉销毁假烟",11
"1999.5.7","铁道部和北京联合治理白色污染",11
"1999.5.8","推进科教兴国  增强国际交往——访“北京高新技术产业国际周”组委会主席刘淇",11
"1999.5.8","北京国际搏击散手邀请赛将举行",11
"1999.5.11","紧密团结  努力工作  维护和平——访北京大学校长陈佳洱",11
"1999.5.11","全国民运会将把北京和拉萨紧密联系在一起　西藏赛区进入100天倒计时",11
"1999.5.12","和平要靠我们自己去创造——访全国劳模、北京环境科技开发公司经理张永江",11
"1999.5.12","北京白衣天使自学忙",11
"1999.5.12","北京首家“148”法律服务热线开通",11
"1999.5.13","圆满结束对拉美三国访问　尉健行回到北京",11
"1999.5.13","建设京城首善之区——北京市东城区创建文明城区巡礼",11
"1999.5.14","北京特聘旅游监督员",11
"1999.5.14","北京嘉奖校外教育示范单位",11
"1999.5.14","丁玉来在北京办画展",11
"1999.5.14","敢遣春温上笔端——寄给黄永玉北京画展的观众",11
"1999.5.15","构筑通往社会之“桥”——记北京高校就业指导服务工作",11
"1999.5.15","给孩子自由发展的空间——从北京八中少儿班的探索实践看素质教育",11
"1999.5.17","回家真好——北京医院见闻",11
"1999.5.17","环境连着你和我　北京科技周突出环保特色",11
"1999.5.17","咸宁人行搞好支农再贷款投放　东城地税对税款应收尽收　“北京VISA欢迎您”活动结束",11
"1999.5.18","北京经济技术开发区增势迅猛",11
"1999.5.18","北京崇文警方建立防范格局",11
"1999.5.18","教育部北京市委举行大学生形势报告会　揭穿美国“人权外交”的虚伪性",11
"1999.5.18","北京二外加强旅游教育",11
"1999.5.18","穷在深山有远亲——北京龙德行与怀柔姜村“结亲”记",11
"1999.5.19","贾庆林在部分跨国公司驻京机构代表座谈会上说　北京坚定不移实行对外开放　依法保护在华学习、工作的外国人，欢迎一切来华投资经商的海外人士",11
"1999.5.19","走审判改革新路——记北京市海淀区人民法院民事审判二庭",11
"1999.5.20","北京市长聘请国际企业家当顾问",11
"1999.5.20","北京中行支持燕化技改",11
"1999.5.20","北京重视无障碍设施建设",11
"1999.5.21","北京国际博览会开幕",11
"1999.5.21","调整管理层面  加快产业开发  北京首钢京师俱乐部再发展",11
"1999.5.21","《北京女人》在京研讨",11
"1999.5.22","北京高新技术产业国际周开幕",11
"1999.5.24","面向新世纪  发展高科技——中国北京高新技术产业国际周侧记",11
"1999.5.24","北京城区最长铁路大桥建成",11
"1999.5.24","大兴西瓜节办到北京城",11
"1999.5.24","北京开放禁毒教育基地",11
"1999.5.24","北京酒店足球邀请赛开赛",11
"1999.5.25","桑兰回到北京（）",11
"1999.5.25","贾庆林在北京“三讲”教育第三阶段动员会上说　领导干部要勇于解剖自我",11
"1999.5.26","北京提高工薪收入个人所得税月扣除补贴额",11
"1999.5.26","北京“国际周”成果丰硕",11
"1999.5.26","全国人大常委会执法检查组对北京检查后指出　北京大气污染治理任务艰巨",11
"1999.5.26","北京推出青少年时尚运动冠军赛",11
"1999.5.27","北控成为北京经济发展窗口　贾庆林到北控所属企业调研",11
"1999.5.27","澳门高级公务员访问北京　对祖国内地的经济发展大好形势感到振奋",11
"1999.5.27","爱心在这里涌动——北京医院救护驻南使馆伤员纪事",11
"1999.5.28","圆满结束对亚非四国的正式友好访问　李瑞环回到北京",11
"1999.5.28","北京东城区完善报警服务网络",11
"1999.5.28","北京翠微路消防中队获赞誉",11
"1999.5.28","北京纪念约翰·施特劳斯",11
"1999.5.28","多彩的北京——北京画院作品展",11
"1999.5.29","北京站前小客车宰人",11
"1999.5.30","北京举行“缅怀人民的好记者”音乐会",11
"1999.5.31","“三辰影库”在北京亮相",11
"1999.5.31","高考牵动父母心——北京市高考招生咨询活动见闻",11
"1999.5.31","今年北京高考招生增幅较大　新增名额主要用于高等职教考生",11
"1999.5.31","北京首届亲子游戏宝宝大赛剪影（）",11
"1999.6.1","北京大力拆除违法建筑",11
"1999.6.1","北京地铁“复八”线全线铺通（）",11
"1999.6.1","北京举行世界无烟日座谈会  李岚清发表书面讲话",11
"1999.6.1","德一协会设北京代表处",11
"1999.6.1","美育是孩子头等大事——北京山花少儿艺校一瞥",11
"1999.6.2","北京国际汽车、零部件展在京举行",11
"1999.6.2","感受美  表现美  创造美  北京一幼开创艺术教育新天地",11
"1999.6.3","中俄外长发表北京会晤联合新闻公报",11
"1999.6.4","北京建材积极开发高新技术产品",11
"1999.6.4","依法建制性 以法治村  北京农村基层民主法制建设健康发展",11
"1999.6.4","北京京剧院迎来二十华诞",11
"1999.6.5","北京世界大运会征集会徽和吉祥物",11
"1999.6.7","应江泽民主席邀请　塞浦路斯总统克莱里季斯抵达北京",11
"1999.6.7","北京军区在“安居工程”推行物业管理",11
"1999.6.7","’99北京市大学生艺术节圆满结束　大中学生展望新世纪设计赛奖项评定",11
"1999.6.7","我国800万老年人患眼疾　北京开展爱眼日活动",11
"1999.6.7","阿迪达斯四对四青少年足球赛　北京赛区男女冠军产生",11
"1999.6.7","北京地税表彰纳税先进",11
"1999.6.7","春夏换季，北京又一次掀起打折大战。“全场八折”、“半价酬宾”、“清仓价”，不仅换季、断码的商品打折，连新上市的应季产品也劈头砍一刀。消费者真从打折中得到了实惠吗？商家是否达到了预期目的？　商场打折管用吗？",11
"1999.6.8","北京规定　农民合同工必须参加社会保险",11
"1999.6.8","北京、天津京剧名伶将在台献技",11
"1999.6.9","蒋昌忠画展在北京举行",11
"1999.6.9","北京墨彩画院成立",11
"1999.6.10","北京工行推出“信贷置家”",11
"1999.6.10","贾庆林在北京工会第十次代表大会上指出　依靠工人阶级要落在实处",11
"1999.6.10","厂务公开收拢了职工的心，形成了为民族药业腾飞的合力　北京“三药”厂的凝聚力",11
"1999.6.11","北京技监部门提醒消费者　饮酸奶应注意选品牌很重要",11
"1999.6.11","北京举行纪念曾昭抡诞辰100周年座谈会",11
"1999.6.11","北京理工高科技孵化器启动",11
"1999.6.11","北京少林武校办学有特色",11
"1999.6.11","信天游荟萃北京　黄河鼓韵敲进上海",11
"1999.6.11","《道北人》在北京台播出",11
"1999.6.12","北京大学学生关注农村发展",11
"1999.6.12","北京理工大涌动民族文化艺术热潮",11
"1999.6.13","再现“神州第一街”亮丽风采  北京长安街整治进展顺利",11
"1999.6.13","北京工商大学成立",11
"1999.6.13","北京青少年科技俱乐部活动开幕",11
"1999.6.14","北京春季造林上规模重效益  平原植树1118．6万株  发展果树16．57万亩",11
"1999.6.14","丰宁访沙——沙丘离北京18公里",11
"1999.6.15","北京顺义区拥军优属狠抓落实",11
"1999.6.15","北京舞蹈创作比赛结束",11
"1999.6.16","北京开通法律服务专线电话",11
"1999.6.17","海南小学生献艺北京音乐厅  《椰风海韵》音乐会精彩纷呈",11
"1999.6.18","狠抓工程质量  树立行业形象  范玉恕与北京建筑同行交流经验",11
"1999.6.18","北京公安严打制贩假币活动",11
"1999.6.18","张万年结束访俄回到北京",11
"1999.6.19","香河人在北京",11
"1999.6.20","拉那烈离广州赴北京",11
"1999.6.21","实施科教兴国战略 努力实现世界一流　　国务院批准加快建设北京中关村科技园区",11
"1999.6.21","以用户满意为标准——北京供电局抓行风建设纪事",11
"1999.6.21","全国足球甲A联赛第十轮　北京国安主场负于重庆隆鑫",11
"1999.6.22","北京民营企业招聘下岗职工",11
"1999.6.22","北京又有一家迷你高尔夫球场开业",11
"1999.6.23","北京大学外国语学院成立",11
"1999.6.24","北京中关村科技园区建设启动",11
"1999.6.25","启动教改的金钥匙——北京市朝阳区社区教育改革见闻",11
"1999.6.26","北京开通城市火灾自动报警监控专网",11
"1999.6.27","解振华在作关于防治北京大气污染的工作报告时说  首都大气污染状况堪忧",11
"1999.6.27","一条绿带穿京城  百万鲜花待佳节  北京长安街添新绿",11
"1999.6.28","中外金融家企业家聚会北京  研讨中国金融开放与企业对策",11
"1999.6.28","让群众行使陪审权——北京完善人民陪审员制度纪实",11
"1999.6.28","北京高校93名毕业生志愿赴边",11
"1999.6.30","北京举办建国五十周年美术摄影展",11
"1999.6.30","宋克君画展在北京展出",11
"1999.6.30","北京开通“148”（）",11
"1999.7.1","披肝沥胆为祖国——记北京航空航天大学教授杨为民",11
"1999.7.2","规范用人机制公开选聘人才北京大力推进干部新老交替",11
"1999.7.2","圆满结束在香港的各项活动胡锦涛回到北京",11
"1999.7.2","园丁自有回春力洗净花尘放异香北京朝阳工读学校育人有方",11
"1999.7.2","《北京五十年纪实》面世",11
"1999.7.2","北京举行庆祝奥林匹克日长跑活动",11
"1999.7.2","探访北京演出市场",11
"1999.7.3","北京劳动和社会保障信息网开通",11
"1999.7.3","北京出现50余年未见持续高温",11
"1999.7.3","兴建运动员村开展环境整治北京积极筹备世界大运会",11
"1999.7.5","工行北京客服中心提高服务水平",11
"1999.7.5","贾庆林在北京依法治市工作会上强调　依法治市争创一流工作业绩",11
"1999.7.6","九三学社中央和北京市委召开中关村科技园区发展研讨会",11
"1999.7.6","北京铁路公安严厉打击票贩",11
"1999.7.6","17年前，党中央书记处决定把北京官园送给全国少年儿童，如今这里成了——校外素质教育的乐园",11
"1999.7.7","北京丰台区“三讲”带来新会风",11
"1999.7.7","资源重配置协力造大船　北京出版社组建出版集团",11
"1999.7.7","北京网球队积极备战全国俱乐部联赛",11
"1999.7.8","北京跨世纪理想家园开始招商",11
"1999.7.8","北京开始治理天坛地区大气污染　将投入8000多万元",11
"1999.7.8","北京市呼吸病研究所成立",11
"1999.7.8","北京国安1∶2输给英国水晶宫",11
"1999.7.8","小篮板工程在北京市全面展开",11
"1999.7.8","北京志愿者内蒙古扶贫（）",11
"1999.7.8","争创全国文明城区，营造一个环境优美、设施健全、生活方便的跨世纪新型城区，一直是北京市西城区追求的目标　一盘棋一条心一股劲",11
"1999.7.9","北京得宝视声开发中心成立",11
"1999.7.9","北京首家劳务派遣企业开业",11
"1999.7.9","北京西城区公安分局开展专项严打",11
"1999.7.9","北京举行首届公正执法教育辩论会",11
"1999.7.9","北京城建党员奋战重点工程",11
"1999.7.9","北京电视台推出国庆献礼节目",11
"1999.7.9","《共和国之旗》在北京上映",11
"1999.7.11","环境设施改善地域特色鲜明北京金融街成为投资热点",11
"1999.7.11","武警北京总队兵演兵文艺调演落幕",11
"1999.7.11","铁路公交化沿着景点走北京开通京郊旅游列车",11
"1999.7.12","北京密云水库整治初战告捷",11
"1999.7.12","全国网球俱乐部联赛揭开战幕北京天鸿上海围城首回合告捷",11
"1999.7.12","北京地税实现全市计算机联网三峡建行进入良性发展轨道淄博上半年两税入库17亿多元北京建行开办个人外汇买卖业务",11
"1999.7.12","北京贝尔承建铁路宽带IP网络",11
"1999.7.13","大通银行北京分行开业",11
"1999.7.14","北京，准备着",11
"1999.7.14","北京西站公安段：大力查堵逃犯",11
"1999.7.15","北京建行开办房贷代扣还款业务",11
"1999.7.15","第二十届世界大运会闭幕　中国代表团列奖牌榜第五　下届世界大运会将在中国北京举行",11
"1999.7.15","北京国际公路自行车赛将举行",11
"1999.7.16","红军歌舞团为什么在北京这么火",11
"1999.7.18","圆满结束对蒙古国的访问　江主席离乌兰巴托回到北京　朱镕基胡锦涛等前往人民大会堂迎接　离蒙前江主席同巴嘎班迪总统亲切话别",11
"1999.7.19","北京华虹NEC公司开业",11
"1999.7.19","’99世界管理大会在北京举行",11
"1999.7.19","第六届电脑爱好者城在北京开幕",11
"1999.7.20","北京青龙湖公园开始接待游人",11
"1999.7.20","北京首次发放助学贷款",11
"1999.7.20","北京后沙峪地区发展民营科技",11
"1999.7.21","落实公审制度深化监督机制　北京第一中级人民法院公开裁判文书",11
"1999.7.21","北京海淀警方捣毁制贩假证窝点",11
"1999.7.21","北京中小学生考察大运河",11
"1999.7.21","北京国际武术太极拳邀请赛将举行",11
"1999.7.21","为了不再出现王宝森——北京市人大加强财政预算监督纪实",11
"1999.7.22","北京市高院成立专家咨询委员会",11
"1999.7.22","北京“宏志班”获首钢百万元捐助",11
"1999.7.22","为了保护有限的森林，北京市朝阳区呼家楼中心小学的学生向全市少先队员及他们的家长发出倡议——告别一次性木筷",11
"1999.7.23","北京旅游餐饮业评出“最佳”",11
"1999.7.23","北京六家审计所完成脱钩",11
"1999.7.23","北京城建女足俱乐部成立",11
"1999.7.23","北京国际公路自行车赛结束第二赛段中国汤学忠暂列第三",11
"1999.7.23","庆祝建国五十周年北京将举行金秋国际音乐节",11
"1999.7.24","北京中关村科技园区如何迈向新世纪",11
"1999.7.26","北京绿色环保夏令营开营",11
"1999.7.26","北京—奥克兰包机航线将开通",11
"1999.7.26","北京国际设计博览会将举行",11
"1999.7.26","北京八里庄街道办事处学习中央通知取缔“法轮功”得民心顺民意",11
"1999.7.26","北京朝阳文化广场形成特色",11
"1999.7.26","北京国际武术太极拳邀请赛结束",11
"1999.7.26","北京国际公路自行车赛结束哈萨克斯坦车手夺得总冠军",11
"1999.7.26","全国网球俱乐部联赛上海北京率先晋级",11
"1999.7.26","威海国税推出形象工程　天津中行推出电话外汇交易　恒康寿险投资中国发展项目　北京驾驶员实行牡丹卡管理　清丰地税优化农村税收管理",11
"1999.7.26","北京天雄伟业成为富士通代理",11
"1999.7.28","北京输油公司输出管理技术",11
"1999.7.28","北京今年高校招生计划总数超过3.5万人录取工作自8月4日开始",11
"1999.7.29","北京移动网将再次扩容",11
"1999.7.29","北京查缴“法轮功”类出版物近20万册",11
"1999.7.29","认清伪科学的真面目——访中科院北京天文台研究员李竞",11
"1999.7.29","国家桥牌队训练基地在北京怡生园挂牌",11
"1999.7.30","北京市法院强化经济审判工作",11
"1999.7.30","女足超级联赛北京赛区得到企业资助",11
"1999.7.30","武警北京总队兵演兵",11
"1999.7.31","北京大学部分教师举行座谈批驳李洪志反科学谬论",11
"1999.8.2","北京度假休闲场所调查结果：度假休闲　公款消费比例高　价格问题是瓶颈",11
"1999.8.3","北京警方早动手早打击　抓获在逃犯罪嫌疑人200余名",11
"1999.8.4","北京上半年经济增长速度加快",11
"1999.8.4","北京海关提前完成全年税收任务",11
"1999.8.4","北京市党外人士批驳李登辉分裂言行",11
"1999.8.4","北京市留学人员大兴创业园开园",11
"1999.8.4","高射频“围歼”肝肿瘤　北京军区总医院成功实施肝癌灭活术",11
"1999.8.5","天渐蓝河始清地变绿路望畅　北京：营造现代化大都市优美环境",11
"1999.8.5","北京东城区切实开展双拥工作",11
"1999.8.6","北京消费品市场稳中有旺",11
"1999.8.6","北京加快教育改革步伐　增加高中招生扩大高教规模",11
"1999.8.6","北京体育大学国际武术表演赛举行",11
"1999.8.6","北京将举办孔子文化周",11
"1999.8.8","旗帜鲜明彻底解决“法轮功”问题　北京确保社会稳定经济发展",11
"1999.8.8","北京地铁“复八线”首批车辆交接（）",11
"1999.8.9","女足超级联赛第二轮　北京城建女足居榜首",11
"1999.8.9","今秋婚庆到北京",11
"1999.8.10","北京粮食集团公司挂牌",11
"1999.8.11","北京大力创建“平安大道”",11
"1999.8.11","北京铁路开通免费郊游专线",11
"1999.8.11","北京市七人制足球赛受欢迎",11
"1999.8.12","北京欢迎外国和港澳台记者前来采访国庆活动",11
"1999.8.12","北京电视台将直播“名人战”",11
"1999.8.13","北京宣武文化艺术节开幕",11
"1999.8.14","北京举行迎澳门回归游泳赛",11
"1999.8.16","北京电子信息产业增长快灵化集团资产四年增四倍",11
"1999.8.16","武警北京六支队开展读书活动",11
"1999.8.16","今年五月份以来，北京市各大商场推出以先进售货员姓名命名的“个人服务品牌”二十多个，成为京城商场一景——商战新招：“明星”登场",11
"1999.8.16","北京联健研制出长白人参花产品",11
"1999.8.16","北京市消协警示消费者：邮购市场陷阱多汇款购物须谨慎",11
"1999.8.17","科海行舟靠胆识——北京有色金属研究总院改革发展纪实",11
"1999.8.17","国际艺术书汇展北京",11
"1999.8.17","女足超级联赛第三轮北京城建队三连胜",11
"1999.8.17","中国“细胞刀”第一人——记北京宣武医院神经外科教授李勇杰",11
"1999.8.18","北京发现曹雪芹旧居遗址",11
"1999.8.18","北京石景山区法院成立书记员室",11
"1999.8.19","步步踏出深脚印——北京光学仪器厂在改革中稳步发展",11
"1999.8.19","北京警方加强外来人口管理",11
"1999.8.19","北京开通未成年人保护热线",11
"1999.8.19","北京表彰见义勇为好市民",11
"1999.8.19","北京输油公司大兴学科技之风",11
"1999.8.20","“美容”后的北京站整体亮相（）",11
"1999.8.20","北京市中小学加强环保教育",11
"1999.8.20","介绍新中国同龄人的感人故事　北京电视台推出《与祖国同行》",11
"1999.8.22","北京—国际童声合唱节开幕　李岚清出席开幕式并会见主办单位代表",11
"1999.8.22","北京地铁复八线即将试运营",11
"1999.8.22","投资多元化开发名特优　北京乡镇企业加快发展",11
"1999.8.23","大街小巷加紧整治庆祝活动开始预演北京市国庆筹备有条不紊",11
"1999.8.23","北京三对三青少年篮球赛举行",11
"1999.8.24","北京平安大街工程竣工",11
"1999.8.24","北京：紧锣密鼓迎国庆",11
"1999.8.25","民运会北京主会场加紧准备",11
"1999.8.25","昌河杯北京保龄球公开赛将举行",11
"1999.8.25","希玛：民族体育产业之光——访北京市希玛保龄设备制造有限公司",11
"1999.8.25","擅用双胞胎照侵权北京自然博物馆败诉",11
"1999.8.26","北京啤酒推出国庆特制装",11
"1999.8.26","北京“一线通”业务步入家庭",11
"1999.8.26","北京龙旺庄村思想教育形式多样",11
"1999.8.26","武警北京总队某部干部竞争上岗",11
"1999.8.27","出席中吉俄哈塔五国元首会晤后江泽民主席回到北京胡锦涛等到人民大会堂迎接离开比什凯克时阿卡耶夫总统到机场送行",11
"1999.8.27","北京全面实行警务公开",11
"1999.8.27","北京音乐·画廊·咖啡",11
"1999.8.28","社会科学界学者聚会北京探讨——儒学研究中的几个问题",11
"1999.8.29","向新中国成立五十周年献厚礼北京新建改建四条城市道路通车形成贯通市区、连接南北部交通的城市大动脉",11
"1999.8.30","北京千禧之年庆金婚",11
"1999.8.31","北京协和医院PET中心成立",11
"1999.8.31","北京望京科技创业园开园",11
"1999.8.31","北京城建公司高级人才上一线",11
"1999.8.31","北京经管干部学院多种形式办学",11
"1999.8.31","女足超级联赛第五轮上海紧随北京榜首之位",11
"1999.8.31","’99北京少儿棋类比赛降下帷幕",11
"1999.9.1","北京全国种子交易会开幕",11
"1999.9.1","北京铁路警方设卡查缉逃犯",11
"1999.9.1","北京的房  每年增加一个老北京",11
"1999.9.1","北京的网  百万市民网上行",11
"1999.9.1","北京的会  国际会议天天开",11
"1999.9.1","“北京第一”的今昔",11
"1999.9.1","北京青少年国际时尚运动赛落幕",11
"1999.9.2","贾庆林在北京国庆安全保卫誓师大会上提出　必须确保国庆庆典活动绝对安全",11
"1999.9.3","北京市消协创办首家消费学校",11
"1999.9.3","北京开展城市文化旅游活动",11
"1999.9.3","北京强制使用低硫煤",11
"1999.9.3","学制有长有短  课程有多有少　北京民族大学面向市场安排教学",11
"1999.9.3","北京举行铁人越野挑战赛",11
"1999.9.3","向澳门回归献歌　北京将举办大型演唱会",11
"1999.9.3","周荣，北京人，公务员——广告大本营",11
"1999.9.5","新路开新线  新线跑新车  北京公交扩大阵容迎国庆",11
"1999.9.6","北京精诚名师俱乐部成立",11
"1999.9.6","索易拓展北京市场",11
"1999.9.7","北京2008年奥运会申办委员会成立  标志着北京申奥各项工作全面展开",11
"1999.9.7","“中华民族圣火”火种抵达北京",11
"1999.9.8","北京市保安培训中心落成",11
"1999.9.8","北京酒仙桥医院成立介入医学科",11
"1999.9.9","北京第一家合伙制律师所欢庆十周年",11
"1999.9.9","世界信鸽锦标赛将在北京举行",11
"1999.9.10","北京云居寺千年石经回藏地宫",11
"1999.9.10","北京军区战友歌舞团向国庆献礼　《长征组歌》重登舞台",11
"1999.9.12","北京法政实业总公司情系教育事业",11
"1999.9.13","北京有线台将转播欧洲冠军杯赛",11
"1999.9.14","百年老街再造辉煌——写在北京王府井“开街”之际",11
"1999.9.15","北京纪念歌德诞辰250周年",11
"1999.9.16","李鹏考察北京部分重点工程　对首都国庆50周年筹备工作表示赞赏",11
"1999.9.16","万国邮联大会胜利闭幕　大会通过世界邮政发展纲领《北京邮政战略》",11
"1999.9.16","北京将用鲜花和笑脸迎接民运会来宾",11
"1999.9.17","圆满结束访问亚太三国并出席亚佩克会议后　江主席离新西兰回到北京　离新时博伊斯总督希普利总理到机场欢送　朱镕基胡锦涛等前往人民大会堂迎接",11
"1999.9.17","世界艺术之花　盛开北京舞台",11
"1999.9.17","上海的《家》亮相北京",11
"1999.9.20","江泽民考察北京城市建设　对近年北京城建特别是重点工程建设取得的成就给予充分肯定",11
"1999.9.20","北京确保国庆供电万无一失",11
"1999.9.20","北京科普网站开通",11
"1999.9.20","北京将举办业余网球大赛",11
"1999.9.21","全国公路自行车冠军赛第二天　吉林北京河南选手顶风竞逐",11
"1999.9.22","每当“十一”想北京",11
"1999.9.22","全国公路自行车冠军赛　汤学忠为北京队再添一金",11
"1999.9.22","北京红双喜乒乓球健身俱乐部成立",11
"1999.9.23","北京至台湾电话呼叫量骤增",11
"1999.9.23","北京采取措施提高大气能见度",11
"1999.9.23","中石化北京院成果转化率高",11
"1999.9.23","北京阜外医院发现172个新基因",11
"1999.9.23","北京国际航空展将举行",11
"1999.9.27","北京市朝阳区成立网球协会",11
"1999.9.29","朱镕基考察北京城建和环境综合治理工作时　对北京呈现出的新面貌十分欣喜　希望继续加大环境污染治理力度",11
"1999.9.29","北京地铁复八线通车试运营",11
"1999.9.29","中英文《北京通V3．0》出版",11
"1999.10.2","祖国，我们心中至爱——-北京师生国庆游行侧记",11
"1999.10.3","我来北京报个喜",11
"1999.10.5","北京牛街危房改造一期工程竣工",11
"1999.10.7","李岚清在视察北京植物园等单位时强调要采取多种产学研结合方式促进科技成果产业化",11
"1999.10.8","孔子诞辰两千五百五十周年国际学术讨论会在北京举行罗干等出席开幕式",11
"1999.10.8","丁关根考察北京创建文明城市情况时指出北京创建文明城市取得显著成效希望继续努力不断巩固延伸提高",11
"1999.10.8","北京市慰问国庆筹备和组织工作人员",11
"1999.10.8","万余选手将参加北京国际马拉松赛",11
"1999.10.8","四十多台演出汇聚首都第二届北京国际音乐节即将举行",11
"1999.10.9","全国乒乓球锦标赛团体赛收兵上海男队北京女队喜圆冠军梦",11
"1999.10.9","北京晚报举办“九强赛”竞猜活动",11
"1999.10.9","素质教育从劳动始——北京北线阁小学劳动教育采访记",11
"1999.10.10","“面的”告别北京出租运营市场",11
"1999.10.10","万人参加北京国际马拉松赛　日本中国选手分获男女桂冠",11
"1999.10.10","近代中国政治的新视角——评《北京民国政府的议会政治》",11
"1999.10.11","’99北京国际评估论坛在京举行李岚清致信表示祝贺",11
"1999.10.12","北京市贯彻四中全会精神提出　国企改革发展要做到“三个率先”",11
"1999.10.12","北京市场八成食品卫生合格　卫生部公布一批抽检不合格产品",11
"1999.10.12","减轻课业负担促进全面发展　北京史家胡同小学创和谐教育新路",11
"1999.10.13","欢迎港澳台和外国记者采访北京等地庆祝澳门回归活动",11
"1999.10.13","北京市公安局燕山分局开门评警",11
"1999.10.14","北京市强调优先保证订阅人民日报",11
"1999.10.14","北京第五届攀登中央塔大赛将开战",11
"1999.10.15","北京城建四公司创建“绿色工程”",11
"1999.10.15","’99北京国际钱币博览会将举行",11
"1999.10.15","北京奥神男篮负于以色列马卡比队",11
"1999.10.15","《一二三起步走》走进北京",11
"1999.10.15","北京—广东书法联展在京举行",11
"1999.10.16","“科技帮扶”谨防骗子——湖北京山县一起农民受骗案的调查",11
"1999.10.18","北京民警学院庆祝建院五十周年",11
"1999.10.18","武警北京总队某部圆满完成任务受表彰",11
"1999.10.18","北京百名女校长进行身体素质测试",11
"1999.10.18","北京市商业银行与清华大学“联姻”",11
"1999.10.18","北京万通推出住宅产品品牌",11
"1999.10.19","第二届北京国际音乐节开幕李岚清出席开幕式",11
"1999.10.19","伦敦出现“流动的北京”",11
"1999.10.19","历经十度春秋施工建设的北京地铁“复八线”，在共和国50华诞前夕通车试运营。近日，记者捷足先登，乘坐平稳舒适的国产地铁列车——感受“地下长安街”",11
"1999.10.20","北京输配电技术国际会议召开",11
"1999.10.20","北京望京电信局工程竣工",11
"1999.10.20","北京将全面推开主诉检察官办案责任制",11
"1999.10.20","北京军区汽训大队坚持普法",11
"1999.10.20","贾庆林出席北京与渥太华结为友好城市仪式",11
"1999.10.21","北京开设长年商品房超市",11
"1999.10.21","北京首届跤王金腰带擂台赛将举行",11
"1999.10.22","男篮体能测试在北京进行",11
"1999.10.22","北京警方近日连破大案",11
"1999.10.22","北京台播出《大清名捕》（）",11
"1999.10.23","北京朝阳门医院增设中医门诊",11
"1999.10.25","郑州煤电与北京化大合作",11
"1999.10.25","武警北京指挥学校表彰国庆执勤官兵",11
"1999.10.25","武警北京总队某部开展普法教育",11
"1999.10.25","游北京逛书市",11
"1999.10.25","求医问药网上游预约挂号一卡通　北京卫生信息化建设造福群众",11
"1999.10.27","北京朝阳区正确引导社会力量办学",11
"1999.10.27","北京国安队将迎战韩国劲旅",11
"1999.10.28","北京进行社区家庭清洁示范",11
"1999.10.28","推广低硫煤限制超标车　北京大气治污再加压",11
"1999.10.29","中国政府特使回到北京",11
"1999.10.29","北师大与北京市商业银行全面合作",11
"1999.10.30","共创美好生活——北京精神文明建设巡礼（下）",11
"1999.11.1","耐克国际青少年足球超级杯北京区冠军产生",11
"1999.11.1","北京贝尔新品开发又上新台阶",11
"1999.11.3","北京中学生致信朱镕基总理呼吁保护我们的生存环境朱总理建议本报刊登信件，以促进全国人民提高环保意识",11
"1999.11.3","北京有了流行音乐高校",11
"1999.11.4","《北京医学文库》推出杏林巨制",11
"1999.11.5","圆满结束对英国法国葡萄牙摩洛哥阿尔及利亚和沙特阿拉伯国事访问江泽民主席回到北京朱镕基胡锦涛前往人民大会堂迎接",11
"1999.11.5","北京：从讲政治高度抓党报党刊发行江西：把党报党刊发行列为“三讲”内容",11
"1999.11.5","北京举办知名企业秋季足球赛",11
"1999.11.6","北京举行国庆50周年安全保卫工作庆功大会",11
"1999.11.8","生机勃勃迈向新世纪——北京市朝阳区建设扫描",11
"1999.11.8","北京检察院实行主诉检察官制",11
"1999.11.8","前卫万燕北京奥神表态男篮联赛有望如期举行",11
"1999.11.8","北京国安再次负于韩国现代老虎队",11
"1999.11.8","不停创新求优求强——专家学者评说“北京三药之路”",11
"1999.11.9","中国石油集团采取措施保证北京今冬使上充足天然气",11
"1999.11.9","瑞士旅游局北京办事处新址揭牌",11
"1999.11.9","北京雨虹公司攻克建筑物渗漏难题",11
"1999.11.9","北京华联律师事务所负责人说“法轮功”邪教严重违反我国法律",11
"1999.11.10","北京石景山地税局主动接受社会监督",11
"1999.11.10","北京医药卫生书发行中心开业",11
"1999.11.11","北京边检总站钻研业务规范执勤",11
"1999.11.11","北京东城科普宣传车进社区",11
"1999.11.12","北京国际音乐节　新世纪的“城市名”",11
"1999.11.13","中德中心在北京落成",11
"1999.11.14","李岚清考察北京市老龄工作时指出　在全社会形成敬老爱老助老风尚",11
"1999.11.15","北京将建设一批重大工程",11
"1999.11.15","北京五十五中成为中外交流窗口",11
"1999.11.15","迎回归北京—澳门自行车拉力赛将举行",11
"1999.11.15","北京贝尔入住中关村科技园",11
"1999.11.16","北京已购公房上市",11
"1999.11.16","北京公安严打公交扒窃犯罪",11
"1999.11.16","北京藏医院新楼落成开诊",11
"1999.11.16","北京举行糖尿病咨询活动",11
"1999.11.16","北京朝阳医院成功分离胰岛细胞",11
"1999.11.17","北京市民关注中美达成双边协议（）",11
"1999.11.17","北京庆祝市政协成立五十周年李瑞环到会祝贺贾庆林发表讲话",11
"1999.11.17","北京奥申委再次征集申办口号和会徽",11
"1999.11.17","从脏乱差到文明村——北京丰台区万泉寺以法治村见闻",11
"1999.11.18","北京军医学院培养新型医技人才",11
"1999.11.20","李德洙回到北京",11
"1999.11.21","邢台市在北京招商引资结硕果",11
"1999.11.22","男篮联赛新赛季拉开战幕　吉林队北京队力克劲敌",11
"1999.11.22","迎回归北京—澳门自行车拉力赛发车　潘广春首站比赛独得三项第一名",11
"1999.11.22","北京举行武术散打赛",11
"1999.11.23","老有所养老有所学老有所乐　北京切实做好老龄工作",11
"1999.11.23","国务院新闻办重视迎澳门回归宣传活动　北京中小学生获赠庆回归招贴画",11
"1999.11.23","迎回归北京—澳门自行车拉力赛行至保定　车队冲破大雾艰难跋涉",11
"1999.11.24","“神舟”号试验飞船返回舱运抵北京　下一步将对各种数据进行分析和判断，为航天员上天做好技术准备",11
"1999.11.24","力夺“单项冠军”——记首医大附属北京红十字朝阳医院",11
"1999.11.24","北京东四九条小学成为微机教学实验校",11
"1999.11.25","北京口腔医院就诊方便快捷",11
"1999.11.26","“北京外企”拓展服务领域",11
"1999.11.26","北京科技活动示范校交流经验",11
"1999.11.26","北京21世纪实验学校开设“做人课”",11
"1999.11.26","北京刘爱玲女子足球俱乐部成立",11
"1999.11.26","黄式宪，北京电影学院教授——限制娱乐节目在黄金时段播出",11
"1999.11.26","救救北京四合院",11
"1999.11.26","儿童话剧《谁来保护你》演进北京",11
"1999.11.27","“神舟”归航话“飞天”——北京航天城见闻速记",11
"1999.11.29","北京市外贸出口大幅攀升9月、10月出口同比分别增长56％和56．5％",11
"1999.11.29","停开军营班车停办服务社和机关食堂北京军区联勤部机关实行后勤保障社会化",11
"1999.11.29","北京一中院推出方便群众措施",11
"1999.11.29","北京开展学生营养餐问卷调查",11
"1999.11.29","北京市学生艺术节落幕",11
"1999.11.29","网球联赛北京客场胜上海",11
"1999.11.29","全国男篮甲A联赛第三轮　八一火箭无人挡　北京爆冷胜辽宁",11
"1999.11.29","北京市消费者协会警示您：中介服务设套谨慎选择防欺",11
"1999.11.30","北京交管干部学院为患病学生募捐",11
"1999.11.30","北京评出十二家一级书馆",11
"1999.11.30","北京青少年足球队抵阿根廷培训",11
"1999.12.1","农行北京分行与人大达成合作协议",11
"1999.12.1","北京专家研讨新中国经济史",11
"1999.12.2","北京时代广场设立时代影院",11
"1999.12.3","北京文化局委约创作　赵季平新作将在新年音乐堂奏响",11
"1999.12.4","第七次全国消灭脊髓灰质炎免疫活动展开　李岚清为北京适龄儿童喂服糖丸疫苗",11
"1999.12.4","中旅杯迎回归北京—澳门自行车赛　穿越浓雾奋勇前行",11
"1999.12.5","圆满结束东南亚四国之行朱镕基总理回到北京离越南前与潘文凯总理话别",11
"1999.12.5","国际保护臭氧层高级别会议闭幕会议通过《北京宣言》",11
"1999.12.6","温家宝考察北京住宅小区时强调加快住房建设积极稳妥推进住房制度改革",11
"1999.12.6","如今买冰箱彩电乃至整套家具都很方便，然而买车是个例外——北京：买车要过十一关",11
"1999.12.6","“精兵之路”的有益尝试——北京军区试行后勤保障社会化见闻",11
"1999.12.6","北京工行发放大学生公寓贷款",11
"1999.12.7","圆满结束对亚非六国的正式友好访问李鹏回到北京",11
"1999.12.7","北京建行开办二手房抵押贷款",11
"1999.12.7","创作专项资金为北京科普注入活力",11
"1999.12.7","北京宽利足球队在怡生园庆功",11
"1999.12.8","尉健行在北京吉普汽车有限公司考察工会工作时指出进一步建立稳定协调的劳动关系",11
"1999.12.8","北京市再就业率突破60％",11
"1999.12.8","北京首家老年护理院成立",11
"1999.12.8","北京将举办一系列全民健身活动",11
"1999.12.9","全国财政工作会议在北京召开今年财政收支保持较快增长明年继续实施积极财政政策",11
"1999.12.9","北京“全球通”为用户提供话费单",11
"1999.12.9","北京引进环保型墙体建材新技术",11
"1999.12.9","男篮联赛冷门迭爆北京首钢力克八一",11
"1999.12.10","武警北京总队做好迎新兵新训工作",11
"1999.12.10","团结是基础——评北京男篮战胜八一队",11
"1999.12.10","在最近举行的第二届北京国际音乐节研讨会上，一些音乐家、评论家各抒己见。专家评议北京国际音乐节",11
"1999.12.11","芬一公司向北京儿童赠送文具",11
"1999.12.12","北京·澳门迎回归书画摄影交流展举行",11
"1999.12.12","紧要关头显身手——记北京海事卫星地面站",11
"1999.12.13","北京业余乒乓球赛好热闹",11
"1999.12.13","男篮甲A联赛第七轮　北京首钢连胜前卫奥神再败",11
"1999.12.14","北京市纪念市人大常委会成立二十周年　姜春云代表李鹏委员长和全国人大常委会表示热烈祝贺",11
"1999.12.14","北京朝阳区残联举行迎澳门回归书画笔会",11
"1999.12.14","迎澳门回归保交通安全北京朝阳区交警全力以赴",11
"1999.12.15","北京录用公务员考试开始报名",11
"1999.12.16","许智宏出任北京大学校长",11
"1999.12.16","北京电视台推出“法治进行时”",11
"1999.12.16","中旅杯迎回归北京—澳门自行车赛落幕　何厚铧为澳门站比赛鸣枪",11
"1999.12.16","男篮联赛广东宏远力克北京首钢",11
"1999.12.16","暗访北京站前发票非法交易",11
"1999.12.17","圆满结束对亚洲三国正式友好访问李瑞环回到北京　钱其琛等在人民大会堂迎接",11
"1999.12.17","北京庆祝澳门回归活动准备就绪",11
"1999.12.17","三大歌王将聚首北京",11
"1999.12.18","北京评出十名烹饪大师",11
"1999.12.18","乔利奇接过北京国安队教鞭　甲A球队已有4名南斯拉夫主教练",11
"1999.12.19","北京养老金明年实行社会化发放",11
"1999.12.19","北京明年试行春季高考",11
"1999.12.19","北京征集申办奥运会口号会徽",11
"1999.12.20","北京祝福你，澳门",11
"1999.12.20","北京地税局表彰稽查先进",11
"1999.12.20","北京公交地铁涨价了",11
"1999.12.21","出席中葡两国政府澳门政权交接仪式后江泽民朱镕基离开澳门返回北京",11
"1999.12.22","北京举行庆祝澳门回归大型音乐会",11
"1999.12.22","网球联赛北京男队称雄",11
"1999.12.22","名副其实的“金通”——记北京市金通律师事务所",11
"1999.12.23","北京公安机关清案破案会战告捷",11
"1999.12.23","北京保龄球队举行庆功会",11
"1999.12.23","北京蹦极第一家——记北京拒马乐园",11
"1999.12.24","众奏“绿色交响”——北京延庆县靠生态建设带动山区开发",11
"1999.12.24","北京电视台开播科教频道",11
"1999.12.25","全国人民代表大会常务委员会决定　九届人大三次会议明年3月5日在北京召开",11
"1999.12.25","防盲复明洒真情——记北京协和医院眼科教授赵家良",11
"1999.12.27","北京稳步推进农业结构调整",11
"1999.12.28","北京五所高校举办巡回演出",11
"1999.12.29","北京市禁毒委员会接受捐赠",11
"1999.12.29","为了百姓安宁——记北京市朝阳区香河园派出所",11
"1999.12.30","北京市昌平撤县设区",11
"1999.12.30","北京海关邮运货物征税大幅提高",11
"1999.12.30","满足群众愿望和要求密切政府与人民联系　北京推行政务公开重落实",11
"1999.12.30","北京新年音乐会将在人民大会堂举行",11
"1999.12.30","北京市体委为天鸿网球队庆功",11
"1999.12.31","中国教育电视台北京频道推出系列儿童节目",11
