﻿"index","news_title","prov_cde"
"1999.1.4","河北工大车间走出十名硕士",13
"1999.1.4","建行龙卡落户承德市中心医院",13
"1999.1.5","主动参与企业改制及时注资促进发展张家口工行有效化解金融风险",13
"1999.1.6","了解百姓疾苦深入基层解忧　石家庄下访工作队受好评",13
"1999.1.6","秦皇岛送变电公司为驻军办实事",13
"1999.1.7","唐山第三水泥厂严把质量关",13
"1999.1.8","张家口全面实施“乡村干部素质工程”",13
"1999.1.11","承德普宁寺千手佛维修加固",13
"1999.1.12","石家庄地税一分局个税增长迅速",13
"1999.1.12","治山看邢台",13
"1999.1.15","河北宁纺集团经济效益大增",13
"1999.1.18","石家庄铁路分局安全效益双创纪录",13
"1999.1.18","保定双拥共建又有新创举",13
"1999.1.18","送建结合改善设施拓宽思路多方筹资　河北“三下乡”经常化制度化",13
"1999.1.18","河北谁发证谁负责",13
"1999.1.19","警务联勤昼夜流动　沧州群众更有安全感",13
"1999.1.20","把平安送进千家万户———河北廊坊市创建安全小区（村街）活动综述",13
"1999.1.22","张家口震灾之年粮食丰收",13
"1999.1.24","深化内部改革全力开拓市场推进技术创新　河北工业速度效益同步增长",13
"1999.1.26","廊坊建筑市场遏制腐败",13
"1999.1.27","西柏坡上治山人——来自河北平山县西柏坡乡的报告",13
"1999.1.27","用好手中监督权——河北霸州市人大维护群众权益纪事",13
"1999.1.28","河北贸易系统增盈全国领先",13
"1999.1.29","邯郸深入创建“三讲”文明机关",13
"1999.2.1","农行邯郸分行　防化结合降风险",13
"1999.2.3","钮茂生当选河北省省长",13
"1999.2.3","保定又涌双拥潮（）",13
"1999.2.5","河北戏剧创作获丰收",13
"1999.2.8","罗干在河北调研时强调确保农村稳定至关重要",13
"1999.2.8","限时办理业务延时服务群众邯郸车管所办牌办证不再难",13
"1999.2.8","129师革命陈列馆在河北涉县落成",13
"1999.2.9","咬定荒山不放松——从河北省造林绿化看生态建设",13
"1999.2.9","河北专家坐诊到炕头",13
"1999.2.9","情系“露露”——记优秀共产党员、承德露露集团公司总经理王宝林",13
"1999.2.10","扎根沃土——河北衡水“三下乡”活动见闻",13
"1999.2.11","廊坊商业系统开拓市场增效益",13
"1999.2.12","石家庄交警排隐患保春运",13
"1999.2.12","邯郸靠科技推动农业产业化",13
"1999.2.13","河北中兴武院文武并重人才辈出",13
"1999.2.15","河北严厉打假保春供",13
"1999.2.15","安徽建行增收利润四亿多元　北京工行信用卡业务不断创新　唐山建行信贷经营高效运作　工行新街口支行利润再创新高　“中国服装”股成功发行",13
"1999.2.22","河北农村文化活动火样红　百万群众走上街头竞闹新春",13
"1999.2.23","一把手挂帅多渠道筹款　河北抗旱节水工作全面展开",13
"1999.2.24","山东妇联　河北霸州　探索精神文明建设新途径　家庭入手创建文明",13
"1999.2.24","河北白沟加强流动人口管理",13
"1999.2.24","衡水市实施依法治市工作责任制",13
"1999.2.26","承德市中小企业出现生机",13
"1999.3.3","保定强化粮食市场监督管理",13
"1999.3.9","遏制环境退化  增强发展后劲——访河北代表团团长叶连松",13
"1999.3.9","李鹏在参加河北代表团审议时强调　继续抓好农业  深化国企改革  扩大基层民主",13
"1999.3.9","邯郸党政干部开展“大手拉小手”活动",13
"1999.3.10","朱镕基参加河北陕西代表团讨论时指出　修宪是加速依法治国进程重大举措",13
"1999.3.11","河北农村春节新过法　过年时间变短了  拜年的半径扩大了  过年的内容更新了",13
"1999.3.16","扩大内需勿忘中小企业——访唐山市市长张和代表",13
"1999.3.18","教育经常化  监察制度化　唐山开平地税局连续五年无违纪",13
"1999.3.21","温家宝在河北考察时强调　全力做好抗旱和春耕备耕工作",13
"1999.3.22","既有聘用聘任  又有淘汰竞争　石家庄警方改革人事制度",13
"1999.3.23","张家口军地开展“双三好”活动",13
"1999.3.23","廊坊安次区人武部注重民兵普法",13
"1999.3.24","在敞开上做文章  在改革上下功夫　河北国有粮食收储企业实现盈利",13
"1999.3.26","人往基层走  钱往基层花  “扣”在基层解　保定加强基层派出所工作",13
"1999.3.26","张家口市扶贫工作成绩显著",13
"1999.3.29","系统培训  实绩考核　邯郸着力提高乡村干部素质",13
"1999.3.30","深入群众讲政策  化解矛盾促稳定　石家庄万名干部下访基层",13
"1999.3.31","衡水乡镇企业插上科技翅膀",13
"1999.4.1","建好服务中心加大筹资力度　河北再就业工作扎实有效",13
"1999.4.1","摈弃形式主义确保百年大计　河北砍掉二十三项献礼工程",13
"1999.4.2","常书侦，河北元氏人，公务员——假景观因假而衰",13
"1999.4.2","牛亚辉，河北沧州人，公务员——宁缺勿滥",13
"1999.4.4","沧州小型水利工程改制　农民入股机井约占1／4",13
"1999.4.7","石家庄成立青少年维权服务中心",13
"1999.4.8","石家庄给林木建档案",13
"1999.4.8","秦皇岛引导军转干部建功立业",13
"1999.4.8","保定发现千年古文化层",13
"1999.4.12","滹沱河畔党旗红——记石家庄市郊区柳辛庄党委",13
"1999.4.13","唐山路南区注重选拔妇女干部",13
"1999.4.15","石家庄市桥西区发挥街道办事处和居委会作用　提供就业信息搞好就业培训",13
"1999.4.15","石家庄北郊监狱52名服刑人员获中专学历",13
"1999.4.16","河北国税局深化改革精兵简政　减并一千多个机构，二千多名机关干部充实税收征管第一线",13
"1999.4.16","基础好的“吃好”基础差的“吃饱”　唐山一中分层授课学生乐",13
"1999.4.18","开放理财开源聚财开明用财　廊坊“三开”财政与市场接轨",13
"1999.4.19","李瑞环在河北考察时强调　认真抓好“三讲”教育促进各项事业发展",13
"1999.4.20","河北满城发现奇特溶洞群",13
"1999.4.22","石家庄个人所得税首季增长快",13
"1999.4.23","大力加强农村基层民主政治建设　廊坊“民主议政日”形成制度",13
"1999.4.25","厂务公开之后——来自石家庄拖拉机厂的报告",13
"1999.4.27","田径大奖赛石家庄站势头看好　全国冰球锦标赛哈尔滨队夺冠",13
"1999.4.28","粮食过腹增值秸秆变废为宝　石家庄发展畜牧业农民增收",13
"1999.4.28","廊坊中医院治“再障”效果突出",13
"1999.4.30","政策帮扶资金支持孵化培育　石家庄高新区发展各类高科技企业",13
"1999.5.4","廊坊市创建交通安全村",13
"1999.5.6","石家庄个税收入增长快",13
"1999.5.6","沧州新华区狠刹干部奢侈风　农民负担大为减轻",13
"1999.5.7","热起来  动起来  绿起来　河北唱响环保协奏曲",13
"1999.5.10","河北贸易系统增盈势头劲　年销售额超亿元的商贸企业集团已达40家",13
"1999.5.10","邯郸第一办",13
"1999.5.10","创造良好氛围  建立灵活机制　唐山大胆使用高层次人才",13
"1999.5.11","河北举办中国白沟箱包节",13
"1999.5.11","邯郸农村“治嘴”　一年节支近三百万元",13
"1999.5.11","建一流班子  带一流队伍  创一流业绩　廊坊开发区地税分局治税先育人",13
"1999.5.12","河北建行查堵假银行票据",13
"1999.5.12","重知识广纳人才不惜投入　保定新市区唱响科技新曲",13
"1999.5.12","河北法院主动接受人大监督",13
"1999.5.17","中兴与河北省邮管局将合作建设保定双频网络",13
"1999.5.18","绿染新唐山",13
"1999.5.19","承德狠抓居民安全教育",13
"1999.5.19","石家庄市医生下乡帮扶基层",13
"1999.5.20","邯郸市邯山区塑民警形象",13
"1999.5.20","感情到了位  安置办法多——石家庄市新华区再就业工作的调查",13
"1999.5.20","猪肉价格起起落落，生猪市场风云莫测。安平的经验说明，出路在于——以品质求生存——关于河北省安平县生猪产业化发展的调查",13
"1999.5.21","河北万台收割机“南下”作业（）",13
"1999.5.24","文化部组团赴衡水教学演出",13
"1999.5.25","廊坊明珠集团积极开拓市场",13
"1999.5.25","严格执法  优质服务　邯郸交警强化岗勤管理",13
"1999.5.25","率民走上致富路——记河北省大城县东阜村党支部书记田向林",13
"1999.5.26","廊坊建立国防教育队伍",13
"1999.5.26","河北：追求可持续发展——访河北省委书记叶连松",13
"1999.5.28","河北万余名“麦客”挥师中原",13
"1999.5.28","河北建成加碘盐生产基地",13
"1999.5.29","尽公仆之责  动赤子之情  倾全身之力　河北倡导带着感情做群众工作",13
"1999.5.31","加大清费治乱力度　河北去年减轻农民负担近3亿元",13
"1999.5.31","河北大城东阜摩托车配件城开工",13
"1999.6.2","春风吹绽花千树——河北衡水市村民代表会建设巡礼",13
"1999.6.3","精心育苗——张家口市宣化区幼儿园小记",13
"1999.6.3","衡水依托“京九”谋腾飞",13
"1999.6.4","邯郸万余干部下乡排忧解难",13
"1999.6.7","建立激励机制  解决后顾之忧　廊坊实行农村干部结构工资制",13
"1999.6.17","铝包浸金属碳滑板在河北肃宁问世",13
"1999.6.17","廊坊军民大力开展“双三好”活动",13
"1999.6.17","杏林橘井绽新枝——记石家庄同济红斑狼疮研究所",13
"1999.6.18","贵州夏季作物大丰收  河北小麦又获好收成",13
"1999.6.18","河北交警精神文明结硕果",13
"1999.6.18","刘书根，河北正定人，干部——挨了打的女儿",13
"1999.6.21","保定交警队伍管理有实招  考核合格有证书没有证书没“饭碗”",13
"1999.6.22","承德避暑山庄龙舟邀请赛落幕",13
"1999.6.23","河北大中型国企脱困见成效　湖南国有控股企业减亏增盈",13
"1999.6.23","力保“夏都”安宁——秦皇岛市站前派出所工作纪事",13
"1999.6.24","共筑“平安大道”——邯郸实施“手拉手”小学生交通安全工程",13
"1999.6.25","沧州市交通局注重形象建设",13
"1999.6.28","吴仪在河北农村考察时强调  切实增加农民收入开拓农村市场",13
"1999.6.29","长江中下游持续强降雨　河北山西等地维持高温",13
"1999.6.29","把新唐山建设得更繁荣更美好  唐山证明：社会主义是中国人民正确的选择  改革开放是走向富裕的必由之路",13
"1999.7.5","石家庄个人所得税征收增长快",13
"1999.7.5","带着感情做工作深入基层办实事　邯郸强化干部公仆意识",13
"1999.7.5","郾城中行服务好效益佳　沧州新华区制止乱收费　顶新与三洋完成策略联盟　中公网证券信息港上网",13
"1999.7.6","畅通民主渠道端正信访导向　保定引导群众依法有序信访",13
"1999.7.8","“换位”换来文明服务——记唐山市地税局直属征收中心",13
"1999.7.9","定标准严管理强科技重监督石家庄电业局深入开展规范化服务",13
"1999.7.11","“豁出命来为百姓”——记河北涉县更乐镇红街村党支部书记张学林",13
"1999.7.13","情系祖山——记秦皇岛市优秀共产党员郭振军",13
"1999.7.15","优化软环境增创新优势　秦皇岛开发区利用外资上新台阶",13
"1999.7.15","河北铬化发展与环保同步",13
"1999.7.16","李秋河，河北河间人，干部——不是神话",13
"1999.7.16","河北优秀剧目进京演出",13
"1999.7.19","跨径最大公路桥飞跃石家庄货场",13
"1999.7.19","河北省50名革命老功臣来京参观",13
"1999.7.19","武警衡水市支队坚持播洒文明新风",13
"1999.7.20","保定新市区地税局加强领导班子建设",13
"1999.7.22","广泛征求意见坚持边整边改　河北“三讲”注重解决实际问题",13
"1999.7.24","乱絮何日纷飞尽且种杂交廊坊杨",13
"1999.7.26","河北上半年经济效益回升国有工业企业利润比去年同期增长七成",13
"1999.7.28","邯郸六千多名受骗群众与“法轮功”彻底决裂",13
"1999.7.28","保定交警推出四级管理模式",13
"1999.7.28","摸实情出实招秦皇岛人事局为非公有制企业办实事",13
"1999.8.2","依法取缔深入揭批转化教育　河北坚决落实中央决策",13
"1999.8.3","京沈高速玉田至秦皇岛段通车",13
"1999.8.4","河北国有工业企业增效减亏",13
"1999.8.4","武警河北八支队深入揭批“法轮功”",13
"1999.8.4","沧州新华区化解矛盾促稳定",13
"1999.8.5","石家庄神威药业慰问国旗护卫队",13
"1999.8.6","减少应酬深入基层多办实事　邢台市大兴领导干部调研之风",13
"1999.8.6","郑晓梦，河北唐山人，职工——女儿为啥爱看",13
"1999.8.8","“法轮功”原石家庄总站站长揭露“法轮功”　欺世盗名蛊惑人心",13
"1999.8.9","广东家具落户河北寻市场",13
"1999.8.10","解读“双休日党校”——河北廊坊市探索加强干部教育新形式的调查",13
"1999.8.11","人行沧州中心支行加强对信用社监管",13
"1999.8.11","石家庄出现“连锁”早餐摊",13
"1999.8.13","武警河北四支队科学文化氛围浓厚",13
"1999.8.13","河北营造城市“森林”",13
"1999.8.14","“铁牛”万里还夙愿——随邢台民族亲情回访团进藏采访记",13
"1999.8.15","摘取市民满意的“金牌”——秦皇岛城建局亲情服务纪实",13
"1999.8.16","承德市在京举办招商洽谈会",13
"1999.8.16","把先进技术引进来——访廊坊日质机械工具有限公司总经理崔爱玲",13
"1999.8.17","张家口永定河上游建起绿色屏障",13
"1999.8.17","天津经济系统干部轮岗交流石家庄市纪委干部巡回下访",13
"1999.8.17","“让土地生出金子”——河北藁城实施“一亩地工程”掠影",13
"1999.8.19","邯郸邯山区大力治理经济环境",13
"1999.8.21","科技花开矿业兴——邢台矿业集团依靠科技进步实现快速发展",13
"1999.8.23","建行为华虹NEC提供担保　南京海关征税突破60亿元　8家企业债券即将发行　邢台建行加快贷款投放进度",13
"1999.8.28","中国歌剧舞剧院赴河北慰问演出歌舞送下乡群众喜洋洋",13
"1999.8.31","退地还绿破墙透绿见缝插绿古城保定披绿装",13
"1999.8.31","河北海警支队丰富文化生活",13
"1999.9.1","政府当真吗？——承德市白桦梁乡人大监督侧记",13
"1999.9.1","给执法人立规矩——河北省藁城市全面推行执法责任制",13
"1999.9.3","唐山康尼公司人均创利税六万多元",13
"1999.9.6","温家宝在河北农村考察时强调  必须抓紧调整农业结构",13
"1999.9.8","以多层次多形式创建活动吸引群众广泛参与  唐山精神文明建设迈上新台阶",13
"1999.9.8","塞外雄鹰——访张家口市公安局",13
"1999.9.8","河北省涉县警方追逃成效显著",13
"1999.9.8","河北海警支队：圆满完成暑期任务",13
"1999.9.9","构筑立体“黄金道——河北省交通建设五十年巡礼",13
"1999.9.9","“龙”行天下——河北农业产业化发展纪实",13
"1999.9.9","明珠璀璨耀燕赵——河北重点建设50年成就斐然",13
"1999.9.9","从发展的桎梏到腾飞的翅膀——河北省邮电通信五十年述评",13
"1999.9.11","邯郸从历史走向未来",13
"1999.9.16","朱镕基在河北考察工作时强调　积极推进国有企业改革和发展　进一步深化粮食流通体制改革",13
"1999.10.1","达观自信唐山人",13
"1999.10.7","温家宝在河北考察时指出稳定和加强农业是国民经济结构调整一项重大任务",13
"1999.10.10","活力缘何而来——唐山工人医院科教兴院纪实",13
"1999.10.10","河北三河：婚育新风进万家",13
"1999.10.12","中国式摔跤擂台争霸赛将在保定举行",13
"1999.10.13","对审判机关造成的冤假错案，人大通过依法监督去制止、去纠正、去追究，这是人大的职责所在。反之，如果对这种违法行为视而不见，听而不闻，不主持公道，不依法予以监督，就是失职，就是对违法行为的纵容。河北省人大常委会主任程维高认为人大与司法机关虽然职责不同，但根本目",13
"1999.10.13","挂牌服务为人民——记石家庄市桥西区人大代表王永臣",13
"1999.10.14","邯郸丛台酒业公司改制显活力",13
"1999.10.14","严格选拔狠抓培训强化管理石家庄郊区努力提高村干部素质",13
"1999.10.18","保定“三警”联动保平安",13
"1999.10.19","承德查获增值税专用发票案",13
"1999.10.19","河北又有三条高速公路通车",13
"1999.10.20","中德合作河北造林项目结硕果",13
"1999.10.20","河北法制教育出效益",13
"1999.10.21","秦皇岛市车管所真情为民",13
"1999.10.21","邢台桥东区民政局强化机关建设",13
"1999.10.21","乳业情缘——唐山市汉沽农场乳业公司经理刘明良小记",13
"1999.10.22","用整改成效检验“三讲”成果——廊坊市“三讲”教育纪实",13
"1999.10.22","各司其职协同作战齐抓共管　河北加强督导保证党报发行任务完成",13
"1999.10.23","一切为了病人——记河北中医肝病医院",13
"1999.10.24","女副县长无证驾车撞人逃逸　邢台交警执行公务调查取证",13
"1999.10.26","邯郸市两千机关干部任职基层",13
"1999.10.27","邯郸公安从具体问题入手加强队伍建设",13
"1999.10.27","秦皇岛开展严打涉爆犯罪专项斗争",13
"1999.10.27","沧州警方网上追逃有成效",13
"1999.10.29","河北检察院开“天窗”说亮话",13
"1999.10.30","河北贵州干部群众深入揭批“法轮功”　认清邪教本质彻底消除危害",13
"1999.11.2","山西浑源至河北阳原间发生五点六级地震",13
"1999.11.3","台湾震后重建考察借鉴唐山救灾经验",13
"1999.11.4","司马义·艾买提在河北考察时指出加强老龄工作丰富老年人精神文化生活",13
"1999.11.5","武警河北八支队丰富官兵文化生活",13
"1999.11.5","石家庄将办国际杂技艺术节",13
"1999.11.11","京沈高速公路廊坊段通车",13
"1999.11.15","廊坊妥善安置军转干部",13
"1999.11.16","转变思路改禁为疏变害为宝石家庄秸秆利用形成产业",13
"1999.11.16","河北省努力创建“平安大道”",13
"1999.11.16","唐山市实施县乡村书记“素质工程”",13
"1999.11.17","“咬”定市场铸辉煌——从石家庄制药集团看国企改革的希望",13
"1999.11.17","河北省新乐市实现向国外网上招商",13
"1999.11.18","武警河北八支队引导官兵学法",13
"1999.11.18","严把关口强化监督超前预防邢台领导干部实行全程化监督",13
"1999.11.18","河北医大四院下乡义诊",13
"1999.11.21","邢台市在北京招商引资结硕果",13
"1999.11.22","唐山中医院推行优质服务　门诊量三年增长十倍",13
"1999.11.23","迎回归北京—澳门自行车拉力赛行至保定　车队冲破大雾艰难跋涉",13
"1999.11.23","让老百姓有选“官”的发言权——河北省望都县乡（镇）干部选拔任用制度改革的调查",13
"1999.11.24","促机关文明建设塑公仆良好形象　邯郸万名干群评议机关作风",13
"1999.11.24","中旅杯迎回归自行车拉力赛抵达石家庄",13
"1999.11.24","为了国道的畅通——记河北沙河公路巡警大队",13
"1999.11.25","形成新的选任管理运行机制　廊坊大力推进干部制度改革",13
"1999.11.26","大税种管住小税种管细　秦皇岛地税收入同比增长超亿元",13
"1999.11.26","邯郸市清理政法队伍“害群之马”　清调辞退正式干警31名联防队员310名",13
"1999.11.29","石家庄个税专项检查成果显著",13
"1999.11.29","保定卷烟厂半年扭亏为盈",13
"1999.11.29","接受群众监督　树立良好形象　河北省推进政务公开依法行政",13
"1999.11.30","中国式摔跤擂台争霸赛继续在保定举行",13
"1999.12.2","沧州传输局建立思想政治工作网络",13
"1999.12.3","火眼金睛识假药——记邯郸市药检所所长孔增科",13
"1999.12.3","姜柏春，河北人，干部——给人真实的震撼",13
"1999.12.6","承德地税开通举报电话",13
"1999.12.6","河北一教授现身说法揭批“法轮功”认清邪教本质幡然悔悟",13
"1999.12.6","河北地税全力消化虚收",13
"1999.12.8","保定新市区地税局出台廉政新举措",13
"1999.12.9","像耕田那样耕山——石家庄山区开发见闻",13
"1999.12.9","唐山采取措施转化“法轮功”练习者衡阳一市民与邪教决裂家庭和好如初",13
"1999.12.13","邢台地税加强征管保增收",13
"1999.12.14","廊坊农发行扶贫助学",13
"1999.12.14","衡水复兴拓印艺术",13
"1999.12.18","转变观念统一思想　河北青县乡镇机构改革见成效",13
"1999.12.22","保津高速公路建成通车河北高速公路突破千公里",13
"1999.12.23","河北：加强对发行工作督查",13
"1999.12.23","保定太行集团拥军办实事",13
"1999.12.25","唐山市深入推行政务公开　组织落实内容规范监督有力",13
"1999.12.25","白求恩精神在闪光——记石家庄白求恩国际和平医院",13
"1999.12.25","河北：统战工作为经济建设服务",13
"1999.12.27","邯郸市检察院为企业营造良好发展环境",13
"1999.12.27","邢台国税加强征管保收入",13
"1999.12.28","廊坊农发行加强廉政建设",13
"1999.12.28","张家口实施“检务公开进万家”",13
"1999.12.29","实践根本宗旨密切党群关系　河北干部带着感情做群众工作　公开清理纠正违背群众意愿、伤害群众感情、损害群众利益的政策措施或办法",13
"1999.12.29","廊坊安次区农发行赠书贫困山区",13
"1999.12.29","春天里的民主实践——河北省农村民主建设回眸",13
"1999.12.30","邯郸实施“一岗双责”促进党建",13
"1999.12.30","衡水市“三警联动”整治交通秩序",13
"1999.12.31","武警河北总队文工团到工厂演出",13
"1999.12.31","树立群众观点消除特权思想　秦皇岛“三讲”重实效",13
