﻿"index","news_title","prov_cde"
"1999.1.5","海淀法院事迹巡回报告轰动闽浙鲁三省",35
"1999.1.5","福州发现古闽越国遗址",35
"1999.1.7","家住闽江边",35
"1999.1.11","福建民政系统全面推行政务公开",35
"1999.1.16","欣闻厦门评优秀公厕",35
"1999.1.18","调整结构内需拉动效益提高　福建工业经济增速加快",35
"1999.1.19","福建南安水头镇引来大量外资",35
"1999.1.20","福建打击走私成效明显　去年查获走贩私案件2206宗，总案值34亿元",35
"1999.1.20","福建启用投诉执法车",35
"1999.1.20","投出庄严的选票——福建省村民自治建设十年纪实",35
"1999.1.21","朱镕基在福建考察强调　常备不懈打击走私犯罪　切实关心下岗职工生活　转达党中央、江泽民总书记的关怀和节日问候",35
"1999.1.22","厦门不断加快干部制度改革步伐",35
"1999.1.24","举全省之力御百年之灾　福建加快建设千里江堤",35
"1999.1.24","凌波仙子迎新春花香引得万商来　漳州水仙花畅销海内外",35
"1999.1.25","建成大船御风浪——福建是如何做到养老金按时足额发放的",35
"1999.1.27","闽澳经济合作促进会成立",35
"1999.1.28","厦门富山国际展览城拥军办实事",35
"1999.2.6","闽南虎年龙腾虎跃——厦门泉州漳州经济快速发展探秘",35
"1999.2.7","福建检察机关教育整顿动真格54人受党纪政纪处分，933名非编制聘用人员被清退",35
"1999.2.8","提高经济增长质量和效益福建加大经济结构调整力度",35
"1999.2.8","在建的大桥为何坍塌——福建省浦城县“一·九”事故的调查",35
"1999.2.9","海峡两岸花卉博览会在漳州闭幕",35
"1999.2.12","李鹏在福建调研时要求做好人大工作体现人民意志代表人民利益",35
"1999.2.23","明明白白选干部公公正正用干部——福建省龙岩市实施处级干部任前公示制度的调查",35
"1999.3.9","厦门要求干部懂外语会电脑",35
"1999.3.10","胡锦涛参加福建代表团审议时强调　树立科学的发展观  保持良好精神状态",35
"1999.3.10","全国人大代表、厦门市市长洪永世——管好流动人口  促进稳定发展",35
"1999.3.12","江泽民参加天津福建代表团讨论时指出　正确处理改革发展稳定的关系　进一步提高我国对外开放水平",35
"1999.3.15","东西互补  共谋发展——访人大代表、福建省长贺国强",35
"1999.3.22","福建关停一批重点污染企业",35
"1999.3.23","武警福建总队党委三讲教育注重实效",35
"1999.3.23","敞开大门听公论转变作风聚民心　漳州实施“组织部长夜谈”联动效果好",35
"1999.3.26","驻闽某集团军官兵支援水利工程建设",35
"1999.3.29","宁德公安边防支队筑起坚固海防线",35
"1999.4.1","福建再就业机制日趋完善",35
"1999.4.2","福建：确保早稻面积",35
"1999.4.6","福建营造外经贸增长环境",35
"1999.4.16","第三届厦门对台出口商品交易会闭幕",35
"1999.4.17","飞利浦足协杯将在厦门揭幕",35
"1999.4.19","飞利浦中国足协杯赛揭幕鹭岛　厦门远华三球击败天津泰达",35
"1999.4.20","粤闽援藏建设水利（）",35
"1999.4.20","福建加大禁毒力度　去年以来破获各类毒品案件一千五百余起",35
"1999.4.28","福建严查土地违法案",35
"1999.5.6","福建公开选聘企业经营者",35
"1999.5.10","福建工行设扶贫助学基金",35
"1999.5.17","实现政企彻底脱钩　福建规范国有粮食收储企业",35
"1999.5.25","联系实际  边讲边改　福建认真研究整改工作",35
"1999.5.27","厦门火车站派出所严打扒窃",35
"1999.5.30","纠正摊派搭车收费  停止达标集资活动　福建切实减轻农民不合理负担",35
"1999.6.6","田纪云在福建调查《产品质量法》实施情况时指出　提高质量意识为可持续发展奠定基础",35
"1999.6.8","福建为招收台湾学生立法",35
"1999.6.9","全市上下齐动手  增绿护绿见精神　三明山美水美人更美",35
"1999.6.9","福建加强涉台立法　切实保障台胞权益",35
"1999.6.11","福建开通消费者投诉电话",35
"1999.6.16","福建经济立法促进对外开放  已先后制定100多项地方性经济法规  形成了“一点三线”的经济法规体系",35
"1999.6.17","福建狠抓公路建设质量",35
"1999.6.18","“群众的满意从哪里来”——福建坚持整风精神扎实开展“三讲”教育",35
"1999.6.18","强化宏观调控  创造公平环境  福建广拓毕业生就业渠道",35
"1999.6.19","福建治理闽江初见成效",35
"1999.6.21","福建勘界工作进展顺利",35
"1999.6.25","胡锦涛在福建考察时强调  越是在事业发展的关键时期  越要重视加强思想政治工作",35
"1999.6.27","敞开入闽两个口  十对客车四方走  乘火车进出厦门方便多了",35
"1999.6.28","福建浔兴成为拉链中心",35
"1999.6.28","福建端掉一家走私船制造厂（）",35
"1999.7.4","厦门以体制创新促经济发展国有资产连年保值增值，今年头5个月经济增长速度达两位数",35
"1999.7.5","王兆国在福建考察时希望各民主党派　围绕中心工作积极参政议政",35
"1999.7.7","卫士心中定盘星——厦门市武警支队法纪教育纪事",35
"1999.7.12","福建电信与华为签订大额GSM合同",35
"1999.7.14","第八届海峡两岸关系研讨会在泉州举行　坚决反对任何分裂祖国活动",35
"1999.7.19","福建各界人士座谈批驳李登辉“两国论”　停止分裂活动不要玩火自焚",35
"1999.7.21","警区，向海上延伸……——福建宁德公安边防海上警务区纪实",35
"1999.7.27","香港闽籍政协委员痛斥“两国论”",35
"1999.7.27","昔日海上颠簸今朝居有定所宁德万余船民告别漂泊",35
"1999.7.30","泉州状元街上的风",35
"1999.8.6","福建工业效益回升",35
"1999.8.7","羽毛球俱乐部联赛广州站　广东三星险胜福建凯胜",35
"1999.8.9","诺基亚为福建双频GSM网扩容",35
"1999.8.10","习近平任福建省代省长",35
"1999.8.11","白鹭洲畔不夜天——厦门首届群众文化艺术节侧记",35
"1999.8.11","是谁“于法无据”？——福建省人大常委会依法纠正法院不当批复",35
"1999.8.13","福建第二条电气化铁路动工",35
"1999.8.20","发挥地缘优势吸引资金技术　福建在扩大开放中优化经济结构",35
"1999.8.20","福建各级法院加大执行力度",35
"1999.8.24","福建森工企业重现生机",35
"1999.8.26","福建农村一项调查表明农民钱挣多了花得少了生产性投入减少消费市场仍较疲软",35
"1999.9.1","抓整改  求实效　厦门“三讲”教育带来新变化",35
"1999.9.3","瓦努阿副总理访问厦门",35
"1999.9.7","庆澳门回归巨型如意在泉州展出",35
"1999.9.23","福建省政府关切台湾受灾同胞　厦门人民纷纷伸出援助之手",35
"1999.9.24","福建　花团锦簇艺术盛会",35
"1999.9.27","福建法制建设五个全国第一",35
"1999.9.27","你了解福建吗？",35
"1999.9.27","借地缘优势  创合作鸿篇  闽港台经贸合作卓有成效",35
"1999.10.5","莆田市民“上山下乡”观光",35
"1999.10.8","春华秋实——厦门市荣获全国性荣誉称号一览",35
"1999.10.8","迈向现代化国际性港口风景城市——厦门50年经济社会发展概述",35
"1999.10.8","巢暖凤凰联翩至——厦门致力于营造高品位的综合投资环境",35
"1999.10.8","跨国公司在厦门（）",35
"1999.10.8","新中国新厦门",35
"1999.10.10","14号台风正面袭击福建　百万军民奋勇抗灾抢险",35
"1999.10.14","闽台情同胞心",35
"1999.10.15","汤加国王离沪赴厦门访问",35
"1999.10.15","提前实现“一控双达标”厦门绿城碧水映蓝天",35
"1999.10.19","武警福建某支队抓好转业干部“三讲”教育",35
"1999.10.19","汤加国王离开厦门前往香港",35
"1999.10.23","从“秃头山”到“花果山”——厦门万宝山观光果园小记",35
"1999.10.27","民心不可违——福建省首例依法罢免村委会主任纪实",35
"1999.10.29","福建边防总队严厉打击毒品犯罪",35
"1999.11.3","厦门集美警方收枪治爆",35
"1999.11.9","一个被誉为党员干部之家的组织部——关于漳州市委组织部加强自身建设情况的调查报告",35
"1999.11.15","罗干在福建考察工作时强调政法部门要为国企改革和发展创良好社会环境",35
"1999.11.16","三明电力城乡一体化农村电价降至每千瓦时八角以下",35
"1999.11.16","碧水映蓝天——记厦门治理污染实现环保达标",35
"1999.11.22","分离企业办社会深化改革促发展　福建国企轻装上阵",35
"1999.11.23","全国足球甲B联赛　厦门队提前晋级",35
"1999.11.25","莆田六中精心举办科普讲座",35
"1999.12.3","治理突出“实”检查强调“严”　福建治污工作拒绝“水分”",35
"1999.12.7","美爱达荷州与厦门签署经济合作谅解备忘录",35
"1999.12.7","泉州鞋业攒后劲",35
"1999.12.14","福建一项调查表明：半数以上餐馆仍在经营野生动物",35
"1999.12.22","泉州三立漆公司通过质量认证",35
"1999.12.28","抓教育抓培训抓管理抓基层　福建边防努力造就高素质队伍",35
"1999.12.29","闽侯圆满完成征兵任务",35
"1999.12.31","厦门海沧大桥建成通车",35
