﻿"index","news_title","prov_cde"
"1999.1.3","让病人远离疼痛——记山东省疼痛临床研究中心",37
"1999.1.4","聊城地税局依法治税保收入",37
"1999.1.5","青岛：实现经济增长目标",37
"1999.1.5","加大农业科技投入推动增长方式转变枣庄科教兴农成果丰硕",37
"1999.1.5","民航山东省局步入良性循环轨道",37
"1999.1.5","荣誉作起点再创新佳绩济宁加大双拥工作力度",37
"1999.1.5","《邓小平理论与山东发展》",37
"1999.1.6","山东法院清理“法律白条”9万件　广东法院执行标的金额近90亿",37
"1999.1.6","枣庄人大常委会办法制讲座",37
"1999.1.6","济南市中区好公仆评选成效好",37
"1999.1.6","潍坊市中院深化“严打”斗争",37
"1999.1.7","山东农行发放12亿元电网改造贷款",37
"1999.1.7","男篮联赛北京险胜山东　八一辽宁保持不败",37
"1999.1.8","潍坊将优秀青年干部直接推向一线",37
"1999.1.9","聊城市乡镇机构消肿",37
"1999.1.11","国家明令禁用代币购物卡　青岛部分商家仍我行我素",37
"1999.1.12","青岛市国税局组织收入创历史新高",37
"1999.1.12","全军武警部队对“三讲”教育作出部署　山东内蒙古广西领导干部开展“三讲”",37
"1999.1.12","视人民为父母待群众情如山　德州实行领导干部公开接访制",37
"1999.1.14","胡锦涛在山东考察时强调　用整风精神开展“三讲”教育",37
"1999.1.14","济宁公安创建人民满意派出所",37
"1999.1.14","以人民满意为最高准则——对山东省莱州市公安工作的调查思考",37
"1999.1.14","构筑高效农业新格局——山东临沂市罗庄区调整农业结构纪实",37
"1999.1.15","济南—青岛波分复用系统通过鉴定",37
"1999.1.18","青岛纠正使用代币购物卡　吴官正批示正确对待媒体批评",37
"1999.1.18","铝塑复合管材生产线在青岛通过鉴定",37
"1999.1.19","泰安市超额完成工商税收",37
"1999.1.20","面对挑战寻找机遇创新求变增强活力　青岛开发区招商引资迈新步",37
"1999.1.20","山东可望用上渤海天然气",37
"1999.1.20","济宁任城区民兵传播文明新风",37
"1999.1.23","增加农民收入保持社会稳定　山东确定今年农村工作两大任务",37
"1999.1.25","济南军区推广某分部科技攻关经验",37
"1999.1.25","北京建行推出个人电子汇款优惠　《中国证券大全》（一九九八）出版　山东浪潮公司完成股份制改组　柘城县税收征管工作上新台阶北京农行发放首商标质押贷款",37
"1999.1.27","北京下岗职工六成再就业　四川32万国企职工重上岗　武汉形成再就业市场体系　青岛下岗职工安置率65％",37
"1999.1.27","动真情办实事解难题　济南积极支持部队建设",37
"1999.1.27","山东招远以公开促公正",37
"1999.1.28","淄博一公司主动接纳抗洪退伍战士",37
"1999.1.28","烟台牟平区维护军人军属合法权益",37
"1999.2.2","山东最后一个贫困县摆脱贫困",37
"1999.2.2","山东首批农网改造项目顺利完成　农村电价每千瓦时平均降低0．12元",37
"1999.2.4","层层负责级级把关　山东重视“一把手工程”",37
"1999.2.4","第二轮土地承包使枣乡山东无棣出现了新鲜事——枣树进“档案”枣林配“卫士”",37
"1999.2.9","山东确保困难群众过好年",37
"1999.2.9","泰安建立下岗职工再就业中心和基地",37
"1999.2.9","威海分流千余乡镇机关干部",37
"1999.2.12","菏泽建成122报警服务系统",37
"1999.2.12","济宁千里送医到陕西",37
"1999.2.13","泰安严肃查处宰客行为",37
"1999.2.14","山东“三讲”教育逐步深入　省级领导班子认真开展批评与自我批评取得好的效果",37
"1999.2.15","济南百余派出所门前挂“评议箱”",37
"1999.2.15","昔日难行路今朝变通途　青岛交警靠科技“盘活”城市交通",37
"1999.2.18","德州19万优抚对象欢度春节",37
"1999.2.22","因地制宜注重效益　潍坊大力发展城郊农业",37
"1999.2.23","投资不吝啬重点抓节灌　山东农田水利建设再掀高潮",37
"1999.2.23","泰安加速高新技术产业化",37
"1999.2.23","山东地税局实施党风廉政建设责任制",37
"1999.2.24","山东妇联　河北霸州　探索精神文明建设新途径　家庭入手创建文明",37
"1999.2.24","德州市委接受舆论监督　认真纠正临邑县聘任干部中出现的问题",37
"1999.2.24","教育子女先受教育　青岛对家长进行素质教育",37
"1999.2.25","淄博推进政企分开",37
"1999.2.26","法国军舰访问青岛",37
"1999.3.3","竞显时代风流——记山东时风集团的创业之路",37
"1999.3.3","烟台开发区加强农村基层建设",37
"1999.3.4","总结足球改革经验教训　全国足球工作会议在青岛召开",37
"1999.3.8","李岚清参加辽宁和山东代表团审议时指出　推进科技产业化和医疗卫生体制改革",37
"1999.3.8","全国男篮甲A联赛第十八轮　济南军区队再遭败绩",37
"1999.3.9","山东国税局联系实际抓“三讲”教育",37
"1999.3.15","男篮甲A联赛预赛接近尾声　八一稳居首 山东晋三甲",37
"1999.3.16","建设生态化城市——访威海市委书记孙守璞代表",37
"1999.3.17","从源头拆掉腐败“温床”——访全国人大代表、山东省人大常委会主任赵志浩",37
"1999.3.18","买方市场　农民面对的新课题——对山东省青州市农产品的调查与思考",37
"1999.3.19","男篮甲A联赛第二十轮　济南军区主场再败  首钢京师力克辽宁",37
"1999.3.22","青岛将举办国际葡萄酒博览会",37
"1999.3.23","第八届菏泽国际牡丹花会进入倒计时",37
"1999.3.23","青岛市南区多渠道安置下岗职工",37
"1999.3.24","人才进入市场化  员工管理社会化  人员调出有序化　青岛改革事业单位人事制度",37
"1999.3.24","济南军区一五二医院廉洁行医",37
"1999.3.25","俄罗斯姑娘加盟山东女排",37
"1999.3.26","济南军区一四一医院坚持为民义诊",37
"1999.3.29","男篮甲A联赛决赛阶段开战　北京奥神主场大胜山东永安",37
"1999.3.30","青岛万名卫生职工告别“铁饭碗”",37
"1999.3.31","日照木浆项目获日本贷款",37
"1999.4.1","男篮联赛山东永安无缘四强　四川吉林保级有望",37
"1999.4.3","认真协商积极调研主动参与烟台政协为科技进步做贡献",37
"1999.4.4","潍坊交警重点实行流动巡逻　交通事故明显下降",37
"1999.4.5","烟台留学生研究发展中心成立",37
"1999.4.5","泰安市依法治税强化征管",37
"1999.4.6","青岛允许公房上市交易",37
"1999.4.6","青岛控制医疗费过快增长年均增长由44％降至13％",37
"1999.4.8","日照干部读书活动有成效",37
"1999.4.9","宁小平，山东青岛人，干部——不能随波逐流",37
"1999.4.10","从小关心母亲河——济南市历下区教委“保护母亲河行动”剪影",37
"1999.4.12","保证质量不走过场　山东以整风精神开展“三讲”教育",37
"1999.4.12","济南地税局涉外分局首季开门红",37
"1999.4.12","全国山地车冠军赛转战山东五莲",37
"1999.4.14","坚持“先买票后上车”　山东规范外企登记管理",37
"1999.4.14","烟台降级队球市也火",37
"1999.4.17","从小仓库到大市场——记石聚昌和他创建的青岛钢材市场",37
"1999.4.18","千名无偿献血者一真情　青岛启动扶贫济困血库",37
"1999.4.21","托起法律的天平——记“全国优秀法院”青岛市中级人民法院",37
"1999.4.22","全国无偿献血经验交流会在青岛召开　彭珮云出席会议并讲话",37
"1999.4.23","税务稽查注重减轻企业负担　潍坊一家查账多家认",37
"1999.4.23","上岗靠竞争晋升靠实绩　济南专业技术职称改革见实效",37
"1999.4.27","给大地葱绿　还大海蔚蓝——山东鲁北企业集团兴办绿色产业纪实",37
"1999.4.27","青岛中院“主审法官”坐堂审案",37
"1999.4.28","枣庄国税狠抓企业纳税申报",37
"1999.4.28","青岛成立大学生流动血库",37
"1999.4.29","菏泽牡丹花会好戏连台",37
"1999.4.29","“优良工程”的尴尬——临沂市梅山小区二号楼质量问题追踪",37
"1999.4.29","秸秆气化集中供气大有前途——山东莱州示范项目考察观感",37
"1999.5.2","简化审批程序  实施联合办公  济南力戒“公文旅行”",37
"1999.5.4","重新上岗看青岛",37
"1999.5.4","降低交易成本  提高商业效率  山东启动电子商务工程",37
"1999.5.4","按群众意愿维护社会治安  青岛警方用无记名问卷了解民意",37
"1999.5.4","办实事也须依法——山东潍坊市改建央赣公路未办征地手续调查",37
"1999.5.4","全国田径大奖赛济南站赛事落幕  辽宁女子中长跑队尚未进入状态",37
"1999.5.5","济南人大加强培训",37
"1999.5.6","山东发放58亿元支农贷款",37
"1999.5.7","潍坊发电厂　废水不流外人田",37
"1999.5.8","楷模故里公仆情——喜看聊城市干群关系的新变化",37
"1999.5.10","只要您一个电话，剩下的事我来做　山东电力公司以服务拓展市场",37
"1999.5.10","枣庄国税分局税收开门红",37
"1999.5.11","日照加紧改造中低产田",37
"1999.5.11","借科技脑  攀科技亲　东营市抓科技成果转化推广促经济发展",37
"1999.5.13","敢问路在何方——山东金乡县发展大蒜产业化侧记",37
"1999.5.14","泰安市个体私营税收迅猛增长",37
"1999.5.14","山东着力推进城市消防工作",37
"1999.5.17","绿色环保制冷剂在山东东岳问世",37
"1999.5.17","济南商业银行网络工程通过验收",37
"1999.5.18","山东莱芜大蒜喜获丰收",37
"1999.5.18","济南开通首条国际航线",37
"1999.5.18","枣庄山亭区三百名干部进村挂职",37
"1999.5.19","让法律不再打“白条”——山东省审判机关加强执行工作纪实",37
"1999.5.20","聊城公安干部竞争上岗",37
"1999.5.21","山东两万台联合收割机跨区作业",37
"1999.5.25","李鹏在山东考察工作时强调  加强规范人大监督工作　推进我国民主法制建设",37
"1999.5.25","去年，山东省供销社系统实现农村社会消费品零售额58．1亿元，占全省总量7．1％，比全国供销社系统平均水平高出1倍。这一切，源于他们对开拓农村市场过程中取和与、进和退关系的辩证认识——农村市场：将欲取之必先与之",37
"1999.5.25","山东兖矿集团走出国企党建新路",37
"1999.5.25","青岛政务信息网四通八达",37
"1999.5.25","争创一流——山东龙口市地税局干部队伍建设纪事",37
"1999.5.26","难忘父老乡亲——李鹏委员长看望山东寿光市侯镇老房东纪实",37
"1999.5.26","人民至上——山东省济南市历下区法院开展“创满意”活动纪实",37
"1999.5.27","科技强军的带头人——记济南军区某炮兵师师长张祁斌",37
"1999.5.27","青岛市区出现健身路径",37
"1999.5.27","乒乓球超级联赛世界冠军难占上风　八一男队险胜山东队",37
"1999.5.28","山东大力发展电子信息业",37
"1999.5.28","青岛推行人才市场集团化管理",37
"1999.5.30","公安部授予威海巡警支队集体一等功",37
"1999.5.31","姜春云在山东考察时强调　强化廉政和法制建设促进经济发展社会稳定",37
"1999.5.31","泰安公安局实施“爱民工程”",37
"1999.6.2","烟台开发区经济运行质量高",37
"1999.6.2","烟台结合实际边整边改",37
"1999.6.2","青岛：构筑现代消防城",37
"1999.6.2","淄博110：守护千家万户",37
"1999.6.3","“大玉米”做出大文章——山东禹城市开发玉米产业纪实",37
"1999.6.6","山东省六千多万亩小麦开镰收割",37
"1999.6.7","淄博等地电信企业擅自降低手机资费　名为送温馨  实为挤同行　国家计委要求各地物价部门及时查处部分电信企业恶性降价行为",37
"1999.6.7","潍坊为联合收割机保险",37
"1999.6.8","烟台廉政建设效果好",37
"1999.6.9","青岛市推出“一一一”热线服务",37
"1999.6.9","山东煤炭工业局顶风违纪被查处",37
"1999.6.10","临沂农网改造成效显著",37
"1999.6.10","济南军区某仓库科技练兵出成果",37
"1999.6.12","烟台“良友超市”　无端扣人翻包",37
"1999.6.14","汽车拉力赛烟台站角逐  国产车也不逊色",37
"1999.6.16","《目击暴行》摄影展分别在南昌济南举行",37
"1999.6.16","爱的延伸——青岛市“少年法庭”工作纪事",37
"1999.6.16","内外合力  制度保航  潍坊中院加强执法监督",37
"1999.6.17","烟台纪念王懿荣发现甲骨文100周年",37
"1999.6.18","山东严厉打击刑事犯罪活动",37
"1999.6.18","淄博商业银行建成网络系统",37
"1999.6.25","山东破获两起非法出版物大案  犯罪分子被依法严惩",37
"1999.6.25","张贞峰，山东垦利人，教师——顺其自然",37
"1999.6.26","生产有基地  销售有市场  流通有渠道  山东蔬菜种植居全国首位",37
"1999.6.27","山东人均住房十点一九平方米",37
"1999.6.28","山东城农网改造实行招标采购",37
"1999.6.29","青岛涉外税收大幅增长",37
"1999.6.29","面向农村天地宽——山东农大走实践办学之路纪实（上）",37
"1999.6.30","走进农村大课堂——山东农大走实践办学之路纪实（下）",37
"1999.6.30","烟台“一四八”：法律进万家",37
"1999.7.5","对子孙后代的承诺——烟台市致力创建生态文明城纪实",37
"1999.7.5","吴登云事迹报告会在山东举行",37
"1999.7.6","一次性处理住房建设和房改遗留问题　山东决定两年解决高校教职工住房问题",37
"1999.7.6","薪火相传克顽症——记山东省立医院",37
"1999.7.6","预防保健胜似良药万千　威海人会算“健康账”",37
"1999.7.7","山东高速公路突破一千公里",37
"1999.7.7","让农民过上“五个好日子”——德州万名干部下农村带来经济新变化",37
"1999.7.7","黄河济南第二公路大桥通车（）",37
"1999.7.7","青岛制定《海域使用管理条例》",37
"1999.7.7","轻舟敢向潮头行——青岛海事法院工作纪实",37
"1999.7.8","老区人民的真情厚爱——山东省莱芜市拥军纪事",37
"1999.7.8","电话一打服务到家　青岛“111”热线受欢迎",37
"1999.7.9","吴仪在山东考察时希望沿海发达地区优化产品结构开拓国际市场",37
"1999.7.9","千年佛光历史悬念——山东青州龙兴寺出土佛教造像展侧记",37
"1999.7.10","监管失控的恶果——济南华夏公司破产原因调查",37
"1999.7.11","青岛对外开放呈现良好势头",37
"1999.7.12","东营市与胜利油田携手发展",37
"1999.7.12","以人为本攀高峰——记山东医科大学附属医院",37
"1999.7.12","北京地税实现全市计算机联网三峡建行进入良性发展轨道淄博上半年两税入库17亿多元北京建行开办个人外汇买卖业务",37
"1999.7.19","山东经贸专修学院推行特色教育",37
"1999.7.19","爱心济苍生——记青岛市市立医院",37
"1999.7.21","山东华日集团推出十八个新品种",37
"1999.7.21","知人善任——潍坊市人大常委会建立干部任前审查制",37
"1999.7.21","碧海青天赤子情——记青岛海事法院院长王延义",37
"1999.7.22","临沂河东区改革公用车制度",37
"1999.7.22","全国沙滩排球巡回赛在青岛举行　中国环游国际公路自行车赛鸣枪　组合式蹦极设备将首次在京亮相",37
"1999.7.22","山东聊城新区办事处　“三创三建”塑文明",37
"1999.7.23","山东高速公路建设力度大",37
"1999.7.23","“亚星”创新攀高峰　　———记快速发展的山东潍坊亚星集团",37
"1999.7.26","山东联合大学在济南成立",37
"1999.7.26","威海国税推出形象工程　天津中行推出电话外汇交易　恒康寿险投资中国发展项目　北京驾驶员实行牡丹卡管理　清丰地税优化农村税收管理",37
"1999.7.27","山东做好“法轮功”骨干教育转化工作",37
"1999.7.27","勇克医学难关——记青岛大学医学院附属医院",37
"1999.7.28","第二届人权研讨会在青岛结束",37
"1999.7.28","服务渔业面向市场——访挪威海洋研究所",37
"1999.7.28","青岛将办铁人三项大赛",37
"1999.7.28","济南十位专家教授当上了“法官”",37
"1999.7.28","潍坊法院：“百镇千村”送法忙",37
"1999.7.30","让民族软件“硬”起来——记山东中创软件公司",37
"1999.8.1","原“法轮功”山东总站站长张寿强揭露　“法轮功”非法组织敛财有道",37
"1999.8.4","山东经济保持稳步回升势头",37
"1999.8.4","农技推广形式多样农教体系日臻完善　山东科教兴农渐入佳境",37
"1999.8.4","东营村的乡亲们忘不了那引来甜水的找油人；胜利油田的工人们忘不了那吃着草籽团子、推上牛车支援油田大会战的老房东。30多年过去了，两颗心再次贴近，两双手再度握紧……工农共筑新长城",37
"1999.8.5","枣庄国税征收分局严查偷漏税行为",37
"1999.8.5","让农民腰包鼓起来——山东临沂河东区高效农业开发见闻",37
"1999.8.6","工行青岛北二支行重视职工教育",37
"1999.8.8","城市是我家建设靠大家　青岛塑造文明城市新形象",37
"1999.8.8","菏泽清理干部多占住房　700多无房户喜迁新居",37
"1999.8.8","济南大明湖趵突泉重现妙境",37
"1999.8.10","第九届青岛国际啤酒节内容丰富多彩",37
"1999.8.14","情注一流民办大学——记山东省经贸专修学院",37
"1999.8.16","把好民心这杆秤——潍坊市“民心工程”纪实",37
"1999.8.18","优化产业结构开发优质产品滨州发展精品农业",37
"1999.8.18","农村帮扶工作落到实处济宁万名干部蹲点包村",37
"1999.8.19","威海“海上一一○”织起安全网",37
"1999.8.19","转变作风强化服务　烟台高新区建立高效运行机制",37
"1999.8.19","办一件实事献一份爱心　山东各地爱老助老蔚然成风",37
"1999.8.20","济南国际武术节开幕",37
"1999.8.20","青岛举行铁人三项大赛",37
"1999.8.22","济南野生动物世界基本建成",37
"1999.8.22","免费开放试验基地　山东将设“科技节”",37
"1999.8.24","青岛工业运行质量提高",37
"1999.8.24","科学部署警力多项措施并举山东追逃发挥网上优势",37
"1999.8.24","潍坊人保公司使用干部注重实绩",37
"1999.8.26","聊城市国税局依法治税",37
"1999.8.26","青岛警方追逃斗争有成果",37
"1999.8.26","济宁贸易学校重视社会实践",37
"1999.8.27","为让农民过上好日子——德州市万名干部下农村活动纪实",37
"1999.8.30","水灾管理中风险转移研讨会举行中行澳门分行举行迎回归知识竞赛泰安国税以良好形象促税收增长孝感市农发行确保夏收资金供应",37
"1999.8.31","北大在济南开展现代远程教育",37
"1999.8.31","国瑞杯中国摩托艇公开赛在青岛举行",37
"1999.8.31","怎么方便就怎么办——泰安市公安局车管所服务记事",37
"1999.9.2","沈阳抓“三讲”边整边改　青岛搞整改落在实处",37
"1999.9.3","淄博“军嫂”人人在岗",37
"1999.9.3","山东莱州优化　教育资源配置",37
"1999.9.3","二十年后的重逢——青岛中国摩托艇公开赛后记",37
"1999.9.4","亚锦赛我男排胜哈萨克斯坦队　全国女足超霸赛将在无锡揭幕　城市汽车区间赛将在山东举行",37
"1999.9.6","山东省工商局查处了一起违法购私案，不料却陷入一场旷日持久的行政诉讼纠纷中——依法查私为何三次败诉",37
"1999.9.7","我看着日照一天天长大",37
"1999.9.18","城运会一天决出44项冠军　济南小将金浩夺金势不可当",37
"1999.9.21","聊城“三讲”教育注重解决实际问题　　清退领导干部多占住房八十四套  取消对农民不合理收费五十二项",37
"1999.9.22","了解民情  尊重民意　淄博立法坚持群众路线",37
"1999.9.27","京沪高速公路山东段通车",37
"1999.9.28","鲁菜卖火了——山东由农业大省向强省迈进",37
"1999.9.28","欢迎您到山东来",37
"1999.9.28","“海上山东”战略使——山东变大了",37
"1999.10.8","薛国青，山东滨州人，警察——娱乐三病",37
"1999.10.13","山东首家法学实践基地成立",37
"1999.10.14","济宁任城区重视军转干部安置工作",37
"1999.10.15","果蔬加工研讨会在烟台举办",37
"1999.10.15","山东国税建成信息高速公路",37
"1999.10.16","两条腿走路好——山东临沂兰山区引商兴工",37
"1999.10.21","山东天津确保人民日报发行稳中有升",37
"1999.10.23","公安部门破获三起“法轮功”大案引起反响　武汉山东各界谴责“法轮功”疯狂敛财行径",37
"1999.10.24","张惠来当选青岛市委书记",37
"1999.10.28","中国青岛企业经营管理人才市场开业",37
"1999.10.30","百舸破浪正远航——青岛国企在改革中迅速发展（上）",37
"1999.10.31","青岛本地网电话用户突破百万",37
"1999.10.31","尉健行在山东考察工作时强调　加强企业党风廉政建设是推进国企改革发展的重要条件",37
"1999.10.31","港商与山东菏泽合建民办大学",37
"1999.11.1","山东青年单车飞黄河",37
"1999.11.1","都知道近年旅游饭店普遍不太景气，但青岛海景花园大酒店几年来营业额却以年均30％的速度递增——近看“海景”",37
"1999.11.5","孙文达，山东人，检察官——明星是愚星",37
"1999.11.7","百舸破浪正远航——青岛国企在改革中迅速发展（下）",37
"1999.11.8","淄博推广电子申报纳税",37
"1999.11.8","“法轮功”原吉林山东总站负责人揭露李洪志祸国害民本质",37
"1999.11.10","为使墙内绿意浓——来自山东省冠县看守所的报告",37
"1999.11.11","济南奇遇　千呼万唤110",37
"1999.11.12","山东高速公路将实现微机管理",37
"1999.11.13","淄博高新区发展势头强劲",37
"1999.11.14","“时风”乘势出高唐——山东时风集团发展纪实",37
"1999.11.15","青岛检察院为“王海”撑腰",37
"1999.11.16","青岛公交引入竞标机制今后将逐步面向社会招标",37
"1999.11.17","青岛港跨入亿吨大港行列",37
"1999.11.19","日照十年巨变",37
"1999.11.21","青岛为候鸟迁徙“护航”",37
"1999.11.22","全国足球甲A联赛第二十四轮　山东鲁能泰山队主场获胜",37
"1999.11.24","滨州法院给当事人送“礼”",37
"1999.11.25","淄博开发区地税分局狠抓行风建设",37
"1999.11.25","海洋资源锐减，许多鱼类濒临绝迹。海洋渔业出路何在——日照：扬帆远行",37
"1999.11.25","威海：“爱心”在行动",37
"1999.11.26","努力抗风险信誉重如山　山东国投按时还清全部外债",37
"1999.11.26","山东“大舜”号轮船海上遇难　船上有旅客船员312人，目前抢救生还36人",37
"1999.11.26","中国优秀版画作品展在青岛举行",37
"1999.11.27","一个多月发生两起沉船事故　交通部责成烟大汽车轮渡公司停业整顿　22名烟台海难幸存者得到很好救助",37
"1999.11.27","六载耕耘成巨著——访《中华大典·文学典·宋辽金元文学分典》主编曾枣庄",37
"1999.11.28","烟台海难遇难者抢救工作仍在紧张进行",37
"1999.11.29","细致耐心以情动人——济南泉城路派出所转化“法轮功”练习者记事",37
"1999.11.29","“爱我黄河”文艺晚会在济南举行",37
"1999.11.30","改变“有房没人住，有人没房住”现象　山东设法消化空置商品房",37
"1999.12.1","济南军区安置好退役伤病残士兵",37
"1999.12.2","青岛商会国际工业园招商",37
"1999.12.2","足协处罚山东队主教练",37
"1999.12.2","齐鲁问土——保护合理利用国土资源考察（山东）侧记",37
"1999.12.3","谁染童山满目春——科技推进山东山区综合开发",37
"1999.12.3","吴邦国察看烟台海难事故现场时要求　继续全力以赴做好善后工作",37
"1999.12.7","济宁国税进出口分局杜绝骗税",37
"1999.12.7","知道胜利油田的人很多，知道东营的人却不多。这也难怪，当胜利油田已是国内第二大油田时，东营还只是黄河岸边一个不出名的小村庄呢。东营：在黄河淤地上崛起",37
"1999.12.8","怒海狂涛无所惧舍身救捞情似海子弟兵烟台海难救捞贡献突出",37
"1999.12.9","按照市场经济规律指导农民增收——山东省微山县调查",37
"1999.12.10","民主与法制杂志出版山东增刊",37
"1999.12.10","联防联治共同发展东营狠抓治安支持油田建设",37
"1999.12.13","江西帮助练习者认清邪教本质　山东一干部彻底悔悟家庭和睦",37
"1999.12.13","足协杯总决赛落幕山东鲁能泰山队成为本年度“双冠王”",37
"1999.12.15","菏泽人大代表向选民述职",37
"1999.12.17","济南：公布监督电话确保订阅经费　梧州：措施具体有效任务提前完成",37
"1999.12.19","青岛：欢庆多姿彩",37
"1999.12.21","济南：欢庆潮涌莲花泉",37
"1999.12.21","用爱心创造奇迹——记山东临沂天使培智学校",37
"1999.12.22","山东：非常重视党报发行",37
"1999.12.22","济南：军区某仓库加强普法教育",37
"1999.12.23","聊城警方追逃斗争成效显著",37
"1999.12.24","济南与中科院组建人才中心",37
"1999.12.24","青岛足球队聘请南斯拉夫籍主帅",37
"1999.12.27","菏泽地税增收三千多万元",37
"1999.12.28","兰州--青岛进出口货物实现铁海联运",37
"1999.12.28","近两年，山东省每年150亿元的公路建设工程，有120亿元采用了“泰化管理模式”。这些数字诱发了我们对泰安高速公路的兴趣。　泰安看路",37
"1999.12.29","碧海绘出新画卷——青岛市海洋立法纪实",37
"1999.12.29","淄博开发区地税分局送法上门",37
"1999.12.30","改革的路子越走越宽广——山东电力集团公司发展纪实",37
"1999.12.30","淄博张店地税局城区三分局严把年终关",37
"1999.12.31","多种形式并举改制创新同步　烟台国有企业激发活力",37
"1999.12.31","为保一方平安——济南市公安局努力构筑城市治安防控格局",37
"1999.12.31","淄博张店地税局以科技服务企业",37
"1999.12.31","山东调整高教布局",37
