﻿"index","news_title","prov_cde"
"1999.1.4","浙江绍兴县财政收入超十亿",33
"1999.1.5","海淀法院事迹巡回报告轰动闽浙鲁三省",33
"1999.1.8","浙教版的心理学丛书",33
"1999.1.9","国际传统武术暨绝技大赛将在台州举行",33
"1999.1.10","宁波港吞吐量逐年稳步上升",33
"1999.1.12","杭州兴起“网上银行”",33
"1999.1.14","男篮联赛第六轮　浙江万马爆冷首钢京师力绌",33
"1999.1.17","浙江　领导高度重视　措施切实有力",33
"1999.1.18","杭州：个人理财系列服务称心",33
"1999.1.20","台州路桥交警大队积极为建设服务",33
"1999.1.20","浙江省苍南县个别单位不顾城建规划违法建房　政府整改不认真人大常委提质询",33
"1999.1.22","浙江交通设施网络化",33
"1999.1.24","改革高校后勤体制　浙江大学走向社会化服务",33
"1999.1.25","浙江送戏送歌到渔岛",33
"1999.1.25","全国排球联赛战罢两轮　浙江男排上海女排暂居榜首",33
"1999.1.26","创新精神从小学抓起　浙江构建素质教育体系",33
"1999.1.27","桑兰在宁波有了新居",33
"1999.1.28","强化“龙头”突出特色　杭州第三医院重专科建设",33
"1999.1.29","浙江北部海域　开通“海上110”",33
"1999.1.29","纪念江主席八项主张发表四周年　暨《告台湾同胞书》发表二十周年　京沪粤浙等地举行座谈会",33
"1999.1.30","天堂新明珠——杭州经济技术开发区巡礼",33
"1999.2.1","浙江省财政体制改革成效显著全省17个贫困县全部实现财政收支平衡",33
"1999.2.2","浙江四明山老区10万农民脱贫",33
"1999.2.3","浙江瑞安经济发展迅速",33
"1999.2.3","温州着力提高常委会审议质量",33
"1999.2.7","高速公路一线相牵　浙东苏南互游激增",33
"1999.2.13","中央领导人向老同志祝贺新春　江泽民李鹏朱镕基李瑞环胡锦涛尉健行李岚清分别看望万里刘华清荣毅仁薄一波宋任穷等受党中央委托李长春和浙江省委主要负责同志分别看望正在广东和浙江的乔石宋平　老同志们请中央领导同志转达他们对全国各族人民的节日祝贺",33
"1999.2.13","传达百姓呼声的窗口　密切干群关系的纽带——对金华市市民援助中心的调查",33
"1999.2.15","杭州大厦六年上交利税三点九亿",33
"1999.2.15","浙江发现五彩奇石岛",33
"1999.2.15","杭州举行越剧交响音乐会",33
"1999.2.15","浙师大全部解决教工住房困难",33
"1999.2.19","不错过产销好时机　浙江农民活跃田间市场",33
"1999.2.21","宁波半年减免收费逾千万",33
"1999.2.21","自主设置专业自行设置机构自定工资待遇　浙江农技师专改革办学体制",33
"1999.2.22","武汉认真落实两个确保资金　杭州新年送温暖到千家万户",33
"1999.2.25","杭州成立应急救援中心",33
"1999.2.25","西南航一架154飞机在温州失事",33
"1999.2.26","浙江嘉兴秀州书局藏书票",33
"1999.3.3","非亲缘异基因骨髓在浙移植成功",33
"1999.3.4","浙江临海市乡镇财政赤字问题突出",33
"1999.3.4","浙新人",33
"1999.3.5","刘英，北京人，大学生——“绍兴师爷”不对劲",33
"1999.3.9","最高法院核准“金华税案”两主犯死刑",33
"1999.3.10","李鹏参加浙江代表团讨论时指出　修改宪法具有重大与深远的意义",33
"1999.3.10","发展高新产业  切忌一哄而上——浙江省委书记张德江代表访谈录",33
"1999.3.10","善用法的企业家——记全国人大代表、浙江正泰集团董事长南存辉",33
"1999.3.15","浙江新茶好　今年上市早",33
"1999.3.17","充分利用两种资源  努力开拓两个市场　浙江实施三大战略促进外贸出口",33
"1999.3.19","有禁不止继续发售使用代币购物券　浙江14个商业单位受查处",33
"1999.3.24","严格执行收购政策  全力维护市场秩序　宁波粮改七个月减亏一亿九",33
"1999.3.27","西湖春来景无限——杭州市创建一流文明城市纪实",33
"1999.3.29","去年，宁波个体私营经济吸纳的下岗职工，就占全市再就业职工总数10％以上——个私经济：给再就业一蓝天",33
"1999.3.30","“五朵金花”奔小康——温州非公有制经济调查",33
"1999.3.31","大步走向真正的商业银行——工商银行浙江省分行先进事迹介绍",33
"1999.4.2","垒实基础注重素质　浙工大突出工程化特色",33
"1999.4.7","舟山为渔业发展创造良好环境",33
"1999.4.8","浙江省工业利税实现快速增长新疆兴建我国第二大铜业基地大港油田发现亿吨级油气构造",33
"1999.4.14","宁波冠军队火不起来",33
"1999.4.16","好戏大有市场——江浙沪第六届演出业务洽谈会高潮迭起",33
"1999.4.19","浙江银行界出现了专为居民服务的个人金融理财业务，人们形象地称其为——借脑子理财",33
"1999.4.19","温州服装为何迅速崛起",33
"1999.4.20","浙江经济稳步增长",33
"1999.4.20","宁波确保国企下岗职工基本生活　呼市再就业中心实现“出大于进”",33
"1999.4.20","穷与富之间——浙江淳安县纪行",33
"1999.5.4","满城新绿醉杭州",33
"1999.5.6","浙江国企进出口创新高",33
"1999.5.7","浙江省委提出　“三讲”第二阶段要抓住三个关键",33
"1999.5.8","浙江台州将办国际传统武术暨绝技大赛",33
"1999.5.9","浙江加大重点工程建设力度",33
"1999.5.15","乡镇企业  如何从分散走向集中——对辽豫苏浙四省八镇乡镇企业的调查报告",33
"1999.5.18","浙江轻纺工业效益回升",33
"1999.5.18","浙澳拳击对抗赛举行",33
"1999.5.19","加强领导  精心组织  接受监督　浙江推行政务公开",33
"1999.5.19","宁波人大重视个案监督",33
"1999.5.20","本上记民情  心中装百姓——浙江嵊州乡镇干部为民办实事",33
"1999.5.24","黄兴国当选宁波市委书记",33
"1999.5.24","唐云艺术馆在杭州开馆",33
"1999.5.25","浙江石材加工技术有突破",33
"1999.5.26","做到有的放矢  解决突出问题　浙江省委民主评议严于剖析",33
"1999.5.27","太亚桥联锦标赛在杭州举行",33
"1999.5.28","杭州天目药业努力开发新产品",33
"1999.5.28","国际跳水公开赛温州站　中国队高手悉数出场",33
"1999.5.29","温州国际跳水公开赛首日　中国澳大利亚各获一金",33
"1999.6.4","眼睛盯着一把手  监督管理不松手  湖州强化领导班子建设",33
"1999.6.6","金永南访问杭州",33
"1999.6.8","艰苦奋斗传统不该丢——绍兴市司法局领导超标装修办公室的调查",33
"1999.6.8","浙江省委多形式帮助个人深入剖析",33
"1999.6.9","《目击暴行》展分别在杭州昆明举行",33
"1999.6.9","教师未敢稍松懈  学生不存侥幸心　杭州商学院教学质量高",33
"1999.6.11","浙江教育：阔步迈向现代化",33
"1999.6.11","辽宁卢万华问：听说浙江金华永康市有一处方岩风景区，山上山下有不少胜景。能否介绍一下？　浙中名胜——永康方岩",33
"1999.6.13","行政村少了100个  村干部少了484名  嘉兴：减村扩镇",33
"1999.6.14","全国公共英语等级考试体系建立  今年9月京津鲁辽浙粤先行试点  明年起全国范围内推广",33
"1999.6.16","浙江投资贸易洽谈会闭幕",33
"1999.6.17","“生命塘”的遗憾——浙江乐清市镇浦塘南浦段质量问题探源",33
"1999.6.21","自主发展巧施教 百年老校沐春风　　杭州二中教改焕发生机",33
"1999.6.27","李金华汇报审计专项资金等财政收支情况时说  专项资金社会保障资金等被挤占挪用情况不容忽视",33
"1999.6.27","李金华作去年中央预算执行审计情况报告时说  预算执行情况仍存在不真实不合法不规范问题",33
"1999.6.27","杭州拆除违章建筑二十万平方米",33
"1999.6.30","抗洪英雄李向群事迹展览在京举行　范玉恕事迹报告会在浙江反响强烈",33
"1999.7.3","《目击暴行》摄影展在宁波举行",33
"1999.7.7","丽水市丽阳门派出所爱民有方",33
"1999.7.8","领导者常抓不懈经营者竞标上岗　浙江国有企业经济效益继续提高",33
"1999.7.9","茹含懿，浙江宁波人，工人——不想叫好",33
"1999.7.10","舟山古城历史悠久应该珍惜",33
"1999.7.15","浙江完成棉纺压锭任务",33
"1999.7.16","李宜侃，浙江东阳人，退休教师——慎用武打",33
"1999.7.17","小城镇建设：土地使用现状与政策建议——对辽豫苏浙四省八镇用地状况的调查报告",33
"1999.7.18","宁波：深度开发港口资源",33
"1999.7.19","抓住重点完善制度　浙江领导班子真改实干",33
"1999.7.20","知百家情解千家难连万家心　浙江推广乡镇干部记《民情日记》",33
"1999.7.26","墨西哥客人访问杭州",33
"1999.7.29","浙江经济正看好",33
"1999.7.30","金华环保“零点行动”启动",33
"1999.8.2","认清“法轮功”的政治本质和严重危害　浙江深入开展教育转化工作",33
"1999.8.3","浙江采取措施保护鱼类资源　三十万尾大黄鱼苗放流入海",33
"1999.8.4","浙江省政府砍掉三分之一审批环节",33
"1999.8.4","提起监狱，人们总是习惯把它与高墙、电网联系在一起，多少带有几分森严和几分神秘。可今年七月初，记者到浙江省采访了几个监狱，真切感受到这里的——大墙不再神秘",33
"1999.8.6","浙江万里职业技术学院挂牌",33
"1999.8.8","浙江沿海休闲渔业风情醉人",33
"1999.8.9","浙江国企下岗职工总量下降",33
"1999.8.9","杭州：上海的后花园",33
"1999.8.12","杭州出现民营风险投资公司",33
"1999.8.14","不求人人升学但要个个成才——浙江浦江县堂头中学德育工作纪事",33
"1999.8.15","杭州经济保领先文明创一流上半年国内生产总值同比增长9．6％，城市环境专项整治全面展开",33
"1999.8.16","宁波保税区私营经济蓬勃发展",33
"1999.8.22","宁波改革市级审批制度　部门设立的审批事项基本取消",33
"1999.8.22","杭州风情千年之约　“玫瑰婚典”够浪漫",33
"1999.8.23","杭州铁路警方查堵各类逃犯",33
"1999.8.24","浙江人保公司洪灾赔款逾亿元",33
"1999.8.24","确保人民日报等党报党刊征订到位　浙江加强管理规范秩序",33
"1999.8.24","沈阳宁波为侨服务聚侨心",33
"1999.9.1","体育搭台  湖州扬名——首届全国极运赛回眸",33
"1999.9.5","佳节美景会杭州  游客争订沿湖楼",33
"1999.9.8","一二三四五有事找政府  杭州市长公开电话成为“民心线”",33
"1999.9.8","浙江一年",33
"1999.9.10","杭州默沙东靠新品取胜",33
"1999.9.13","杭州：优美环境与历史文化交融　井冈山：革命传统与时代精神同辉",33
"1999.9.22","党建工作的新天地——浙江传化集团建立党组织调查",33
"1999.9.26","浙江积极慰问帮助在浙台胞",33
"1999.9.29","以“三讲”为契机  抓制度促廉政　浙江监督领导干部有新招",33
"1999.10.4","杭州：繁花似锦欢度国庆",33
"1999.10.8","浙江推出一批影视新作",33
"1999.10.10","二次创业三箭齐发——记奋进中的绍兴县",33
"1999.10.14","温州创立“中国鞋都”",33
"1999.10.14","姜春云在浙江调研时强调坚持用法律规范保障和促进市场经济发展",33
"1999.10.14","原宁波市委书记许运鸿涉嫌职务犯罪被逮捕",33
"1999.10.15","泳坛名将云集西子湖畔全国游泳锦标赛在杭州举行",33
"1999.10.16","大型纪实报告文学《温州老板》出版",33
"1999.10.19","第三届宁波国际服装节开幕",33
"1999.10.20","全国游泳锦标赛赛程过半　浙江队获女子自由泳接力冠军",33
"1999.10.21","绍兴黄酒节成果丰硕",33
"1999.10.21","医疗费用下降经济效益提高　绍兴人民医院强化管理",33
"1999.10.24","正确对待“政绩”着眼长远发展　湖州夯实经济发展基础",33
"1999.10.24","宁波成为服装大市",33
"1999.10.27","杭州铁路警方抓获逃犯三百名",33
"1999.10.28","粮食产销大省携手开拓市场　浙吉赣建立代储代销关系",33
"1999.10.29","苦心研究二十载蚕蛹提取氨基酸　浙江蚕业科技开发废变宝",33
"1999.10.29","杭州中恒“守护”网络安全",33
"1999.10.31","浙江外贸出口明显增长",33
"1999.11.2","虚报冒领何以得手？——关于杭州市江干区三堡村土地征用补偿情况的调查",33
"1999.11.4","在多种所有制经济共同发展中壮大提高——浙江国有企业的改革与发展",33
"1999.11.8","南北篮球争霸赛浙江万马夺冠",33
"1999.11.11","衢州：规范报刊征订秩序　海口：为贫困区赠订党报",33
"1999.11.15","浙江高校师生深入揭批“法轮功”邪教组织",33
"1999.11.16","浙江乡镇企业实行战略迁移生产在乡下管理在城市",33
"1999.11.18","动员社会力量筹措社会资金浙江切实解决优抚对象“三难”",33
"1999.11.24","金华县各乡镇　狠抓依法治村",33
"1999.11.25","杭州公开征集为民办实事项目",33
"1999.11.26","交流·分享·展望——’99杭州音像多媒体国际博览会侧记",33
"1999.11.27","台州审理一起“宝塔会”集资诈骗、非法吸储案",33
"1999.11.29","共建一点　带动一　文明一方　浙江警民共建开创新路",33
"1999.11.29","促进非奥运项目发展　首届全国体育大会明年在宁波举行",33
"1999.11.29","七百亿元是怎么追还的——访审计署审计长李金华",33
"1999.11.29","杭州江干区一大“怪”：有人不愿“农转非”",33
"1999.11.30","浙江开展群众集中投诉“三乱”活动",33
"1999.11.30","“阳光”的追求——浙江阳光集团靠高科技起飞",33
"1999.12.1","立足稳定和发展——浙江诸暨“枫桥经验”纪实",33
"1999.12.2","一位温州经营户在外省的意外遭遇，引起了浙江省委领导的关注。其后出台的一项特别举措，在全国的浙江籍经营者中激起热烈反响——服务跟着市场走",33
"1999.12.3","陈纯一，浙江人，公司职员——传记文学贵在“真”",33
"1999.12.6","浙江外贸出口全面稳定增长国有企业出口占全省百分之六十二点三",33
"1999.12.7","真心办实事爱心献功臣温州优抚实现“八个百分之百”",33
"1999.12.13","假冒宝洁牟取暴利浙江“李鬼”被判入狱",33
"1999.12.16","跨区作业咋就这么难——台州联合收割机在乐清被毁坏，机主遭殴打",33
"1999.12.17","李金华在国务院新闻办召开的记者招待会上说　审计监督工作成效明显",33
"1999.12.18","政府决策岂能朝令夕改——浙江温岭市一市场建成后开业受阻",33
"1999.12.22","温州师院入情入理做好工作促使“法轮功”骨干人员转变立场",33
"1999.12.24","早已风雅西湖水如今美名满城飞　杭州荣获八项全国性称号",33
"1999.12.27","国企主导竞风流——浙江多种所有制经济共同发展纪实",33
"1999.12.29","杭州市人大代表一项议案促成政府决策：私营企业贷款有了担保人",33
"1999.12.31","忠诚的共产主义战士、久经考验的无产阶级革命家江华同志遗体在杭州火化",33
