﻿"index","news_title","prov_cde"
"1999.1.4","面貌新态度亲效率高　南京民警群众满意",32
"1999.1.5","徐州鼓楼法院推行执法评议",32
"1999.1.5","江苏守土有责",32
"1999.1.7","连云港海监局通过国际质量体系认证",32
"1999.1.7","《古今连云港》",32
"1999.1.11","抓住重点加强督查　江苏预算外资金全面实行“收支两条线”",32
"1999.1.13","江苏宣传依法治省",32
"1999.1.14","既要工程高标准又要干部不跌跤　扬州交通重点工程廉政有新招",32
"1999.1.20","防重于抢建重于防　江苏：加快防洪保安基础设施建设",32
"1999.1.20","南京加大知识产权保护",32
"1999.1.23","无锡乡企集约用地",32
"1999.1.25","日本　羽田孜批评现行防卫政策　右翼分子阻挠放映《南京1937》",32
"1999.1.28","30年不变——江苏省做好新一轮土地承包工作的调查",32
"1999.2.1","南京经济学院建成院士长廊",32
"1999.2.3","为江苏体育赶超“三强”出力——雪豹日化公司董事长童渝一席谈",32
"1999.2.3","江苏公安边防总队为维护稳定作贡献",32
"1999.2.5","上海南京路商业街实施“购物放心工程”　售真品标真价送真情",32
"1999.2.6","真品真价真情　南京湖南路创建文明一条街",32
"1999.2.8","季允石当选江苏省省长",32
"1999.2.9","江苏万场电影娱乐农家",32
"1999.2.11","无锡年产二十万台电脑生产线投产",32
"1999.2.12","深圳海关查获一批“蚂蚁搬家”案广州海关查获非法光盘包装工场南京海关税收实现开门红",32
"1999.2.15","组织专家现场指导种植意杨树　宿迁为农民送“科技年礼”",32
"1999.2.20","雷锋精神有传人——南京军区某部一连四班学雷锋纪事",32
"1999.2.21","穿深巷幽街慰同胞乡情　镇江旅游三轮车受青睐",32
"1999.2.23","连云港公安局党委实施党建工作责任制",32
"1999.2.24","江苏商检部门敲响警钟　部分进口机电产品问题突出",32
"1999.2.24","镇江润州区警方力克大要案",32
"1999.2.25","全国男篮甲A联赛第15轮　四川篮剑队击败江苏南钢队",32
"1999.2.26","常州沿江经济带迅速崛起",32
"1999.3.2","把“百城万店无假货”活动引向深入　中宣部等推广南京湖南路经验",32
"1999.3.3","让“软约束”硬起来——江苏省人大执法监督工作记事",32
"1999.3.6","李岚清在参加江苏代表团审议时强调　要大力推进科教兴国战略",32
"1999.3.10","全国人大代表、江苏省常务副省长俞兴德——落实责任  齐抓共管",32
"1999.3.17","走向新的文明——南京市湖南路示范街的启示",32
"1999.3.17","树文明新风  为百姓解愁　南京纪委重视群众信访受表扬",32
"1999.3.17","全局出发抓立法——访九届全国人大代表、南京市市长王宏民",32
"1999.3.20","上海改造苏州河防汛墙",32
"1999.3.20","扬州高楼二次供水质量差",32
"1999.3.26","徐州为驻军某部办实事",32
"1999.3.30","江苏建立农村自学考试实验区",32
"1999.4.5","武汉中院一审判员因受贿被撤职南京两名厂长因吃喝玩乐受查处",32
"1999.4.10","连云港市将举办“春兰杯”国际风筝赛会",32
"1999.4.18","中俄合作连云港核电工程进展顺利",32
"1999.4.19","工期提前质量提高成本降低　南京有形建筑市场红火",32
"1999.4.19","四川男排再夺全国冠军　辽宁江苏男排降级成定局",32
"1999.4.19","一万多名环卫职工中，原是下岗职工的只有三百人　南京环卫难留下岗工",32
"1999.4.20","南京城建（控股）公司成立",32
"1999.4.20","《孙中山生平史迹展》在南京开展",32
"1999.4.20","南京纪念渡江战役胜利五十周年",32
"1999.4.20","纸鸢飘飞竞风流　连云港举办国际风筝会",32
"1999.4.23","南京将兴建地铁",32
"1999.4.23","南京纪念渡江战役胜利暨南京解放50周年",32
"1999.4.23","刘伯承塑像在南京落成　江泽民总书记为塑像题名",32
"1999.4.25","扬州有线电视用户上网85元不限时",32
"1999.4.26","江苏响水县为招商企业发“绿卡”",32
"1999.4.27","营造温馨的大家庭——南京玄武区社区服务纪事",32
"1999.4.27","攻占江浦解放南京亲历记",32
"1999.4.29","南京宣判一批涉税犯罪案件",32
"1999.4.29","低价竞争牟取暴利非法进药——盐城市村卫生室管理薄弱收费混乱",32
"1999.4.30","人民海军诞生地纪念馆在泰州落成　江泽民为纪念馆题写馆名",32
"1999.4.30","江苏民族音乐巡演受欢迎",32
"1999.5.3","江苏首季个人所得税增35％",32
"1999.5.4","“质量在我心中”——南京长江二桥建设记事",32
"1999.5.5","南京大学　邓小平理论课  热门",32
"1999.5.6","江苏终审一巨额走私案件",32
"1999.5.7","江苏公安边防注重队伍建设",32
"1999.5.7","徐建军，南京人，职员——从追求到疑虑",32
"1999.5.8","合理布局  有序发展  各呈优势　小城镇建设成为江苏经济增长点",32
"1999.5.9","南通发挥区位优势以港兴城",32
"1999.5.9","高速公路成为江苏经济腾飞之路　全省13个省辖市有11个可实现当日往返",32
"1999.5.12","生产力促进中心搭台铺路　江苏众企业受惠科技服务",32
"1999.5.12","江苏公安争创人民满意",32
"1999.5.14","苏州工业园区建设创佳绩",32
"1999.5.14","苏州科教兴镇基础工程研讨会举行",32
"1999.5.18","江苏边防立足本职促稳定　确保沿海群众生产生活和出入境旅游正常进行",32
"1999.5.22","十年和衷共济同振国企雄风——民建常州合成纤维厂支部与中共党委合作兴企纪事",32
"1999.5.23","服务体系完善  基础设施齐全  合作双方真诚  苏州工业园区高起点高效率",32
"1999.5.24","江苏水产“以养补捕”  渔业创新体系建设步伐加快",32
"1999.5.24","江苏边防丰富官兵“菜盘子”",32
"1999.5.24","江苏举办侯波徐肖冰摄影作品展",32
"1999.5.25","林茂招鸟归  巢幽迎凤还　苏州新区吸引海外学子创业",32
"1999.5.26","江苏边防加强自身建设",32
"1999.5.27","国家批准上海苏州河治理工程",32
"1999.5.28","南京涉外税收大幅度增长",32
"1999.5.28","不是消灭污染  就是企业停产　江苏长江达标排放最后攻坚",32
"1999.5.31","吕岩松战地新闻摄影展在镇江开幕",32
"1999.6.2","超越自我——记江苏森达集团董事长朱相桂",32
"1999.6.2","第六届中国艺术节将在江苏举行",32
"1999.6.4","中国乒乓球超级联赛  江苏女队胜河南队",32
"1999.6.7","千秋基业新起点——江苏省实施教育现代化工程纪实",32
"1999.6.8","江苏加大太湖治污力度",32
"1999.6.9","提前两年实现“初保”目标　江苏农民看病难趋缓",32
"1999.6.10","常州实施“军嫂就业安置工程”",32
"1999.6.13","“江海志愿者”的追求——南通市开展学雷锋、学“莫文隋”活动纪实",32
"1999.6.14","近亲合并  近邻联合  后勤剥离  南京优化配置卫生资源",32
"1999.6.15","南京军区某仓库增强官兵法纪观念",32
"1999.6.16","管理市场讲文明  管好市场为人民  盐城人民路工商所成为创建文明示范点",32
"1999.6.17","教育改革步步深入  素质教育整体推进  苏州教育形成新格局",32
"1999.6.18","连云港公安边防严打偷渡走私",32
"1999.6.18","学校体育卫生教材教具仪器  设备改革展示会将在无锡举行",32
"1999.6.19","寻找支点——江苏扬子江药业集团科技兴企纪实",32
"1999.6.19","营销药品要依法——对江苏海门市天补供销社药店承包经营的调查",32
"1999.6.20","抓住三次机遇  实现产业升级  江苏构筑经济发展新优势",32
"1999.6.21","二次创业新起点——无锡创建卫生城市纪实",32
"1999.6.23","江苏人大研讨农业农村现代化",32
"1999.6.24","为什么生效判决执行难——对连云港市一起经济纠纷案的调查",32
"1999.6.25","无锡设立医疗器械展销中心",32
"1999.6.27","江苏长江流域达标排放限期只剩4天  10余家企业停产治理已成定局",32
"1999.7.2","银川塞上古城三季有花四季有绿江苏聚焦长江排污治水还清于民",32
"1999.7.5","靠科技降伏火魔——记南京消防（集团）公司",32
"1999.7.6","城乡协奏曲——看江苏省供销社怎样发展壮大",32
"1999.7.6","无锡农民自觉交税成风尚",32
"1999.7.6","江苏纪念《新华日报》在宁出版五十周年",32
"1999.7.11","南京海关完成全年税收计划",32
"1999.7.12","淮安市设立计划烟办公室推销地产烟，禁卖外地烟——欲秀“一品梅”岂能筑“篱笆”",32
"1999.7.13","江苏公安消防总队加强队伍建设",32
"1999.7.14","综合压锭整体重组无锡纺织减量增效益",32
"1999.7.14","扬州大学社会实践活动基地化",32
"1999.7.14","前卫队南京军区队晋级男篮甲A",32
"1999.7.19","《外资保险在中国》出版发行　黄石东贝B股在上交所上市　人民大学安宝精算中心成立　无锡地税推行“首问责任制”",32
"1999.7.20","璀璨的太湖明珠——无锡新区巡礼",32
"1999.7.20","好事未办实农民气不顺——关于江苏泗洪县一项水利工程的调查",32
"1999.7.21","老班底新改革——记江苏镇江中级人民法院",32
"1999.7.22","中医魅力无限海外学子日众　南京中医药大学桃李满天下",32
"1999.7.24","体验创新——访中科院南京地质古生物所",32
"1999.7.27","江苏国企扭亏为盈1至5月全省国企实现利润逾11亿元",32
"1999.7.27","徐州为“三老”解“三难”",32
"1999.7.28","人大代表任重而道远——江苏扬州市人大代表活动状况调查",32
"1999.8.2","江苏商检减少检验收费",32
"1999.8.2","医学探索无止境——记南京鼓楼医院",32
"1999.8.4","江苏监狱系统强化改造",32
"1999.8.5","汉画像石金箔在徐州发行",32
"1999.8.7","“法轮功”原南京站负责人全部幡然悔悟",32
"1999.8.8","江苏公安机关调查表明　“法轮功”组织体系严密",32
"1999.8.9","从科学角度揭批“法轮功”　江苏大力开展科普教育",32
"1999.8.10","上海构建为侨资企业服务网络　江苏拓展为侨资企业服务领域",32
"1999.8.11","连云港实施封闭贷款促国企扭亏",32
"1999.8.11","无锡新区工商局主动为企业服务",32
"1999.8.11","铸造中国“飞龙”——记南京军区特种大队大队长江建雄",32
"1999.8.12","农机行业最大的合资项目在无锡投产",32
"1999.8.12","苏州新区通过国际环境管理体系审核",32
"1999.8.14","中外学者聚会南京共同研讨　社区建设中的几个问题",32
"1999.8.16","南京大屠杀史学术成果交流会举行《金陵日记》揭露侵华日军暴行",32
"1999.8.16","推陈出新祛沉疴——记南京军区南京总医院",32
"1999.8.17","南京“无肠女”喜得“千金”",32
"1999.8.18","江苏援建“西藏第一路”通车",32
"1999.8.19","贵州转变作风解决问题　江苏认真落实整改措施　广东敞开大门征求意见",32
"1999.8.20","李胜，江苏苏州人，职员——激情洋溢",32
"1999.8.21","管好南京林大树木园",32
"1999.8.23","引进资金技术提升产业水准苏州新区舞起高新技术产品出口龙头",32
"1999.8.23","建行为华虹NEC提供担保　南京海关征税突破60亿元　8家企业债券即将发行　邢台建行加快贷款投放进度",32
"1999.8.24","南京：斧下留老树",32
"1999.8.25","南京铁路警方网上追逃犯",32
"1999.8.27","江苏徐州：走进艺术天地",32
"1999.9.1","江苏公安边防净化口岸治安环境",32
"1999.9.1","心系百姓的“天平”——记江苏盐城市城区法院法官蔡根全",32
"1999.9.2","南京开展迎国庆系列文化活动　西安致力于清洁城市美化环境　长沙全市动员搞好城市“四化”",32
"1999.9.2","全国击剑锦标赛第三天　江苏队摘得两金",32
"1999.9.3","南京港发现进口原木中带有大量白蚁",32
"1999.9.3","南京军区某弹药拆卸中心十年无伤亡",32
"1999.9.3","“南京大屠杀”展举行",32
"1999.9.4","亚锦赛我男排胜哈萨克斯坦队　全国女足超霸赛将在无锡揭幕　城市汽车区间赛将在山东举行",32
"1999.9.5","江苏省文化活动丰富多彩",32
"1999.9.5","南京淘书乐陶陶",32
"1999.9.7","医院明码限价  百姓喜笑颜开——南京医科大学第二附属医院医疗改革调查",32
"1999.9.8","江苏省珥陵镇：人大代表议案结硕果",32
"1999.9.11","我军南京广州战区举行诸军兵种联合渡海登陆作战实兵演习",32
"1999.9.13","江苏提出变服装大省为服装强省",32
"1999.9.13","常州灯芯绒服装推陈出新",32
"1999.9.15","苏州工业园区中新联合协调理事会召开会议　李岚清副总理与新方主席李显龙共同主持",32
"1999.9.20","千方百计扩大出口  积极有效利用外资　南京涉外经济势头强劲",32
"1999.9.25","国际中小企业商品博览会在常州举行",32
"1999.9.29","苏州科技成果交易会举行",32
"1999.10.7","“假日经济”激活南京市场",32
"1999.10.8","民间艺术节办在无锡",32
"1999.10.10","亚洲·九州地区地方政府领导江苏会议举行李岚清出席并作“努力开创亚洲可持续发展的新纪元”讲话",32
"1999.10.10","书照排最头疼的是古文字、小语种、简谱、化学结构式等，而南京理工排校公司就在难点中脱颖而出——创造卖点",32
"1999.10.12","常州工业经济质量显著提高",32
"1999.10.12","授予南京军区某部五连“基层安全保卫工作模范连”荣誉称号",32
"1999.10.13","连云港市边防支队开展普法教育",32
"1999.10.21","江苏田湾核电站工程正式开工　江泽民主席叶利钦总统相互致函祝贺",32
"1999.10.21","南京军区某部为驻地传播科技知识",32
"1999.10.22","中国新加坡共同努力　苏州工业园区确定新三年发展目标",32
"1999.10.23","张万年在南京军区某现场会上强调确保新型装备快速全面形成战斗力",32
"1999.10.25","吴邦国在江苏考察时强调　认真学习贯彻十五届四中全会决定　努力开拓国企改革和发展的新局面",32
"1999.10.25","江苏：确保党报发行落到实处",32
"1999.10.27","南京铁路重奖追逃功臣",32
"1999.10.29","南京军区某旅官兵真才实学受青睐",32
"1999.10.29","企业和科研机构联手　徐州“飞虹”架京城",32
"1999.10.29","高中日语教学研讨会在无锡召开",32
"1999.11.2","历史照中的见证——《南京大屠杀》出版",32
"1999.11.3","张万年在南京军区调研时强调全面推进我军质量建设",32
"1999.11.3","侠胆柔肠公仆心——记江苏徐州市云龙区司法助理吴志杰",32
"1999.11.6","南通过执行联合国决议备忘录　欧盟谴责科索沃种族暴力事件",32
"1999.11.7","苏州古城展新姿",32
"1999.11.7","南京桂花鸭依靠技术创新插翅腾飞",32
"1999.11.9","镇江加强新经济组织党建工作",32
"1999.11.10","南京出现高科技产业街",32
"1999.11.12","架设心桥——记南京市第一医院",32
"1999.11.16","挑战癌症——记江苏省肿瘤医院",32
"1999.11.18","“洋害虫”频闯江苏口岸",32
"1999.11.18","让截瘫患者站起来——记江苏徐州医学院附属医院",32
"1999.11.18","南京：“市容卫士”屡遭殴打",32
"1999.11.18","让家家户户显身手——江苏响水县实施“家家上项目”增收工程掠影",32
"1999.11.24","保民平安让民满意——记江苏建湖县公路巡逻民警大队上冈中队",32
"1999.11.27","体育俱乐部管理研讨会在南京举行",32
"1999.11.28","信息码头遍布江苏",32
"1999.12.1","大型企业联席会九九年会在无锡召开　与会者对实现国企改革发展目标充满信心",32
"1999.12.2","妙手回春德艺双馨——记江苏省人民医院",32
"1999.12.2","女乒联赛江苏险胜河南",32
"1999.12.3","建科技示范园促成果快转化　苏州用好农业现代化新载体",32
"1999.12.5","江苏提前完成压锭任务新疆纺织行业扭亏增盈",32
"1999.12.6","南京市规定：重点技术创新项目注册资本中，技术骨干群体出资不少于百分之四十——科技骨干占大股",32
"1999.12.8","在溧阳的“金山”上——江苏溧阳丘陵山区综合开发纪略",32
"1999.12.10","苏州飞利浦举办技术日活动",32
"1999.12.10","江苏江阴深圳罗湖提前完成人民日报征订任务",32
"1999.12.12","常州高新科技园发展态势好",32
"1999.12.13","镇江圣佳公司生产出环保雨具",32
"1999.12.14","老城区焕发新魅力——徐州鼓楼区环境建设纪事",32
"1999.12.19","南京火车站火灾事故责任人受查处",32
"1999.12.22","农发行连云港分行强化资金管理",32
"1999.12.28","无锡郊区思想政治工作进村入户",32
"1999.12.28","四百多吨钢管网架构成一个高四十八米的“巨型斜蛋”。这个高科技娱乐场所将是新千年庆祝活动的十大会场之一。　镇江：与你相约新千年",32
"1999.12.30","小天鹅何以高飞——无锡小天鹅股份有限公司发展纪实",32
"1999.12.30","秋色斑斓——连云港墟沟镇院前村敬老工作采访笔记",32
"1999.12.31","改善投资环境主动接受辐射　泰州以大开放促发展",32
