﻿"index","news_title","prov_cde"
"1999.1.3","湖北高校深入学习邓小平理论",42
"1999.1.8","白云鄂博",42
"1999.1.13","公民选举权不容侵犯——湖北长阳土家族自治县发生一起涂改选票事件",42
"1999.1.14","神农架有野人吗？　科技专家予以否认",42
"1999.1.14","调整优化农业结构——湖北省农业厅厅长倪德新谈增收",42
"1999.1.20","内强队伍外强稽查　湖北国税局改革征管方式",42
"1999.1.21","黄冈市黄州区灾民迁新居",42
"1999.1.21","乘势而上鼓干劲夏汛冬防巧投入　湖北全面加固长江干堤",42
"1999.1.21","随州市旧城改造节约耕地",42
"1999.1.24","湖北　文化下乡有声有色",42
"1999.1.25","全省协同作战确保春运秩序　湖北专项打击车匪路霸",42
"1999.1.26","潜江园林高中普及艺术教育",42
"1999.1.26","堤防拒绝“豆腐渣”——来自湖北长江堤防整修第一线的报道",42
"1999.2.1","为群众谋利益靠群众抓创建——湖北宜昌市创建文明城市纪事（上）",42
"1999.2.2","铸造城市文明之魂——宜昌市创建文明城市纪事（下）",42
"1999.2.2","杨永良当选湖北省政协主席",42
"1999.2.3","湖北省人大常委会实行主任接待日制度",42
"1999.2.4","湖北650万担棉花卖不出去",42
"1999.2.4","潜江引外资推进产业化",42
"1999.2.8","湖北消防智灭烈火保平安",42
"1999.2.9","在亏困企业中树起一面鲜艳的党旗——湖北省黄石市亏困企业党建工作纪事",42
"1999.2.11","湖北确保下岗职工基本生活费",42
"1999.2.11","尉健行在湖北考察时强调加大力度做好党风廉政建设和反腐败工作",42
"1999.2.15","湖北省95％的灾民搬进新居",42
"1999.2.15","单位包穷村干部结穷亲　恩施23万人脱贫",42
"1999.2.17","代表党中央国务院和江泽民总书记看望慰问灾区人民　朱镕基同湖北灾区人民共度春节",42
"1999.2.23","湖北实施长江建堤与防汛连锁责任制",42
"1999.2.24","湖北省领导向苏军烈士墓敬献花圈",42
"1999.2.25","武警湖北总队发扬文化工作传统",42
"1999.3.2","以人才培养和技术开发为突破口　湖北省成教扶贫初见成效",42
"1999.3.3","湖北人大加强立法工作",42
"1999.3.10","全国人大代表、湖北省荆州市市长徐松南——强化综合治理  关键在于领导",42
"1999.3.11","普法教育常抓不懈——湖北代表团讨论宪法修正案草案侧记",42
"1999.3.11","李岚清与湖北代表团一起讨论时说　要认真贯彻依法治国方略",42
"1999.3.17","统计数据弄虚作假　人大监督求实认真——湖北省人大常委会依法监督见成效",42
"1999.3.22","湖北发现原始社会晚期遗址",42
"1999.3.23","湖北三百万民工有序流动",42
"1999.4.4","湖北告别挑土筑堤老办法　堤身固化防渗基础险点“加盖”",42
"1999.4.5","坚强的政治保证——湖北国有亏困企业党建工作纪实",42
"1999.4.6","“青龙”腾飞乌云山——湖北省英山县科技兴茶纪事",42
"1999.4.6","在我国东北大小兴安岭地区，居住着以狩猎闻名的鄂伦春族，由于自然条件的变化和社会的发展，他们放下了猎枪，走下山来。如今的鄂伦春人生活得怎么样？林海深处鄂伦春",42
"1999.4.7","湖北建始县的刘银昌，在家乡官店镇当了十二年的党委书记，他最操心的是农产品销售问题。他感叹，农民生产的东西不能顺顺当当变成钱——“关键是没得稳定销售渠道”",42
"1999.4.8","宜昌乡镇推行会计委派制",42
"1999.4.8","“修、管、防、抢”责任一体险工险段重点整治湘鄂切实做好防汛准备",42
"1999.4.8","湖北政协调查显示科技人员现状堪忧分布不合理使用效益低队伍欠稳定",42
"1999.4.13","鄂州国税局狠抓“五好”班子建设",42
"1999.4.16","胡忠青，湖北丹江口人，干部——适者生存",42
"1999.4.23","湖北洪湖实行乡镇“一把手”上岗承诺制",42
"1999.4.26","在外人看来，供电站和变电站本应是一家，可在湖北潜江市却发生了供电站冲击变电站的事件——有便宜电为啥不让用",42
"1999.4.28","荆州市树立人大代表形象",42
"1999.4.28","关注社会焦点加大监督力度——孝感市人大常委会工作纪略",42
"1999.5.5","优势互补  互惠互利　宜昌化对口优势为经济优势",42
"1999.5.6","仙桃：推进优质早稻产业化",42
"1999.5.12","黄石汽车消费信贷一条龙　从办理贷款到办完营运手续只需一天",42
"1999.5.17","咸宁人行搞好支农再贷款投放　东城地税对税款应收尽收　“北京VISA欢迎您”活动结束",42
"1999.5.19","统一组织  一次进户  各税统查　湖北国税力治重复检查",42
"1999.5.23","春潮激荡的土地——来自湖北灾区的报告",42
"1999.5.25","湖北汽车工业“减肥”　重点支持东风百万辆工程",42
"1999.5.26","十堰市人大常委会：选择典型案例  增强监督实效",42
"1999.5.28","魏光辉，湖北十堰人，教师——让孩子挺直腰杆",42
"1999.5.28","张勇，湖北丹江口人，教师——适得其反",42
"1999.5.28","曾维春，湖北荆门人，教师——考级不是考钱",42
"1999.5.29","鄂州实施绿色工程",42
"1999.6.1","江泽民在湖北考察工作时强调  继续深化国企改革开拓新的发展路子",42
"1999.6.1","仙桃市场为何这般火？",42
"1999.6.4","群枝芜蔓怎胜一花怒放  湖北依托东风培育支柱产业",42
"1999.6.7","攻坚跃上致富路——湖北省黄冈市扶贫脱困纪实",42
"1999.6.7","武警湖北总队广开言路找问题",42
"1999.6.7","“东风”吹“沸”湖北汽车工业",42
"1999.6.10","为人民理好财——记湖北省仙桃市财政局党委",42
"1999.6.11","孝感供电局建立领导廉政档案",42
"1999.6.23","湖北人大设代表专线",42
"1999.6.24","高路云端奔小康——记湖北保康县尧治河村领头人孙开林",42
"1999.7.1","孝感供电局党委夯实党建基础",42
"1999.7.3","宜昌市出租汽车管理应规范",42
"1999.7.5","拖拉机拖不动费　湖北一些地方对拖拉机收费繁多，多的一年要交六千多元",42
"1999.7.6","着力于整改着眼于建设　黄石请群众评议机关作风",42
"1999.7.7","随州人大开展土地执法监督",42
"1999.7.8","满目青山鸟归巢　随州封山造林绿成荫",42
"1999.7.8","三峡猿声啼不住　宜昌善待动物生态美",42
"1999.7.9","潜江实行村民自治扩大基层民主",42
"1999.7.16","诗集《鄂西倒影》出版",42
"1999.7.19","《外资保险在中国》出版发行　黄石东贝B股在上交所上市　人民大学安宝精算中心成立　无锡地税推行“首问责任制”",42
"1999.7.20","湖北湖南江西广大军民严阵以待　做好防汛工作确保安全度汛",42
"1999.7.23","临近二十一世纪，我国九亿农民的文化素质究竟如何？他们的文化环境怎样？部分全国政协委员最近赴广东、湖北考察，他们总结说——农村文化建设任重道远",42
"1999.7.30","张勇，湖北丹江口人，教师——鬼怪可以休矣",42
"1999.7.31","湖北部署深入揭批“法轮功”",42
"1999.8.2","清华学生创业公司获风险投资巩义国税严格考核促税收湖北省地税局清查假发票",42
"1999.8.2","湖北建成首座LPG加气站",42
"1999.8.3","违规投资食苦果——人保湖北省分公司鄂州钢厂的调查",42
"1999.8.4","湖北人大关注　长江　防洪工程",42
"1999.8.6","湖北开展科教扶贫采访活动",42
"1999.8.10","湖北劲牌酒业公司重视企业党建工作",42
"1999.8.12","遏制公款吃喝规范招待行为——湖北枣阳市杨当镇加强村组招待费管理",42
"1999.8.16","中保康联寿险公司将成立联合打击外汇黑市见效广东海关提前完成全年税收荆门中行助企业出口创汇修水建行经营连年创佳绩",42
"1999.8.17","为了赢得治安工作主动权湖北切实加强基层派出所建设",42
"1999.8.17","减免收费贫者欢颜十堰两万穷病人脱离疾苦",42
"1999.8.22","村干部减少十一万农民可减负三亿元湖北村级班子“消肿”",42
"1999.8.30","从“水袋子”、“旱包子”到“米袋子”——湖北农业综合开发综述",42
"1999.8.30","水灾管理中风险转移研讨会举行中行澳门分行举行迎回归知识竞赛泰安国税以良好形象促税收增长孝感市农发行确保夏收资金供应",42
"1999.9.3","孝感加强粮改执法监察",42
"1999.9.8","湖北省江陵县  随意克扣乡镇教师工资",42
"1999.9.14","鄂尔多斯第一城—东胜",42
"1999.9.20","鄂尔多斯新的聚宝盆（）",42
"1999.9.24","湖北　民间文艺大展演",42
"1999.10.9","全国人大常委会义务教育法执法检查组召开第二次会议通报湖北新疆执法检查情况",42
"1999.10.12","鄂尔多斯盆地富含地下水",42
"1999.10.13","湖北省第十届运动会落幕",42
"1999.10.14","试看荆楚新杏坛——随全国人大义务教育执法检查组赴鄂采访手记",42
"1999.10.14","鄂伦春人走向市场",42
"1999.10.16","“科技帮扶”谨防骗子——湖北京山县一起农民受骗案的调查",42
"1999.10.22","统一思想明确任务加强领导　湖北确保人民日报发行稳中有升",42
"1999.10.24","聘请党外人士监督　湖北强化土地管理",42
"1999.10.25","50年勘探揭开古老盆地神秘面纱　鄂尔多斯盆地是个“聚宝盆”",42
"1999.10.26","荆门市委组织部坚持不懈抓部风",42
"1999.10.29","湖北省委党校给国企智力支持",42
"1999.10.29","黄晓鸣，湖北人，干部——光“闹”不行",42
"1999.11.2","荆门东宝区为农民减负一千万",42
"1999.11.4","从湖北咸宁市的消费现状，看——欠发达地区消费需求缘何难启动？",42
"1999.11.8","吴仪在湖北考察时指出中西部地区要抓住机遇扩大开放",42
"1999.11.8","海南湖北确定淘汰氟利昂时间表",42
"1999.11.11","全国青联希望小学在湖北蕲春落成",42
"1999.11.12","邹勇湖北南漳人，干部——要营造一种文化氛围",42
"1999.11.15","恩施市国税局提前完成全年任务",42
"1999.11.18","边整边改加强督办湖北地市厅局“三讲”教育讲求实效",42
"1999.11.20","清债务减负担办实事顺民意　湖北着力改善农村经济环境",42
"1999.11.23","岂能钻企业改制空子——对湖北部分企业逃废工商银行债务情况的调查",42
"1999.11.23","鄂州地税局认真抓好领导干部理论学习",42
"1999.11.24","实施素质教育带来新观念新思路　教育创新为振兴湖北开路",42
"1999.11.24","与民并肩行续圆长安梦——湖北省咸宁市公安局咸安分局创建“平安大道”纪实",42
"1999.11.24","孝感建议得落实市容大变样",42
"1999.11.25","中间站不能站中间——对咸宁车务段“引流开车，以客补货”的调查",42
"1999.11.27","鄂西人的“农业银行”",42
"1999.12.2","鄂西林渐茂",42
"1999.12.3","利用职务之便收受贿赂　原湖北省副省长孟庆平被判刑",42
"1999.12.5","湖北“教授公司”开拓市场在九省建立三十四个示范点",42
"1999.12.6","恩施国税“特别回执”受纳税人欢迎",42
"1999.12.9","孝感确保粮棉收购全额付现",42
"1999.12.10","周晓胜，医生，湖北松滋人——明星慎出书",42
"1999.12.11","湖北一些地方：公路“三乱”又抬头",42
"1999.12.14","湖北钟祥市旧口工商行政管理所对一假烟工厂罚款放行　是打假还是假打？",42
"1999.12.15","孝感创建平安大道有成效",42
"1999.12.16","长江治水的历史性跨越——湖北人民战胜’99长江大洪水纪实",42
"1999.12.23","三亚瞄准难题边整边改　鄂州转变作风注重实效",42
"1999.12.30","规范政府行为切实为民服务　鄂州加大依法治市力度",42
