﻿"index","news_title","prov_cde"
"1999.1.4","四川发展高科技成效显著　全省去年高新技术产业工业总产值达380亿元",51
"1999.1.5","绵阳建四川第二大航空港",51
"1999.1.8","四川新疆农业再夺大丰收",51
"1999.1.11","四川百万贫困人口越过温饱线",51
"1999.1.12","成都发现史前文化遗址　填补考古地层学空白",51
"1999.1.13","领导重视转变观念措施有力　绵阳扎实抓好国企下岗职工再就业",51
"1999.1.14","成都“下岗军嫂优先就业”步入正轨",51
"1999.1.17","成都　济困动真情　关怀暖人心",51
"1999.1.18","四川省国税完成全年征收任务",51
"1999.1.20","发动社会力量广开就业渠道　四川优抚工作路子越走越宽",51
"1999.1.21","四川招商引资升幅大",51
"1999.1.22","四川微水工程成效大",51
"1999.1.24","抗旱夺丰收防汛保平安成都大搞农田水利建设",51
"1999.1.24","四川重庆联合出版巴蜀典籍",51
"1999.1.25","强化机制学用结合　四川加强领导干部理论学习",51
"1999.1.26","肖扬在四川考察时强调　自觉维护和实现司法公正",51
"1999.1.27","北京下岗职工六成再就业　四川32万国企职工重上岗　武汉形成再就业市场体系　青岛下岗职工安置率65％",51
"1999.1.28","泸州至北京航线开通",51
"1999.1.28","全国男篮甲A联赛第十轮　首钢京师连败四川蓝剑险胜",51
"1999.1.29","四川百万人口　去年摆脱贫困",51
"1999.1.30","中国网球协会一级俱乐部注册开始　四川汇通网球俱乐部荣获头牌",51
"1999.2.1","温家宝在四川农村考察时强调　关心农民生活维护农村稳定",51
"1999.2.1","全国排球联赛战罢第三轮　四川男排上海女排列积分榜首",51
"1999.2.2","四川去年劳务输出收入逾百亿",51
"1999.2.2","开发智力资源推广科学种田　四川科普工作带动民富乡强",51
"1999.2.3","广元创出东西部合作新天地",51
"1999.2.3","农民禁毒宣传队从成都启程（）",51
"1999.2.8","全国排球联赛第四轮成都部队男排发挥出色",51
"1999.2.8","四川建成滑雪场（）",51
"1999.2.9","四川农业产业化农民增收去年销售收入逾十七点八亿元",51
"1999.2.11","贫困县的窗口——记四川省扶贫开发区",51
"1999.2.12","宜宾建成金属锂生产线",51
"1999.2.12","成都麻辣烫",51
"1999.2.15","四川省领导慰问干部群众",51
"1999.2.15","十年不懈扶贫山丘面貌改观　成都十二万贫困农户脱贫奔小康",51
"1999.2.16","成都时兴冰雪运动旅游",51
"1999.2.19","四方宾客畅游贵州　梅展灯会装点成都",51
"1999.2.21","四川省重组科学仪器资源",51
"1999.2.22","四川面向全国建“菜篮子”　北仑港节期抢运化肥忙",51
"1999.2.23","四川社会保险事业稳步发展",51
"1999.2.24","改变家乡面貌的人——记四川省九届人大代表、大竹县竹阳村党总支书记潘建华",51
"1999.2.25","全国男篮甲A联赛第15轮　四川篮剑队击败江苏南钢队",51
"1999.2.26","四川节后头件事春耕备耕抓管理　河南农村新景象抗旱浇麦保丰收",51
"1999.2.28","黎可漂总书记在四川访问",51
"1999.3.3","四川政法机关启动“形象工程”",51
"1999.3.4","全国男篮甲A联赛第十七轮　四川蓝剑爆冷  北京奥神连胜",51
"1999.3.5","四川男排终止与春泉集团合作",51
"1999.3.8","稳中求发展  进中增效益——访四川代表团团长谢世杰",51
"1999.3.9","各地加强农村基层组织建设　四川打破常规选拔干部　安徽为农村党员“加油”",51
"1999.3.10","四川佛兰排球俱乐部成立",51
"1999.3.10","突出重点  抓好监督——四川省人大行使权力纪实",51
"1999.3.11","朱镕基参加广东四川代表团讨论时指出　加大执法力度  整顿经济秩序",51
"1999.3.13","李鹏参加四川代表团审议时指出　要更好地发挥人大代表的作用",51
"1999.3.13","扶贫攻坚常抓不懈——访四川巴中地区行署专员李克明代表",51
"1999.3.16","长治久安的根本保证——四川代表谈依法治国",51
"1999.3.17","第四届全国农运会明年十月举行　四川绵阳市筹备工作进展顺利",51
"1999.3.17","国门卫士  文明使者——成都边防检查站文明执勤侧记",51
"1999.3.18","四川工业学院改革用人机制",51
"1999.3.23","四川基础设施建设拉动经济增长　去年全社会固定资产投资总额1180亿元",51
"1999.3.23","全军美术创作研讨会在成都召开",51
"1999.3.24","四川广汉清泉公司为灾区赠肥",51
"1999.3.25","英姿飒爽竞风流——记武警四川省总队女子特警队",51
"1999.3.26","成都军区某分部支持驻地建设",51
"1999.4.1","男篮联赛山东永安无缘四强　四川吉林保级有望",51
"1999.4.2","足球甲A战罢三轮　北京国安四川全兴捷足先登　大连万达上海申花尚未发力",51
"1999.4.5","加大教育力度认真自查自纠四川抓好国企领导干部廉洁自律",51
"1999.4.7","四川屏山生态环境令人担忧",51
"1999.4.9","进教材进课堂进头脑　四川高校邓小平理论教育卓有成效",51
"1999.4.10","’99中国体育用品博览会将在成都举行",51
"1999.4.13","继承与创新之路——记中国中医研究院广安门医院",51
"1999.4.19","四川男排再夺全国冠军　辽宁江苏男排降级成定局",51
"1999.4.23","江泽民在成都主持召开四省市国有企业改革和发展座谈会强调　坚定信心开拓前进打好国企改革和发展攻坚战",51
"1999.4.24","江泽民在四川考察时强调　面向市场深化改革开创国企发展新局面",51
"1999.4.24","总书记凉山再访彝寨",51
"1999.4.26","四川工业首季开门红",51
"1999.4.26","足球甲A联赛重开战局　申花客场胜国安四川全兴保不败",51
"1999.4.28","成都至邦达航线安全飞行四周年",51
"1999.4.28","四川61个建设项目节节推进长虹将上马年产100万台空调的扩建项目",51
"1999.4.30","加大执法检查力度限期治理达标排放　四川整治沱江岷江流域污染",51
"1999.5.3","发扬苦干精神  推广巴中经验　四川打响扶贫攻坚总体战",51
"1999.5.4","运用高新技术  改造传统产业  德阳利用CAD技术获实效",51
"1999.5.10","甲A联赛波澜迭起走势大乱　四川全兴三连败  辽宁三强皆输球",51
"1999.5.12","四川一暴力抗税者被判刑",51
"1999.5.14","西安——成都微波扩容工程验收",51
"1999.5.17","加快基础设施建设  拉动内需刺激消费　四川61个重点项目进展顺利",51
"1999.5.19","资产重组调结构  机制转换增活力　绵阳国企走向市场创业",51
"1999.5.19","遂宁开发区工商分局强化拍卖监管",51
"1999.5.21","偷改运动员资格遭严惩  四川蓝剑男篮降为B组",51
"1999.5.25","武警峨眉山中队保护动植物资源",51
"1999.5.25","攀枝花开别样红",51
"1999.5.26","四川中江县公安从严治警",51
"1999.5.26","川北大门的“铁警”——记全国优秀公安局广元市中区公安分局",51
"1999.5.30","明确战略目标  稳步推进改革　成都积极转化科技成果振兴经济",51
"1999.5.31","深化改革  稳中求胜　建行绵阳分行集约化经营见成效",51
"1999.6.2","四川乡级领导结构改善",51
"1999.6.5","亚洲排球俱乐部赛四川队三连胜",51
"1999.6.6","旧貌展新颜——四川巴中扶贫攻坚纪实",51
"1999.6.6","张中伟任四川省代省长",51
"1999.6.6","一个15岁的初中学生，当火车呼啸而来、耳聋的老人就要被碾进车轮之下时，她冲上去救出了老人，自己却倒在血泊之中……嘉陵江畔，歌乐山下，人们在传颂着——陈渝——舍己救人的小英雄",51
"1999.6.7","成都形成多元化流通格局",51
"1999.6.7","亚排联杯男子俱乐部赛　四川佛兰队夺冠",51
"1999.6.10","四川：信息产业高速发展",51
"1999.6.10","武警眉山支队积极与驻地开展共建",51
"1999.6.10","四川省委书记到巴中地区考察，看到了贫困地区发展的希望，看到了农村建设的美好前景，也看到了人民公仆的好形象……移风易俗气象新",51
"1999.6.11","《目击暴行》摄影展在兰州成都举行",51
"1999.6.12","质的突破——武警四川总队党委提高理论学习质量纪实",51
"1999.6.14","四川支持部队“科技练兵”",51
"1999.6.20","喷火燃烧式火花塞在成都研制成功",51
"1999.6.21","武警四川总队为战士成才铺路搭桥",51
"1999.6.23","中国体育用品博览会10月在成都举行",51
"1999.6.23","走向法治——四川省人大常委会立法回眸",51
"1999.6.25","李雪阳，成都人，干部——何必考级",51
"1999.6.28","谢里夫总理访华前夕表示  巴中友谊堪称典范",51
"1999.7.2","德阳艺术墙",51
"1999.7.5","成都活水公园获环境设计奖",51
"1999.7.8","眉山高起点构建人才优势",51
"1999.7.11","成都机场高速公路建成通车",51
"1999.7.16","崔雨风，成都人，干部——别太离奇",51
"1999.7.19","工行与四川长虹全面合作",51
"1999.7.21","让绿色与大地相拥——全国人大常委会赴广西、四川森林法执法检查综述",51
"1999.7.22","眉山党政干部大兴学习之风",51
"1999.7.22","四川党外人士举行座谈会　强烈谴责李登辉所谓“两国论”",51
"1999.7.23","刘文舟，四川宣汉人，干部——也是一种艺术",51
"1999.7.23","四川电视节今秋在成都举行",51
"1999.7.28","四川：加强教育转化工作",51
"1999.7.28","巴旁遮普省希望加强巴中合作",51
"1999.8.2","“法轮功”在四川牟暴利　仅销售三种宣传品就敛财三百五十万元",51
"1999.8.3","精心准备密切配合　四川追逃斗争首战告捷",51
"1999.8.4","把患者放在首位——记四川省人民医院",51
"1999.8.5","成都村干部带领农民步入小康",51
"1999.8.6","四川公安机关查明　“法轮功”组织曾密谋安排“第二梯队”",51
"1999.8.10","花旗银行在成都设立代表处",51
"1999.8.10","量才推岗有序流动　成都全面推行机关干部轮岗交流",51
"1999.8.10","生命保护神——记成都市第三人民医院",51
"1999.8.13","四川南充老区基本脱贫",51
"1999.8.14","全国网球联赛　成都武汉赛区开战",51
"1999.8.16","四川农业生产稳定工业效益好转",51
"1999.8.17","武警四川总队扶贫帮困建学校",51
"1999.8.17","国务院扶贫办强调学习“巴中经验”搞好扶贫攻坚",51
"1999.8.17","卡多佐电贺巴中建交二十五周年",51
"1999.8.18","四川重奖杰出科技人员",51
"1999.8.18","投资八千万引来九个亿广元旧城改造闯新路",51
"1999.8.20","加强硬件建设提高学员素质　成都军医学院校园文化丰富多彩",51
"1999.8.24","成都军区某部学习澳门基本法",51
"1999.9.1","武警凉山州支队开展“医疗扶贫”",51
"1999.9.1","四川：确保公费优先订阅　湖南：督促检查抓好落实",51
"1999.9.1","成都市给古树名木戴上“安全帽”",51
"1999.9.3","成都兴建教育产业园区",51
"1999.9.7","四川农业稳步发展",51
"1999.9.8","成都铁路警方：严查“法轮功”非法宣传品",51
"1999.9.14","朱镕基在四川考察工作时强调　坚定不移贯彻可持续发展战略　坚持不懈推进天然林保护工程",51
"1999.9.15","为使天府水更秀——四川省人大常委会保护生态环境纪实",51
"1999.9.19","“巴中友好周”活动开幕",51
"1999.9.20","峨眉山：依山建市城乡协调发展　库尔勒：育人治城建设边陲明珠",51
"1999.9.22","巴总统出席巴中友谊50年集会",51
"1999.9.27","“我们与中国同庆”——巴中友好周系列活动侧记",51
"1999.10.9","李鹏在四川考察工作强调做好人大监督工作，支持司法公正；落实四中全会精神，推动国企改革和发展",51
"1999.10.12","既给动力又给压力　绵阳国企经营管理者试行年薪制",51
"1999.10.14","广安电信局着力提高服务水平",51
"1999.10.15","黄寰，四川成都人，硕士研究生——拧干水分",51
"1999.10.18","四川发现野生梅花鹿种群",51
"1999.10.20","四川120个县启动退耕还林试点工程",51
"1999.10.21","’99中国体育用品博览会在成都开幕",51
"1999.10.22","全国竞赛工作会议在成都召开",51
"1999.10.25","四川农大科技援建武警部队",51
"1999.10.25","成都军区四二医院竭力为部队服务",51
"1999.10.27","热血铸天平——记四川省眉山地区中级人民法院院长王勇",51
"1999.10.28","出海通道显魅力捷足先登抢市场　四川300家企业亮相南宁",51
"1999.10.29","四川人武系统扶贫攻坚获进展",51
"1999.11.10","发挥资源优势增大科技含量四川加快中药科技产业发展",51
"1999.11.11","武警四川总队“解困工程”告捷",51
"1999.11.14","早规划早发动早准备早动工　四川加快改造中低产农田",51
"1999.11.18","安徽召开党报党刊发行再动员会成都市采用新方式发行效果显著",51
"1999.11.19","四川群众文化生活丰富活跃",51
"1999.11.23","四川招商引资稳步上升　截至目前，全省利用外资金额已达一百三十亿美元",51
"1999.11.24","成都公安树立行业新风",51
"1999.11.25","加大投入解决指标或转公办或改他行　四川“民办教师”已成历史名词",51
"1999.11.27","巴勒斯坦领导人盛赞巴中友谊",51
"1999.12.3","歌乐山作证",51
"1999.12.4","四川省军区着力提高基层　政治主官思想政治素质",51
"1999.12.6","加快基础设施建设营造良好投资环境四川积极迎接西部大开发热潮",51
"1999.12.17","李雪阳，四川人，职员——起点不高",51
"1999.12.17","高均强，四川人，编辑——不妨简练些",51
"1999.12.21","成都：张灯结彩庆团圆",51
"1999.12.25","四川省足协申办二○○四年亚洲杯",51
"1999.12.28","建章立制措施落实责任到人　四川致力绿化造林治水兴蜀",51
