﻿word,n,type
经济,102,economy
企业,72,economy
市场,67,economy
公司,54,economy
集团,50,economy
工业,33,economy
产业,32,economy
投资,29,economy
国企,25,economy
致富,14,economy
案,24,legal
三个代表,18,legal
人大常委会,18,legal
执法,18,legal
法律,18,legal
法律,18,legal
法院,18,legal
警方,18,legal
违纪,16,legal
边防,16,legal
公安局,16,legal
案件,15,legal
检察机关,15,legal
检察院,15,legal
查获,19,legal
查获,19,legal
走私,19,legal
地税局,14,legal
政治,67,politics
人大代表,28,politics
人大,24,politics
党建,21,politics
江泽民,45,politics
三讲,39,politics
书记,39,politics
李岚清,31,politics
朱镕基,22,politics
胡锦涛,15,politics
党员,13,politics
领导,39,politics
农业,56,rural
农村,54,rural
农民,54,rural
乡镇,13,rural
科技,65,technology
高新技术,28,technology
生命,15,technology
研究,15,technology
科学,14,technology
国税局,18,
　,1153,
的,412,
在,361,
工作,209,
发展,158,
建设,156,
全国,145,
为,136,
记,136,
纪实,131,
教育,123,
举行,115,
和,115,
将,114,
国际,113,
干部,111,
深圳,110,
与,93,
思想,91,
时,88,
加强,86,
新,79,
中国,78,
改革,70,
开展,69,
考察,68,
南京,67,
活动,67,
人,65,
广州,65,
强调,65,
开发,64,
工程,63,
服务,62,
联赛,61,
举办,59,
大,59,
群众,59,
对,57,
管理,57,
青岛,57,
被,55,
一,54,
实施,54,
武警,54,
调查,54,
了,53,
等,53,
是,52,
以,51,
向,51,
推进,51,
不,48,
成立,48,
城市,46,
成都,46,
让,46,
文化,45,
有,45,
年,44,
加快,43,
支队,43,
文明,42,
旅游,42,
西部,42,
医院,41,
开幕,40,
抓,40,
提高,40,
访,40,
创新,39,
加大,39,
实现,38,
杭州,38,
环境,38,
要,38,
亿元,37,
保护,37,
特大,37,
全面,36,
好,36,
安全,36,
男篮,36,
纪事,36,
合作,35,
增长,35,
支持,35,
建立,34,
推出,34,
沪,34,
监督,33,
中,32,
人民,32,
公安,32,
积极,32,
上,31,
到,31,
会议,30,
力度,30,
又,30,
多,30,
实行,30,
维护,30,
获,30,
问题,30,
把,29,
珠海,29,
社区,29,
结束,29,
中心,28,
依法,28,
参加,28,
第一,28,
人才,27,
促进,27,
创建,27,
制度,27,
启动,27,
总队,27,
技术,27,
指出,27,
推行,27,
月,27,
济南,27,
生产,27,
申奥,27,
3,26,
三,26,
坚持,26,
大会,26,
政府,26,
治理,26,
石家庄,26,
郑州,26,
重点,26,
代表团,25,
原,25,
学生,25,
环保,25,
结构调整,25,
长沙,25,
世界,24,
事故,24,
从,24,
召开,24,
地,24,
地区,24,
海关,24,
特色,24,
研讨会,24,
优势,23,
出,23,
出席,23,
效益,23,
社会,23,
精神,23,
访问,23,
进行,23,
首次,23,
A,22,
公开,22,
建成,22,
开通,22,
强化,22,
汕头,22,
看,22,
秦皇岛,22,
组织,22,
走,22,
代表,21,
八一,21,
公路,21,
再,21,
南京大屠杀,21,
培养,21,
政策,21,
李鹏,21,
甲,21,
系统,21,
转变,21,
重视,21,
一个,20,
个,20,
促,20,
办实事,20,
名,20,
学校,20,
市民,20,
整治,20,
查处,20,
注重,20,
百姓,20,
确保,20,
职工,20,
表示,20,
调整,20,
铁路,20,
2000,19,
做好,19,
唐山,19,
徐州,19,
成为,19,
扶贫,19,
电,19,
苏州,19,
进,19,
报告,18,
8,18,
一批,18,
厦门,18,
后,18,
改造,18,
教师,18,
用,18,
规范,18,
解决,18,
贷款,18,
赴,18,
首都,18,
5,17,
产品,17,
京,17,
任,17,
优化,17,
保,17,
全力,17,
南宁,17,
历史,17,
四,17,
回到,17,
增加,17,
宁波,17,
家,17,
我国,17,
持续,17,
生态,17,
申办,17,
稳定,17,
突破,17,
经营,17,
绿色,17,
网络,17,
要求,17,
万,16,
京沪,16,
侧记,16,
切实,16,
创,16,
博览会,16,
发挥,16,
受,16,
可,16,
周年,16,
基层,16,
大学生,16,
学习,16,
廊坊,16,
建,16,
开放,16,
情况,16,
战略,16,
投入,16,
探索,16,
改善,16,
正式,16,
法轮功,16,
生活,16,
税收,16,
素质教育,16,
继续,16,
营造,16,
质量,16,
赛,16,
近,16,
送,16,
逾,16,
青少年,16,
项目,16,
高速公路,16,
10,15,
一起,15,
二,15,
人员,15,
促发展,15,
保定,15,
做,15,
制定,15,
同志,15,
奥申委,15,
奥运会,15,
实践,15,
审议,15,
市长,15,
扎实,15,
日本,15,
春节,15,
来自,15,
比赛,15,
现代化,15,
落实,15,
计划,15,
资金,15,
队伍,15,
附属,15,
集中,15,
上半年,14,
下乡,14,
严重,14,
为了,14,
作风,14,
出口,14,
基本,14,
大力,14,
小学,14,
市,14,
广告,14,
引导,14,
推动,14,
提出,14,
搞好,14,
改进,14,
更,14,
有关,14,
桂林,14,
检查,14,
济宁,14,
百万,14,
石家庄市,14,
移民,14,
纪念,14,
结构,14,
认真,14,
论坛,14,
责任,14,
迎接,14,
高,14,
下,13,
作,13,
农行,13,
出台,13,
办学,13,
十,13,
发生,13,
基地,13,
基础,13,
处理,13,
就,13,
已,13,
并,13,
开始,13,