﻿"index","news_title","prov_cde"
"1997.1.3","温州实施开发海洋战略",33
"1997.1.7","浙江文艺出版社抓精品出效益",33
"1997.1.8","为了过上一个暖融融的新年浙江发动经济强县群众向灾民捐献衣物湖南对特困企业职工实行领导包干负责",33
"1997.1.8","科研促进产业企业反哺科研浙江科研院所进入良性循环",33
"1997.1.11","知民心顺民意——浙江绍兴市市长纪根立一席谈",33
"1997.1.14","杭州绕城公路一期工程通车",33
"1997.1.23","他们是最可爱的人——杭州海关缉私关员采访录",33
"1997.1.24","钢铁大桥子弟兵——武警浙江总队一支队三中队纪事",33
"1997.1.27","北京金华铭办公设备公司开业",33
"1997.1.27","高校篮球精华聚杭州",33
"1997.1.29","大学生篮球赛浙大两战两胜",33
"1997.1.29","还青山本来面目——温州市整治滥建坟墓工作取得成效",33
"1997.1.30","温州爱心献南部",33
"1997.1.31","收购资金兑现到位苏浙川完成棉花收购任务",33
"1997.2.4","绍兴农行确保支农资金安全",33
"1997.2.4","浙江供销系统积极参与农业开发",33
"1997.2.6","浙江“打假”净化节日市场",33
"1997.2.13","浙江山区加快脱贫步伐一批贫困县摘掉穷帽",33
"1997.2.13","浙江经济运行良好生产总值逾４１５０亿",33
"1997.2.14","让山里的凤凰飞起来——金华职校办学纪实",33
"1997.2.15","温州：高扬文化旗帜",33
"1997.2.16","浙江大力建设现代农业园区",33
"1997.2.17","湖州开发区势头好",33
"1997.2.17","让乌篷船荡清波再现水乡社戏景绍兴实施“碧水工程”",33
"1997.2.18","浙江开发出蚕基因丙肝疫苗",33
"1997.3.4","乔石与浙江代表审议政府工作报告指出加强农业基础发展乡镇企业",33
"1997.3.10","加强监督依法治省——访人大代表、浙江省人大常委会副主任许行贯",33
"1997.3.10","全国男篮甲级联赛开始保级战北京浙江首战得胜",33
"1997.3.11","光明使者——记浙江省电力系统青年志愿者服务队",33
"1997.3.12","温州第二次创业的思考",33
"1997.3.12","扶贫，从计划机制转向市场机制——浙江鄞县、景宁结对扶贫十二年的启示",33
"1997.3.17","中国记协在宁波召开工作会议提出推动新闻界坚持正确舆论导向",33
"1997.3.19","新生记——宁波宁动集团公司怎样扭亏增盈",33
"1997.3.20","温州人以质量求生存（）",33
"1997.3.24","宁波日报社新闻扶贫到山乡",33
"1997.3.27","北京男篮大胜浙江队保住甲级有望尚待最后一搏",33
"1997.3.28","浙江最大现代农业园区启动",33
"1997.3.28","全国人大常委会将开展执法检查检查浙江等六省市食品卫生法实施情况",33
"1997.3.31","浙江建设首批“五自”水库",33
"1997.4.3","走向社会化——温州市职工体育调查之一",33
"1997.4.4","代代学人勤耕耘求是校风育人杰浙江大学喜庆百年华诞江泽民李鹏乔石李瑞环刘华清题词",33
"1997.4.4","基层是基础——温州市职工体育调查之二",33
"1997.4.8","金华私营企业向下岗职工敞开大门",33
"1997.4.9","办成社员自己的银行——从浙江海宁看农村信用社改革",33
"1997.4.10","宁波举行投资环境说明会",33
"1997.4.17","柴松岳任浙江省代省长",33
"1997.4.18","八方“龙井”进杭城浙江茶“借名”发展",33
"1997.4.20","国产电视节目交易会将在杭州举行",33
"1997.4.21","宁波大榭岛跨海大桥兴建",33
"1997.4.22","乐山金华酿造厂半年停产税利不减",33
"1997.4.25","绿色的辉煌——浙江省奉化市滕头村见闻",33
"1997.5.1","杭州丝绸又进京",33
"1997.5.5","崇尚科学培育英才报效祖国杭州大学百年硕果累累江泽民李鹏乔石李瑞环荣毅仁等题词",33
"1997.5.5","新疆农民下海在浙江（）",33
"1997.5.12","青岛：结构调整与分流安置同步杭州：转岗培训和职业介绍齐抓",33
"1997.5.12","杭州：转岗培训和职业介绍齐抓",33
"1997.5.19","杭州为农户编籍造册",33
"1997.5.20","追寻温州人",33
"1997.5.21","浙江实现耕地总量动态平衡本溪十上开发复垦八十九万亩土地",33
"1997.5.22","金华寿险帮助山区贫困学生",33
"1997.5.25","浙江关停一千六百多家污染企业",33
"1997.5.26","浙江斗门信息工程显威力",33
"1997.6.2","水乡又名摄影乡“闰土”拍出新世界绍兴县千名少儿迷摄影",33
"1997.6.3","杭州新企业为下岗者留位",33
"1997.6.4","全面调整加强基层社浙江供销社盈利居全国同行之首",33
"1997.6.5","捐物资立项目建设施办学校浙江热情扶持南充市脱贫",33
"1997.6.10","杭州江干区财税局实施内部待岗制",33
"1997.6.16","司马义·艾买提在浙江考察时强调做好民族宗教工作促进社会稳定",33
"1997.6.17","浙江中小学停止征订辅导材料",33
"1997.6.20","杭州乡企经营从粗放走向集约",33
"1997.6.23","北京有个大红门，由于浙江人聚居，被人们称为“浙江村”。有人说“浙江村”的出现活跃了城市经济；也有人说“浙江村”乱了京郊秩序。围绕“浙江村”的话题引起社会关注的是——大红门的变迁",33
"1997.6.24","澳门将开辟至杭州等６个城市新航线",33
"1997.6.26","杭州：大饼油条出“精品”",33
"1997.7.7","昔日走南闯北做生意如今南下北上争种田浙江１０万农民跨出家门务农搞开发",33
"1997.7.8","着眼于育人——记杭州二中党总支",33
"1997.7.11","两袖清风的“亿万富翁”——记浙江省优秀共产党员蒋梦兰",33
"1997.7.12","全国男篮甲Ｂ联赛爆冷黑龙江队击败浙江队",33
"1997.7.13","江西浙江奋起抗洪抢险",33
"1997.7.13","“鸦战争”在舟山",33
"1997.7.14","浙江两年建初中１００所",33
"1997.7.18","“异军”再飞跃——从柳市镇看温州乡镇企业的新变化",33
"1997.7.20","嘉兴近３万农村青年接受高等教育",33
"1997.7.24","杭州净水“走红”",33
"1997.7.31","金华农发行全力保收购",33
"1997.8.2","绍兴人的底蕴",33
"1997.8.5","舟山民航机场通航",33
"1997.8.6","“每日奉献十分钟，我为天堂添光彩”杭州市民讲文明从自身做起",33
"1997.8.6","衢州双港口立交桥建成通车",33
"1997.8.7","实施二次创业质量立市战略温州经济整体素质显著提高",33
"1997.8.10","发挥大中型骨干企业作用浙江工业企业效益增二成",33
"1997.8.12","湖州铁水中转港投入运行",33
"1997.8.13","公益使者在杭州",33
"1997.8.14","宁波：规范“窗口”",33
"1997.8.15","团结拼搏铸辉煌——记浙江东阳市优秀共产党员何时金",33
"1997.8.18","保旧城复风貌继文脉保重点金华加强文物保护",33
"1997.8.18","浙农大研制出天然饲料添加剂畜禽有了“新食品”",33
"1997.8.20","党中央国务院关注浙沪闽灾情江泽民李鹏亲切慰问１１号台风受灾干部群众",33
"1997.8.22","台风即将袭来省委省政府果断决策浙江百万受灾群众安全转移",33
"1997.8.22","乔石慰问浙江灾区军民",33
"1997.8.22","细严实——宁波推行执法责任制记事",33
"1997.8.24","富有实效的探索——台州市发展股份合作制纪实",33
"1997.8.24","修复水毁工程恢复通电通讯福建浙江灾区奋力抗灾自救",33
"1997.8.24","温州走俏“文明袋”",33
"1997.8.25","一把手抓第一生产力浙江实行科技进步目标责任制",33
"1997.8.26","李铁映在浙江考察时强调领导干部要当好“讲文明树新风”表率",33
"1997.8.26","男篮甲Ｂ联赛尚余一轮济南军区浙江中欣升级已定",33
"1997.9.2","麻醉药品为何“流”出医院？——浙江省一起特大贩卖杜冷丁案透视",33
"1997.9.4","杭州多家中型商场为何关门？",33
"1997.9.14","乔石参加浙江代表团讨论时指出十五大将对二十一世纪中国发展产生深远影响",33
"1997.9.26","绍兴“养猪状元”葛云明上大学",33
"1997.9.27","温州人下岗静悄悄",33
"1997.10.5","浙江鸿高足球俱乐部在杭成立",33
"1997.10.5","八运会艺术体操赛收兵江苏浙江各获一金",33
"1997.10.6","杭州家电集团有限责任公司成立",33
"1997.10.8","浙江好来西集团成立",33
"1997.10.10","茅以升建桥纪念碑在杭州揭幕",33
"1997.10.13","宁波举办首届国际服装节",33
"1997.10.15","浙中山区崛起五金城",33
"1997.10.19","浙江：山区脱贫靠开发",33
"1997.10.22","撒尼族的雄鹰——记自由式摔跤冠军金华林",33
"1997.10.23","金华旅游打特色牌",33
"1997.10.23","构筑治安防控网络开展五创安全活动绍兴社会治安持续稳定",33
"1997.10.23","金华：私企老板踊跃“深造”",33
"1997.10.26","飞吧，东方霓裳——宁波国际服装节剪影",33
"1997.10.27","乔石在浙江考察时强调抓住机遇深化改革大力发展新兴产业",33
"1997.10.29","严济慈书馆在金华开馆",33
"1997.11.1","围棋名手杭州对弈",33
"1997.11.5","尉健行在浙江考察时强调学习贯彻十五大精神切实加大反腐败力度",33
"1997.11.5","兼并与搬迁安置相结合浙江探索对口支援三峡新路",33
"1997.11.5","北京达因集团捐助浙江贫困地区",33
"1997.11.13","浙江天正集团让人才大展身手",33
"1997.11.14","浙江冬修海塘掀热潮到十一月上旬已完成土石方六千四百万立方米",33
"1997.11.17","浙江鼓励扶持花卉生产",33
"1997.11.17","宁波开通至欧洲集装箱周班航线",33
"1997.11.18","南湖红船映水天——嘉兴市精神文明建设纪实",33
"1997.11.19","综合执法保平安——浙江省组建公路巡逻民警队的启示",33
"1997.11.21","嘉兴进京打全国牌",33
"1997.11.22","杭州：满城书香",33
"1997.11.24","宁波收订数较去年同期大幅增长",33
"1997.11.25","陈俊生在浙江江苏考察工作时强调加快乡镇企业和供销合作社改革步伐",33
"1997.11.27","杭州整顿非法“洋打工”",33
"1997.11.27","为了肉食更精美——记浙江农大生物活性物质研究开发中心主任詹勇",33
"1997.11.27","“北方温州”",33
"1997.11.28","浙江检察机关加大反腐败力度",33
"1997.11.28","金钥匙打开东宝大门——记杭州东宝电器集团公司总经理任尧森",33
"1997.11.30","“未来世界”在杭州",33
"1997.12.3","万册《温州之谜》赠给贫困地区",33
"1997.12.4","宁波：涵养实力再腾飞",33
"1997.12.5","杭州为桥梁建健康档案",33
"1997.12.10","加大引资合作力度增强整体竞争能力杭州外向带动经济发展",33
"1997.12.14","“绿色照明”的飞跃——浙江阳光集团抓管理、抓科技、促发展",33
"1997.12.15","以群众方便为出发点以群众满意为落脚点浙江公安边防总队文明把关",33
"1997.12.18","杭州边检站加强职业道德教育",33
"1997.12.21","宁波港装卸量创新纪录",33
"1997.12.23","浙江县级人大换届选举试点顺利",33
"1997.12.25","第一长公路桥温州大桥合龙",33
"1997.12.25","宁波华茂集团捐资３００万元全国中小学劳动技术教育基金设立",33
"1997.12.26","“谁让咱是共产党员”——浙江省磐安县农村党员带领群众脱贫致富纪事",33
"1997.12.29","浙江实现基本“普九”和扫盲",33
