﻿"index","news_title","prov_cde"
"1997.1.2","平顶山资金投放推出“六看”茂名工行三管齐下帮“国企”",44
"1997.1.3","领导重视法律保证加强管理广东粮食从连续滑坡到连续增产",44
"1997.1.3","汕头推进安全文明小区建设",44
"1997.1.3","抓扫黄打非保市场繁荣广东音像市场走向规范管理",44
"1997.1.4","打捞中山舰进入倒计时",44
"1997.1.5","争分夺秒复产鼓足干劲自救湛江灾年夺丰收",44
"1997.1.6","省港杯足球赛结束香港队主场小胜广东队最终捧杯",44
"1997.1.8","清远扶贫新思路以迁移促进农业开发",44
"1997.1.8","围绕“五个好”目标扎扎实实抓基层广东建成二万七千个文明村",44
"1997.1.9","大户姓“国”小户姓“活”广州菜篮子常盛不衰多姿多彩",44
"1997.1.10","粤破获抢劫香港货柜车大案",44
"1997.1.13","纪念孙中山大型画册在澳门发行",44
"1997.1.15","边关文明之师——广东公安边防六支队沙头角模范中队新事",44
"1997.1.21","把握时机——记珠海格力中瑞表业有限公司",44
"1997.1.21","珠海建成圆明新园",44
"1997.1.22","广州军区基层党建成绩可喜立功受奖的官兵党员占八成以上",44
"1997.1.22","广东为清查地下光盘生产线有功者颁奖全国扫黄办分别发贺电和慰问信",44
"1997.1.23","广州形成制度",44
"1997.1.23","民政部广东省慰问驻港部队",44
"1997.1.24","阳江发展外出农村青年入党",44
"1997.1.24","瓦努阿总理在南京深圳访问",44
"1997.1.24","广东卫生扶贫制度化",44
"1997.1.27","广东海关税收创历史最高水平",44
"1997.1.28","珠海远方通用物资管理系统通过鉴定",44
"1997.1.29","一代名舰沉没江底５８年后重展风采中山舰整体打捞出水",44
"1997.1.29","靠高科技弘扬民族工业深圳亚奥新实业有限公司通信产品受青睐",44
"1997.1.30","避实而击虚——深圳创维电子公司的经营战略",44
"1997.1.30","一代名舰辉耀中华——写在中山舰出水之时",44
"1997.1.31","送戏万场到村口——广东农民好眼福",44
"1997.2.3","广州地铁东山口车站主体工程完工",44
"1997.2.3","学法明理——深圳市宝安区委书记梁道行谈外来人口普法教育",44
"1997.2.3","雪中送炭人——记汕头经纬集团有限公司董事局主席陈经纬先生",44
"1997.2.4","深圳港集装箱吞吐量大增",44
"1997.2.4","夜访佛山１１０",44
"1997.2.5","广东频频破获盗抢机动车案件",44
"1997.2.5","“五心”教育激荡南国油城茂名百万学生讲德行重修身",44
"1997.2.6","决战岂止在战场——广东省深挖地下光盘生产线斗争纪实",44
"1997.2.6","邹家华出席广州军民联欢晚会姜春云出席山东省春节团拜会",44
"1997.2.7","珠海边检总站笑迎港澳台胞",44
"1997.2.7","谢非走访广州市郊文明村慰问村干部给农民拜年",44
"1997.2.9","广东支援三峡工程资金逾两亿",44
"1997.2.12","广州建行开通外币自动兑换机",44
"1997.2.13","好校风带出好学生江门市财贸职中在校生１６年保持零犯罪",44
"1997.2.13","树立精品意识坚持质量第一广东人民出版社屡获书奖",44
"1997.2.13","经济越是发展越要重视精神文明建设——东莞市推进社会全面发展的调查与思考",44
"1997.2.14","湛江养牛见规模（）",44
"1997.2.16","深圳进出口贸易连年创佳绩",44
"1997.2.17","红绿灯下拓荒牛——记云浮市公安局交警支队长谢洪",44
"1997.2.17","中山博爱之歌",44
"1997.2.17","香港—深圳马拉松赛创赛会纪录肯尼亚中国选手分获男女冠军",44
"1997.2.17","男篮联赛烽烟再起上海广东两强败北",44
"1997.2.17","中瑞女足肇庆再战主队净胜两球",44
"1997.2.18","邹家华在广东考察时指出要把关系群众切身利益的事办好",44
"1997.2.19","喜闻中山降指标",44
"1997.2.19","后劲颇足反败为胜广东女足胜瑞典姑娘",44
"1997.2.20","中山舰运抵湖北船厂修复发掘清理出中山舰文物两千余件",44
"1997.2.21","“东业”带动湛江养珠业发展",44
"1997.2.21","走向社会感悟人生——中山大学开展社区援助实施素质教育纪实",44
"1997.2.21","弄虚作假谋取硕士学位广东严肃查处外语考试舞弊人员",44
"1997.2.23","南粤儿女的缅怀",44
"1997.2.26","广州港：千船万艇降半旗",44
"1997.2.26","珠海：继承遗志当好卫士",44
"1997.2.28","湛江今日海文章",44
"1997.2.28","揭阳推行乡镇领导易地任职",44
"1997.3.5","钱其琛在广东代表团全会上发言批驳某些国际舆论对香港问题不实报道",44
"1997.3.6","江泽民分别参加湖南广东代表团讨论强调坚持辩证唯物主义和历史唯物主义在实践中寻找解决问题的正确方法",44
"1997.3.6","“两会”新闻中心举行记者招待会各级政协履行职能服务大局苏粤闽政协主席接受中外记者采访",44
"1997.3.6","全国男篮甲级联赛四强产生半决赛：八一—广东辽宁—山东",44
"1997.3.7","中国粤河轮首航抵泰国廉差邦港",44
"1997.3.7","汕头农村电话普及率高",44
"1997.3.10","汕头集中力量搞春耕",44
"1997.3.10","中国足协超霸杯足球赛幕落深圳大连万达队凭实力捧杯",44
"1997.3.12","当好经济特区排头兵——访人大代表、广东省省长卢瑞华",44
"1997.3.13","北京上海武汉举行活动纪念孙中山逝世７２周年",44
"1997.3.14","广东省负责人答记者问在两个转变中先行一步",44
"1997.3.14","林树森当选广州市市长",44
"1997.3.17","雨中大战广州太阳神胜广东宏远",44
"1997.3.23","香港特区临立会三次会议在深圳举行",44
"1997.3.24","甲Ａ足球联赛万达又胜一场广东宏远击败北京国安",44
"1997.3.25","实施“北冰南移”战略深圳人观赏国际冰球赛",44
"1997.3.27","深圳光通公司获得国内国际质量认证",44
"1997.3.27","云浮交警执法改革力度大",44
"1997.3.27","电视剧《深圳人》（第三部）研讨会举行",44
"1997.3.31","生产秧苗的“工厂”——广东南海水稻工厂化育秧见闻",44
"1997.3.31","千万次耐心回答——访广州市电信局１１４查号台",44
"1997.4.1","深圳国际生产力促进研讨会提出借鉴国际先进经验促进增长方式转变",44
"1997.4.2","铁路提速第一天：京九列车全部安全正点上海首开４趟特级客车沪港列车首开广州",44
"1997.4.5","广东省公安部门重申有关规定香港回归后出入境管制保持“五不变”",44
"1997.4.6","厄立特里亚总统访问广东",44
"1997.4.7","喜看南粤菜篮丰——广东菜篮子基地建设纪实",44
"1997.4.9","爱心汗水铺就文明路——石家庄市中山东路记事",44
"1997.4.11","步行街上新感觉——广州市北京路记事",44
"1997.4.12","花红草绿安定祥和深圳南山区迎接香港回归",44
"1997.4.14","古街新姿——衡阳市中山路记事",44
"1997.4.15","飞利浦中国足协杯赛即将在重庆开幕前卫寰岛队首战迎战深圳平安队",44
"1997.4.15","搭上全民健身的快车——广东省职工体育采风之一",44
"1997.4.17","八仙过海办群体——广东省职工体育采风之二",44
"1997.4.17","广州工薪族买保险",44
"1997.4.18","贴近职工贴近生产——广东省职工体育采风之三",44
"1997.4.19","全国信息化工作会议在深圳举行家华要求积极推进国家信息化建设",44
"1997.4.21","科学经营显魅力投身田野细耕耘河南广东一批农民重返农门",44
"1997.4.21","山村欣闻锣鼓声海岛喜迎剧团来广东文化下乡送戏万场",44
"1997.4.22","邹家华在深圳考察时指出发展信息产业要按市场规律办事",44
"1997.4.23","艺术团辞别信丰前往龙川、河源演出赣南粤北俱欢颜",44
"1997.4.23","破封建迷信立精神文明——对广东高州市建神庙热的调查",44
"1997.4.25","广东纪念廖仲恺诞辰１２０周年",44
"1997.5.2","《广州市长叶剑英》将与观众见面",44
"1997.5.4","架人才天梯攀登搭科技舞台兴业深圳亚奥新公司培养科研“少帅”",44
"1997.5.5","广东建行推出文电话服务",44
"1997.5.5","深圳边检文明畅通迎回归",44
"1997.5.6","黎共代表团访问广东",44
"1997.5.8","八运会帆板赛产生首金广东队张楚君提前夺魁",44
"1997.5.9","潮州西湖街加强党风廉政建设",44
"1997.5.11","科特迪瓦总统结束在广东的访问",44
"1997.5.11","珠海歌声",44
"1997.5.12","广州火车站服务态度亟待改进",44
"1997.5.13","姜春云在广东考察农村工作时指出经济较发达地区要率先推进农业现代化",44
"1997.5.15","惠州一些企业积极支持教育",44
"1997.5.17","“不计浮名不畏难从无艰险落君前”——电视剧《广州市长叶剑英》观后",44
"1997.5.19","广东：乡镇企业健康发展",44
"1997.5.20","粤港警方联合举行海上反偷渡演习",44
"1997.5.20","广州破获一起制贩毒大案缴获冰毒５００多公斤",44
"1997.5.21","依法保护华侨归侨侨眷利益江门认真落实侨房政策成效显著",44
"1997.5.22","“跨世纪批评”研讨会在广州举行",44
"1997.5.24","孙中山的农业近代化模式",44
"1997.5.24","爱护美丽的珠江——来自广州市珠江水上环卫管理队的报道",44
"1997.5.25","菲律宾驻广州总领事馆开馆",44
"1997.5.26","佛山军分区大力提高干部文化素质",44
"1997.6.1","香港临立会在深圳举行第九次全体会议",44
"1997.6.1","“鸦战争与香港”国际学术研讨会在深圳举行",44
"1997.6.2","广东初步遏制耕地递减势头",44
"1997.6.2","大海一样的深情——海军南海舰队某工建处建设粤港通航工程纪事",44
"1997.6.3","广东人口突破七千万省委省政府敲响警钟",44
"1997.6.3","东莞加强民主法制建设",44
"1997.6.4","广东清查非农建设用地郫县做到经济建设与耕地保护两不误",44
"1997.6.4","深圳北站一带卫生环境太差",44
"1997.6.6","深圳车管所让“窗口”更明亮",44
"1997.6.8","深圳掀起迎回归热潮罗湖口岸设施改善市区环境焕然一新",44
"1997.6.8","广州白云机场查获大宗贩毒案",44
"1997.6.8","香港特区临立会全体会议在深圳举行审议通过行政长官办公室提交的条例草案",44
"1997.6.9","广州宝洁公司以质量求发展",44
"1997.6.10","虎门大桥正式通车深圳珠海间陆路距离缩短１００公里",44
"1997.6.10","○中国青年队热身赛负于日本队　○广东联队胜荷兰费耶诺德队　○中澳对抗赛松日队一球小胜",44
"1997.6.11","雨写珠海",44
"1997.6.12","深圳查处宝日公司税案影响大一日资企业补税一百六十万元",44
"1997.6.12","江门８栋危楼危及６００多居民有关方面互相推诿迟迟不能进行加固处理",44
"1997.6.12","国际男篮挑战赛将在广东举办",44
"1997.6.13","粤桂港千名少儿手拉手迎回归",44
"1997.6.13","广东执法监察摸清工程项目底数一年来招投标率大大上升",44
"1997.6.13","法治的呼唤——广东依法治省纪实",44
"1997.6.14","东莞国际男篮赛宏远队首战告捷",44
"1997.6.16","拆除独木桥铺筑阳关道——深圳市全面推进素质教育纪实",44
"1997.6.18","生效判决为何难执行？——广东八建公司与海南兴业公司工程合同纠纷案始末",44
"1997.6.19","南粤山区明星",44
"1997.6.19","查号准确话音亲切广州查号台强化文明服务",44
"1997.6.19","宁可少上项目也要先保教育肇庆端州区教育投入超财政支出四成",44
"1997.6.20","“全国禁毒教育展览”在广州举行",44
"1997.6.20","粤港双方确定边界管理范围线",44
"1997.6.20","潮州新貌（中国画）",44
"1997.6.23","在林则徐塑像前——粤港青少年聚集虎门迎香港回归活动侧记",44
"1997.6.23","深圳举行招待会庆贺临立会结束在深运作",44
"1997.6.23","国门卫士——记深圳罗湖边防检查站",44
"1997.6.24","煤气灶：小企业问题大中山市红双喜电脑燃气具制品公司、莱州兄弟燃具有限责任公司、莱州市东升燃具厂连续两次抽查不合格",44
"1997.6.25","深圳盛妆迎回归（）",44
"1997.6.25","深圳特检站巡回演讲激励官兵斗志",44
"1997.6.26","深圳梧桐山隧道建成通车",44
"1997.6.26","十万港人在东莞（）",44
"1997.6.29","广州地铁一号线首段开通",44
"1997.6.29","欢送驻香港部队大会将在深圳举行",44
"1997.6.30","《人民日报·华南新闻》“七一”创刊在广州编辑出版　与《人民日报》十二个版在广东、广西、海南三省区一起发行",44
"1997.6.30","《外国人眼里的中国》在东莞展出",44
"1997.7.1","驻香港部队进驻香港欢送大会在深圳举行傅全有宣读江泽民主席命令刘华清代表党中央中央军委热烈欢送并作重要讲话",44
"1997.7.1","中央气象台预报北京深圳香港近日天气情况",44
"1997.7.1","广州：珠江香江同欢唱",44
"1997.7.1","东莞：虎门儿女尽开颜",44
"1997.7.1","深圳：万众欢送子弟兵",44
"1997.7.3","九龙海关更名深圳海关江泽民题写关名",44
"1997.7.3","九龙海关为何更名深圳海关",44
"1997.7.3","广东工行防范金融风险",44
"1997.7.4","农行广州分行获希望工程贡献奖",44
"1997.7.4","诗琳通公主结束访粤",44
"1997.7.4","中山纪念中学形成三高德育网络",44
"1997.7.5","港商踊跃投资广州南沙",44
"1997.7.9","广州标致推出汽车新品",44
"1997.7.9","粤海北方啤酒集团成立",44
"1997.7.10","宝日公司拒不清缴１．２亿元偷税款滞纳金等深圳地税局采取强制执行措施查扣２００万平方米土地使用权及附属设施等",44
"1997.7.10","广东全力抗洪救灾",44
"1997.7.10","设置对口专业改革办学模式深圳博伦职校办出特区特色",44
"1997.7.10","流通广东经济增长的引擎",44
"1997.7.11","辽宁深圳广州消协进行比较试验碳酸饮料、果汁饮料和饮用纯净水卫生状况不一",44
"1997.7.13","气势恢宏内容精美广州《１９９７音乐会》高奏回归凯歌",44
"1997.7.15","东莞姿庭公司向内蒙古女教师赠报",44
"1997.7.16","出色的从医答卷——记广州军区广州总医院急诊科",44
"1997.7.17","建设活动基地开展多种教育珠海大力提高中小学生整体素质",44
"1997.7.19","北冰往南移盛夏赛冰球深圳将举办首届四人制冰球赛",44
"1997.7.20","“桃李杯”舞蹈比赛在广州举行",44
"1997.7.21","广州—洛杉矶航线七月二十日开通",44
"1997.7.22","广东“金粤工程”启动",44
"1997.7.22","广东人的韵味",44
"1997.7.23","深圳研制出新型节能添加剂",44
"1997.7.24","做好深港交通合作大文章——访深圳市运输局局长王文贵",44
"1997.7.25","全国足球甲级联赛赛程过半万达高歌猛进粤军状态低迷",44
"1997.7.26","全国女足超级联赛第二轮北京队客场逼平广东队",44
"1997.7.26","广州军区战士杂技团：扬威世界的艺坛楷模",44
"1997.7.27","珠海：环境与经济协调发展",44
"1997.7.28","以教育为基础以规范为核心以机制作保证广州市抓职业道德建设见实效",44
"1997.7.28","多渠道培养分层次达标深圳中小学教师合格率居全国之首",44
"1997.7.29","伶仃洋上拥军船长——记珠海市万山管理区担杆岛村民杨金水",44
"1997.7.31","深圳市整顿市场中介组织",44
"1997.8.2","全国女足超级联赛上海广东两队告捷",44
"1997.8.3","广东“银海”全面启动开发",44
"1997.8.5","广东查获特大假币案",44
"1997.8.6","江门海关创佳绩",44
"1997.8.7","东莞有效管理外来人口",44
"1997.8.7","珠海举办中国当代名家作品邀请展",44
"1997.8.8","中山市实行专业教师“双证书”",44
"1997.8.9","女足超级联赛第四轮强者对话广东队保持不败",44
"1997.8.11","全国发明展览会将在广州举行",44
"1997.8.11","人人参与集思广益——访深圳三星电管有限公司",44
"1997.8.14","珠海：文明之风满特区",44
"1997.8.14","广东基本完成晚稻插秧任务",44
"1997.8.14","各地争创环保模范城珠海等五市首批接受考核",44
"1997.8.16","女足超级联赛第五轮京师强攻无功粤旅稳守取胜",44
"1997.8.17","深圳少年爱乐室内乐团来京",44
"1997.8.18","深圳加快建设现代文化名城",44
"1997.8.18","粤纺织品进出口公司靠高科技创新产品",44
"1997.8.19","为繁荣开辟天地——记广东音像城",44
"1997.8.19","运用市场机制实施资本经营广州国有经济实力不断壮大",44
"1997.8.19","深圳宝日公司部分财产被拍卖拍卖所得用于清缴所欠偷税款和滞纳金等",44
"1997.8.20","警务督察在深圳",44
"1997.8.20","首届全国四人制冰球赛今在深圳开战",44
"1997.8.21","深圳福田区热心扶贫",44
"1997.8.21","深圳天蓝水碧珠海草翠山青特区再造环境优势促发展",44
"1997.8.21","广州海关查获毒品走私案",44
"1997.8.21","汕头海关的“脸”好看了（）",44
"1997.8.24","广东电话用户突破１０００万",44
"1997.8.25","全国影展即将在深圳展出",44
"1997.8.28","广州白云机场查获巨额假钞",44
"1997.8.28","全国青年足球联赛广东北京闯入决赛",44
"1997.8.28","永远的深圳河",44
"1997.8.30","全国青年足球联赛结束广东宏远队雨中夺冠",44
"1997.9.1","深圳中电公司深化改革效益跨上新台阶",44
"1997.9.3","广州加强月饼市场管理",44
"1997.9.6","今年以来，深圳市消防民警变“坐在家里等火救”为主动上门找隐患，他们以辛勤劳动和热忱服务，不仅把火灾隐患消灭在萌芽状态，而且把消防意识送进了千万居民心中。请看——走万家送安全",44
"1997.9.7","国家环境保护模范城市评出厦门、大连、珠海、深圳、威海榜上有名",44
"1997.9.9","第五届中国戏剧节将在广州举行",44
"1997.9.12","罗马尼亚总统离沪赴珠海",44
"1997.9.12","“街道之星”放异彩——广州市南华西街党委抓两个文明建设纪事",44
"1997.9.12","百年老校再创辉煌——记中山医科大学校长黄洁夫教授",44
"1997.9.13","百年三次历史巨变产生三位伟人孙中山毛泽东邓小平站在时代前列",44
"1997.9.13","罗马尼亚总统一行访问珠海",44
"1997.9.14","促进经济发展着力税源建设广东税收持续高速增长",44
"1997.9.16","沪粤豫皖内蒙古团欢庆中秋",44
"1997.9.16","粤港联手推出省港足球俱乐部联赛",44
"1997.9.17","粤滇藏三省区喜迎八运会圣火",44
"1997.9.18","阳江市评选“四自”先进典型",44
"1997.9.19","中国乒乓球公开赛被定为四大公开赛之一世界乒坛高手下周云集珠海",44
"1997.9.21","广东艺坛的明珠——记实验现代舞团",44
"1997.9.23","全国帆船锦标赛扬帆汕尾",44
"1997.9.23","深圳的崛起与工人阶级的成长",44
"1997.9.23","创业之路全心全意依靠职工，艰苦奋斗办好企业。湛江市下市桥糖厂走的是一条——",44
"1997.9.24","李鹏离港抵珠海在珠海会见新华社澳门分社负责人",44
"1997.9.26","揭阳市法院方便群众“打官司”",44
"1997.9.30","中山家用电器总厂获质量认证",44
"1997.9.30","广东南海西樵轻纺城建成",44
"1997.10.3","广州至韶山旅游特快列车开通",44
"1997.10.6","跳台跳板比高低八运决赛显技艺广东跳水揽两金",44
"1997.10.7","中山市市长获联合国人居奖",44
"1997.10.8","交行广州分行支持希望小学",44
"1997.10.8","绿色通道四通八达北疆可尝南粤水果东部农产品大流通框架基本形成",44
"1997.10.11","广州筹巨资改造影剧院",44
"1997.10.14","乒乓球团体赛落幕广东男队江苏女队夺冠",44
"1997.10.14","石油化纤工业的贡献——从灰色中山装到缤纷的时装",44
"1997.10.15","浙中山区崛起五金城",44
"1997.10.20","一个世纪的跨越——记深圳海关",44
"1997.10.20","广东财保公司强化经营管理",44
"1997.10.21","深圳：探索深港合作新方式",44
"1997.10.21","调整电源结构发展大型机组广东加快小火电退役",44
"1997.10.21","广东援藏干部在林芝建功立业",44
"1997.10.21","潘絜兹画展在深圳举行",44
"1997.10.22","“中国旅游年·东莞银城芭蕾之夜”晚会举行",44
"1997.10.23","深圳洁宝利公司研制新产品",44
"1997.10.24","认识市场适应市场拓展市场广东健力宝在竞争中发展",44
"1997.10.25","佛得角总理离西安赴珠海访问",44
"1997.10.26","佛得角总理访问珠海",44
"1997.10.30","路地密切配合加强沿线整治广东境内铁路治安秩序好转",44
"1997.10.30","京、沪、苏、粤、津最佳星级饭店",44
"1997.10.30","民生银行深圳分行重打服务“牌”",44
"1997.11.1","今年４月底至９月底，从深圳空港出发的很多旅客做梦也没有想到，他们购买的航空人身意外伤害保险，竟是一纸空文。个中缘由何在？请看——航空保险打假记",44
"1997.11.4","深圳大型液化气贮库工程竣工",44
"1997.11.4","百花奖评选揭晓第六届金鸡百花电影节将在佛山举行",44
"1997.11.5","企业改制在顺德——广东省顺德市综合改革报道之一",44
"1997.11.5","我国崛起６座“环保模范城市”张家港、大连、深圳、厦门、威海、珠海",44
"1997.11.6","看顺德怎样政企分开——广东省顺德市综合改革报道之二",44
"1997.11.7","靠改革创新优势——广东省顺德市综合改革报道之三",44
"1997.11.8","还是那热土——观粤剧现代戏《土缘》",44
"1997.11.8","粤剧伴我成长我盼粤剧辉煌",44
"1997.11.8","迎难而上刻意求真——广州市属剧团排练小记",44
"1997.11.10","广东农业产业化初具规模",44
"1997.11.11","广州国际青少年网球赛结束",44
"1997.11.11","珠海国际汽车赛结束",44
"1997.11.11","大手牵着小手走——汕头市“青年志愿者助长行动”扬帆启程",44
"1997.11.12","广州向区域性金融中心迈进拥有各类金融机构２３００家",44
"1997.11.13","深圳市纪委健全廉政法规",44
"1997.11.13","沪鄂苏各界纪念孙中山诞辰",44
"1997.11.13","全国政协纪念孙中山诞辰１３１周年",44
"1997.11.13","新加坡扩建孙中山南洋纪念馆",44
"1997.11.14","环境：永远的财富——珠海环保与经济发展两不误的启示",44
"1997.11.17","珠海：当作重要政治任务来落实",44
"1997.11.20","广东省南海画院美术作品展在京举办",44
"1997.11.26","全国新闻学术年会在珠海闭幕",44
"1997.11.27","劳尔·卡斯特罗访问深圳",44
"1997.11.27","一曲爱国主义的颂歌——看粤剧《伶仃洋》",44
"1997.11.29","中共广东省委宣传部、广东省邓小平理论研究中心课题组提出：提高对外开放水平的战略",44
"1997.12.1","广东强化责任重落实",44
"1997.12.1","一个“班子”一面旗帜——记珠海市拱北公安分局党委“一班人”",44
"1997.12.2","广东新力集团控股“万家乐”",44
"1997.12.2","红军将士肖像展在深圳举行",44
"1997.12.4","向国际市场进军——记深圳中集集团总经理麦伯良",44
"1997.12.4","广东糖都集团有限公司成立",44
"1997.12.4","开展专项治理强化监督力度中山市积极预防火灾事故",44
"1997.12.4","八一男篮继续一枝独秀辽粤沪三强遭败绩",44
"1997.12.5","姜春云在广东考察时强调发展商品农业实现增产增收",44
"1997.12.5","汕头开通粤东第一个铁路口岸",44
"1997.12.5","武警广东总队为退伍老战士成才铺路",44
"1997.12.8","整治力度不断加大防控机制日臻完善汕头社会稳定促进经济发展",44
"1997.12.8","’９７广州国际艺术博览会异彩纷呈",44
"1997.12.8","百城市飞车手深圳决战",44
"1997.12.8","绿色食品将在广州宣展",44
"1997.12.9","茂名乙烯公司完成全年生产任务",44
"1997.12.9","一个极具发展潜力的经济协作区——关于进一步建设好闽粤赣边经济区的思考",44
"1997.12.13","技高球市兴——东莞观战记",44
"1997.12.13","广州购书中心为何这么火？",44
"1997.12.15","治理江河源头改造湟水流域青海今冬农田水利建设忙",44
"1997.12.17","广州阀门厂虚报产值被罚１．５万元",44
"1997.12.17","金鸡百花电影奖在佛山颁发",44
"1997.12.18","男篮甲Ａ联赛冷门迭爆江苏胜八一空军胜广东",44
"1997.12.21","广东：荒山造林绿化第一省",44
"1997.12.21","本报驻汕头记者站成立",44
"1997.12.21","各民主党派中央全国工商联和深圳召开会议研讨京九铁路沿线经济合作与社会发展",44
"1997.12.21","演出重金制作的《茶花女》、《玄凤》广州芭蕾舞团再度进京",44
"1997.12.23","《叶剑英在广东的实践与理论》",44
"1997.12.26","乌克兰总理结束对深圳访问回国",44
"1997.12.27","大胆探索公有制实现形式——深圳搞好国有企业的实践与探索",44
"1997.12.29","完善城市功能优化投资环境汕头下大力气抓基础设施建设",44
"1997.12.29","广东率先放开农产品价格和经营渠道农产品消费大省变为生产大省",44
"1997.12.29","江门查获一起光盘走私案",44
"1997.12.30","深圳让电脑参与小区管理",44
"1997.12.31","深圳教师进京培训",44
