﻿"index","news_title","prov_cde"
"1997.1.3","青山绿水凤凰飞——皖南山区绩溪发展纪实",34
"1997.1.6","抓名牌产品促整体效益安徽大中型机械企业在调整中显优势",34
"1997.1.6","江南钢城马鞍山，傻大黑粗治理难，历任领导同心干，如今旧貌换新颜——喜看“一枝花”变成“满城春”",34
"1997.1.7","“硬一硬”上台阶——合肥创建文明卫生城市纪事",34
"1997.1.8","日军暴行记录南京血案见证安徽发现外国记者记述南京大屠杀原版书",34
"1997.1.10","十五车站站站传书声皖南沿线人人学知识宣州铁路车务段实施育人路基工程",34
"1997.1.13","铜陵金隆工程建成",34
"1997.1.17","合肥多为农民办实事",34
"1997.1.18","在古城六安，一处处优美的院名，一块块庄重的门匾，无声地诉说着众多街巷庭院的动人故事——小巷沐新风",34
"1997.1.20","陕西冬修水利实现“四突破”安徽冬修严禁弄虚作假现象",34
"1997.1.22","村村寨寨教学点惠泽子孙千秋业大山深处书声朗——记安徽宁国县普及义务教育",34
"1997.1.23","反对陈规陋习倡导文明新风安徽“三三一”活动遍乡村",34
"1997.1.27","姜春云在湖南安徽重灾区考察时强调确保灾民欢度春节安度春荒",34
"1997.1.27","宣城成为“两基”排头兵",34
"1997.1.28","风霜雨雪挡不住安徽领导下基层",34
"1997.1.30","亳州技监局查处假冒原种案",34
"1997.1.31","五亿公斤果品各得其所——安徽砀山农民丰产增收纪实",34
"1997.2.3","安徽寿县：兴“塘口经济”增农民收入",34
"1997.2.5","黄山太平湖大桥雄姿（）",34
"1997.2.10","嘉奖劳模游黄山",34
"1997.2.11","皖南新色",34
"1997.2.16","安徽立法减轻农民负担",34
"1997.2.17","拓宽案源渠道加大办案力量安徽反腐败向深层次发展",34
"1997.2.21","“中国第一大泵”在合肥问世",34
"1997.3.5","乔石与安徽代表审议政府工作报告强调加强教育事业提高人的素质",34
"1997.3.8","深化改革再创优势——访人大代表、安徽省省长回良玉",34
"1997.3.14","安徽省提出县级体育尽快“脱贫”",34
"1997.3.19","梧桐叶茂好筑巢留凰引凤求发展淮北煤师院教师整体水平提高",34
"1997.3.24","我国科技水平最高的标志性桥梁芜湖长江大桥动工兴建工程总量相当南京武汉两座长江大桥的总和",34
"1997.3.28","安徽开展“公仆杯”竞赛",34
"1997.3.31","改革盖房的旧俗，能省出很多耕地。安徽省霍邱县洪集镇拆旧村、建新村，整宅还田，三年造出四千多亩耕地。他们的经验是——治治“小摊摊”",34
"1997.4.2","康佳希望小学在安徽奠基",34
"1997.4.16","舍小家为大家阜阳精神洒京九以歌声表敬意文化列车送真情",34
"1997.4.20","观测哨站沿淮建联防联治斩“黑龙”安徽治理淮河污染开始攻坚",34
"1997.4.24","腐植酸型复合肥养分全面蔬菜果树施用可增产两到三成",34
"1997.5.5","希望工程：拨动宣城人心弦的名字",34
"1997.5.8","实行种养加、贸工农一体化淮北煤矿塌陷区建成丰足大菜篮",34
"1997.5.12","昔日三废污染今朝美化城市淮南水泥厂拓宽综合利用的路子",34
"1997.5.17","凡事就怕“认真”——安徽省舒城县委书记金启建访谈录",34
"1997.5.21","合肥电机厂用技术不断创名牌研制的高压潜水电泵、驱动潜水电泵等居世界领先地位",34
"1997.5.27","香港回归临近黄山游客倍增",34
"1997.5.29","安徽百万农机战“三夏”",34
"1997.5.30","皖鄂夏季粮油丰收在握",34
"1997.5.30","山区文化的铺路石——记安徽宁国市文化局长陈建国",34
"1997.5.31","安徽：跨入绿化先进行列",34
"1997.6.19","安徽建行全方位清收不良贷款",34
"1997.6.26","合肥二电厂融资合同在京签字吴邦国出席",34
"1997.6.30","黄山车站购票难",34
"1997.7.6","安徽按保护价敞开收购夏粮山东多方筹资确保夏粮入库",34
"1997.7.8","入库进度快粮食质量好安徽陕西超额完成夏粮定购任务",34
"1997.7.9","合肥市七位见义勇为代表受表彰",34
"1997.7.10","“健康快车”在阜阳开诊",34
"1997.7.18","选群众信得过的人做百姓满意的事安徽着力后进村党支部转化",34
"1997.7.23","蚌埠公路建设广开资金渠道",34
"1997.7.29","保护价保了咱的“驾”——安徽敞开收购夏粮纪实",34
"1997.8.11","合肥：向垃圾宣战",34
"1997.8.25","黄山市整顿站前秩序",34
"1997.9.4","马鞍山市在京招商引资",34
"1997.9.6","善政是福——黄山市委书记赵正永一席谈",34
"1997.9.9","用一流设备生产一流产品淮北二纺强化技改效益猛增",34
"1997.9.12","情洒创业路——记安徽八一化工集团党委书记张玉启",34
"1997.9.16","沪粤豫皖内蒙古团欢庆中秋",34
"1997.9.16","联合国两组织资助安徽青海农业项目",34
"1997.9.18","阜阳加大招商引资力度",34
"1997.9.23","第二届世界华侨华人龙舟赛开幕“龙的传人”弄舟黄山太平湖",34
"1997.9.25","全国钓鱼邀请赛在蚌埠举行",34
"1997.9.26","滁州：扎实推进乡企改制",34
"1997.10.3","组建重点企业集团构造资产运营体系安徽国企实施战略性重组",34
"1997.10.7","中国科技大学合肥高等研究院启动",34
"1997.10.9","丁关根在安徽调研时强调积极全面准确深入宣传十五大精神",34
"1997.10.9","莫桑比克总理访问安徽",34
"1997.10.10","安徽建行为客户节资１０多亿元",34
"1997.10.15","施专用复合肥撒虫草两除药重庆科技兴农提倡“简单化”",34
"1997.10.17","摔跤：皖晋成绩领先",34
"1997.10.22","小额贷款效益大——记联合国儿基会扶贫项目在皖实施",34
"1997.10.24","池州加快生态经济建设步伐",34
"1997.11.6","安徽评选“八运最佳”",34
"1997.11.12","刮目看合肥——合肥创建文明城市系列报道（上）",34
"1997.11.12","安徽交通学校用好书馆",34
"1997.11.13","民心是杆秤——合肥创建文明城市系列报道（下）",34
"1997.11.14","合肥依法收回三宗闲置国有土地使用权",34
"1997.11.14","抓合肥带全省抓全省促合肥——安徽省委副书记方兆祥访谈录",34
"1997.11.14","展示合肥风采的窗口",34
"1997.11.19","李瑞环在黄山考察工作时要求抓住机遇把黄山推向世界",34
"1997.11.23","黄山记游",34
"1997.11.24","安徽农业综合开发力度大效果好十年改造中低产田１２００万亩，连续夺得第四个丰收年",34
"1997.11.24","安徽改革公安刑侦工作",34
"1997.11.29","淮北二电厂正式开工",34
"1997.11.29","温家宝在安徽农村调研时强调要推进农村改革和农业发展",34
"1997.12.1","近年来，农行安徽省分行将新增贷款的４０％用于支持农业产业化的发展，由信贷扶持的３００家龙头企业带动１５０多万农户进入大市场，他们的做法是——集中资金抓重点",34
"1997.12.2","华源集团接收兼并铜陵６家企业",34
"1997.12.4","淮南市重视转退军人安置工作",34
"1997.12.5","宋平在阜阳考察农村经济和计生工作",34
"1997.12.9","合肥依法加强基层专武干部队伍建设",34
"1997.12.11","安徽粮食系统优先保障军粮供应",34
"1997.12.15","芜湖有道防洪墙",34
"1997.12.15","爱心妈妈在合肥",34
"1997.12.22","唱兴农调抓富民事阜阳农业丰产农民增收",34
"1997.12.22","安徽兴俭戒奢节约经费十二亿",34
"1997.12.25","改善投资环境有效利用外资芜湖提高对外开放水平",34
"1997.12.29","动员各方力量送温暖合肥确保特困户过好“两节”",34
"1997.12.30","建行芜湖分行力保长江大桥资金到位",34
