﻿"index","news_title","prov_cde"
"1997.1.6","黄冈军分区精神文明建设注重办实事",42
"1997.1.10","继续为“科教兴国”尽心尽力湖北建行尊师重教之风更浓",42
"1997.1.11","野猫引来考古队——神农架远古人类旧石器遗址发掘侧记",42
"1997.1.12","湖北省编辑通俗读物《思想．道德．文化建设千字文》",42
"1997.1.14","欣闻荆州去复来",42
"1997.1.17","永不停息的脚步——记周作亮和他领导的“湖北第一村”",42
"1997.1.20","随州强化基层“治安防线”",42
"1997.1.21","恩施财产保险公司帮助农民脱贫",42
"1997.1.27","山里人的一面旗帜——随州市青苔村村民梁建国的故事",42
"1997.1.28","有志干事业请缨下基层鄂州一批县处级干部到乡村企业任职",42
"1997.1.29","湖北鼓励群众战胜困难",42
"1997.1.31","在一些城市，牛奶供应还不充足；然而，记者在鄂西贫困地区恩施市却遇上了怪事——咋用鲜牛奶喂猪",42
"1997.1.31","农发行支持多收粮孝感完成定购任务",42
"1997.2.5","在建章立制上下功夫——黄石市实施“送温暖”工程略记",42
"1997.2.12","为贫困县脱贫送“年货”湖北农发行扶贫贷款早到位",42
"1997.2.12","念巴楚经打三峡牌唱地方戏宜昌成为获“五个一工程”奖最多的中等城市",42
"1997.2.17","厂长经理离任不能一走了之湖北严格企业法人代表离任审计",42
"1997.2.17","围绕重点问题加强监督工作湖北各级人大认真履行职责",42
"1997.2.19","翻山越岭的语言学者——记中国社科院鄂温克族副研究员朝克",42
"1997.2.20","中山舰运抵湖北船厂修复发掘清理出中山舰文物两千余件",42
"1997.3.11","刘华清看望广西湖北河北代表时强调领导干部要把群众利益放在首位",42
"1997.3.13","防汛治水再夺农业丰收——访人大湖北代表团",42
"1997.3.22","与百姓交朋友——湖北竹溪县委书记明邦庆一席谈",42
"1997.3.24","河南农村春耕抗旱浇麦忙湖北严禁假冒农资下田间",42
"1997.3.25","顾全大局办好实事宜昌全力为三峡工程创造好环境",42
"1997.3.28","万千桃李遍荆楚——湖北教育学院实施素质教育纪事",42
"1997.4.8","像利用耕地一样开发水面湖北人均占有淡水产品全国第一",42
"1997.4.21","面向“三农”服务“三农”湖北民院围绕“农”字办学",42
"1997.4.21","上古艺术的一株奇葩——读《楚、秦、汉漆器艺术·湖北》",42
"1997.4.22","石头开花别样红——湖北谷城县石花镇创建文明村镇活动见闻",42
"1997.4.25","湖北国税系统加强队伍建设",42
"1997.5.5","可贵的“米”字——襄阳县发展农业产业化的调查",42
"1997.5.8","湖北建行建立贷款资产损失追究制度",42
"1997.5.19","率先垂范——记湖北孝感市国税局党组一班人",42
"1997.5.20","湖北广大农村实施“双带工程”党员帮群众携手奔小康西藏昌都琼结加查林周四县脱贫",42
"1997.5.30","皖鄂夏季粮油丰收在握",42
"1997.5.30","湖北龙发公司完善售后服务",42
"1997.5.30","天天有目标月月有考评年终有总结宜昌党员“双创”活动成效显著",42
"1997.6.2","湖北举行烈山炎帝神农节",42
"1997.6.3","湖北天河机场公安处加强安全防范",42
"1997.6.5","鄂州减负首先减少“人头”兴国减轻农民用电负担",42
"1997.6.6","四川努力消化粮食亏损挂帐湖北严控粮食部门人员增长",42
"1997.6.8","到基层安营扎寨带群众艰苦创业宜昌乡镇干部安心山区工作",42
"1997.6.9","如何拒假货管理加监督湖北国合商业健全约束机制",42
"1997.6.10","民主·公正·竞争——荆州大沙区粮油厂厂长竞选答辩会侧记",42
"1997.6.15","湖北尊师重教扶贫助困一年多共捐款千余万元奖励和资助师生１５０００人次",42
"1997.6.18","鄂州引资兴办特色农业",42
"1997.6.25","破坏国防通信设施团伙在鄂州落网",42
"1997.6.29","科技人员“沉底”富民富村富县湖北科技扶贫发展支柱产业",42
"1997.7.4","鄂州科技入股多数当年见效技术入股可占企业股本金３０％",42
"1997.7.7","调解民间纠纷促进社会安宁湖北５６万调解员活跃城乡",42
"1997.7.15","全力解决群众温饱问题湖北主要领导包扶贫困县",42
"1997.7.17","湖北千万亩早稻丰收在望",42
"1997.8.8","湖北省、武汉市各界举行活动纪念“八七”会议召开７０周年",42
"1997.8.11","鄂乡",42
"1997.8.13","“虚心”听风雪——随州市委书记蒋昌忠的墨竹缘",42
"1997.8.15","湖北领导机关带头尚俭治奢",42
"1997.8.15","天津专项治理奢侈浪费行为湖北领导机关带头尚俭治奢",42
"1997.8.15","沉默的力量——记湖北省孝感市优秀共产党员张建利",42
"1997.8.16","美化大院美化小区美化心灵湖北省机关带头树文明形象",42
"1997.8.29","襄阳县领导干部包贫帮困",42
"1997.8.31","《鄂尔多斯情愫》九月在京上演",42
"1997.9.5","山乡“孺子牛”——记湖北省武穴市两路乡党委书记吴智国",42
"1997.9.6","涉深水得蛟龙——湖北鄂州市委书记陈训秋一席谈",42
"1997.9.8","湖北关心武警建设",42
"1997.9.13","强身健体鄂温克族牧民新时尚",42
"1997.9.25","湖北环保集团合并发大铝业",42
"1997.9.29","交行贷款支持湖北邮电建设",42
"1997.9.29","湖北省咸宁市筹建报刊碑林",42
"1997.9.29","２０名外地游客在宜昌受骗",42
"1997.9.30","司法部与湖北省共建中南政法学院",42
"1997.10.2","伟大母爱的诗赞——评舞蹈诗《鄂尔多斯情愫》",42
"1997.10.4","制定优惠政策广开就业门路湖北再就业率连续三年超过８０％",42
"1997.10.5","扶贫攻坚重心下移湖北全面实施“扶贫到户”",42
"1997.10.7","湖北：结构调整靠韧劲",42
"1997.10.8","一个怕丢面子拒绝兼并一个主动上门请求托管宜昌“两阳”观念不同结局迥异",42
"1997.10.8","下岗职工的计生工作如何抓荆州沙市区靠服务促管理",42
"1997.10.10","湖北设立专项资金支持农技推广",42
"1997.10.14","乔石在湖北考察工作时强调抓住机遇解放思想深化改革",42
"1997.10.15","宜昌新建肿瘤医院",42
"1997.10.16","鄂陕两省联合勘界工作结束",42
"1997.10.16","体操湘鄂凤舞龙飞京师功败垂成",42
"1997.10.17","咸宁三九制药厂注重科技投入",42
"1997.10.17","大山的儿子——记湖北随州市河口村民师秦成坤",42
"1997.10.21","鄂尔多斯集团向孤寡老人残疾人捐赠物品",42
"1997.10.23","湖北湖南分获网球男女双打金牌",42
"1997.10.24","研究本省实际情况坚持普治并举方针湖北加快推进依法治省进程",42
"1997.11.3","外地游客在宜昌受骗一事已查处",42
"1997.11.4","黄石检察机关创建“文明窗口”",42
"1997.11.5","国球冠军聚黄石",42
"1997.11.10","湖北国税局开展商企增值税检查三个月查补税款２．３亿元",42
"1997.11.13","沪鄂苏各界纪念孙中山诞辰",42
"1997.11.17","湖北乡镇企业改革向纵深发展",42
"1997.11.19","保障职工生活促进社会稳定湖北率先推出养老保险并轨方案",42
"1997.11.21","鄂综合治理“水袋子”“旱包子”",42
"1997.11.24","咬定“长治久安”目标湖北挥师百万固江堤",42
"1997.11.24","湖北省委办公厅狠抓发行督办",42
"1997.11.26","李岚清在湖北考察时强调培养高素质人才促进中西部地区发展",42
"1997.11.30","北京湖北将举办纪念谭鑫培活动",42
"1997.12.1","蓝田集团投资随州建企业",42
"1997.12.1","湖北省石首市注重培养年轻干部",42
"1997.12.5","让纳税人交“放心税”——湖北省国税系统深化征管改革记事",42
"1997.12.7","湖北首条浮法玻璃线投产",42
"1997.12.11","湖北粮食入库超五十亿公斤",42
"1997.12.12","武警荆州支队贴近实际抓党建事半功倍",42
"1997.12.15","火灾无情不可小觑重视防范贵在务实——关于武汉和随州消防工作的追踪报道",42
"1997.12.15","保权转权按年收租——襄阳用地新机制探析",42
"1997.12.22","随州节地３０００余亩",42
"1997.12.28","弄清一个理　解开一道题　宜昌解剖典型事例推动企业发展",42
