﻿"index","news_title","prov_cde"
"1997.1.3","实行集约经营挖掘土地潜力湖南建成１１００万亩吨粮田",43
"1997.1.5","金湘推出交响乐新作",43
"1997.1.6","常德：农村电影事业面临困难",43
"1997.1.7","湖南法院开展冬季“严打”审判一批罪大恶极犯罪分子被处以极刑",43
"1997.1.8","为了过上一个暖融融的新年浙江发动经济强县群众向灾民捐献衣物湖南对特困企业职工实行领导包干负责",43
"1997.1.8","倾注爱心育桃李——来自湘北外语学校的报告",43
"1997.1.9","建行为张家界旅游发展尽力",43
"1997.1.11","李贵鲜慰问湖南灾区群众勉励大家艰苦创业克服困难重建家园",43
"1997.1.11","长沙吴简惊世出补写三国纷争史",43
"1997.1.13","袁隆平等获“湖南科技之星”称号",43
"1997.1.17","湖南　农民赶圩求新知",43
"1997.1.21","岳阳加速城市园林绿化",43
"1997.1.21","湖南处理一批不称职厅级干部３人被免去党内外一切职务，２人被通报批评",43
"1997.1.22","不走的文化工作队——长沙市农村歌舞伴新春",43
"1997.1.23","湖南灾年农业丰收农业总产值农民人均纯收入均比上年增长８．３％",43
"1997.1.24","湖南和穷山沟“攀亲”",43
"1997.1.25","目标层层分解责任落实到人湖南一万八千干部包村扶贫",43
"1997.1.27","姜春云在湖南安徽重灾区考察时强调确保灾民欢度春节安度春荒",43
"1997.1.28","雪中送炭暖人心湖南开展“五下乡”",43
"1997.1.28","限盖楼堂馆所狠刹公款吃喝禁买豪华轿车长沙市节支为教师做实事",43
"1997.1.29","岳阳国税局实行欠税责任追究制",43
"1997.1.29","加强廉政机制建设势在必行——访湖南省委常委、省纪委书记杨敏之",43
"1997.1.29","湘潭市邮政储蓄问题不少",43
"1997.1.31","长沙发生一起特大火灾３０多人死亡４０多人受伤",43
"1997.2.3","湘黔线娄怀段电气化铁路开通",43
"1997.2.4","彭珮云在湖南考察时强调计生工作要拓宽路子上水平",43
"1997.2.4","湘东法院依法强制征收基建教育附加",43
"1997.2.5","以文补文“财神”保驾去年湖南省文化部门收入近两亿",43
"1997.2.6","株洲电力机车厂通过ＩＳＯ９００１认证",43
"1997.2.11","调运农资备好良种加强服务湖南备耕兴热潮",43
"1997.2.12","湖南减轻农民负担１４亿元撤销近百种集资、摊派和收费项目",43
"1997.2.12","长治抓好节水与旱作相结合娄底确保水利工程安全可靠",43
"1997.2.12","张家界兴建高速公路",43
"1997.2.13","湘江吹来廉政新风长沙“两节”期间取消４００多个会节约经费５００余万元",43
"1997.2.13","两系杂交稻香飘三湘平均亩产达５００公斤以上",43
"1997.2.14","岳阳绿色诊所挂牌迎诊",43
"1997.2.14","湖南实施“先锋工程”全面提高党的组织建设水平",43
"1997.2.15","湖南司法系统维护农民权益去年为农民挽回经济损失１．９６亿元",43
"1997.2.15","文明，从知礼导行做起——长沙市中小学开展礼仪教育纪事",43
"1997.2.19","湖南少数民族子弟上学忙适龄儿童入学率达百分之九十八点六",43
"1997.2.20","扶大扶强靠大靠强株洲高新技术开发区产业上规模",43
"1997.2.28","紧扣热点难点加强督查防范湖南纠风加大力度",43
"1997.3.4","朱镕基分别与青海、湖南代表审议政府工作报告时说国企改革要有显著进展",43
"1997.3.6","江泽民分别参加湖南广东代表团讨论强调坚持辩证唯物主义和历史唯物主义在实践中寻找解决问题的正确方法",43
"1997.3.6","调整农业结构建设农业强省——访湖南团刘夫生、储波代表",43
"1997.3.7","从我做起自觉律己长沙吹拂廉政清风领导干部人手一册《廉政情况登记簿》",43
"1997.3.11","拓宽西南大通道——湘黔复线及电气化工程建设纪事",43
"1997.3.17","依靠农业科技狠抓基础建设湘潭建成吨粮田基地",43
"1997.3.19","南航湖南公司两年内扭亏增盈",43
"1997.3.27","程序不减标准不变制度不松人情不送湖南检察机关强化法律监督",43
"1997.3.29","兴水利安民心——湖南省岳阳县委书记宋再钦一席谈",43
"1997.3.31","湖南又有一市四县过吨粮",43
"1997.4.2","干国有集体个体都光荣湖南工商部门帮４０多万下岗职工就业",43
"1997.4.2","途经衡阳的遭遇",43
"1997.4.6","长沙吴简",43
"1997.4.8","株洲车辆厂Ｄ２５型长大平车问世",43
"1997.4.9","湖南超额完成水利建设任务",43
"1997.4.10","来的都是客全凭心一颗——南京市湖南路记事",43
"1997.4.12","开展就业培训广辟就业渠道长沙６５％下岗职工再就业",43
"1997.4.12","一方平安从何来——衡阳市推行全民普法教育纪事",43
"1997.4.13","湖南六百万农户领到明白卡",43
"1997.4.13","水稻大面积高产开发示范告捷湖南万余亩样板田两季平均亩产过吨",43
"1997.4.14","古街新姿——衡阳市中山路记事",43
"1997.4.15","科研推广带来高效益湖南农大致力科教兴农写华章",43
"1997.4.16","清理涉农文件开展专项治理湖南核减农民不合理负担",43
"1997.4.17","建行湖南省分行行长彭茂吾呼吁确立中央银行金融监管权威",43
"1997.4.21","湖南机电学校教学质量上台阶",43
"1997.4.21","路边城边水边变“金”边湖南芷江做活“边”字文章",43
"1997.4.23","湖南：粮食种植面积稳中有升",43
"1997.4.23","不求多而求优株洲加大经济结构调整力度",43
"1997.5.1","京广线岳阳境内发生旅客列车重大伤亡事故５８人死亡９０多人重伤",43
"1997.5.4","“负担轻了，田有种头了”——湖南省减轻农民负担见闻",43
"1997.5.4","科技强身创新造血衡阳大中型企业增加科技投入",43
"1997.5.6","湖南省政府贷款兴修水利全省各级财政投入资金已达七亿多元",43
"1997.5.8","岳阳建委重视职工健身",43
"1997.5.8","湖南省工商局文先励提出：开发市场促进开发式扶贫",43
"1997.5.12","湖南法院维护妇女合法权益",43
"1997.5.12","邵阳由缺粮市变成余粮市",43
"1997.5.16","本版一组“朋友信箱”引起地方党委重视史湘斋上学困难问题已解决",43
"1997.5.22","长沙建行积极服务重点建设",43
"1997.5.22","建行湖南省分行实施“双大”客户战略",43
"1997.5.23","《长沙历史文化丛书》出版",43
"1997.5.23","联村包户脱贫有路——湖南澧县扶贫活动调查",43
"1997.5.26","怀化成为东西合作发展乡镇企业示范区",43
"1997.5.26","石长铁路长沙湘江特大桥建成",43
"1997.5.28","与树立行业新风有机结合湖南“百城万店无假货”活动有声色",43
"1997.5.28","湖南食品卫生状况逐年好转全国人大常委会执法检查组予以充分肯定",43
"1997.5.28","张家界读树",43
"1997.5.30","中宣部、农业部、湖南省联合举行座谈会李常水事迹报告感动农大师生",43
"1997.5.31","把人民利益放在首位——湖南邵东县委书记黄天锡访谈录",43
"1997.6.2","衡阳郊区公安分局推行首案负责制",43
"1997.6.2","湖南攸县十年新增耕地五千亩",43
"1997.6.3","“雁城保护神”——记“全国优秀公安局”衡阳郊区分局",43
"1997.6.4","李常水被湖南农大聘为兼职教授",43
"1997.6.5","株洲市南区法院快审快结“菜篮子”纠纷",43
"1997.6.6","湖南农口系统干部带头学习李常水",43
"1997.6.8","配好领导班子选准致富路子永州整治农村后进党支部",43
"1997.6.12","郴州建行设法追讨信用卡透支",43
"1997.6.18","田纪云在湖南考察时强调放手发展经济、改善人民生活是安邦强国之本",43
"1997.6.19","以法服人以情感人湖南检察机关提高办案质量",43
"1997.6.19","湖南广播电视数字微波网络开通",43
"1997.6.20","邵阳民营经济撑起半壁江山",43
"1997.6.24","在湘西龙山县里耶古镇上，有一位平凡的女性，她叫邬世碧。她十八年如一日，使那里的３７位孤寡老人有了自己的“女儿”。老人们说她是——“天下少有的好人”",43
"1997.6.26","长沙：时兴“电话生意”",43
"1997.6.28","示范促推广成果遍三湘湖南农科院成果推广效益数十亿",43
"1997.7.2","“优先发展”的保证——临湘市依法落实教育经费“多棱镜”",43
"1997.7.2","衡阳县法院适用简易程序结案快",43
"1997.7.7","湖南九座病险水库亮黄牌",43
"1997.7.9","湖南边清边纠边查边改",43
"1997.7.9","湘西加速推广使用现代化教育手段",43
"1997.7.11","李常水事迹在湖南产生强烈反响",43
"1997.7.11","湖南黄垅新村走少生快富共同富裕道路坚持人口与经济协调发展",43
"1997.7.13","建班子增投入抓科技湖南打好特困村扶贫攻坚战",43
"1997.7.14","湖南全省基本实现绿化",43
"1997.7.14","长沙大兴节俭之风上半年节约、核减各类经费三千万元",43
"1997.7.14","临湘市加强对村级财务规范管理",43
"1997.7.20","全国书出版治理工作会议在长沙结束",43
"1997.7.21","万人撑起这天——株洲冶炼厂依靠职工群众办企业纪实",43
"1997.7.21","岳阳注重加强小城镇建设",43
"1997.7.22","下穷村进亏厂帮困户长沙万名党员结对扶贫帮困",43
"1997.7.23","岳阳南津港一线防洪大堤竣工",43
"1997.7.23","蚌埠公路建设广开资金渠道",43
"1997.7.26","吴邦国在湖南考察企业时强调一手抓增盈一手抓减亏",43
"1997.7.29","“护航工程”——湖南省司法行政系统热心服务国有企业",43
"1997.7.30","组织专家上门“扶贫”亏损单位绝处逢生湖南科委帮助３０家企业扭亏",43
"1997.7.31","从自身做起从点滴做起衡阳：讲奉献讲礼貌讲卫生",43
"1997.7.31","中兴新与湘签订国产交换接入网协议",43
"1997.7.31","湖南八运会代表团成立",43
"1997.8.2","长沙走马楼又传新发现东汉简牍重见天日",43
"1997.8.4","以农为本天地宽——湖南汉寿酉港供销社连年盈利探秘",43
"1997.8.5","深化改革加强管理责任到人湖南工业上半年减亏增利３亿",43
"1997.8.7","湖南早稻喜获大丰收增产１５亿公斤同比增长１７．８％",43
"1997.8.7","长沙兴起“租赁消费”",43
"1997.8.7","湖南建行防风险促发展",43
"1997.8.11","把数量优势转化为质量效益优势湖南启动“湘米优化”工程",43
"1997.8.11","是“乐园”还是陷阱？——湖南治理“开心啤酒乐园”的调查",43
"1997.8.12","邹延龄事迹在湘引起反响",43
"1997.8.12","株洲车辆厂“青年人才工程”撑起企业大厦",43
"1997.8.14","发挥部门优势搞好深度加工常德加快农业产业化建设",43
"1997.8.14","岳阳：城市“整容”",43
"1997.8.15","长沙：集中整治“老大难”鹰潭：标本兼治“脏乱差”",43
"1997.8.15","长沙承办亚洲滑水锦标赛",43
"1997.8.18","减轻农民负担推广农业技术湖南农村经济发展势头好",43
"1997.8.18","少发补贴缩减开支不摆酒席长沙县节省资金扶贫帮困",43
"1997.8.19","寻求经济良性发展之路——长沙市工业结构调整纪实",43
"1997.8.19","走向新岸——湖南省劳教机关教育挽救劳教人员纪实",43
"1997.8.22","“嫁”不出的黄花变“黄金”——看衡阳鑫宝实业有限公司如何当农业产业化龙头",43
"1997.8.24","湖南湘耒高速公路动工",43
"1997.8.25","岳阳楼区：特种养殖发展迅猛",43
"1997.9.2","严党风正行风——湘潭市工商局党委抓行业作风纪事",43
"1997.9.5","湘潭市一批违纪税务人员受查处",43
"1997.9.5","最大限度减少信贷资产损失建行郴州分行救活挂“黄牌”企业",43
"1997.9.10","湘西二百所希望小学刚刚告别“牛栏学校”、“岩洞学校”的历史，就用上了现代化的录像教材——在同一起跑线上腾飞",43
"1997.9.12","从湖南看全国",43
"1997.9.17","发展农业产业化经营——湖南省代表团讨论侧记",43
"1997.9.17","一砖一石打牢基础——访十五大代表朱湘桂",43
"1997.9.25","全国钓鱼邀请赛在蚌埠举行",43
"1997.9.26","湘西隆重庆祝建州四十周年",43
"1997.9.30","文明花开正鲜艳——常德交警支队精神文明建设二三事",43
"1997.10.4","湖南推广稻田控水增产技术",43
"1997.10.5","激活三湘水刮目看湖南",43
"1997.10.6","岳麓书声今又盛——长沙市教育改革见闻",43
"1997.10.8","王丙乾率检查组赴湖南检查时要求要实现水资源的可持续利用",43
"1997.10.9","湖南各界公祭炎帝陵",43
"1997.10.10","湖南两系法杂交晚稻丰收在望",43
"1997.10.12","羽毛球赛江苏男队湖南女队夺金",43
"1997.10.13","怀化寄卖行违法经营典当业务",43
"1997.10.15","永不松懈——谢逢森谈湖南网球女团夺冠",43
"1997.10.15","湘西扶贫攻坚开始全面冲刺",43
"1997.10.16","统一认识领导垂范加强督查湖南清理公费配置通信工具",43
"1997.10.16","体操湘鄂凤舞龙飞京师功败垂成",43
"1997.10.20","从管罚到自觉从他律到自律岳阳注重培养市民文明习惯",43
"1997.10.22","生物技术显威力漫道湖湘不宜棉",43
"1997.10.23","湖北湖南分获网球男女双打金牌",43
"1997.10.24","架起党群连心桥——湖南邵阳市抓党建求真务实以民为本",43
"1997.10.29","示范窗口亮丽生辉——湘潭国税二分局树立“为纳税人服务”观念",43
"1997.11.3","全国杂文组织联谊会第十二届年会在湖南衡阳召开",43
"1997.11.13","秋修连冬修大干加实干益阳水利建设再起高潮",43
"1997.11.14","湖南水利建设不松劲到十月底全省开工各类水利工程二十五万处",43
"1997.11.14","悬壶献爱心——记湖南省新化县中医肿瘤研究所所长苏四光",43
"1997.11.15","爽心称心贴心——衡阳火车站精神文明建设纪实",43
"1997.11.22","长沙市委制定发行责任制",43
"1997.11.24","湖南粮棉再创新高粮食：增产十七亿公斤棉花：增产一○四万担",43
"1997.11.24","湖南各级一把手为发行第一责任人",43
"1997.11.27","湖南加快丘冈山地开发三年开发２６５０万亩，改造１５２５万亩",43
"1997.11.28","湖南首家道路法庭成效明显",43
"1997.12.4","普法是基础执法是关键湖南依法治省有进展",43
"1997.12.4","给湘西人民留下永久财富——记吉首市副市长文先励",43
"1997.12.4","鼓励学生动手动脑培养高分高能人才衡阳县“创造教育”星光灿烂",43
"1997.12.7","湖南：握紧拳头保重点",43
"1997.12.8","长沙开通对台服务咨询热线",43
"1997.12.9","专项清理健全制度开展督察湖南国企廉政建设有成效",43
"1997.12.9","面向经济发展多渠道办学职教撑起三湘半边天",43
"1997.12.11","湖南扶贫攻坚到村到户今年全省九十万人脱贫",43
"1997.12.12","高唱廉政歌争做廉政人长沙市五个月节省费用五千万",43
"1997.12.17","国家科委为地方经济发展“诊脉”株洲市确立新产业发展战略",43
"1997.12.17","科技明灯耀株洲",43
"1997.12.18","湖南用党费给贫困乡村订报",43
"1997.12.19","长沙群众为兴建博物馆捐款",43
"1997.12.20","决战湘西",43
"1997.12.22","湖南省三年开发丘冈山地２６５０万亩，加快了农民致富的步伐，他们的实践表明——丘冈山地大有可为",43
"1997.12.22","岳阳楼诗文记",43
"1997.12.23","湖南取消一批收费项目一年可为企业减轻负担１．２４亿元",43
"1997.12.25","湘潭电厂一号机组并网发电",43
"1997.12.27","韶山纪念毛泽东诞辰104周年　毛泽东文学院、毛泽东诗词广场在长沙落成",43
"1997.12.30","反贪导报在湖南",43
"1997.12.31","因地制宜因人施教永州强化农民科技素质",43
