﻿"index","news_title","prov_cde"
"1997.1.3","一温馨寄晚霞——上海卢湾社区为老人服务纪实",31
"1997.1.3","上海申花足球队捧走贺岁杯",31
"1997.1.4","邹家华在上海考察",31
"1997.1.6","上海科技教育出版社何以精品迭出——精心策划精心组织精心出版",31
"1997.1.8","“金话筒奖”颁奖晚会在沪举行",31
"1997.1.9","普陀山游客逾百万人次",31
"1997.1.10","上海医院推行“开放式服务”",31
"1997.1.11","又一份答卷——上海市精神文明建设纪事",31
"1997.1.11","飞机、火车、汽车谁“吃掉”谁沪宁之间展开立体客运角逐",31
"1997.1.13","男篮联赛起伏不定江苏负于上海强弱分明八一大胜四川",31
"1997.1.14","上海研制新型内外墙装饰材料",31
"1997.1.16","振兴京剧的壮举——记“上海京剧万里行”大型巡回演出",31
"1997.1.18","中国现代农民画研讨会在沪举行",31
"1997.1.19","乔石在沪考察时强调进一步发挥上海示范辐射带动作用",31
"1997.1.20","上海出版物市场：风正舞千帆",31
"1997.1.20","上海农业将进入新一轮品种更新期",31
"1997.1.22","沈粹缜同志在上海逝世江泽民委托上海市委负责人向沈粹缜亲属转达他的哀悼和慰问并送花圈，李鹏乔石李瑞环朱镕基等也送了花圈",31
"1997.1.28","财政部与上海证交所决定在北京进行“国债专用帐户”试点",31
"1997.1.30","上海金山县农民画新作选（）",31
"1997.1.31","上海青年女足获“英德杯”",31
"1997.2.1","凝聚人心最重要——上海长宁区委书记茅明贵访谈录",31
"1997.2.5","第三届上海国际电影节将于１０月举行",31
"1997.2.5","回望《阿姐鼓》上海音像公司更新创作机制",31
"1997.2.8","上海国民经济运行实现开门红元月完成国内生产总值２３４亿比去年同期增长１３．１％",31
"1997.2.10","上海掀起帮困高潮",31
"1997.2.13","上海搞活粮食流通给生产者、经营者、消费者带来实惠",31
"1997.2.13","上海铁路公安局树公安新风",31
"1997.2.13","《上海新闻史》评介",31
"1997.2.14","粮食流通体制改革的重大突破——上海粮食市场多家竞争经营的调查",31
"1997.2.16","下岗百万职工８０万重新就业上海初步形成再就业新机制",31
"1997.2.17","“穿山甲”机器人在沪诞生",31
"1997.2.17","上海技术市场日趋红火",31
"1997.2.17","男篮联赛烽烟再起上海广东两强败北",31
"1997.2.19","秦基伟同志遗体在京火化江泽民乔石刘华清胡锦涛等到八宝山向秦基伟同志遗体告别",31
"1997.2.21","上海：缅怀改革开放总设计师",31
"1997.2.22","上海繁荣文艺“三大件”",31
"1997.2.23","黄浦江畔的哀思——上海人民深情追忆小平同志七次在沪过春节",31
"1997.2.24","上海市民吃新米",31
"1997.2.25","举国含悲承遗志长街恸哭送伟人党和国家领导人同首都群众送别邓小平同志江泽民李鹏乔石李瑞环朱镕基刘华清胡锦涛荣毅仁等敬献花圈并到医院为邓小平同志送别、护送遗体到八宝山火化",31
"1997.2.26","上海：江海载不尽哀思",31
"1997.2.27","刘靖基同志遗体在上海火化黄菊王兆国参加告别仪式",31
"1997.2.27","坚持上海公报原则——访美国前国务卿亨利·基辛格博士",31
"1997.2.27","中华美国学会、社科院美国研究所举行讨论会纪念中美上海公报发表２５周年",31
"1997.2.27","沪银行“花色品种”多样",31
"1997.2.28","上海公报：中美关系的基础——纪念中美上海公报发表二十五周年",31
"1997.3.1","纪念中美上海公报发表２５周年",31
"1997.3.4","江泽民参加上海代表团全体会议时强调振兴国有企业出路在于改革",31
"1997.3.4","纪念中美上海公报发表２５周年钱其琛出席在京举行的座谈会并讲话",31
"1997.3.11","深化改革开创新局——上海团黄菊、徐匡迪谈发展",31
"1997.3.13","北京上海武汉举行活动纪念孙中山逝世７２周年",31
"1997.3.17","志在必得上海申花胜延边敖东",31
"1997.3.19","全民健身，首先要解决的是场馆开放问题，而各级体委所属的体育场馆，又成为开放过程中众人瞩目的焦点……为了健康的承诺——京津沪全民健身场地扫描（之一）",31
"1997.3.20","７０％至８０％的体育场地为学校所有，在大力推行全民健身计划的今天，越来越多的学校已打开大门，成为居民锻炼的好去处……资源共享事在人为——京津沪全民健身场地扫描（之二）",31
"1997.3.21","小区好住健身难——京津沪全民健身场地扫描（之三）",31
"1997.3.25","全国排球优胜赛结束河南上海四川天津四队升级",31
"1997.3.26","留学回国人员发挥独特优势４００多家留学归国人员创办的企业相继在上海开业",31
"1997.3.26","下岗以后怎么办？上海四位女工的回答是——向命运说“不！”",31
"1997.3.27","上海浦东发展银行在京聘法律顾问",31
"1997.3.27","上海促进生物质燃料产业化",31
"1997.3.27","京港台三地影人出演影《宋家三姐妹》在沪首映",31
"1997.3.28","上海铁路分局安全行车三千天",31
"1997.3.28","董建华表示对沪港合作充满信心",31
"1997.3.28","甲Ａ第三轮掀起进球高潮上海队羊城高奏凯歌",31
"1997.3.29","澳大利亚总理访问我国抵沪",31
"1997.3.30","玻利维亚总统访问上海对访华成果表示满意",31
"1997.3.30","澳大利亚总理访问上海",31
"1997.3.30","戈尔离沪",31
"1997.3.31","一路上播洒温馨——记上海二汽公司４９路车队",31
"1997.3.31","全国排球联赛结束上海女排如愿以偿夺冠",31
"1997.4.1","澳安捷航空公司在沪设办事处",31
"1997.4.1","大力推进职业道德建设——上海市开展行业规范服务达标活动的思考",31
"1997.4.2","铁路提速第一天：京九列车全部安全正点上海首开４趟特级客车沪港列车首开广州",31
"1997.4.3","上海汽车华北市场共同体成立",31
"1997.4.3","告别弄堂——上海医药企业东迁浦东纪实",31
"1997.4.7","上海铁路分局安全行车３０００天",31
"1997.4.7","上海旧金山签署友好交流备忘录",31
"1997.4.8","上海近两年出现一个回国留学人员创办企业的群体。他们的成功实践表明，如今——正是东归创业时",31
"1997.4.9","李铁映在上海考察强调全力以赴做好八运会筹备工作",31
"1997.4.9","上海下岗人员离岗前转入“再就业服务中心”",31
"1997.4.10","国际商会三十二届世界大会在沪举行李鹏应邀在开幕式上讲话会议主题为“全球经济中的亚洲”，将探讨全球经济、中国在亚洲和世界上不断增长的作用等问题",31
"1997.4.14","“东方之窗”的文明哨兵——武警上海总队二支队三中队为人民服务纪事",31
"1997.4.18","学做职业球员——朱广沪谈健力宝队“留学”一得",31
"1997.4.21","希望田野筑新城——上海奉贤县洪庙镇建设侧记",31
"1997.4.21","我南极考察队返抵上海港",31
"1997.4.22","上海贝尔为铁路提供程控交换机",31
"1997.4.24","八运会帆船比赛尽显少年风姿上海选手夺得首金",31
"1997.5.2","法国将在上海举办高科技博览会",31
"1997.5.4","上海“民心工程”得民心十年帮助八万住房困难户乔迁新居",31
"1997.5.4","上海申花队击败香港南华队",31
"1997.5.6","严肃财税政纪纯洁财税队伍沪三名财税人员被端掉“饭碗”",31
"1997.5.11","荣毅仁在上海考察时指出市场经济条件下“两手都要硬”",31
"1997.5.11","联合国秘书长安南访问上海",31
"1997.5.15","站在上海看文明",31
"1997.5.15","迈向文明都市的必由之路——上海市文明小区巡礼之一",31
"1997.5.16","“小舞台”上唱“大戏”——上海市文明小区巡礼之二",31
"1997.5.18","法国总统访问上海",31
"1997.5.19","兼并：上海“三枪”快速扩张的奥秘",31
"1997.5.19","走向新世纪——上海市文明小区巡礼之三",31
"1997.5.19","希拉克总统结束访华离沪前发表演讲对访华成果表示满意",31
"1997.5.20","京九直通旅客列车抵港首趟沪港直通旅客列车开行",31
"1997.5.20","八运会女排决赛即将在上海举行",31
"1997.5.22","沪深城市综合配套改革走在前列",31
"1997.5.22","上海举办香港电影回顾展",31
"1997.5.22","上海举行纪念“五二○”运动座谈会",31
"1997.5.23","上海举行纪念《讲话》发表五十五周年座谈会",31
"1997.5.26","八运会女排决赛战罢第三轮江苏辽宁上海解放军保持不败",31
"1997.5.27","八运会女排决赛激战正酣郎平将到上海物色新国家队人选",31
"1997.5.28","八运会女排决赛产生八强江苏上海分列小组头名",31
"1997.5.30","尼日尔总统访问上海",31
"1997.5.30","八运会女排决赛江苏福建上海解放军进入四强",31
"1997.5.31","八运会女排决赛进入座次之争上海队解放军队各胜一场",31
"1997.6.1","上海第八十万辆桑塔纳轿车出厂",31
"1997.6.2","八运会女排决赛落幕上海队夺冠",31
"1997.6.3","上海建七家再就业中心",31
"1997.6.3","上海制定政策倾斜再就业",31
"1997.6.4","上海长征医院医疗大楼建成江泽民题写院名",31
"1997.6.6","上海申花队胜荷兰费耶诺德队",31
"1997.6.9","装扮上海的“美容师”——访上海大学美术学院",31
"1997.6.11","澳安捷公司开通上海航线",31
"1997.6.12","东方科学之星——记中科院院士、上海瑞金医院血研所所长陈竺",31
"1997.6.13","中美最大合资项目在沪奠基",31
"1997.6.18","再向潮头听涛声最佳邮票奖：《上海浦东》",31
"1997.6.22","“亮光”在闪烁——上海纺织业结构大调整纪实",31
"1997.6.23","“香港宝鼎”在沪发运",31
"1997.7.1","上海：浦江涌动欢乐潮",31
"1997.7.3","全国女足联赛战罢三轮上海北京山东暂居前列",31
"1997.7.3","透过沧桑看百年——上海人艺倾力创排《归来兮》",31
"1997.7.4","中房指数系统５月份测算显示京沪房地产仍在盘整之中",31
"1997.7.4","全国女足联赛战罢四轮上海远东队保持不败",31
"1997.7.5","八届全运会将于１０月在沪举行",31
"1997.7.6","全国省市妇联主席工作会议在上海召开黄菊陈慕华出席并讲话",31
"1997.7.6","上海理论界学习邓小平“一国两制”理论",31
"1997.7.7","上海衬衫靠准确定位形成集合优势包揽用户最满意十大衬衫品牌前五名",31
"1997.7.8","杨易辰同志遗体在京火化乔石刘华清胡锦涛等前往八宝山送别",31
"1997.7.9","“吃在上海，住在苏州”",31
"1997.7.11","国务院批准设立首家中外合资外贸公司东菱贸易有限公司在沪组建",31
"1997.7.11","全国女足联赛上海队“三连冠”北京上海暑期小足球赛越办越火三高少年足球队赴墨西哥留学",31
"1997.7.12","《上海探戈》封镜",31
"1997.7.12","京沪穗推出“环球３６０”",31
"1997.7.15","上海市金卡工程通过国家验收",31
"1997.7.15","贾阿法访问上海苏州",31
"1997.7.16","上海大学生暑期服务多姿多彩",31
"1997.7.17","上海为有线女排八运会夺冠庆功",31
"1997.7.19","首届全国女足超级联赛揭幕“三冠王”上海队出师不利",31
"1997.7.21","“七不”教育深入人心“窗口”行业展示新貌上海市民积极参与精神文明建设",31
"1997.7.21","上海：维护秩序服务社区",31
"1997.7.21","中日围棋对抗赛在上海落子我男女新锐首战告捷",31
"1997.7.22","看上海怎样增资减债——“钱从哪里来”专题报道之五",31
"1997.7.22","上海球迷说：申花队别趴下",31
"1997.7.22","国际男篮争霸战将在上海举行",31
"1997.7.23","不计条件无私奉献上海筹办八运会厉行节俭之风",31
"1997.7.24","上海开创拥军优属新局面三部门就此联合发出通知要求关心支持国防和军队建设",31
"1997.7.24","上海和亚历山大省签署友好合作协议",31
"1997.7.25","托起我们心中的长城——上海市拥军优属工作纪实",31
"1997.7.26","八运会男子沙滩排球决赛军沪鲁三强保持不败",31
"1997.7.29","上海美影厂创立“中国学派”",31
"1997.7.29","八运会沙滩男排赛落幕上海代表团再添一金",31
"1997.8.1","京沪两地大学生暑期联手赴１０省区调查高校贫困生问题",31
"1997.8.2","八运会筹备工作顺利进行本届运动会十月十二日至二十四日在沪举行",31
"1997.8.2","规模空前的体育盛会——上海市副市长龚学平谈八运会筹备情况",31
"1997.8.2","全国女足超级联赛上海广东两队告捷",31
"1997.8.3","’９７上海国际少儿文化艺术节开幕",31
"1997.8.7","海军最大军港港标在沪落成",31
"1997.8.7","今夏上海郊游时髦",31
"1997.8.8","上海为高校又开邮政速递高考喜讯送家门",31
"1997.8.11","行风是怎样转变的——关于上海邮电行风评议情况的调查",31
"1997.8.11","伍绍祖在沪检查筹备工作时认为八运会新建场馆质量一流",31
"1997.8.12","在伟人开辟的航道上——邓小平建设有中国特色社会主义理论和上海的改革开放",31
"1997.8.12","全国青少年自行车赛沪冀小将开门红",31
"1997.8.13","八运会组委会在上海成立伍绍祖任主任徐匡迪任执行主任",31
"1997.8.18","试飞英雄邹延龄与上海劳模座谈",31
"1997.8.18","全国青少年自行车赛京冀沪选手三分天下",31
"1997.8.18","女足超级联赛第五轮结束上海力拼取胜河南虽败犹荣",31
"1997.8.19","中国海运集团在上海成立",31
"1997.8.20","党中央国务院关注浙沪闽灾情江泽民李鹏亲切慰问１１号台风受灾干部群众",31
"1997.8.24","迎接十五大奔向新世纪八运会圣火火种在上海采集",31
"1997.8.24","韩国副总理访问上海",31
"1997.8.30","有关部门要求学习推广上海实施再就业工程经验不等不靠积极趟新路",31
"1997.8.31","上海文艺出版社捐建希望小学",31
"1997.9.1","１９部影角逐上海国际电影节",31
"1997.9.1","“叫行”“配送”竞风流——来自大连和上海的报道",31
"1997.9.3","上海三菱公司在京推出住宅电梯",31
"1997.9.3","上海举行迎八运动员大会３８个新建改建场馆全部竣工",31
"1997.9.3","八运会上海市主火炬点燃",31
"1997.9.5","上海八运会新场馆全部合格",31
"1997.9.8","足协杯赛进入第三轮山东逼平上海前卫轻取松日",31
"1997.9.10","环境整洁优美气氛隆重热烈京津沪渝喜迎十五大",31
"1997.9.10","上海投行推出电话银行新品",31
"1997.9.10","宝山村的脊梁——四川省彭州市宝山村党委带领群众脱贫记",31
"1997.9.12","罗马尼亚总统离沪赴珠海",31
"1997.9.13","“要为人民谋福利”——江泽民同志参加上海代表团讨论侧记",31
"1997.9.16","沪粤豫皖内蒙古团欢庆中秋",31
"1997.9.19","德国军舰抵沪访问",31
"1997.9.21","学术精湛治学严谨著名数学家苏步青执教７０周年庆祝会在沪举行",31
"1997.9.24","扬波淀山湖逐浪竞风流水上全民健身运动会１１月在沪举行",31
"1997.9.26","上海迎八运会进入最后倒计时各项规划逐步落实",31
"1997.9.30","优秀体育摄影作品在沪展出沈部大连海达篮球俱乐部成立天域杯体育记者保龄球赛举行",31
"1997.10.1","上海组合港成立吴邦国黄菊出席揭牌仪式",31
"1997.10.6","上海私人购房每天超过１００套",31
"1997.10.6","构筑没有围墙的防线——松江县创建农村治安防范小区纪实",31
"1997.10.9","羽毛球团体赛形势渐明朗江苏男队上海女队率先小组出线",31
"1997.10.10","上海华山医院喜庆９０华诞江泽民李鹏分别题词祝贺",31
"1997.10.11","莫桑比克总理访问上海",31
"1997.10.11","陆上空中路路通畅场内场外暖意融融上海全方位进入角色",31
"1997.10.12","回家——香港体育代表团抵沪侧记",31
"1997.10.13","第八届全国运动会在上海隆重举行",31
"1997.10.13","圣彼得堡市市长访问上海",31
"1997.10.15","游泳赛场波腾浪沸上海选手技高一筹",31
"1997.10.16","上海浦东国际机场开工江泽民总书记挥锹奠基会见参加开工仪式的日本法国客人",31
"1997.10.16","上海队勇夺女垒决赛桂冠",31
"1997.10.17","北京破获特大抢劫枪支杀人案重大犯罪嫌疑人白宝山落入法网",31
"1997.10.17","游泳：上海又夺三金",31
"1997.10.19","上海医科大学喜庆七十华诞",31
"1997.10.20","辽宁有望赶超上海吗？",31
"1997.10.21","上海安全度过夏秋汛期",31
"1997.10.21","当年是对手今天是朋友——战斗英雄韩德彩与美国王牌飞行员费切尔在沪相见",31
"1997.10.21","水球桂冠落上海",31
"1997.10.23","上海推出家用离子水整水器",31
"1997.10.24","八运会各项比赛全部结束上海获金牌、总分双第一",31
"1997.10.24","国际铁路展将在沪举行",31
"1997.10.24","男女足鲁沪捧杯",31
"1997.10.24","上海武林高手喜添两金",31
"1997.10.26","第三届上海国际电影节开幕",31
"1997.10.26","挪威国王访问上海",31
"1997.10.28","世界围棋棋王战在沪激战马晓春再次负于李昌镐",31
"1997.10.29","浦江春潮润大漠——人事部和上海市为新疆兵团培训跨世纪人才纪实",31
"1997.10.30","国际邮票钱币博览会将在沪举办",31
"1997.10.30","上海纪念陈望道逝世２０周年",31
"1997.10.30","京、沪、苏、粤、津最佳星级饭店",31
"1997.10.30","合资超市：崛起上海滩",31
"1997.10.31","上海郊区“驶入”信息高速公路",31
"1997.11.1","《上海工运志》出版陈云生前题写书名",31
"1997.11.3","第三届上海国际电影节落幕《丛林人》获金爵大奖《红河谷》获最佳银幕奖",31
"1997.11.4","朱镕基在上海考察时提出把纺织行业作为国企改革和脱困突破口",31
"1997.11.4","东京独占鳌头京沪榜上有名世界十大都市排座次",31
"1997.11.5","美国安泰保险获准在沪营业",31
"1997.11.5","上海三菱电梯发展在京业务",31
"1997.11.7","上海申花队负于日本福冈队",31
"1997.11.9","田纪云在上海考察工作时指出以改革促发展以发展保稳定",31
"1997.11.10","澳大利亚援华小麦运抵上海",31
"1997.11.11","桥牌手会战普陀山",31
"1997.11.11","给青工平等竞争的机会——上海浦东钢铁（集团）有限公司青年岗位能手活动巡礼",31
"1997.11.13","法国海军护卫舰结束访沪",31
"1997.11.13","沪鄂苏各界纪念孙中山诞辰",31
"1997.11.15","刘华清在上海考察时勉励全市干部加快浦东新区开发开放步伐",31
"1997.11.16","南斯拉夫总统访问上海",31
"1997.11.16","上海艺术博览会尽显文化风范",31
"1997.11.17","巴西军舰访问上海",31
"1997.11.18","巴西军舰结束访沪",31
"1997.11.28","表面工程国际会议在沪举行",31
"1997.11.28","上海音乐学院喜迎70华诞江泽民李鹏乔石李瑞环李岚清等题词祝贺",31
"1997.12.1","分流两千人压锭三万六上海安达棉纺织厂减员增效扭亏有望",31
"1997.12.1","数十万市民参与数百万人受教育上海人纠正不文明交通行为",31
"1997.12.1","上海广播交响乐团将巡演欧洲",31
"1997.12.2","上海妈妈山东娃",31
"1997.12.3","第九届国际海事盛会在沪举办",31
"1997.12.3","上海纪念中国话剧诞生九十周年",31
"1997.12.4","液化气汽车驶上上海街头",31
"1997.12.4","八一男篮继续一枝独秀辽粤沪三强遭败绩",31
"1997.12.6","上海京剧南方行",31
"1997.12.7","中国邮币收藏新态势——’９７上海国际邮票钱币博览会记盛",31
"1997.12.8","全国足球甲Ａ联赛进入最后阶段沪京争第二多队忙保组",31
"1997.12.9","上海广播交响乐团访问欧洲",31
"1997.12.10","上海将建成国际航运中心",31
"1997.12.15","全国男篮甲Ａ联赛八一大胜上海北京苦战取胜",31
"1997.12.16","不“面子”不求“虚胖”上海“六百”不再考核销售额",31
"1997.12.16","上海理工大学正泰学院挂牌",31
"1997.12.16","杨浦检察院狠抓廉洁自律",31
"1997.12.18","全国短池游泳赛今在上海鸣枪",31
"1997.12.19","上海广播交响乐团访欧巡演成功指挥张培豫获巴黎市红宝石奖章",31
"1997.12.19","元旦京沪同时举行登山登高比赛",31
"1997.12.20","上海证券交易所迁址浦东",31
"1997.12.20","短池游泳赛传捷报上海队两破全国纪录",31
"1997.12.21","黄浦江引水二期工程建成通水",31
"1997.12.22","在合作中自主——从上海贝尔看合资",31
"1997.12.25","乌克兰总理访问上海",31
"1997.12.26","黄菊当选为上海市委书记",31
"1997.12.30","上海新站展示现代化文明车站风貌黄菊为上海站运营十周年发贺信",31
"1997.12.31","《抓斗大王》在沪出版",31
