﻿"index","news_title","prov_cde"
"1997.1.2","南京（）",32
"1997.1.5","南通：群起效仿“莫文隋”",32
"1997.1.6","南京设立“雨花石”基金",32
"1997.1.6","关键是确保了投入——苏州市农业连续十一年丰收纪事",32
"1997.1.8","桃花岁岁盛开丰碑巍巍常在淮安周恩来纪念馆成为爱国主义教育基地",32
"1997.1.8","南京大学设“周恩来班”",32
"1997.1.8","日军暴行记录南京血案见证安徽发现外国记者记述南京大屠杀原版书",32
"1997.1.9","苏州六人作品在京展出",32
"1997.1.9","徐州人民商场好火爆",32
"1997.1.10","光明行——记徐州市眼病防治研究所李子良教授",32
"1997.1.10","球缘——记江苏南钢球迷会",32
"1997.1.12","乔石在江苏考察时强调增强改革意识创新精神大力推进两个根本转变",32
"1997.1.13","继续依靠广大群众江苏“扫黄、打非、禁盗”连连告捷",32
"1997.1.13","不灭的理想火炬——追记南京工程兵工程学院教授黄小平",32
"1997.1.13","男篮联赛起伏不定江苏负于上海强弱分明八一大胜四川",32
"1997.1.13","台画家教学奖励基金在扬州设立",32
"1997.1.14","加强对农村供药管理常州保证农民用药放心",32
"1997.1.15","南通罐头厂拖欠蘑菇款何时还？",32
"1997.1.16","彭珮云在江苏考察时强调推进职工医疗保障制度改革扩大试点",32
"1997.1.18","福地扬州",32
"1997.1.19","国家一类口岸江苏太仓港开港",32
"1997.1.20","邹家华在江苏考察时指出选好产品是企业生存发展关键",32
"1997.1.20","全国排球联赛五轮战罢四川男队江苏女队保持不败",32
"1997.1.21","周恩来遗物陈列馆在淮安奠基",32
"1997.1.22","江苏五成以上优抚对象实现小康",32
"1997.1.22","凝固瞬间写永恒——记江苏人民出版社的摄影出版物",32
"1997.1.24","江苏铜山让每户春节都吃上饺子",32
"1997.1.24","瓦努阿总理在南京深圳访问",32
"1997.1.29","情系产业化——记南京科技与产业发展促进会",32
"1997.1.31","南京军区某仓库坚持为民办实事",32
"1997.2.3","江苏武进：育优良稻种播大江南北",32
"1997.2.3","让精神文明的窗口更明亮苏州北兵营医院下基层形成制度",32
"1997.2.5","无锡电仪公司发展信息产业",32
"1997.2.6","江苏强化电子产业结构调整",32
"1997.2.6","江苏党政领导问寒暖",32
"1997.2.12","南京：龙腾鼓乐闹台城",32
"1997.2.12","着力培育优秀人才脱颖而出的土壤南京大学形成青年学者群",32
"1997.2.13","南通举行万人迎春跳绳比赛",32
"1997.2.14","目标：创一流效益——江苏宿豫粮食系统以改革谋发展小记",32
"1997.2.14","“干大事业的人”——记徐州市大泉乡韩场村党支部书记窦立宏",32
"1997.2.15","江苏解决农民看电影难问题",32
"1997.2.16","江苏选派优秀教师支援老区",32
"1997.2.17","江苏黎明汽车批量出口约旦",32
"1997.2.17","排球联赛战火重燃四川男队江苏女队保持不败",32
"1997.2.18","为农民兄弟献上“年货”江苏百团送戏下乡",32
"1997.2.24","您的战略构想在不断实现——访原苏州地委、市委书记戴心思",32
"1997.2.27","画苑青青草——南京书画院",32
"1997.3.2","再创新优势——访人大代表、江苏省委书记陈焕友",32
"1997.3.6","宁愿一人脏换来万人净——记时传祥式的模范群体徐州下水道四班（上）",32
"1997.3.7","中宣部等召开座谈会号召全社会学习徐州下水道四班先进事迹",32
"1997.3.7","活着就要奉献奉献才有价值——记时传祥式的模范群体徐州下水道四班（下）",32
"1997.3.7","江苏农话增长超过市话",32
"1997.3.10","江苏备耕首先备科技",32
"1997.3.13","全国男篮甲级联赛江苏险胜联航队",32
"1997.3.24","我国科技水平最高的标志性桥梁芜湖长江大桥动工兴建工程总量相当南京武汉两座长江大桥的总和",32
"1997.3.24","一深情在艾山——记江苏省邳州市扶贫协会理事长蔡宝友",32
"1997.3.27","继往开来的南通话剧运动",32
"1997.4.1","彭珮云在江苏考察时强调要搞好“医改”和计生工作",32
"1997.4.3","“战时日记”血泪见证人道精神世人共缅拉贝墓碑从柏林运抵南京",32
"1997.4.4","规范化法制化江苏力争年内解决农民负担过重问题",32
"1997.4.5","多问策善决策——江苏省金坛市委书记邹宏国一席谈",32
"1997.4.7","向村庄改造要耕地，江苏通州市苏家埭人的经验是——动土得地",32
"1997.4.9","江苏“民建希望小学”奠基",32
"1997.4.10","来的都是客全凭心一颗——南京市湖南路记事",32
"1997.4.12","踏实奔小康——江苏新沂市委书记郭希忠一席谈",32
"1997.4.13","把结构调整作为第三次发展机遇江苏优化产业布局实行“四转移”",32
"1997.4.14","江苏省公布六十四个县市小康进程序列常熟市“小康”水平居榜首",32
"1997.4.15","蒋树声出任南京大学校长",32
"1997.4.17","“老南京”逛城靠地",32
"1997.4.21","美国纪念南京大屠杀受难同胞联合会筹备年余近日向国际社会寄赠资料",32
"1997.4.21","珍贵的数万亩耕地，横遭１５００多个砖瓦窑啃噬，每年吃掉４万多人的口粮。苏州向砖瓦窑全面宣战了。两年下来，夺回农地３９００多亩——向砖瓦窑宣战",32
"1997.4.25","常州地税局一季度税收增长百分之二十四",32
"1997.5.4","点线结合动静结合专群结合江苏治安防控体系初具规模",32
"1997.5.4","让历史作证——江苏人民出版社加紧翻译出版《拉贝日记》",32
"1997.5.4","新加坡总理吴作栋访问苏州",32
"1997.5.5","苏州铁师院：百日迎回归",32
"1997.5.6","苏州职工个人购房踊跃",32
"1997.5.7","苏州河泥“变”白瓷",32
"1997.5.8","江苏教育出版社送书送教下乡",32
"1997.5.12","农技推广战线上的“铁人”——记全国自强模范、江苏射阳县农技推广中心副主任姜德明",32
"1997.5.12","爱，洒向颠倒的世界——记南京市脑科医院的护士们",32
"1997.5.14","江苏今年水利投入居历史首位　福建特大防汛费列入财政预算",32
"1997.5.14","李贵鲜在江苏考察工作时强调公务员一定要当好人民公仆",32
"1997.5.14","创造良好的学习环境——江苏省整顿高校治安秩序的调查",32
"1997.5.15","还是“摇钱树”——无锡纺织业为何保持月月盈利",32
"1997.5.15","历史之鉴警世之作——日本画《南京大屠杀之》观后记",32
"1997.5.15","南京大屠杀之（）",32
"1997.5.19","光明之神——记苏州医疗器械厂研制人工晶体",32
"1997.5.19","江苏省乡镇企业发展势头良好（）",32
"1997.5.20","徐州鼓楼公安分局掀起练兵热潮",32
"1997.5.21","流动的宾馆——记南京铁路分局６５／６６次列车",32
"1997.5.21","“南通现象”引出的思考——谈“体教结合”培养后备人才",32
"1997.5.22","江苏太仓市率先建成“电话市”",32
"1997.5.26","八运会女排决赛战罢第三轮江苏辽宁上海解放军保持不败",32
"1997.5.28","南京大学庆祝九十五华诞南京大学董事会成立",32
"1997.5.28","八运会女排决赛产生八强江苏上海分列小组头名",32
"1997.5.30","姜春云在江苏河南农村考察时强调全力以赴打好“三夏”这一仗",32
"1997.5.30","司马义·艾买提在江苏考察时强调为各民族共同繁荣多作贡献",32
"1997.5.30","八运会女排决赛江苏福建上海解放军进入四强",32
"1997.6.2","胡乔木塑像在盐城落成",32
"1997.6.2","静海寺《南京条约》史料陈列馆扩建完成",32
"1997.6.6","南京政治学院开展学风教育",32
"1997.6.7","突破区域求发展——江苏无锡市郊区区委书记于顺源一席谈",32
"1997.6.8","江苏面向全国设立“茉莉花金奖”",32
"1997.6.10","南京政治学院择业教育见成效",32
"1997.6.11","北京迎香港回归气氛浓烈江苏静海寺钟声警示后人",32
"1997.6.12","江苏省供销社量化为农服务工作目标",32
"1997.6.15","静海寺涌动爱国潮——记《南京条约》史料陈列馆",32
"1997.6.16","当面挑毛病畅言论短长江苏戏剧节办成“讲武堂”",32
"1997.6.17","江苏：政策倾斜再就业",32
"1997.6.19","科学规划引入竞争淮安种养大户竞相搞开发",32
"1997.6.19","宿迁大力发展水产养殖",32
"1997.6.19","庆回归香港—北京接力长跑南京站交接仪式在静海寺举行",32
"1997.6.23","江苏高校：近四千毕业生党员庄严宣誓",32
"1997.6.23","苏州阀门厂跻身国际核电阀门市场",32
"1997.6.24","南京江宁开发区崛起企业群５年吸引２０５个项目落户总投资突破１２亿美元",32
"1997.6.28","《中共江苏地方史》（第一卷）简评",32
"1997.6.30","南京禄口机场通航　江泽民为机场题名　邹家华出席首航典礼",32
"1997.6.30","无锡提出农业现代化新规划",32
"1997.7.1","南京：洪钟长鸣激励后人",32
"1997.7.1","擦亮“太湖明珠”——无锡市转变环境意识记事",32
"1997.7.2","清除虫害林更绿——无锡市打防并举促进经济健康发展",32
"1997.7.7","南京政院组织学员走出校门学理论",32
"1997.7.9","“吃在上海，住在苏州”",32
"1997.7.10","工行南京分行贷款建设高速路",32
"1997.7.10","龙凤呈祥六破纪录中国力士扬威扬州",32
"1997.7.10","连云港市举办彦涵画展",32
"1997.7.11","武警江苏总队加强基层支部建设",32
"1997.7.13","着力改善生产条件积极调整农业结构宿迁“以农立市”重视粮食生产",32
"1997.7.15","江苏：抓住主要矛盾调整经济结构",32
"1997.7.15","贾阿法访问上海苏州",32
"1997.7.16","扬州大学百名教授下苏北",32
"1997.7.16","扬州办大赛的启示",32
"1997.7.17","无锡新区外企开工投产顺利",32
"1997.7.18","两全抉择——记江苏村镇建设与基本农田“两区”划定",32
"1997.7.23","连云港，港连云",32
"1997.7.24","江苏治淮三项工程竣工",32
"1997.7.26","“香港回归与《南京条约》”学术研讨会讨论《南京条约》对近代中国社会的影响",32
"1997.7.27","南京青年志愿者为社区服务",32
"1997.7.28","江苏六百万亩棉花长势好",32
"1997.7.30","商海泛绿舟——南京市金贸集团拥军纪事",32
"1997.8.6","江苏白糖批量出口阿拉伯地区",32
"1997.8.7","庆收回香港——为静海寺南京条约史料陈列馆题",32
"1997.8.9","南京：整治城市行路难",32
"1997.8.15","介绍场馆开放和孙晋芳全民健身网络经验国家体委在南京召开现场会",32
"1997.8.18","无锡乡镇企业投资开发农业",32
"1997.8.21","江苏寿险成消费热点",32
"1997.8.29","南京初始地籍建设工程通过鉴定",32
"1997.9.2","路在脚下——从江苏看农村党组织如何带领农民奔小康",32
"1997.9.2","江苏１１０走近千家万户",32
"1997.9.12","以人为镜以镜照人——记江苏扬子江药业集团董事长徐镜人",32
"1997.9.13","农村科教市场广阔——江苏海安科教电影放映纪实",32
"1997.9.17","请接受中国人民的敬意——南京北京盛情接待拉贝外孙女",32
"1997.9.18","首届全国健美操运动会在扬州举行",32
"1997.9.19","江苏好青年支教结连理（）",32
"1997.9.22","无锡：田野里走出“农百万”",32
"1997.9.26","镇江培养跨世纪村级干部",32
"1997.9.29","中华恐龙馆在常州奠基",32
"1997.9.29","适应形势需要探索办学新路苏州切实加强基层党校建设",32
"1997.9.30","足球乙级联赛江苏加佳队夺冠",32
"1997.10.3","江苏率先实现村村通电话",32
"1997.10.4","南京金秋恳谈会成果丰硕",32
"1997.10.5","个体私营经济成为江苏经济新增长点十年来年均纳税十九亿多元",32
"1997.10.5","八运会艺术体操赛收兵江苏浙江各获一金",32
"1997.10.6","常州国际中小企业商品博览会成交活跃",32
"1997.10.7","南京长江二桥动工",32
"1997.10.7","把交易放到阳光下——从郑州苏州建设工程交易中心看堵漏洞",32
"1997.10.7","徐州市公安局严格执行“禁酒令”",32
"1997.10.9","羽毛球团体赛形势渐明朗江苏男队上海女队率先小组出线",32
"1997.10.9","南京建成曹雪芹纪念馆",32
"1997.10.12","羽毛球赛江苏男队湖南女队夺金",32
"1997.10.13","无锡加大个人所得税征收力度",32
"1997.10.14","苏州丝绸工学院并入苏州大学",32
"1997.10.14","乒乓球团体赛落幕广东男队江苏女队夺冠",32
"1997.10.18","寻找最佳效益——无锡市文化产业扫描",32
"1997.10.19","荣毅仁在无锡考察时强调学好用好邓小平理论推动各项工作发展",32
"1997.10.20","更新刑侦运作机制探求高效破案模式徐州泉山公安分局推进刑侦改革",32
"1997.10.29","邹家华在江苏考察时指出水运具有不可替代的优势",32
"1997.10.30","亚洲女子击剑锦标赛在南京落幕中韩分获花剑重剑团体桂冠",32
"1997.10.30","南京蔬菜配送家门口",32
"1997.11.1","“第三世界视角中的比较文学”国际学术研讨会在苏州大学举行",32
"1997.11.3","江苏省将承办下届中国艺术节",32
"1997.11.5","送体育下乡表深切谢意江苏运动员赴基层表演辅导",32
"1997.11.6","无锡新区崛起高新技术产业群",32
"1997.11.6","南京市供销社积极兴办各类市场",32
"1997.11.10","建立完善服务社会化联动体系徐州变“公安１１０”为“社会１１０”",32
"1997.11.10","“链式经营”带来滚动效益——记江苏南通巴大饲料公司",32
"1997.11.10","站在时代的高地——记江苏省优秀共产党员、沙钢集团总裁沈文荣",32
"1997.11.11","苏州名品“神州行”启动",32
"1997.11.11","乒球国手苏州献技擂台赛孔令辉再次告捷",32
"1997.11.13","徐州观音机场建成开航",32
"1997.11.19","常州水中仙杯钓鱼赛收杆",32
"1997.11.19","有人总抱怨精神文明不像物质文明那样有量化的指标便于落实和考核，创建卫生城市活动就是把精神文明建设虚事实做的一个尝试——扬州：一城山水入画来",32
"1997.11.22","家电“吃”汽车春兰首尝鲜南京春兰汽车公司挂牌",32
"1997.11.24","徐州国税直属分局强化监督",32
"1997.11.24","江苏全面推进依法治市",32
"1997.11.24","群雕《人民的灾难》在南京落成",32
"1997.11.25","陈俊生在浙江江苏考察工作时强调加快乡镇企业和供销合作社改革步伐",32
"1997.11.27","“电信寻呼”：免费赠机是一种国际惯例，没有什么值得大惊小怪的。“社会寻呼”：免费赠机是不正当竞争行为，意在挤垮竞争对手。南京“大赠机”之争",32
"1997.11.30","五十一个节目角逐全国“群星奖”决赛在南京举行",32
"1997.12.1","南京航空口岸对外籍开放",32
"1997.12.1","苏州举办国际汉字研讨会",32
"1997.12.1","江苏交流经验层层抓",32
"1997.12.2","南通培育区域性支柱产业",32
"1997.12.3","产业化在农垦——江苏农垦采访侧记",32
"1997.12.3","异军突起福荫百姓——南京军区军事医学研究所开发ＥＰＯ纪事",32
"1997.12.5","着力治理小、散、弱盐城农业产业化舞“大龙”",32
"1997.12.5","首家实物租赁市场在无锡营运",32
"1997.12.5","南京经澳门至台湾航线包机协议正式签订",32
"1997.12.5","丽江平遥古城苏州园林被列入《世界遗产名录》",32
"1997.12.6","江苏首家医药行业重点企业挂牌",32
"1997.12.6","《侵华日军南京大屠杀集》",32
"1997.12.8","男篮联赛江苏队不敌济南军区队八一山东五战五捷",32
"1997.12.8","培育市场引导消费常州绿色食品走向大众",32
"1997.12.9","江苏：提出１０条要求",32
"1997.12.9","追思３０万无辜百姓提醒世人不忘历史纽约举行纪念南京大屠杀音乐会",32
"1997.12.9","无锡重在培训",32
"1997.12.10","重视科技成果转化调整产品产业结构无锡培育新经济增长点",32
"1997.12.10","《贝德士文献》——南京大屠杀最新铁证",32
"1997.12.11","南京大屠杀铁证如山外交密电在美解密提供侵华日军罪证",32
"1997.12.12","有关人士纪念南京大屠杀惨案六十周年",32
"1997.12.12","徐州重奖破大案追逃犯的单位和功臣",32
"1997.12.13","南京大屠杀史国际学术研讨会综述",32
"1997.12.14","江苏省暨南京市悼念南京大屠杀同胞遇难六十周年",32
"1997.12.15","南京军区某分部提高干部素质",32
"1997.12.15","“南京大屠杀６０年东京国际讨论会”闭幕",32
"1997.12.16","江苏粮食入库进度快",32
"1997.12.16","祭奠南京大屠杀同胞遇难６０周年加拿大华人举行悼念活动",32
"1997.12.17","刚果民主共和国总统访问南京",32
"1997.12.18","南京大屠杀美术展震撼人心",32
"1997.12.18","男篮甲Ａ联赛冷门迭爆江苏胜八一空军胜广东",32
"1997.12.19","力拼“火箭”打出气势——记江苏男篮勇胜八一队",32
"1997.12.19","农行南京分行服务民营企业",32
"1997.12.22","江苏建成大型羽绒服生产基地",32
"1997.12.24","集购物旅游娱乐为一体南京路将成步行街",32
"1997.12.24","长江南京至浏河口船舶交管系统开通",32
"1997.12.26","大山深处铸造辉煌——记陕西省宁陕县南京坪村党支部",32
"1997.12.26","徐州矿务局厉行节约",32
"1997.12.26","为了徐州更美好",32
"1997.12.29","全国男篮甲Ａ联赛四川客场险胜江苏",32
"1997.12.30","李鹏李岚清会见俄罗斯第一副总理中俄合建连云港核电站总合同在京签署",32
"1997.12.30","徐州巡警：都市守护神",32
