﻿"index","news_title","prov_cde"
"1997.1.6","企业发展和振兴的保证——攀枝花钢铁公司依法治厂纪实",51
"1997.1.6","绵阳创建文明城市",51
"1997.1.6","四川师德校风建设上新台阶校以育人为本师以敬业为乐",51
"1997.1.6","排球联赛男队四川不败女队三强争妍",51
"1997.1.7","乐山之夜",51
"1997.1.8","四川水利“百日战役”势头好累计投工４．５亿个投资１０亿元",51
"1997.1.8","巴中地区交通局：苦干修公路",51
"1997.1.12","“九五”国家中医药科技攻关重点项目“风湿平”亟待开发陈李济药厂和四川中药研究所联合攻关",51
"1997.1.13","男篮联赛起伏不定江苏负于上海强弱分明八一大胜四川",51
"1997.1.13","排球联赛男队四川一路奏凯女队两强并驾齐驱",51
"1997.1.14","“侦察部队”监视“主力部队”围歼“后勤大军”支援四川去年从病虫口中夺粮二十七亿公斤",51
"1997.1.16","四川两台戏进京演出",51
"1997.1.17","成都千份资料一抢光",51
"1997.1.20","成都市建成西南最大立交桥",51
"1997.1.20","全国排球联赛五轮战罢四川男队江苏女队保持不败",51
"1997.1.21","阿坝高原的“山神”——记全国公安系统一级英模王忠训",51
"1997.1.24","成都市中级法院健全监督",51
"1997.1.24","水上第一戏长江万里行——四川人艺话剧《船过三峡》长江巡演侧记",51
"1997.1.28","成都铁路局向安全要效益",51
"1997.1.29","市场为导向科技为动力成都菜市好红火",51
"1997.1.31","叩开小康之门——四川省温江县农村奔小康的实践与思考",51
"1997.2.4","四川空置商品房转成微利房优先出售给无房户、危房户和住房困难户",51
"1997.2.5","职工“买马”企业“配鞍”——巴中地区汽车运输总公司改革小记",51
"1997.2.6","四川宰猪不吃“转转饭”",51
"1997.2.10","人为文明之本——绵阳市推进精神文明建设纪事",51
"1997.2.11","成都人喜过“文化年”",51
"1997.2.11","李乐山同志逝世",51
"1997.2.12","四川信鸽爱好者超过三十万",51
"1997.2.15","四川农业加大引资力度四百多个项目累计利用外资近十二亿美元",51
"1997.2.17","排球联赛战火重燃四川男队江苏女队保持不败",51
"1997.2.21","四川加强“工程”管理",51
"1997.2.24","甘孜等少数民族地区缺少医生",51
"1997.2.24","变资源优势为经济优势——四川养牛业示范基地的报道",51
"1997.2.26","广安：家乡人民想念您",51
"1997.3.3","用抓农业的劲头抓工业——访四川团谢世杰、宋宝瑞代表",51
"1997.3.4","全国排球联赛缺乏悬念四川男队十连胜",51
"1997.3.4","德阳检察院抓后勤促办案",51
"1997.3.6","胡锦涛参加四川代表团全体会议时说要促进两个文明建设协调发展",51
"1997.3.11","配角也能唱大戏——记成都天兴仪表（集团）有限公司",51
"1997.3.13","李鹏参加四川代表团讨论要求始终把农业放到首位，国有企业改革要抓紧落实六条措施",51
"1997.3.15","努力把小平家乡建设得更好——四川团谢世杰、宋宝瑞代表发言录",51
"1997.3.17","四川去年开发复垦土地三十万亩新增耕地多于建设占用耕地",51
"1997.3.17","破门乏术北京国安平四川全兴",51
"1997.3.17","全国排球联赛四川男排险胜北京队",51
"1997.3.18","抓住机遇内引外联活力大增四川攀西形成新的产业布局",51
"1997.3.24","全国排球联赛仅剩一轮四川男排提前夺冠",51
"1997.3.25","绵阳交警二大队从严治警",51
"1997.3.25","四川男排何以不败",51
"1997.3.25","全国排球优胜赛结束河南上海四川天津四队升级",51
"1997.3.27","依靠党委狠抓要案加强预防堵住贿源四川检察机关反腐败四突破",51
"1997.3.28","成都自来水六厂四期工程获批准",51
"1997.3.31","平安保险成都分公司捐资办学",51
"1997.3.31","八一男篮轻松蝉联冠军北京四川两队保级成功",51
"1997.4.2","“高桩平台”动人心魄“草龙”飞舞气势磅礴峨眉山创建“特色文化之乡”",51
"1997.4.8","围剿亏损——成都铁路局扭亏纪实",51
"1997.4.9","成都市荷花池汽车站“宰”客严重",51
"1997.4.13","改变就业观念广辟就业渠道四川２６万失业人员上岗",51
"1997.4.14","四川一项调查表明全省拥有足球迷一千二百万人",51
"1997.4.15","北京西至攀枝花特快列车开行",51
"1997.4.16","集中申报微机征管成都国税征管改革走在前列",51
"1997.4.16","成都市查处一起偷税大案",51
"1997.4.17","竹林深处起新风——四川省崇州市“评三户奔小康”活动纪事",51
"1997.4.17","谢里夫阐述巴外交政策强调发展巴中友好关系",51
"1997.4.19","用好权尽好责——四川蓬溪县委书记陈长明一席谈",51
"1997.4.22","乐山金华酿造厂半年停产税利不减",51
"1997.4.23","科技之光普照小凉山——云南省宁蒗彝族自治县科技扶贫调查报告",51
"1997.5.4","成都至香港开行集装箱直达专列",51
"1997.5.6","绵阳加强职教促进经济发展电子专业学生成为主力烹饪专业学生走出国门",51
"1997.5.7","为劳动者编织“安全网”——四川省暨成都市大力推进社会保险制度改革纪实",51
"1997.5.10","以群众满意为第一追求——四川达川市委书记胡文龙一席谈",51
"1997.5.20","绵阳构建“经济硅谷”——记绵阳国家高新技术产业开发区",51
"1997.5.21","“小凉山”彝族女用上“大哥大”（）",51
"1997.5.24","“峨眉山—乐山大佛”游客猛增",51
"1997.5.26","从“安民”到“富民”——成都市建设“菜篮子工程”纪实",51
"1997.5.28","四川农村抓紧“双抢”（）",51
"1997.5.29","陈慕华在四川作专项检查时强调全面保障广大妇女各项权益",51
"1997.5.30","固本强基的战略任务——关于雅安地区农村基层组织建设情况的调查报告",51
"1997.6.2","“到祖国最需要的地方去！”四川师大三十二名毕业生奔赴西藏奉献才智",51
"1997.6.2","八运会田径女子预赛在成都举行四川短跑技压群芳",51
"1997.6.4","全国田径锦标赛决出六项冠军四川河北女将各获两金",51
"1997.6.5","捐物资立项目建设施办学校浙江热情扶持南充市脱贫",51
"1997.6.6","四川努力消化粮食亏损挂帐湖北严控粮食部门人员增长",51
"1997.6.6","绵阳铁路供电段加强党建工作",51
"1997.6.6","德国赫司特公司向四川捐款",51
"1997.6.8","刘华清在四川考察时强调提高国防科研生产水平切实加强军队质量建设",51
"1997.6.9","巴中工行营造文明服务氛围",51
"1997.6.9","警惕！有人盗用峨眉山僧尼名义行骗",51
"1997.6.10","成都铁路局加强领导班子建设党员干部争当改革开拓带头人",51
"1997.6.16","李鹏在四川考察时指出把扶贫工作落实到乡村户要坚定信心，脚踏实地，齐心协力，扎实工作",51
"1997.6.16","访贫问苦到彝乡——李鹏总理走访凉山贫困户",51
"1997.6.17","陈俊生在四川考察指出打好扶贫攻坚战贵在苦干实干",51
"1997.6.23","切实加强领导强化服务功能四川抗灾救灾管理工作经受考验",51
"1997.6.26","成都：楼顶花冠多姿多彩",51
"1997.6.30","四川各地喜庆气氛浓",51
"1997.7.2","成都：认养“回归树”",51
"1997.7.7","四川切实减轻农民负担严禁各种摊派和增加农民负担的达标升级活动",51
"1997.7.14","核电设备国产化取得重要进展世界第四台全液压四辊卷板机在四川投产",51
"1997.7.17","刘华清在成都军区考察工作时指出单杰事迹值得全军官兵学习",51
"1997.7.19","《邓小平光辉业绩展》在广安举行",51
"1997.7.21","成都军区举行学习单杰事迹座谈会",51
"1997.7.22","四川建成国内最大卵磷脂生产基地",51
"1997.7.25","改革产权制度转换企业机制宜宾县属国有企业改革成效显著",51
"1997.7.26","成都军区战旗歌舞团：情系边关八千里",51
"1997.7.27","成都４０００名青年上街美化环境",51
"1997.7.28","姜春云在四川考察时强调调整农村产业结构拓宽流通渠道",51
"1997.7.28","厉行节约制止奢侈浪费四川认真落实中央有关规定",51
"1997.7.28","全国女篮俱乐部联赛开战八一辽宁优势明显北京四川苦战过关",51
"1997.7.29","“窗口”荡漾文明风——成都市窗口行业开展文明创建活动纪实",51
"1997.7.29","中国农行代理广安发电厂贷款项目",51
"1997.7.30","川港合作前景广阔香港财团纷纷看好四川市场",51
"1997.8.3","四川：治水兴蜀谱新篇",51
"1997.8.5","同心协力共建巴蜀四川省政协工作生机勃勃",51
"1997.8.7","马班日记——徒步采访四川大凉山马班邮路纪实（上）",51
"1997.8.7","四川民族地区旅游悄然兴起",51
"1997.8.8","马班日记徒步采访四川大凉山马班邮路纪实（中）",51
"1997.8.9","马班日记徒步采访四川大凉山马班邮路纪实（下）",51
"1997.8.11","禁毒教育巡回展在四川开展",51
"1997.8.14","成都再就业援助工程启动",51
"1997.8.14","双流跃居四川十强县之首",51
"1997.8.16","不负小平同志嘱托——四川广安县委书记刘伯忠一席谈",51
"1997.8.18","临门一脚足球教练培训班在成都开课",51
"1997.8.19","成都国企十万党员挑大梁",51
"1997.8.19","泸州：创建卫生城",51
"1997.8.19","四川禁产销玩具汽弹枪",51
"1997.8.20","临门一脚足球教练培训班在成都结束",51
"1997.8.21","全国青年足球联赛决赛在成都开战",51
"1997.8.24","四川切实减轻企业负担取消一百五十三项不合理收费项目",51
"1997.8.25","让“窗口”更亮丽——成都市电信局做优质服务大文章",51
"1997.8.26","为中国足球队献计献策四川足协等举办讨论会",51
"1997.8.26","泸沽湖畔，一边车水马龙，一边门庭冷落，面对相同的旅游资源为何——云南日出四川雨",51
"1997.8.28","西部文明花——绵阳抓文明言行带动城市进步（上）",51
"1997.8.29","追求新目标——绵阳抓文明言行带动城市进步（下）",51
"1997.8.29","科技带来新希望——巴中地区科技兴农纪实",51
"1997.8.30","绵阳精神文明创建活动剪影",51
"1997.9.3","香烟广告满成都（）",51
"1997.9.3","小凉山的“金苹果”",51
"1997.9.8","把小平的家乡建设得更美好——“辉煌的五年”成就展四川展厅巡礼",51
"1997.9.10","宝山村的脊梁——四川省彭州市宝山村党委带领群众脱贫记",51
"1997.9.12","高山神鹰——记武警绵阳支队平武中队中队长刘昌建",51
"1997.9.18","厉兵秣马奋勇争先——访四川省体委主任陈保明",51
"1997.9.24","四川台球赛战士获冠军全国钓鲫大赛下月开赛高新科技为运动鞋助力",51
"1997.9.25","成都军区后勤部重视群体",51
"1997.9.26","工行巴中地区分行依靠职工办企业",51
"1997.9.26","国际熊猫节在成都举行",51
"1997.9.26","不老的歌乐山——《红岩魂》展览观后",51
"1997.9.28","强化职能意识履行监督职责四川人大评议各级检察机关工作",51
"1997.9.28","凉山“马的”（）",51
"1997.9.29","四川机电提灌抗旱减灾显威力费县引导农民办好小水利",51
"1997.10.3","内江至自贡高速公路竣工",51
"1997.10.5","八运会女子沙滩排球赛四川一队赢得冠军",51
"1997.10.7","抓大放小扶优扶强四川国企改革稳步发展",51
"1997.10.10","成都人民商场效益增长快",51
"1997.10.10","天府之国不容污染四川关停１６００余家“十五小”企业",51
"1997.10.13","安置与培训两手抓成都：１３万人重新就业",51
"1997.10.13","地方为官兵排忧解难部队为地方多作贡献泸州双拥工作有声有色",51
"1997.10.14","人才、精品战略带来四川文艺的繁荣",51
"1997.10.17","第五届中国艺术节１０月２５日起举行艺术节节旗在成都升起",51
"1997.10.17","男排：四川荣膺桂冠",51
"1997.10.21","四川粮食定购任务基本完成",51
"1997.10.22","情系大凉山",51
"1997.10.26","第五届中国艺术节在成都开幕",51
"1997.10.27","李瑞环在四川考察时强调联系实际重视解决好群众问题",51
"1997.10.27","广安电厂一期工程动工",51
"1997.10.30","建设生态城市实施可持续发展——成都市综合整治府南河的实践与思考",51
"1997.10.30","踏上不归路——记中国工商银行四川省分行国际业务部",51
"1997.11.5","艺术节举行专场演出慰问成都高校师生李岚清李铁映出席晚会",51
"1997.11.7","李岚清在四川重庆考察时要求贯彻十五大精神推动西部发展",51
"1997.11.14","政策兑现农民心宽四川提前完成全年粮食定购任务",51
"1997.11.17","攀枝花超计划完成农业开发项目",51
"1997.11.19","深化投资体制改革增加水利建设投入四川：治水兴蜀掀热潮",51
"1997.11.21","四川粮食生产又获丰收　青海粮油超额完成计划",51
"1997.11.22","广安超额完成征订计划",51
"1997.11.24","四川省加快农作物新品种开发",51
"1997.11.24","联系实际常抓不懈四川坚持精神文明建设理论专题研讨",51
"1997.11.25","四川措施具体进度加快",51
"1997.11.26","蛰伏千年的“化石”，被科学技术的力量激活宁蒗彝族自治县很小，“科协”却很大科协的工作，从教“奴隶娃”过日子起步今日小凉山，已成为海拔最高的种稻区科普兴县——热了小凉山",51
"1997.11.27","日元汇率跌至５年来最低点德阳城市银行宣布破产",51
"1997.11.27","《凉山风景这边独好》在京首发",51
"1997.11.29","题歌乐山烈士碑（外一首）",51
"1997.12.1","了解全局认识省情明了差距增强信心四川探索年轻干部培训新途径",51
"1997.12.8","实施人才、精品两大战略四川文艺舞台百花齐放",51
"1997.12.9","培植营养巨星——记四川联大教授傅华龙",51
"1997.12.16","四川养老保险改革迈新步４０００职工领了牡丹社保卡",51
"1997.12.22","巴中交警为民服务动真情",51
"1997.12.23","把扶贫资金投向种养林果业四川９个县摘掉贫困帽子",51
"1997.12.25","让学生成才让家长放心让人民满意四川推进“三让一树”教育实践",51
"1997.12.25","中国女足超霸赛将在成都举行",51
"1997.12.26","向传统挑战　同贫困告别——记四川省南江县水田坪村党支部",51
"1997.12.29","全国男篮甲Ａ联赛四川客场险胜江苏",51
