﻿"index","news_title","prov_cde"
"1997.1.2","一九九七中国旅游年拉开帷幕北京等地举行首日来华游客欢迎仪式",11
"1997.1.2","北京加快发展国际通道",11
"1997.1.2","姜春云在察看北京农业普查现场登记时要求确保农业普查圆满成功",11
"1997.1.2","北京举行元旦登长城活动",11
"1997.1.2","北京共享冬日暖阳",11
"1997.1.2","《北京文学》加大办刊投入",11
"1997.1.3","北京铁路局为吕梁运煤３００多万吨",11
"1997.1.3","北京表彰学生爱科学月活动先进区县",11
"1997.1.3","北京开展计划生育下乡服务",11
"1997.1.3","北京出版社送书给民工",11
"1997.1.4","北京跳水大奖赛中国选手先夺双金",11
"1997.1.5","北京：雪大情浓（）",11
"1997.1.5","北京市领导参加修复明城墙劳动",11
"1997.1.6","抽样调查结果表明北京成为国内游客首选之地",11
"1997.1.6","北京跳水大奖赛落幕中国选手包揽全部金银牌",11
"1997.1.7","北京市监狱以其严于律己的领导班子、独特的思想教育方式、严格的管理制度造就了——一流的监狱一流的队伍",11
"1997.1.9","北京组织：艺术家、书法家、科技和医学专家为民服务",11
"1997.1.9","北京市科协金桥工程增效益",11
"1997.1.9","《跨世纪的北京》画册出版",11
"1997.1.9","世界杯短池游泳赛北京站中国队首日勇夺８金",11
"1997.1.9","北京股民走入证券培训学校",11
"1997.1.10","树管理形象创文明窗口北京交通状况有了改善",11
"1997.1.10","北京举行’９７新春老年人文艺晚会",11
"1997.1.10","世界杯短池系列赛北京站结束中国泳将共夺十九金",11
"1997.1.11","北京市体育社团发展迅速",11
"1997.1.13","让国产仪器灵巧起来——记北京兵字电子技术研究所所长李元兵",11
"1997.1.13","北京东城区培养学生爱科学",11
"1997.1.14","北京地铁公司通过质量认证",11
"1997.1.14","北京军区总医院加强医德建设",11
"1997.1.15","花钱难请的电视台如今也打出了质优价好的招牌，围绕北京国安队的联赛，请看——电视转播权之争",11
"1997.1.15","亚洲雄风起燕山——记北京空气动力研究所的辉煌成就",11
"1997.1.16","北京市东城区和平里街道工委以民为本，重在教育，塑造精神，奏响了一曲——都市里的文明之歌",11
"1997.1.16","北京国税收入大增",11
"1997.1.17","北京颁发一级注册建筑师证书",11
"1997.1.17","倡导新风坦诚谏言北京政协倾心精神文明建设",11
"1997.1.17","北京教授田头解疑惑",11
"1997.1.18","王兆国和部分党外人士考察北京经济技术开发区",11
"1997.1.18","北京国际体育用品展览会将举行",11
"1997.1.19","北京铁路分局强化服务",11
"1997.1.19","北京双休日一瞥",11
"1997.1.20","北京通县发展万亩鲶鱼工程",11
"1997.1.20","让爱跟你一起走——北京交警护送小学生过马路活动侧记",11
"1997.1.20","机不可失——记北京辽宁男篮之战",11
"1997.1.22","北京市青联为满蒙民族乡捐建青年文化站",11
"1997.1.23","维护司法公正保障法制权威北京检察机关强化执法监督",11
"1997.1.23","讨论教育思想承担科研课题北京海淀区全面实施素质教育",11
"1997.1.23","鼠年将尽，喜迎牛年。在北京忙碌一年的数百万打工者，打算怎样过春节？听民工话过年",11
"1997.1.23","北京工行业务经营又创佳绩",11
"1997.1.23","前进中的北京海关（）",11
"1997.1.24","北京“门巴”在世界屋脊",11
"1997.1.24","高原送医唱新风——北京天坛医院支援贵州纪实",11
"1997.1.25","北京首钢篮球俱乐部成立中锋单涛同日通过体测",11
"1997.1.25","北京接连举行桥牌邀请赛",11
"1997.1.27","北京金华铭办公设备公司开业",11
"1997.1.27","强化政府行为实行两个优先北京教师住房明显改善",11
"1997.1.27","全国排球联赛第六轮北京男排乘胜前进八一女排又输一场",11
"1997.1.28","北京高安屯垃圾处理厂投产",11
"1997.1.28","财政部与上海证交所决定在北京进行“国债专用帐户”试点",11
"1997.1.28","北京无线局创优质服务",11
"1997.1.28","京华鱼水情——北京市西城区双拥活动纪事",11
"1997.1.29","北京电信改善服务",11
"1997.1.30","抓好结构调整　优化合资项目　北京利用外资项目质量提高",11
"1997.1.30","孩子们怎样过寒假——记北京部分中小学生寒假一日",11
"1997.1.30","北京和巴西利亚将联合举办文化周",11
"1997.1.30","体育竞赛市场呼唤法规——访北京市体委主任万进庆",11
"1997.1.31","乔石看望并勉励北京公安干警确保首都政治稳定社会安定",11
"1997.1.31","北京建成首家超市样板店",11
"1997.1.31","农行北京市分行支持京郊农村发展",11
"1997.2.1","进万家门暖万人心北京采取多种形式扶贫济困",11
"1997.2.2","河北北京大力实施再就业工程分别分流安置下岗职工２２．３万人和１１．１万人",11
"1997.2.3","秦巴山区有了直达北京的火车",11
"1997.2.3","切实保护和合理利用湿地资源北京集会纪念全球第一个湿地日",11
"1997.2.3","组织推荐群众举荐个人自荐北京市将公开选拔副局级干部",11
"1997.2.3","主场不敌中国联航男篮北京首钢队前路艰难",11
"1997.2.3","北京海峡两岸书画家联谊会慰问空军某部",11
"1997.2.4","协和医院北京医院对口支援农村卫生事业",11
"1997.2.4","文化，向胡同延伸——北京市东城区培育百个“文化细胞”活动见闻",11
"1997.2.4","北京华远桥牌俱乐部向职业化过渡",11
"1997.2.5","北京天文台发现近地小行星",11
"1997.2.5","北京国安足球俱乐部实施改革新举措",11
"1997.2.5","北京春节的灯",11
"1997.2.6","北京二七机车厂深入开展“五爱”教育",11
"1997.2.6","《北京文学》举办“新星杯”短篇小说公开赛",11
"1997.2.6","欢快温馨清新高雅北京电视台春节节目有新意",11
"1997.2.10","欢度开斋节宁夏二千三百座清真寺举行会礼北京二十二万穆斯林参加聚礼",11
"1997.2.12","北京“华大”公司获认证",11
"1997.2.12","北京严查“顶风上”的娱乐场所十家场所被取缔二十二人被逮捕或劳教",11
"1997.2.12","风沙虽减一半绿化仍须努力北京成立绿化基金会",11
"1997.2.13","北京铁路公安处严查危险品",11
"1997.2.13","北京举行群众乒乓球擂台赛",11
"1997.2.14","为保级而奋力一搏北京首钢男篮增添三战将",11
"1997.2.16","广西风情汇聚北京舞台",11
"1997.2.17","北京去年办复市政协提案逾千件",11
"1997.2.17","钱其琛返回北京",11
"1997.2.18","北京利用外资有新进展去年全市达２２．６亿美元",11
"1997.2.18","北京开通“一二二”报警电话",11
"1997.2.19","北京举行室内田径赛",11
"1997.2.20","全国男篮甲级联赛八一重回榜首北京背水求生",11
"1997.2.21","北京：不尽的哀思",11
"1997.2.21","像春雨一样滋润师生心田——北京景山学校校长追思教育“三个面向”的题词",11
"1997.2.21","北京市民族文化交流中心成立",11
"1997.2.22","乔石会见东盟北京委员会成员",11
"1997.2.22","难忘金秋里的故事——北京正负电子对撞机工程科研人员对小平同志的怀念",11
"1997.2.23","贾庆林当选北京市市长",11
"1997.2.25","舞蹈出自北京的记忆——看天创女子舞蹈团《京都伊人》",11
"1997.2.26","群山肃立仰风范万众静默寄哀思邓小平同志追悼大会在北京隆重举行中共中央总书记、国家主席、中央军委主席江泽民致悼词中共中央政治局常委、国务院总理李鹏主持乔石李瑞环朱镕基刘华清胡锦涛荣毅仁等党和国家领导人同首都各界一万人参加",11
"1997.2.26","北京大学：您在我们心里",11
"1997.2.26","北京西站：笛鸣长空悼忠魂",11
"1997.2.26","北京卫戍区所属部队：我们向您宣誓",11
"1997.2.27","北京外籍个人所得税月收突破亿元",11
"1997.2.27","景德镇陶瓷精品荟萃北京（）",11
"1997.2.28","“热点窗口”——北京市公安交通管理局车管所采访记",11
"1997.2.28","北京国际公路接力赛明日举行马俊仁将率队参加",11
"1997.2.28","加快立法进程加大执法力度北京市加强体育法制建设",11
"1997.3.4","李鹏到北京代表团听取意见时说加快经济建设发挥“中心”功能",11
"1997.3.4","伦敦—北京国际象棋赛收盘",11
"1997.3.6","北京海关为国有企业排忧解难",11
"1997.3.7","突出重点稳中求进——访人大代表、北京市市长贾庆林",11
"1997.3.10","全国男篮甲级联赛开始保级战北京浙江首战得胜",11
"1997.3.10","香港“苗圃行动行路上北京”起步",11
"1997.3.10","守望北京",11
"1997.3.12","穿过时空隧道——记北京大学考古学系",11
"1997.3.13","北京人民有责任把首都建设得更好",11
"1997.3.13","北京上海武汉举行活动纪念孙中山逝世７２周年",11
"1997.3.16","北京：文化发展的生机与活力",11
"1997.3.17","书消费者权益也在保护之列北京三联书店展示一批盗版书",11
"1997.3.17","破门乏术北京国安平四川全兴",11
"1997.3.17","全国排球联赛四川男排险胜北京队",11
"1997.3.19","北京日佳电源公司成立",11
"1997.3.20","“辛苦我一人，照明百姓家”——北京供电局西城营业站文明服务记事",11
"1997.3.20","第二届北京卡丁车赛将举行",11
"1997.3.20","全国男篮甲级联赛又战一轮北京队保级前景光明",11
"1997.3.23","忆百年沧桑话今日辉煌北京举办喜迎香港回归活动",11
"1997.3.24","甲Ａ足球联赛万达又胜一场广东宏远击败北京国安",11
"1997.3.24","全国男篮甲级联赛接近尾声八一夺冠在望北京保级苦拼",11
"1997.3.24","查良镛先生在北京",11
"1997.3.25","北京实行交通事故处理服务卡",11
"1997.3.26","高法公布北京抢劫运钞车案处理结果三名罪犯伏法",11
"1997.3.26","逾万人将参加北京春季长跑",11
"1997.3.26","《北京通》光盘指点迷津",11
"1997.3.27","第二届北京体育好新闻评选揭晓",11
"1997.3.27","北京男篮大胜浙江队保住甲级有望尚待最后一搏",11
"1997.3.28","突破难点狠抓落实北京军区廉政建设成效显著",11
"1997.3.29","环美家具进入北京",11
"1997.3.29","全国百余家主要报社负责人聚会北京共商二十一世纪中国报业经济发展大计",11
"1997.3.31","北京高校百名学生获索尼奖学金",11
"1997.3.31","北京香港电讯研讨会举行",11
"1997.3.31","男篮联赛拉拉队评比北京赛区夺魁",11
"1997.3.31","万人参赛春日新景北京举行春季长跑节",11
"1997.3.31","八一男篮轻松蝉联冠军北京四川两队保级成功",11
"1997.4.1","北京铁路局六趟客车票价下调",11
"1997.4.1","北京汽车拉力赛将举行",11
"1997.4.2","北京大通公司援建第四所希望小学",11
"1997.4.2","北京厂桥医院实行一条龙服务送医上门方便万家",11
"1997.4.2","校友也是教育资源——北京汇文中学的探索",11
"1997.4.3","第五届北京国际博览会开幕",11
"1997.4.3","北京纪念《妇女权益保障法》颁布五周年陈慕华彭珮云分别在会上讲话",11
"1997.4.3","重拳出击打击骗税北京地区十四户外贸企业受到处罚",11
"1997.4.4","北京出租汽车公司敢当排头兵",11
"1997.4.4","基本法是香港稳定繁荣的法律保障北京举行香港基本法颁布七周年座谈会",11
"1997.4.6","北京帮扶内蒙古行动快力度大新疆同外省市区经济合作加强",11
"1997.4.7","规模控制严格管理加强服务依法保护北京加强外来人口管理",11
"1997.4.7","北京西城区开展绿色行动",11
"1997.4.7","北京成立电子出版物批发市场",11
"1997.4.8","北京推广汽车节能润滑剂",11
"1997.4.8","红旗列车——记郑州铁路局７９８０次北京车队",11
"1997.4.8","北京宣传世界卫生日主题",11
"1997.4.8","适应发展需要缓解人才紧缺北京近百万人次参加成人培训",11
"1997.4.10","十省区交叉检查“双学”成效检查汇报会在北京召开",11
"1997.4.10","电影《离开雷锋的日子》获奖北京紫禁城影业公司成立",11
"1997.4.10","腾飞的北京（）",11
"1997.4.11","艾森伯格在北京逝世",11
"1997.4.11","步行街上新感觉——广州市北京路记事",11
"1997.4.11","长城脚下天鹅梦——北京延庆县建设全国生态示范区纪事",11
"1997.4.13","罗马—北京大路相通",11
"1997.4.13","国航开通北京—香港—伦敦航线",11
"1997.4.14","北京高校篮球赛开战",11
"1997.4.14","安全的较量——北京市朝阳区检察院大力查处重大责任事故案件述评",11
"1997.4.15","北京西至攀枝花特快列车开行",11
"1997.4.15","北京举行国产ＶＣＤ视盘机推展月",11
"1997.4.15","在国际资本进入、国内竞争日益表现为国际竞争的情势下，我国工业品牌竞争力如何？北京名牌资产评估事务所最新提供的研究报告显示——创名牌，国企展雄风",11
"1997.4.16","“民歌大王”贺玉堂放歌北京音乐厅（）",11
"1997.4.17","北京奇运公司不起球毛线面市",11
"1997.4.19","突出重点优势互补共同发展北京重视与周边地区经济协调发展",11
"1997.4.20","朝韩红十字代表将在北京接触",11
"1997.4.21","北京科技大学４５年根深叶茂",11
"1997.4.21","北京１７１中学采取科学措施增强学生身体素质",11
"1997.4.21","北京旅游客运市场的治理不能放松",11
"1997.4.22","北京国贸中心二期扩建工程进展顺利",11
"1997.4.23","香港回归将推迟一秒吗？——北京天文台台长李启斌教授谈闰秒",11
"1997.5.4","北京设备安装公司通过质量体系认证",11
"1997.5.4","钱其琛回到北京",11
"1997.5.4","为了新的世纪——记北京大学国际政治系九二级本科班",11
"1997.5.5","北京三建公司完成清华伟伦楼工程",11
"1997.5.5","北京出版社向中国青年政治学院赠书",11
"1997.5.5","北京中小学生航模赛结束",11
"1997.5.5","北京军区某部开展迎香港回归活动",11
"1997.5.6","“少帅”风采——记铁二局、铁十六局指挥长李长进、王北京",11
"1997.5.6","北京华联商厦开门迎客",11
"1997.5.6","北京军区法院注重普法",11
"1997.5.7","北京第一热电厂技改进口设备签约",11
"1997.5.7","北京高科技产品出口增幅快",11
"1997.5.7","北京市居住区体育设施建设步入正轨",11
"1997.5.7","北京将举办幼儿健身操赛",11
"1997.5.7","探寻“石室金匮”奥秘——北京皇史小记",11
"1997.5.7","北京大学成立太极文化研究所",11
"1997.5.8","北京大学师生座谈文明修身",11
"1997.5.8","人民日报国际部、北京日报国际部联合举办每周国际时事竞答（第五期）",11
"1997.5.8","第六届北京体育用品展览会开幕",11
"1997.5.8","北京双鹤药业发行Ａ股",11
"1997.5.8","北京举办国际摄影及器材展览会",11
"1997.5.9","北京—九龙将开行直通客车",11
"1997.5.9","北京纪念塞万提斯诞辰４５０周年",11
"1997.5.9","北京市推广第八套广播体操",11
"1997.5.12","北京国际五子棋名人邀请赛结束",11
"1997.5.12","北京举行迎香港回归全民健身活动日",11
"1997.5.12","北京动感九六体育用品商城开业",11
"1997.5.13","北京销毁非法枪支（）",11
"1997.5.13","北京国际电视周开幕丁关根与海内外嘉宾出席",11
"1997.5.14","北京整顿治理旅游市场",11
"1997.5.14","北京举办广场芭蕾舞晚会",11
"1997.5.15","罗干在首都规划建设委员会第十六次全体会议上指出严格控制北京城市建设用地范围",11
"1997.5.15","北京中华商科学校一专多能",11
"1997.5.15","北京举行幼儿健身操表演赛",11
"1997.5.15","北京国旅推出“健康老人世界游踪”",11
"1997.5.15","在探索中前进——写在北京画院不惑之年",11
"1997.5.16","圆满结束对非洲七国的访问李鹏总理回到北京朱镕基等在人民大会堂迎接李鹏总理一行",11
"1997.5.19","北京至九龙直通客车开行",11
"1997.5.19","北京私营企业招聘下岗职工（）",11
"1997.5.20","北京举行世界电信日纪念活动",11
"1997.5.20","计算机产品北京展览交易会举行",11
"1997.5.20","北京市开展科普读书活动",11
"1997.5.20","北京通县办起一所武术学校",11
"1997.5.21","北京师大举办国学专修班",11
"1997.5.22","第六届“华罗庚金杯”赛揭晓北京代表队获团体总分第一",11
"1997.5.22","北京市举行机关运动会",11
"1997.5.22","世界杯足球赛金杯将亮相北京",11
"1997.5.23","江泽民会见出席北京军区党代会代表时强调坚持把思想政治建设摆在首位刘华清张万年迟浩田等参加了会见",11
"1997.5.23","北京严打流氓色情活动",11
"1997.5.23","爱给予每一个学生——北京７８中摘掉“基础薄弱校”帽子纪实",11
"1997.5.25","李岚清回到北京",11
"1997.5.25","北京首批国耻纪念地标志碑揭幕",11
"1997.5.25","于永波回到北京",11
"1997.5.25","北京什么最值得骄傲",11
"1997.5.26","北京医疗价格改革初见成效",11
"1997.5.27","一页稿纸两面用一堆垃圾出效益北京松鹤大酒店坚持勤俭理财",11
"1997.5.27","北京标准认证工作发展迅速",11
"1997.5.27","北京西单商场为消费者办学校",11
"1997.5.27","浩然当选北京作协主席",11
"1997.5.27","北京军魂足球俱乐部招收小学员柏舜杯京冀游钓赛在白洋淀举行三星电子为奥运会提供通信设备欧米茄赞助北京高尔夫运动学校",11
"1997.5.27","北京汽车拉力赛结束卢宁军丁建平夺得冠军",11
"1997.5.28","联想电子教室在北京小学开放",11
"1997.5.28","北京工大服务首都经济",11
"1997.5.29","北京市举办青少年计算机竞赛",11
"1997.5.29","北京将举行长跑纪念“卢沟桥事变”６０周年",11
"1997.5.29","甘愿吃亏——记北京白塔寺药店",11
"1997.5.30","变管理型为服务型变人才优势为科技优势北京围绕经济建设深化人事制度改革",11
"1997.5.30","心系百姓奔小康——记北京韩建集团党委书记田雄",11
"1997.5.30","北京广播学院电视学院成立",11
"1997.5.30","北京丰台科技园芬芳迷人",11
"1997.6.2","向国际化大都市又迈进一步北京８个城区不再销售含铅汽油",11
"1997.6.2","拳拳赤子心火红回归情香港至北京接力长跑活动起跑",11
"1997.6.2","北京电视台《生活频道》在京座谈",11
"1997.6.3","北京举办百货商品交易会",11
"1997.6.3","北京西三环丽泽建材城开业",11
"1997.6.3","北京工行“青年文明号”创佳绩",11
"1997.6.3","北京法律援助基金会成立",11
"1997.6.3","八运会女篮预赛各赛区排定座次解放军辽宁北京等八队率先出线",11
"1997.6.3","北京认定失业职工训练“定点校”",11
"1997.6.4","实行总量控制调整收费结构北京推行医疗收费制度改革",11
"1997.6.4","北京地区一次成人与少儿的问卷调查表明观众对国产动画寄予厚望",11
"1997.6.4","“时空穿梭机”进驻北京动物园让孩子玩点高科技",11
"1997.6.5","圆满结束对澳西新三国的正式友好访问朱镕基副总理回到北京访新西兰期间分别同总督博伊斯总理博尔格会见",11
"1997.6.5","北京西站地区加强治安防范",11
"1997.6.5","北京新增选一名副市长",11
"1997.6.5","彭珮云在北京市卫生工作会议上强调积极推进卫生事业改革",11
"1997.6.5","北京举办儿童文化生活用品展",11
"1997.6.5","北京国际马拉松赛与八运会马拉松赛合二为一",11
"1997.6.6","让环境造就人——北京朝阳区建设社区文化记事",11
"1997.6.7","北京举办“送光明、送温暖”活动",11
"1997.6.9","北京画院成立四十周年感赋",11
"1997.6.10","“苗圃行动”成员由香港行抵北京",11
"1997.6.10","北京开关厂实行民主评议干部制度，使干部人人有压力，人人有紧迫感。这是因为——职工心里有杆秤",11
"1997.6.11","北京迎香港回归气氛浓烈江苏静海寺钟声警示后人",11
"1997.6.11","北京邮政精简会议见实效",11
"1997.6.11","牵线搭桥供需见面提供服务北京人事局助大学毕业生顺利就业",11
"1997.6.11","《北京风情》摄影展在巴黎开幕",11
"1997.6.11","“纪念拉宾”展将在北京举办",11
"1997.6.11","北京三强厂应回音",11
"1997.6.11","北京国际电视周硕果累累",11
"1997.6.12","北京公开销毁一批假烟",11
"1997.6.13","北京十佳运动衣厂联办扶贫班",11
"1997.6.13","多形式培训多渠道引进北京广播学院提高教师队伍整体素质",11
"1997.6.14","北京市民健身活动知多少",11
"1997.6.15","谭盾、马友友与亚洲青年管弦乐团携手《交响曲一九九七》将在北京奏响",11
"1997.6.15","在北京举行的庆祝香港回归文艺晚会上，她将再展风采。“东北大姑娘”王晓燕",11
"1997.6.16","北京车手龚玉岩打破全国纪录",11
"1997.6.16","韩国现代老虎队访华两战两胜击败前卫寰岛北京国安",11
"1997.6.17","北京海发扶贫市场建立",11
"1997.6.17","北京：下岗工上心理课",11
"1997.6.18","香港回归前夕的北京街头（）",11
"1997.6.18","北京将开辟首条公交专用车道",11
"1997.6.18","北京沟崖重向游人开放",11
"1997.6.18","干什么教什么缺什么补什么需什么帮什么北京军区努力建设高素质党支部书记队伍",11
"1997.6.19","为回归庆典表演和世界杯外围赛服务北京工人体育场职工汗洒绿茵",11
"1997.6.19","庆回归香港—北京接力长跑南京站交接仪式在静海寺举行",11
"1997.6.20","加大对外开放力度增强经济建设活力北京跨入国际经济合作新阶段",11
"1997.6.20","北京严惩一批毒品罪犯",11
"1997.6.20","春风四十载情暖千万家——北京东四邮电局文明服务纪事",11
"1997.6.20","北京友谊医院庆祝建院４５周年李鹏题词祝贺",11
"1997.6.23","北京有个大红门，由于浙江人聚居，被人们称为“浙江村”。有人说“浙江村”的出现活跃了城市经济；也有人说“浙江村”乱了京郊秩序。围绕“浙江村”的话题引起社会关注的是——大红门的变迁",11
"1997.6.24","北京东郊农副产品批发市场开业",11
"1997.6.25","北京检察机关推出文明窗口",11
"1997.6.25","美洲银行北京分行成立",11
"1997.6.25","联想与北京无线电厂共庆“七一”",11
"1997.6.26","北京——长安街开通公交车道",11
"1997.6.26","北京喜迎香港回归欢乐节开幕李铁映等出席开幕式",11
"1997.6.27","彩扇飞舞心花放——北京卫戍区某部庆回归演出排练侧记",11
"1997.6.27","回归殿在北京大运河起始地落成李瑞环等出席落成典礼",11
"1997.6.27","北京密云将办全国滑翔伞锦标赛",11
"1997.6.28","北京市公开选拔副局级干部",11
"1997.6.28","中国国际研讨会在北京举行",11
"1997.6.28","北京瑞利公司通过ＩＳＯ９００１认证",11
"1997.6.28","北京高校八十四名毕业生赴边建功立业",11
"1997.6.28","在喜迎回归的日子里，１７位香港热心人士步行２８００公里到达北京，以此表达香港人民对希望工程的深情关切。请看——行路上北京",11
"1997.6.29","北京设立２０个人民日报零售点",11
"1997.6.29","北京明晚近２０路电视上天",11
"1997.6.29","北京东方化工厂罐区失火",11
"1997.6.29","北京城建道桥公司获双重质量认证",11
"1997.6.29","北京香港ＧＰＳ智能系统制成",11
"1997.6.30","欢腾的北京城",11
"1997.6.30","北京军区加强爱国主义教育",11
"1997.7.1","中央气象台预报北京深圳香港近日天气情况",11
"1997.7.1","北京祝福你，香港",11
"1997.7.3","全国女足联赛战罢三轮上海北京山东暂居前列",11
"1997.7.3","广西八运会代表团组成　乒乓国手将赴江西老区表演　大学生篮协举办教练培训班北京市三资企业足球赛落幕",11
"1997.7.3","北京市举行自行车铁骑活动",11
"1997.7.6","立足为人民群众办实事努力提高综合服务功能北京加快城市基础设施建设",11
"1997.7.7","北京迎来“香港回归祖国第一团”",11
"1997.7.7","北京红牛饮料有限公司成立",11
"1997.7.7","北京开发生产垃圾焚烧炉",11
"1997.7.8","北京白中发文体购物中心开业",11
"1997.7.9","北京四建公司集中管理下岗职工",11
"1997.7.9","北京层层落实初见成效",11
"1997.7.9","北京龙力足球学校埋头育才",11
"1997.7.9","北京参加八运会代表团成立",11
"1997.7.10","北京控股在香港上市成功",11
"1997.7.10","北京大药房开业",11
"1997.7.10","北京崇文公安分局规范内务管理",11
"1997.7.10","《北京地区抗战史料展》开展",11
"1997.7.10","北京香港女美术家九七联展",11
"1997.7.11","江泽民签发中央军委命令授予北京军区步兵某团三连“基层建设模范连”荣誉称号",11
"1997.7.11","“北京儿童城”向孩子们敞开",11
"1997.7.11","第四届北京书节将举办",11
"1997.7.11","全国女足联赛上海队“三连冠”北京上海暑期小足球赛越办越火三高少年足球队赴墨西哥留学",11
"1997.7.12","北京举行“９７世界人口日”活动",11
"1997.7.13","《西区故事》搬上北京舞台",11
"1997.7.14","北京上半年经济增长势头好",11
"1997.7.14","民进北京市委举行情况汇报会",11
"1997.7.14","甲Ａ联赛“强者对话”比分悬殊大连万达大胜北京国安",11
"1997.7.16","北京市追认青年教师杜丽丽为革命烈士",11
"1997.7.16","北京：历史古都与现代都市接轨",11
"1997.7.17","诚信是金——“华夏证券”北京东四营业部的经营之道",11
"1997.7.19","北京展映张毅杨惠姗电影",11
"1997.7.19","为了让北京的天更蓝",11
"1997.7.20","北京喜雨（）",11
"1997.7.21","北京椿树危改工程动工",11
"1997.7.21","公交优先就是群众优先——评北京市开辟公交专用车道",11
"1997.7.21","北京：美化环境治理脏乱",11
"1997.7.21","优势互补资源共享医科院和北京市“共建”天坛医院",11
"1997.7.22","北京研制出车用免提电话",11
"1997.7.22","北京市中学生“乐凯杯”夏令营活动开营（）",11
"1997.7.23","北京六里桥长途客运站投入运营",11
"1997.7.23","提高节水意识普及节水知识北京节水工作常抓不懈",11
"1997.7.23","中日电影导演聚首北京",11
"1997.7.25","北京警方破获特大入室盗窃案",11
"1997.7.25","小将初到墨西哥——北京ＢＴＶ三高足球俱乐部“留洋”传真",11
"1997.7.26","满载内蒙古各族人民对党中央和全国人民深厚情谊中央代表团回到北京",11
"1997.7.26","全国女足超级联赛第二轮北京队客场逼平广东队",11
"1997.7.26","北京举行桥牌邀请赛",11
"1997.7.28","全国女篮俱乐部联赛开战八一辽宁优势明显北京四川苦战过关",11
"1997.7.29","北京推进优生优育工作组成东方圣童研究服务中心",11
"1997.7.30","丁关根在北京电视台谈下半年宣传思想工作主要任务迎接十五大学习十五大宣传十五大贯彻十五大",11
"1997.7.30","在许多剧场门庭冷落，面对困境慨叹“行路难”时，北京朝阳剧场的红火景象让人为之一振——剧场如何走出“怪圈”",11
"1997.7.31","厦门至北京开行临时旅客快车",11
"1997.7.31","钱其琛回到北京",11
"1997.8.1","宝洁公司资助北京春蕾初中班",11
"1997.8.2","全国少年儿童夏令营在北京（）",11
"1997.8.4","北京东城区发展社区卫生服务",11
"1997.8.4","艺萃北京同根情",11
"1997.8.6","北京通州农户庄院养鹦鹉",11
"1997.8.6","为党的十五大召开创造良好环境和秩序北京加大“扫黄”“打非”力度",11
"1997.8.6","北京大学“万里送好书”到光山",11
"1997.8.6","北京七家药店举行义诊赠药",11
"1997.8.7","北京首例“借画案”审结",11
"1997.8.7","北京大地服务万里行活动开展",11
"1997.8.8","３０名特困未成年人走进北京市民家庭",11
"1997.8.8","于正勋——斗室营建“北京古城”",11
"1997.8.9","东盟北京委员会庆祝东盟成立３０周年",11
"1997.8.10","北京：下大力创建文明城市",11
"1997.8.11","北京援建三峡对口项目开工",11
"1997.8.12","北京中国物业管理培训中心成立",11
"1997.8.12","北京国际少年儿童棒球赛开幕",11
"1997.8.13","北京：分类指导加快国有企业结构调整",11
"1997.8.13","北京建行贷款创新高",11
"1997.8.14","北京乘中巴拒“宰”记",11
"1997.8.15","国航北京售票处重视党员作用",11
"1997.8.15","北京朝阳区举办文化市场培训班法人要树良好形象",11
"1997.8.16","全国少年足球赛北京站开赛",11
"1997.8.17","第六届民族运动会召开筹备会本届运动会共设十二个竞赛项目和表演项目，一九九九年在北京（主赛场）和拉萨（分赛场）举行",11
"1997.8.17","’９７北京国际音乐音像博览会开幕",11
"1997.8.18","到南美取经——记北京市青少年足球培训团来到阿根廷",11
"1997.8.19","对口支援各尽其力北京张家口交流合作进展喜人",11
"1997.8.19","北京中关村成为我国高科技产业龙头",11
"1997.8.20","不平凡的句号——记北京市金顶街职业高中校长杨炳怡",11
"1997.8.21","重组转制加快调整北京乡镇企业效益回升",11
"1997.8.21","汇丰银行北京分行新址开业",11
"1997.8.21","一九九七北京藏学讨论会开幕",11
"1997.8.21","砍掉门槛儿路更宽——北京市国有餐馆供应早点扫描",11
"1997.8.22","礼乐之邦听新声——北京国际音乐音像博览会综述",11
"1997.8.26","贾庆林任北京市委书记",11
"1997.8.26","事事想前一步招招先行一步北京城建四公司依靠工人阶级搞改革",11
"1997.8.27","圆满结束对马来西亚新加坡正式访问李鹏总理回到北京朱镕基等前往人民大会堂迎接",11
"1997.8.27","北京加大公积金个人贷款力度",11
"1997.8.27","北京城市合作银行存款突破三百亿元",11
"1997.8.28","名医坐堂网上会诊北京协和医院进入中国金卫网",11
"1997.8.28","全国青年足球联赛广东北京闯入决赛",11
"1997.8.28","亚洲足球优胜者杯首轮比赛北京国安队击败新雷蒂安特队",11
"1997.8.28","北京将办全民健身体育节",11
"1997.8.29","北京开办羊绒制品专业商场",11
"1997.8.29","北京肝寿基金开展公益科普",11
"1997.8.29","北京纪念杨氏太极拳传人崔毅士",11
"1997.9.1","北京开展技术监督咨询服务日活动",11
"1997.9.1","北京东单篮球场旧貌换新颜",11
"1997.9.1","为中国人健康而跑台北—北京长跑明日出发",11
"1997.9.1","亚洲优胜者杯北京国安队晋级",11
"1997.9.1","北京体育记协将评选八运会好新闻",11
"1997.9.1","北京渔业早市（）",11
"1997.9.2","北京设立《人民日报》特约零售点",11
"1997.9.3","北京研制出银行网络验印系统",11
"1997.9.3","北京大力整顿交通秩序",11
"1997.9.3","北京军区农副业生产形势喜人",11
"1997.9.3","北京培训物业管理人员",11
"1997.9.3","八运会北京健康骄子评选活动将举行",11
"1997.9.4","圆满结束对俄罗斯的访问刘华清回到北京",11
"1997.9.4","北京研制出新型户政打印机",11
"1997.9.4","两年回灌地表水６亿立方米北京地下水位四十年来首次稳定回升",11
"1997.9.4","北京国际电子出版及多媒体展开幕",11
"1997.9.5","资金运行正常经济效益增长北京经济技术开发区起点高",11
"1997.9.5","李成智杯北京国际象棋大师赛落幕",11
"1997.9.8","北京西站至黄村联络线开工建设",11
"1997.9.8","亚非第二次防治荒漠化会议闭幕拟在北京建研究中心",11
"1997.9.9","北京商业两强联合",11
"1997.9.10","北京建行重点扶持住房商品化",11
"1997.9.10","北京和西藏筹划丰富多彩的宣传活动",11
"1997.9.11","北京燕化集团成立",11
"1997.9.11","李岚清看望北京小学教师祝贺教师节勉励实施素质教育",11
"1997.9.12","十五大今日上午九时在北京举行中央电台、中央电视台、国际台将直播大会开幕式",11
"1997.9.12","第四届北京书节开幕",11
"1997.9.12","北京国际艺术书博览会开幕",11
"1997.9.14","李鹏参加北京代表团讨论时指出十五大提出公有制应有多种实现形式是又一次思想解放",11
"1997.9.14","农行北京分行电子化建设显成效",11
"1997.9.14","北京绿化基金会资助白河绿化",11
"1997.9.16","北京市民再登中央电视塔",11
"1997.9.16","北京民族文化交流中心落成",11
"1997.9.17","北京邮政推出报刊上楼投递服务",11
"1997.9.17","请接受中国人民的敬意——南京北京盛情接待拉贝外孙女",11
"1997.9.17","世界台球高手汇聚北京超级挑战赛上一展风采",11
"1997.9.17","游园会将拉开北京体育节帷幕",11
"1997.9.17","墨西哥杯青年足球联赛北京三高队首战获胜",11
"1997.9.18","北京军区某旅认真做好拥政爱民工作",11
"1997.9.18","国航北京售票处２４小时为代表服务",11
"1997.9.19","南非南中贸促会北京代表处成立",11
"1997.9.19","北京国际台球超级挑战赛瓦塔纳一杆打出“满分”",11
"1997.9.19","风正一帆悬——访北京大学数学科学学院",11
"1997.9.22","足协杯半决赛北京前卫首战获胜",11
"1997.9.22","北京市民攀登中央电视塔",11
"1997.9.23","北京纪念国际保护臭氧层日",11
"1997.9.23","让群众满意——北京市朝阳区工商局建设文明窗口纪实",11
"1997.9.24","朱镕基回到北京在港为何梁何利基金获得者颁奖",11
"1997.9.24","北京千余军转干部走向新岗位",11
"1997.9.24","北京军区某部开展事业观教育",11
"1997.9.25","北京市房地产交易中心开业",11
"1997.9.26","结束对哈萨克斯坦的访问李鹏总理回到北京朱镕基等到人民大会堂迎接李岚清继续访哈",11
"1997.9.27","迟浩田在北京军区某部调查时指出把十五大精神落实到各项工作中",11
"1997.9.27","全国青年男篮决赛第一阶段结束北京八一分列小组首位",11
"1997.9.27","亚洲优胜者杯足球赛第二轮北京国安队客场闯关",11
"1997.9.28","李岚清结束访哈回到北京",11
"1997.9.28","北京四中欢庆建校９０周年",11
"1997.9.28","名人名团名作国庆节前后汇聚北京",11
"1997.9.29","北京通州区正式挂牌",11
"1997.9.29","拓宽教师视野完善教学结构北京小学注重提高教职工素质",11
"1997.9.29","许荣茂向北京化工大学捐资千万",11
"1997.9.29","北京市举行八运会火炬传递活动",11
"1997.9.30","北京兆维电子（集团）成立",11
"1997.9.30","北京大学成立肿瘤诊疗中心",11
"1997.10.1","北京福冈足球对抗赛将举行",11
"1997.10.1","北京全民健身从娃娃抓起十项宝宝大赛本月举办",11
"1997.10.1","联通和格威特公司支持八运会北京代表团",11
"1997.10.5","北京秋季房地产交易会举行",11
"1997.10.5","教育界纪念现代师范教育百年北京师范大学建校９５周年",11
"1997.10.5","北京大学设立艺术学系",11
"1997.10.5","南非豪敦省省长表示希望与北京建立合作关系",11
"1997.10.6","蒙特利尔银行北京分行开业",11
"1997.10.6","北京“世纪村”住宅小区开村",11
"1997.10.6","北京侦破两起美元诈骗案",11
"1997.10.6","北京开展提高减灾意识宣传活动",11
"1997.10.6","北京将举办国际高尔夫球公开邀请赛",11
"1997.10.7","东阳市向北京理工大赠款",11
"1997.10.7","碧波仙子凌空飞燕北京小将王睿蝉联跳台冠军",11
"1997.10.8","下岗职工：观念更新天地宽——访北京华威市场",11
"1997.10.9","第七届北京国际航空展览会开幕",11
"1997.10.9","《柯育天画展》在北京举行",11
"1997.10.10","“汉高”公司资助北京高校特困生",11
"1997.10.12","北京举办报刊发行宣传周活动本报发行人员热情为读者服务",11
"1997.10.13","北京边防局边检实现现代化",11
"1997.10.13","北京举办大型医学专家义诊",11
"1997.10.14","网球场闯关夺隘北京队披金挂银",11
"1997.10.15","北京将出售一批小企业",11
"1997.10.15","工行北京分行为希望工程搭桥",11
"1997.10.16","北京书馆欢庆八十五华诞江泽民李鹏乔石李瑞环李岚清等题词祝贺",11
"1997.10.16","旅游：北京人的新时尚",11
"1997.10.16","北京工行储蓄存款超千亿",11
"1997.10.17","北京军区培养驾驭现代军兵种的行家",11
"1997.10.17","北京破获特大抢劫枪支杀人案重大犯罪嫌疑人白宝山落入法网",11
"1997.10.17","北京市档案馆又一批档案开放",11
"1997.10.18","北京体操队意外收三金",11
"1997.10.20","北京市府干部与某团官兵交流学习方法",11
"1997.10.20","北京举行社区服务志愿者活动日",11
"1997.10.21","北京·松下公司十年创利税２７亿元",11
"1997.10.21","实事要办好——北京市公交专用道运行侧记",11
"1997.10.21","北京“潞友”体育馆投入使用",11
"1997.10.21","北京男棒打疯了",11
"1997.10.21","北京房地产秋交会为希望小学捐款",11
"1997.10.22","北京住总职工开展扶贫助教活动",11
"1997.10.22","武术套路首天决赛北京选手表现出色",11
"1997.10.23","北京今冬放开大白菜购销价格",11
"1997.10.23","北京市下月进行外来人口普查为做好外来人口管理和服务工作提供依据",11
"1997.10.23","北京放手推动民营科技企业发展",11
"1997.10.23","北京举办中小学生爱科学月活动",11
"1997.10.23","北京队获女子手球冠军",11
"1997.10.23","北京：标牌醒目路好认（）",11
"1997.10.24","人民满意的公务员座谈会举行北京等地公务员代表倡议向受表彰同志学习",11
"1997.10.24","英国空中新闻在北京设立分社",11
"1997.10.27","咀嚼“白菜经”——写在北京市放开大白菜价格第一天",11
"1997.10.27","北京国际农机发展研讨会将举办",11
"1997.10.27","北京医科大学８５周年硕果累累李岚清彭珮云表示祝贺",11
"1997.10.28","北京传统医学交流中心成立",11
"1997.10.28","家庭装修，走来“正规军”——访北京百姓家庭装饰市场",11
"1997.10.29","点燃真情的火焰——记北京市呼家楼液化气供应站",11
"1997.10.29","北京昌平举行棋类比赛",11
"1997.10.30","赣南老区开通赣州至北京航线",11
"1997.10.30","北京莱太花卉交易中心工程完工",11
"1997.10.30","北京王府井将建地下商业城",11
"1997.10.30","奥运会设项将实现“男女平等”北京国际元老网球邀请赛收拍北大登山队拟登世界第六高峰",11
"1997.10.31","张万年在检查北京军区后勤部队建设时强调努力开创军队后勤工作新局面",11
"1997.10.31","北京市外来人口普查开始实施",11
"1997.11.3","吴邦国结束五国访问回到北京",11
"1997.11.3","北京友谊医院肝病研究中心十年探索证明中药“８６１”有阻断肝纤维化作用",11
"1997.11.3","北京：喷灌显示优越性",11
"1997.11.3","连队是文艺的沃土——北京卫戍区连队演唱组汇演侧记",11
"1997.11.4","北京公交与香港城巴联营开专线",11
"1997.11.4","美国辉润公司北京管理中心开业",11
"1997.11.4","国际实验物理名家聚首北京",11
"1997.11.4","亚洲优胜者杯足球赛北京国安队再闯一关",11
"1997.11.4","北京西城公安分局打防并举",11
"1997.11.4","武警北京边防总队严打偷渡",11
"1997.11.5","圆满结束对美国的国事访问江泽民主席回到北京李鹏乔石李瑞环荣毅仁等在人民大会堂迎接",11
"1997.11.5","北京乾隆宾馆开业",11
"1997.11.5","发挥整体优势突出打防结合北京铁路公安坚持打击货盗",11
"1997.11.5","北京达因集团捐助浙江贫困地区",11
"1997.11.5","北京福冈足球对抗赛将举行",11
"1997.11.5","今逢特大干旱年——北京的水够用吗",11
"1997.11.6","北京市东城区投资七十二万元消火患",11
"1997.11.6","百城市自行车赛为全民健身助力北京赛区比赛将举行",11
"1997.11.7","北京又开设一保龄球馆",11
"1997.11.9","北京举行俄罗斯歌曲演唱会",11
"1997.11.10","北京“１１９”消防宣传掀高潮青岛筑起城市“防火长城”",11
"1997.11.10","加大执法力度完善奖惩措施北京西城区保质保量征新兵",11
"1997.11.10","北京公安局组建公路巡逻队",11
"1997.11.10","北京自行车选拔赛昌平车手独占鳌头",11
"1997.11.10","安德雷斯独中三元北京国安胜福冈阿比斯巴",11
"1997.11.10","清代北京的十种葡萄",11
"1997.11.11","北京市政汽车改装厂通过认证",11
"1997.11.11","北京首家海底世界建成",11
"1997.11.11","北京举行桥牌联欢赛",11
"1997.11.12","北京高新产业区管委会成立",11
"1997.11.12","《北京牛街》述说一条街的历史",11
"1997.11.13","刘顺尧回到北京",11
"1997.11.14","姜春云在北京郊区考察时指出狠抓“开源节流”确保首都供水",11
"1997.11.14","北京ＬＧ日化有限公司开业",11
"1997.11.14","我在北京打工",11
"1997.11.15","解放军总后勤部北京市政府联合召开会议把首都驻军“菜篮子”建设推向新水平",11
"1997.11.15","北京划时代的新建筑",11
"1997.11.16","北京的书店和书市",11
"1997.11.16","第四届北京国际音响展吸引大量观众",11
"1997.11.17","圆满结束对日本的正式友好访问李鹏总理回到北京朱镕基等在人民大会堂迎接",11
"1997.11.17","北京纺织名牌专卖商场挂牌",11
"1997.11.17","北京丰台公安分局掀起冬季严打高潮",11
"1997.11.17","北京军区某部学好高科技",11
"1997.11.18","武警北京某部党委廉洁公正聚人心",11
"1997.11.18","纪念民革成立五十周年北京举行书画展",11
"1997.11.18","北京举办球员卡抽奖活动",11
"1997.11.18","京港携手迈向２１世纪——北京香港经济合作研讨洽谈会侧记",11
"1997.11.19","北京二商集团公司开始运营",11
"1997.11.19","北京西列车段优化服务",11
"1997.11.19","北京金融街风姿初露（）",11
"1997.11.19","自动化领域的骄子——记北京和利时公司总裁王常力博士",11
"1997.11.19","一个北京人的大山情结",11
"1997.11.20","北京城建二公司跨国运营资本",11
"1997.11.20","迟浩田考察北京市征兵工作时要求加强领导把优秀青年送到部队",11
"1997.11.20","北京首钢男篮重现朝气",11
"1997.11.21","北京座谈科学技术是第一生产力",11
"1997.11.21","北京商业自动化研讨会举行",11
"1997.11.21","北京举行八运表彰会",11
"1997.11.21","北京人艺又推出新戏《头条居委会》",11
"1997.11.23","北京市兴建中国紫檀博物馆",11
"1997.11.23","北京取缔街头烧烤（）",11
"1997.11.23","国家教委北京市委举行江泽民访美报告会",11
"1997.11.24","北京大学生为希望工程义演",11
"1997.11.26","驻京部队首批退伍老战士返乡三总部和北京市领导到车站欢送",11
"1997.11.26","北京当做重中之重来抓",11
"1997.11.26","北京国际海洋资源开发展览会开幕",11
"1997.11.26","北京市青少年科技节开幕",11
"1997.11.26","北京ＪＶＣ电子产业公司新厂落成",11
"1997.11.26","１９９７年足协杯决赛将在北京举行",11
"1997.11.26","在北京远郊金海湖畔，有一座专为退休职工修建的休养活动站——碧海山庄。辛苦了大半辈子的老人们来到这里，心里甭提有多高兴了……湖畔情深",11
"1997.11.27","原北京延庆县委书记刘金生被判刑",11
"1997.11.27","北京东城公安打击流氓伤害犯罪",11
"1997.11.27","北京西藏中学庆祝建校１０周年",11
"1997.11.27","全国男篮甲Ａ联赛爆冷北京首钢队力克辽宁队",11
"1997.11.27","亚洲十佳运动员评选将举行八运会北京好新闻评选揭晓",11
"1997.11.29","北京国安队引进巴拉圭国脚罗曼",11
"1997.11.30","北京湖北将举办纪念谭鑫培活动",11
"1997.12.1","七名北京姑娘当了美航空姐",11
"1997.12.1","中新合作北京富国海底世界开业新西兰总理剪彩",11
"1997.12.2","李鹏会见奔驰公司董事长一行对奔驰公司在北京召开董事会会议和国际顾问委员会会议表示欢迎",11
"1997.12.2","北京国仕推出环保型厨房用具",11
"1997.12.2","用知识武装官兵走科技强军之路北京军区某坦克师注重质量建设",11
"1997.12.2","北京瑞尔国际医院成立",11
"1997.12.3","九十名田径好手集结北京备战亚运从正步开始",11
"1997.12.3","北京推出庆祝建国五十周年文艺作品征集活动",11
"1997.12.4","北京掀起冬季水利建设热潮",11
"1997.12.4","普及中专教育培养合格人才北京军区某师全面提高士兵素质",11
"1997.12.4","亚洲优胜者杯足球赛北京国安战胜川崎贝尔迪队",11
"1997.12.5","出席亚太经合组织第五次领导人非正式会议并圆满结束对加拿大和墨西哥的国事访问江泽民主席回到北京李鹏乔石李瑞环荣毅仁等到人民大会堂迎接",11
"1997.12.5","多媒体光盘《北京通Ｖ２．０》首发",11
"1997.12.6","北京什刹海体校成为冠军摇篮",11
"1997.12.6","北京人艺上演名剧《雷雨》",11
"1997.12.8","武警北京二总队教导大队培育战士成才",11
"1997.12.9","北京西城区组织外来人口学习文明公约",11
"1997.12.9","北京千所中小学成为“无烟学校”",11
"1997.12.9","国家教委北京市共建四所大学",11
"1997.12.10","天津高校涌动理论学习热潮北京大学继承传统再创辉煌",11
"1997.12.10","北京圆梦",11
"1997.12.10","北京满族同胞欢庆颁金节",11
"1997.12.11","“神州第一街”的文明风景线——记北京长安街１８个青年文明号交通岗",11
"1997.12.11","北京卫戍区某团加强军民联防",11
"1997.12.11","北京“第二条长安大街”动工建设",11
"1997.12.11","北京串列加速器稳定运行十年装置达到国际水平，完成百余项研究课题",11
"1997.12.12","《北京市人才市场管理条例》明年起实施",11
"1997.12.13","北京纪念谭鑫培诞辰１５０周年朱镕基李瑞环等发贺词丁关根等出席",11
"1997.12.13","国际珍贵礼品展览在北京举行",11
"1997.12.14","重温《大约在冬季》齐秦再来北京",11
"1997.12.15","北京百货与副食两强联合",11
"1997.12.15","北京人艺重演《雷雨》纪念曹禺逝世一周年丁关根看望演职人员并观看演出",11
"1997.12.15","全国男篮甲Ａ联赛八一大胜上海北京苦战取胜",11
"1997.12.16","北京新东安市场工程完工",11
"1997.12.16","北京市规划局改革见成效平均每个经办人两天审批一件项目",11
"1997.12.16","北京举办国际象棋等级赛",11
"1997.12.17","北京海关提前完成今年税收任务",11
"1997.12.17","国家光盘基地北京首条生产线启动",11
"1997.12.18","江泽民主席回到北京",11
"1997.12.18","贾庆林当选为中共北京市委书记",11
"1997.12.18","北京加强公用通信网建设",11
"1997.12.19","北京大雾影响航班正常起降",11
"1997.12.21","圆满结束越新澳三国之行李瑞环回到北京胡锦涛等到人民大会堂迎接",11
"1997.12.21","卡比拉总统结束访华离开北京",11
"1997.12.21","迎元旦，中外芭蕾聚北京娜·巴甫洛娃领衔俄罗斯芭蕾明星将有精彩表演",11
"1997.12.22","《北京新闻》走进澳洲",11
"1997.12.22","北京表彰藏书明星户",11
"1997.12.23","实施资产重组实现规模经营北京针织工业作重大调整",11
"1997.12.24","漂亮的“自选动作”——北京开关厂见闻",11
"1997.12.24","北京城建一公司科学管理显实效",11
"1997.12.24","北京电视台节目将上卫星播出",11
"1997.12.24","让职工真正成为主人——北京城建四公司改制的启示",11
"1997.12.25","江泽民在北京考察企业看望职工强调国有企业不仅可以搞活，而且会不断发展壮大。各级领导干部必须增强责任感，满腔热情地帮助困难企业职工和下岗待业职工解决困难",11
"1997.12.25","北京检察机关狠抓大要案件",11
"1997.12.26","中国空间法学会在北京成立",11
"1997.12.27","在北京，活跃着这样一群热爱自然、热心环保的志愿者，他们以行动实践着保护环境的使命——“绿家园”在行动",11
"1997.12.29","北京公安机关坚持政治建警有效维护首都社会治安稳定",11
"1997.12.29","北京站文明服务创一流",11
"1997.12.29","依托宝钢服务宝钢北京冶金设备院科研生产紧密结合",11
"1997.12.29","飞利浦中国足协杯赛落幕北京国安队卫冕成功",11
