﻿"index","news_title","prov_cde"
"1997.1.3","青岛双星羽毛球俱乐部成立",37
"1997.1.4","新年第一课——山东男篮训练记",37
"1997.1.5","上为政府分忧下为群众解难济南民政十项服务暖人心",37
"1997.1.6","男篮联赛八一男篮暂居首位济南军区摆脱垫底",37
"1997.1.6","文明的起步——山东安丘市召忽镇婚事新办",37
"1997.1.6","打开文登——山东文登修路致富报告",37
"1997.1.7","山东省十万干部进村入户内蒙古“一助一”领导帮扶",37
"1997.1.7","淄博消防教育从小学生抓起",37
"1997.1.8","扬起机关改革的风帆——青岛市推行公务员制度带来新变化",37
"1997.1.8","淄博周村区供电局：行风如春风",37
"1997.1.16","潍坊毛泽东书法艺术研究会成立",37
"1997.1.18","“你好，这里是白维营维修热线。”在济南，只要拨通电话２０１４４１０，便会传来这热情的声音，它就是——“小白热线”",37
"1997.1.19","初识“南山”真面目——山东省龙口市前宋村“双富有”写实",37
"1997.1.20","九万里风鹏正举——记迅速崛起中的山东航空公司",37
"1997.1.20","济南加强公共场所管理",37
"1997.1.20","济南军区总医院注重建设文明“窗口”",37
"1997.1.21","山东县级以上公安机关全部开通１１０报警台",37
"1997.1.22","潍坊体育学校获农民无偿捐助",37
"1997.1.23","学会向自己要钱——济宁市部分企业活化存量资产",37
"1997.1.24","山东鱼台贴出“年关特别告示”",37
"1997.1.25","“小甲Ａ”比赛青岛海牛列第一",37
"1997.1.27","山东因地制宜科学治水河南加大冬修水利投入",37
"1997.1.27","可贵的“无形资产”——山东潍坊新立克集团探秘",37
"1997.1.27","洒向战士都是爱——记济南军区空军雷达某团二站干部爱兵的事迹",37
"1997.1.29","联合的效应——潍坊纯碱厂和羊口盐场变成一家之后",37
"1997.1.30","威海推行职工星级管理",37
"1997.1.31","注重选拔配备建立监督机制潍坊加强国有大中型企业领导班子建设",37
"1997.1.31","农民的贴心书记——记山东曹县楼庄乡党委书记王明杰",37
"1997.2.3","济南军区万余名新战士致信父母春节不要往部队寄钱寄物",37
"1997.2.3","山东省金乡县是著名的大蒜基地，被农业部命名为“中国大蒜之乡”，其发展的经验耐人寻味——大蒜富金乡",37
"1997.2.4","济南便民工程启动八大主副食品配送中心揭牌",37
"1997.2.4","济南军区总医院开展医疗扶贫",37
"1997.2.5","一位藏族战士的文明雕像——记济南军区后勤部“十佳文明标兵”次翁扎西",37
"1997.2.6","邹家华出席广州军民联欢晚会姜春云出席山东省春节团拜会",37
"1997.2.13","拓宽经营领域强化内部管理山东粮食系统盈利五千万",37
"1997.2.13","不搞口头承诺不开“空头支票”山东公安机关爱民活动扎实开展",37
"1997.2.14","立下军令状限期解决再就业济南安置下岗职工５．５万人",37
"1997.2.14","济南双拥模范三连冠军地无隔阂驻军无难题军人无难事军属无怨言",37
"1997.2.15","临沂党政领导亲自抓电影",37
"1997.2.16","百姓心中的明镜——山东省胶南市人民法院文明执法纪事",37
"1997.3.6","全国男篮甲级联赛四强产生半决赛：八一—广东辽宁—山东",37
"1997.3.12","向农业强省跨越——访山东代表团赵志浩、李春亭",37
"1997.3.13","突出一个“实”字——访人大代表、泰安市委书记张庆黎",37
"1997.3.17","反客为主青岛海牛胜济南泰山",37
"1997.3.21","“五不准”带来“五变化”——山东菏泽地委加强乡镇干部思想作风建设纪实",37
"1997.3.22","排忧解难为人民——济南民政开展十项服务纪实",37
"1997.3.27","“群星”耀旅途——记青岛长途汽车站",37
"1997.3.31","青岛市百家企业发出倡议依法纳税报效国家",37
"1997.3.31","济南煤气公司便民措施有特色",37
"1997.4.1","让人欢喜让人忧——青岛市职工体育扫描",37
"1997.4.3","共建美好家园——威海市东北村小区记事",37
"1997.4.3","山东成为经济林大省果品年产量达１００多亿公斤",37
"1997.4.5","“村庄精神”的力量——来自山东蓬莱农村的报告专题报道",37
"1997.4.7","制定标准全面考核日照建立乡镇用人激励机制",37
"1997.4.8","淄博周村工商分局文明执法",37
"1997.4.9","爱心汗水铺就文明路——石家庄市中山东路记事",37
"1997.4.9","李岚清在山东考察时指出义务教育要由应试教育转向素质教育",37
"1997.4.10","申报纳税优化服务集中征收重点稽查青岛国税局建立税收征管新模式",37
"1997.4.12","吴官正任山东省委书记舒惠国任江西省委书记",37
"1997.4.13","孔繁森故乡干部新风——聊城地区县（市）委书记后进村蹲点纪事",37
"1997.4.14","奋斗在焦裕禄故乡——记淄博市周村区人民法院",37
"1997.4.15","山东路克士鞋业集团成立",37
"1997.4.16","后劲哪里来？——青岛海信集团靠资产运营扩大规模纪实",37
"1997.4.17","既不滞留企业内部又不简单推向社会青岛加快实施再就业工程",37
"1997.5.5","东方桥头堡——日照（）",37
"1997.5.7","青岛港整体通过ＩＳＯ９００２质量认证",37
"1997.5.7","《公仆赞》震撼聊城（）",37
"1997.5.8","与各窗口行业联手推出系列服务山东“一一○”打击与服务并举",37
"1997.5.9","以人为本鼓励成才青岛东贸职工学业务成风气",37
"1997.5.9","中国体育代表团抵达釜山东亚运气氛日渐浓厚",37
"1997.5.12","青岛：结构调整与分流安置同步杭州：转岗培训和职业介绍齐抓",37
"1997.5.12","内功练就好产品济南玛钢厂出口创汇有竞争力",37
"1997.5.12","三十一万吨级超级油轮靠泊青岛港",37
"1997.5.12","曹县科技治水结硕果水利局党组书记袁炳刚被山东省政府记二等功",37
"1997.5.15","引高新技术集电影大全淄博农民建成一流影城",37
"1997.5.15","山东“泰山号”特快旅游列车正式运行",37
"1997.5.15","振兴鲁茶书画展在日照举行",37
"1997.5.16","令人满意的答卷——记济南军区华丰物资站站长、优秀共产党员李旭光",37
"1997.5.18","迟浩田在山东考察部队建设时强调讲学习讲政治讲正气",37
"1997.5.21","烟台师院编写大学礼仪教材",37
"1997.5.26","日照边防官兵情注贫困村",37
"1997.5.26","淄博交警交通安全从娃娃抓起",37
"1997.5.26","潍坊注重宣传党风廉政模范事迹",37
"1997.5.27","给你一个惊喜——淄博商厦文明服务扫描",37
"1997.5.28","淄博市注重消防法制建设",37
"1997.5.29","山东：大力发展零售药业",37
"1997.5.30","各地交警学济南",37
"1997.5.30","重点突出目标明确措施得力烟台严打整治向纵深发展",37
"1997.5.30","政策倾斜加大投入大胆创新烟台解决农民就医难迈出新步伐",37
"1997.5.30","山东：贫困县“一套马车拉到底”",37
"1997.5.30","不让一个穷村掉队——山东省淄博市临淄区帮贫扶困工作纪事",37
"1997.6.1","烟台，走向亚太经贸城",37
"1997.6.3","学孔繁森精神做群众贴心人山东县市委书记驻村蹲点蔚然成风",37
"1997.6.3","撑起一蓝天——记淄博市失业职工自救基地",37
"1997.6.4","大型无碳纸生产基地在青岛建立",37
"1997.6.8","减法加法一起算——枣庄市农村减负增收纪实",37
"1997.6.14","选好用好一把手——山东桓台县委书记吴明君一席谈",37
"1997.6.15","为党增光为民造福为国出力——淄博市开展“为政准则”活动促进两个文明建设",37
"1997.6.15","科级职位竞争处级岗位交流青岛交警建立干部管理运行新机制",37
"1997.6.17","青岛：名牌战略带动经济发展",37
"1997.6.17","插上科技的翅膀——山东共青团组织领办科技推广项目纪实",37
"1997.6.20","济南群防群治抓治安市区刑事案件比去年同期下降１２．９％",37
"1997.6.20","泰安万余农村妇女学科技",37
"1997.6.23","德州：养牛成为富民产业户均养牛二点五头去年农民养牛人均纯收入三百七十六元",37
"1997.6.26","十万箱青岛啤酒运抵香港",37
"1997.6.26","历经八站接近终点庆回归港京接力长跑队抵达济南",37
"1997.7.2","济南：升旗慰先烈",37
"1997.7.3","济宁任城区复退军人挑重担",37
"1997.7.3","全国女足联赛战罢三轮上海北京山东暂居前列",37
"1997.7.4","日照农民举办科技画展",37
"1997.7.5","选派党员干部配备电教设备临沂加强贫困村班子建设",37
"1997.7.6","安徽按保护价敞开收购夏粮山东多方筹资确保夏粮入库",37
"1997.7.7","出城·下乡·上山——记青岛双星集团的战略转移",37
"1997.7.7","山东建成年产六千吨顺酐生产线",37
"1997.7.7","开发领导层——山东兖州市教委开展素质教育纪事",37
"1997.7.7","青岛将举行女子沙滩排球赛",37
"1997.7.7","科技经济一体化——山东莱州市种苗研究所的探索",37
"1997.7.8","农行济南分行实施客户满意工程",37
"1997.7.8","山东里彦电厂第二台机组并网发电",37
"1997.7.11","“龙头”昂起来——潍坊市加强农村党支部建设记事",37
"1997.7.14","九七中国青岛对外经贸洽谈会开幕",37
"1997.7.16","我最大磁体生产基地在烟台建成",37
"1997.7.21","实现农业现代化的战略选择——潍坊市发展农业产业化纪略",37
"1997.7.21","泰安泰山区集中扶贫有成效",37
"1997.7.22","济南将举办足球旅游节",37
"1997.7.23","烟台实施教师“公寓小区”计划六百余教师住房有着落",37
"1997.7.27","中央军委给王成琪记一等功庆功大会在济南军区举行",37
"1997.7.27","青岛全民动手清洁城市",37
"1997.7.30","济宁军分区架起军地双拥桥梁",37
"1997.7.31","青岛沙子口镇军民共建结硕果",37
"1997.8.1","淄博市消防支队争创一流业绩",37
"1997.8.3","以解决社会存在的突出问题为“切入点”青岛优质服务蔚成风气",37
"1997.8.3","异域展风采——潍坊市文化艺术代表团赴德、奥散记",37
"1997.8.5","环境美了窗口亮了事好办了青岛卫生系统“民心工程”得民心",37
"1997.8.10","河北夏粮增产２０亿公斤山东以保护价收购夏粮迅速",37
"1997.8.10","依法规范双向监督民主管理潍坊民主法制建设枝繁果硕",37
"1997.8.11","公仆本色公仆情——济南市民政系统开展为民解难服务纪实",37
"1997.8.12","青岛铁路港站正式投产",37
"1997.8.15","山东双月园学校兴建",37
"1997.8.15","首届全国拔河比赛１１月在济南举行",37
"1997.8.17","济南：十万市民参加奉献日活动",37
"1997.8.18","农业“三高”：引智是法宝——山东蔬、渔、果业靠开放引进夺“金牌”纪事",37
"1997.8.19","矿井排头兵——山东兴隆庄煤矿科技兴矿纪事",37
"1997.8.20","澳门地区全国政协委员赴山东视察",37
"1997.8.22","烟台港公安局治警先治“官”",37
"1997.8.22","九七中国青岛国际农业科技博览会紧敲开场锣",37
"1997.8.26","男篮甲Ｂ联赛尚余一轮济南军区浙江中欣升级已定",37
"1997.8.27","“大马力”从何而来？——赞山东电力局党委",37
"1997.8.27","“两手抓”的辩证法——山东省电力局党委党建工作新思路",37
"1997.8.30","面向二十一世纪——烟台实施素质教育纪实",37
"1997.9.1","为让“傅山”变“富山”——记淄博市张店区傅山村党支部书记彭荣均",37
"1997.9.1","金融卫士——记人民银行聊城分行保卫科副科长邹宪光",37
"1997.9.3","机关为一线办实事济南工行实行内部服务承诺制",37
"1997.9.4","澳海军舰艇编队结束访问青岛",37
"1997.9.7","国家环境保护模范城市评出厦门、大连、珠海、深圳、威海榜上有名",37
"1997.9.8","科学规划严格论证加大治理威海经济发展不伤碧海蓝天",37
"1997.9.8","足协杯赛进入第三轮山东逼平上海前卫轻取松日",37
"1997.9.10","双代管双监督潍坊强化村级财务管理",37
"1997.9.12","美国军舰抵青岛访问",37
"1997.9.12","小政府大服务淄博高新技术产业开发区机构改革见成效",37
"1997.9.12","一个优秀共产党员的情怀——记山东省单县地税局党组书记、局长戚保胜",37
"1997.9.13","济南召开体育与旅游发展研讨会",37
"1997.9.14","青岛海信与辽宁金凤联手",37
"1997.9.15","济南足球旅游节落幕",37
"1997.9.16","美国军舰结束访华离开青岛",37
"1997.9.18","不拘一格选人才——山东省党政机关中层领导干部竞争上岗纪实",37
"1997.9.21","淄博审计局廉政勤政树形象",37
"1997.9.25","打破条块分割顺应市场要求东营胜利携手开发黄河三角洲",37
"1997.9.26","威海：向科技要警力",37
"1997.9.26","“铁军”中的“钢班长”——记山东齐河土地管理局局长王茂贵",37
"1997.9.28","原山之鹰——记全国自强模范、淄博市原山林场场长孙建博",37
"1997.9.29","伟大的母爱——记山东省乳山市高奔月",37
"1997.10.5","沂蒙老区交通扶贫结硕果临沂市整体脱贫",37
"1997.10.5","青岛市纪委查办案件不手软",37
"1997.10.6","青岛市南公安分局强化刑侦改革",37
"1997.10.6","向科技要粮食要资源要效益烟台发展科技农业强市富民",37
"1997.10.6","山东举行孔子文化节",37
"1997.10.7","千里海防筑丰碑——记威海市公安边防支队",37
"1997.10.9","“青岛海尔”进军彩电业",37
"1997.10.9","淄博出入境管理部门文明服务",37
"1997.10.9","整顿散懒乱兴起文明风山东省公安厅出现新气象",37
"1997.10.9","青岛新建跨海大桥（）",37
"1997.10.12","撑起文明家庭脊梁——山东省烟台市牟平区“家庭道德文明建设”纪事",37
"1997.10.14","统筹经费联合办学整体优化鼓励“绝活”青岛职教撑起高中半壁江山",37
"1997.10.15","青岛二锅辅机厂以质量换满意",37
"1997.10.15","从严治警争创一流烟台芝罘公安分局主动接受社会监督",37
"1997.10.16","烟台完善警银联防工作机制",37
"1997.10.16","青岛画院在京举办院展",37
"1997.10.17","潍坊华光集团以高科技求发展",37
"1997.10.17","潍坊党校辅导部队学习理论",37
"1997.10.20","堵住源头管住下头把住关口山东下大力减轻农民负担",37
"1997.10.21","济南海关改革通关制度",37
"1997.10.22","山东：“管理效益年”活动获丰收",37
"1997.10.23","昔日“婆婆”变“媳妇”潍坊两局并入一家大企业",37
"1997.10.23","日照民营经济发展快",37
"1997.10.23","向更高的目标冲刺——记山东男子中长跑选手宋明友",37
"1997.10.24","管理无止境——烟台港挖掘管理潜能促进生产发展纪实",37
"1997.10.25","编织文明网——青岛市四方区社区服务硬件建设纪实",37
"1997.10.27","快速反应高效运转多警联动威力大显菏泽建立１２２报警服务系统",37
"1997.10.27","济南匡山村构筑致富工程",37
"1997.10.31","青岛向贵州贫困地区捐赠衣被",37
"1997.11.3","山东：“三灌”投入新机制",37
"1997.11.4","新型消防战斗服在青岛通过鉴定",37
"1997.11.4","武警聊城支队党委严把党员发展质量关",37
"1997.11.4","淄博公安，好样的！",37
"1997.11.5","我国崛起６座“环保模范城市”张家港、大连、深圳、厦门、威海、珠海",37
"1997.11.6","总在琢磨“下一个”——访济南市民政局局长褚玉颜",37
"1997.11.10","北京“１１９”消防宣传掀高潮青岛筑起城市“防火长城”",37
"1997.11.10","营造共同繁荣的环境——胜利油田东营油区社会治安综合治理纪实",37
"1997.11.10","百姓家中坐“绿衣”送上门山东寿光市实现报刊信件亲投到户",37
"1997.11.11","全国最大的一起兼并步入实施吴邦国出席齐鲁石化兼并淄博化纤总厂和石油化工厂仪式并讲话",37
"1997.11.13","万顷荒滩创大业胜利油田展雄风东营军分区成为“科技劲旅”",37
"1997.11.13","做人民公仆为群众解难——关于济南市民政系统为民解难服务的思考",37
"1997.11.17","为明年夏粮丰收做准备山东省紧急抗旱保秋苗",37
"1997.11.17","全国最大火电厂在山东邹县建成",37
"1997.11.17","市场造就“水龙王”——山东水龙王集团有限公司发展之路",37
"1997.11.18","烟台芝罘区抓社区服务促社会稳定",37
"1997.11.20","烟台白洋河集团产品质量提高",37
"1997.11.20","青岛市国税局从严治税",37
"1997.11.20","济宁市中区激励本籍士兵建功立业",37
"1997.11.21","烟台芝罘区六百私企摘“红帽”",37
"1997.11.21","枣庄投入巨资办教育",37
"1997.11.22","群众满意就是最高奖赏——山东昌邑市领导勤政为民记事",37
"1997.11.24","东营区积极创建安全文明油区",37
"1997.11.26","济宁二号矿井正式投产",37
"1997.11.28","勤劳致富的领路人——记山东省淄博市临淄区西单村党总支部书记单台阶",37
"1997.12.1","潍坊华光：走自己的路",37
"1997.12.1","任上不做糊涂官离任不交马虎账菏泽实行“一把手”任职全程审计监督三年间有近二百名干部未过审计关",37
"1997.12.1","脱贫能手——记山东淄博市南卧石村党支部书记李连寿",37
"1997.12.2","上海妈妈山东娃",37
"1997.12.4","济南一批市民下乡垦荒",37
"1997.12.4","济宁市金城镇拥军优属动真情",37
"1997.12.5","济南泰山将军足球队将易帜",37
"1997.12.7","坚持抓好节水补源拦蓄山东立足长期抗旱",37
"1997.12.8","济南军区某部提前为新战士备好“育才课”",37
"1997.12.8","男篮联赛江苏队不敌济南军区队八一山东五战五捷",37
"1997.12.9","济南：制订地方法规",37
"1997.12.10","煤从空中走钱从外省来山东电力控股山西王曲电厂",37
"1997.12.10","山东建成中型船舶生产基地",37
"1997.12.10","滨州印染集团推进国际化战略",37
"1997.12.11","男篮甲Ａ联赛南钢胜首钢八一山东两强难逢对手",37
"1997.12.12","乡村开出“国际列车”——记山东大正实业集团",37
"1997.12.12","烟台开发区形成高新技术产业群",37
"1997.12.13","“乘车难、行路难”是现代都市一大顽症，青岛市根据自身路况条件，推行了一套解决堵车问题的有效办法——青岛医治行车难",37
"1997.12.15","青岛市北区两个文明建设协调发展",37
"1997.12.16","山东棉花单产创新高",37
"1997.12.16","山东电力集团积极贯彻国家能源环保政策“小火电”坊子电厂率先关停",37
"1997.12.16","一卡在手供需不愁济南人才市场在网上运行",37
"1997.12.17","山东电力中标岭澳核电站",37
"1997.12.22","龙头企业联手闯市场——山东省农产联推进农业产业化述评",37
"1997.12.23","青岛港集装箱吞吐量增加",37
"1997.12.25","青岛港前湾二期工程建成投产",37
"1997.12.25","青岛警备区为基层办实事",37
"1997.12.25","全国男篮甲Ａ联赛第十轮山东队力克辽宁队",37
"1997.12.30","济南劳教所加强廉政建设",37
