﻿"index","news_title","prov_cde"
"1997.1.2","河北实现村村通电（）",13
"1997.1.3","受益终生——记邢台师范高专校长边守正的４３２１育人计划",13
"1997.1.5","中央芭蕾舞团到石家庄义演",13
"1997.1.6","河北：一些食品质量令人担忧",13
"1997.1.8","邯郸建材机械厂：拼搏创佳绩",13
"1997.1.9","依托京津沟通华北张家口市抓开放促发展",13
"1997.1.9","俄罗斯货运包机首次飞抵石家庄",13
"1997.1.10","灾害大干劲大变化也大出实招求实效赢得实绩河北灾年农业工业双喜临门",13
"1997.1.10","蓝天碧水伴征程——记河北涿州市环保局局长李栋",13
"1997.1.13","抓谋划抓队伍抓机制抓两手保定两个文明建设协调发展",13
"1997.1.14","狠抓形象从严治检河北检察锻造“铁打的队伍”",13
"1997.1.16","韩振国——“河北第一村”的领头人",13
"1997.1.17","沙里淘金记——河北东高集团开发绵羊绒纪事",13
"1997.1.17","沧州市实现村村通程控电话",13
"1997.1.17","扎扎实实教学年年岁岁下乡河北农大科技兴农迈新步",13
"1997.1.19","责任到位资金到位措施到位河北切实解决职工困难",13
"1997.1.20","京冀携手筑屏障化解纠纷有新篇河北“护城河工程”效果明显",13
"1997.1.20","高法和河北省委表彰周廷新",13
"1997.1.22","秦皇岛拥军优属落到实处",13
"1997.1.23","深入调查加强监督张家口人大积极推进农村脱贫",13
"1997.1.24","石家庄桥西地税局办税公开",13
"1997.1.24","秦皇岛“鱼水工程”暖人心",13
"1997.1.27","秦皇岛港去年完成生产任务",13
"1997.1.27","废坑地怎样变成聚宝盆？——河北省魏县砖窑厂复垦的调查",13
"1997.1.28","衡水工行抓管理增效益",13
"1997.1.28","邢台钢铁公司改制",13
"1997.1.28","军民携手铸辉煌——秦皇岛市双拥工作二三事",13
"1997.1.29","“送”字入手“驻”字着眼“实”字着力邯郸市“文化下乡”活动向纵深发展",13
"1997.1.31","保定送知识进农户",13
"1997.2.2","河北北京大力实施再就业工程分别分流安置下岗职工２２．３万人和１１．１万人",13
"1997.2.4","畅通经济动脉塑造都市形象石家庄严治公路“三乱”",13
"1997.2.5","邯郸压缩支出培植财源",13
"1997.2.5","廊坊双拥共建探新路",13
"1997.2.6","手挽京津院所遍邀世界商家石家庄高新区优化投资环境",13
"1997.2.13","减轻企业负担维护企业权益河北取消收费项目８９项",13
"1997.2.13","艰苦朴素从娃娃抓起张家口军民力倡延安精神",13
"1997.2.14","观念改变不铺张有钱用在刀刃上石家庄农技市场活跃",13
"1997.2.15","石家庄——抖落一身“土”气",13
"1997.2.17","石家庄颁布新措施下饭店不愁价没准",13
"1997.2.17","邯郸“普法一条街”",13
"1997.2.17","革新旧工艺改造洋设备开发新产品沧州大化青春常驻",13
"1997.2.18","廊坊工行支持国企改革",13
"1997.2.19","名杨盐碱滩——记中国农大２５位教师在河北沧州科技攻关业绩",13
"1997.2.19","典雅的文化使者——邯郸陶瓷与对外交流",13
"1997.2.24","唐山人民永不忘",13
"1997.2.24","法上塞纳省与河北结为姊妹省",13
"1997.2.28","小中见大——保定白沟镇党委书记杨文远抓精神文明建设记事",13
"1997.3.2","做好大文章——访人大代表、河北省委书记程维高",13
"1997.3.3","请让我来帮助你——记唐山青年志愿者行动",13
"1997.3.4","乔石与河北代表审议政府工作报告强调加大国有企业改革力度",13
"1997.3.6","建行河北分行龙卡发卡量达１９万张",13
"1997.3.10","全国排球联赛第十一轮河北女排力克辽宁队",13
"1997.3.11","刘华清看望广西湖北河北代表时强调领导干部要把群众利益放在首位",13
"1997.3.12","警民情意深——石家庄市公安局交警一支队二大队便民服务纪实",13
"1997.3.22","面向市民抓文明——河北石家庄市市长沈志峰一席谈",13
"1997.3.24","用真诚换来满意——记中国农行石家庄分行第二营业部",13
"1997.3.25","唐山人民的怀念",13
"1997.3.31","石家庄地税一分局管好小税种",13
"1997.3.31","精兵简政政企分开石家庄劳教所改革成效显著",13
"1997.3.31","唐山南站派出所严格执行禁酒令",13
"1997.4.2","财政预算倾斜八方出资扶助衡水桃城区为教育吃“偏饭”",13
"1997.4.5","无私才能无畏——河北省清苑县委书记张兴堂一席谈",13
"1997.4.6","河北文化下乡变“送”为“驻”初步形成自我繁荣新机制",13
"1997.4.7","靠科技兴院重医德建设秦皇岛市中医院广受赞誉",13
"1997.4.9","爱心汗水铺就文明路——石家庄市中山东路记事",13
"1997.4.10","廊坊举行青年成人仪式",13
"1997.4.11","秦皇岛：花园式海港城",13
"1997.4.17","“把温馨送给您”——记天津市工商行河北支行北站储蓄所",13
"1997.4.20","化解矛盾纠纷构筑稳定屏障河北大力实施“护城河工程”",13
"1997.4.21","文联曲协文化下乡艺术团赴衡水演出",13
"1997.4.23","河北：农民种田积极性高涨",13
"1997.4.24","走出去学人之长请进来补己之短河北医大四院开放办院充满活力",13
"1997.5.4","河北省首家校企合办中学在深州奠基",13
"1997.5.6","党政齐动手真情暖融融邢台帮困形成网络",13
"1997.5.6","户枢不蠹——河北法院实施“两错”责任追究制回眸",13
"1997.5.6","邯郸公安树形象创业绩",13
"1997.5.8","全国公路自行车锦标赛河南河北各收一金",13
"1997.5.10","为百姓自甘清苦——河北涞水县委书记韩雅生一席谈",13
"1997.5.12","秦皇岛交警支队从严治警",13
"1997.5.15","农村抓公开城市抓承诺机关抓作风唐山密切党群干群关系",13
"1997.5.17","两年前，石家庄国营丝绸厂宣告破产，担任制衣分厂副厂长的梁建忠与全厂二千八百名职工一下子丢了饭碗。如今，他不仅创办了自己的企业，还打出了一个响亮的品牌：“雪狮龙”。梁建忠：与命运“叫板”",13
"1997.5.22","张家口抓大放小见成效工业企业产品销售率达９７％",13
"1997.5.26","要做经营者先当文明人秦皇岛市加强对个体经营者道德规范监督",13
"1997.5.26","沧州郊区“三下乡”到大集",13
"1997.5.27","河北省直工委重视作风建设",13
"1997.5.27","邯郸侦破一特大拐卖儿童案市公安局专案组被公安部记集体一等功",13
"1997.5.28","邯郸市抓紧农村基层组织整顿",13
"1997.5.29","邯郸扎实改进机关作风",13
"1997.5.30","企业跨地区经济合作经验交流会在保定召开",13
"1997.5.30","唐山地税局对领导干部“任中审计”",13
"1997.6.2","严明法纪严格监督石家庄从严治警树形象",13
"1997.6.4","沧州市公安局加强监管工作",13
"1997.6.4","全国田径锦标赛决出六项冠军四川河北女将各获两金",13
"1997.6.6","河北：农业渐入良性循环",13
"1997.6.6","石家庄交通事故处理机制新出警快勘查快结案快",13
"1997.6.6","唐山开发区实行全程一站式服务",13
"1997.6.7","平山：撼山动地筑良田——河北太行山纪行之一",13
"1997.6.9","井陉：背水一战“生命渠”——河北太行山纪行之二",13
"1997.6.9","武警秦皇岛市支队树文明新风",13
"1997.6.9","只花一角钱就能看一部影衡水桃城区农村时兴“合同电影”",13
"1997.6.10","赞皇：血汗凝成“志气路”——河北太行山纪行之三",13
"1997.6.10","夯实基础正面引导石家庄“百年树人”德育领先",13
"1997.6.10","胸怀大局心有主人——记河北劳模王宝林",13
"1997.6.13","石家庄露天“冷吧”俏街头",13
"1997.6.13","石家庄成立出租汽车行业协会",13
"1997.6.13","上百批外国癫痫患者来邢台治疗",13
"1997.6.14","珍惜土地造福市民——邢台市旧城改造纪事",13
"1997.6.15","武警河北总队惜土如金",13
"1997.6.18","沧州郊区文化市场管理入轨",13
"1997.6.18","沧州郊区区委密切干群关系",13
"1997.6.20","廊坊公路巡警显神威",13
"1997.6.23","秦皇岛树立文明新形象全市被评为全国十佳卫生城和双拥模范城",13
"1997.6.25","武警秦皇岛支队扶贫“三结合”",13
"1997.6.27","邯郸机务段形象建设成效显著",13
"1997.6.28","打开山门天地阔——河北隆化县委书记王杰志访谈录",13
"1997.6.30","以基地为载体　形式多种多样保定市爱国主义教育活动扎实有效",13
"1997.7.2","河北行唐交警结案率高",13
"1997.7.3","石家庄开拓军转安置工作新路子",13
"1997.7.4","唐山一中党课教育生动活泼有效",13
"1997.7.5","不变的关怀与互助——记优秀共产党员石家庄市育才街液化气站站长许秀果",13
"1997.7.7","让“冷”面孔“热”起来邯郸公安局车管所创一流服务",13
"1997.7.7","为学生开辟多条受知渠道保定卫校学生素质居全省之首",13
"1997.7.8","秦皇岛港煤码头四期工程试生产",13
"1997.7.9","唐山古冶区加快煤陷地复垦",13
"1997.7.9","我首家汽车博物馆在石家庄落成",13
"1997.7.10","由单一事故接报向道路交通服务转变秦皇岛交警改革“１２２”事故报警台",13
"1997.7.10","保定全方位选拔优秀企业领导",13
"1997.7.11","河北省建成生物制药基地",13
"1997.7.13","衡水灾区超额完成夏粮定购任务实现粮食调入向调出的跨越",13
"1997.7.14","简化庆典仪式停建楼堂馆所河北向奢侈浪费宣战",13
"1997.7.14","全国男篮甲Ｂ联赛河北队四连胜",13
"1997.7.15","全国男篮甲Ｂ联赛第一阶段结束河北队排名第一",13
"1997.7.16","河北万名大中学生“三下乡”",13
"1997.7.17","河北设立政府“寒门学子基金”",13
"1997.7.21","邯郸丛台区检察院严格执法狠抓办案先后获得河北省“十佳检察院”、“反贪标兵”等荣誉称号",13
"1997.7.23","承德为人武部办实事",13
"1997.7.25","过好市场关——中国石化石家庄炼油厂提高效益之路",13
"1997.7.25","治下先治上治村先治乡河北加强农村基层组织建设",13
"1997.7.25","石家庄铁路分局实行企业党委换届评审",13
"1997.7.28","民营企业成为大学生择业热点秦皇岛海湾公司在全国范围内招收２１名本科生和研究生",13
"1997.7.28","承德县发展通信造福农民",13
"1997.7.30","深化企业改革优化资本结构唐山国有企业资产负债率降低",13
"1997.7.31","爱军队爱军人爱军属唐山拥军优属工作成绩斐然",13
"1997.7.31","河北省资产评估业发展迅猛",13
"1997.8.1","承德民兵预备役为稳定作贡献",13
"1997.8.1","河北省武安市成立正规化村级党校",13
"1997.8.5","河北加大解困和再就业力度两年三十万失业下岗人员实现再就业",13
"1997.8.5","邢台市全力营建道路新形象",13
"1997.8.5","以党性对待务实用措施促进务实张家口市委崇尚务实之风",13
"1997.8.6","不断夯实基础持续高产创优石家庄小麦产量连上三阶",13
"1997.8.7","河北全面推行政府采购制度改革",13
"1997.8.9","变上访为下访——河北行唐县委书记李遵英一席谈",13
"1997.8.10","河北夏粮增产２０亿公斤山东以保护价收购夏粮迅速",13
"1997.8.11","巨变是怎样发生的——国家计委扶贫工作队在河北灵寿县扶贫纪实",13
"1997.8.11","邢台以绩定岗安置军转干部",13
"1997.8.11","开展“讲文明、树新风”活动邯郸树立市直机关新形象",13
"1997.8.12","“粉丝大王”——记河北省卢龙县优秀青年标兵张文奇",13
"1997.8.13","工行廊坊分行十年安全运营",13
"1997.8.13","石家庄：向不文明告别",13
"1997.8.14","理顺管理体制加强法制建设河北着力净化建筑市场",13
"1997.8.15","邹家华在秦皇岛市考察时强调企业必须在市场竞争中求生存求发展",13
"1997.8.15","除病根挖穷根——邯郸市中心医院保障农民健康的调查",13
"1997.8.16","农村抓公开，城市抓承诺，机关抓作风。唐山市从群众最关心的问    题入手，一件一件抓落实，大力改善党群、干群关系，取得成效。请看——唐山的又一份答卷",13
"1997.8.17","姜春云在秦皇岛市考察时强调推进农业产业化加快农村经济发展",13
"1997.8.18","河北集中力量帮扶特困村去年又有一百一十七万人脱贫",13
"1997.8.19","对口支援各尽其力北京张家口交流合作进展喜人",13
"1997.8.19","石家庄：开展讲文明义务劳动",13
"1997.8.19","全面开放内联外引承德实施“开放带动”经济发展战略",13
"1997.8.20","守纪律懂礼貌讲秩序求效率保定讲文明从机关和“窗口”入手",13
"1997.8.21","石家庄：整治交通秩序",13
"1997.8.21","唐山边防检查站树文明警风",13
"1997.8.22","“上天入地”皆效益——石家庄国大集团实行资产占用责任制纪实",13
"1997.8.25","邯郸三棉通过ＩＳＯ９００１质量认证",13
"1997.8.26","把“文明使者”窗口擦得更亮石家庄全面整顿出租车秩序",13
"1997.8.26","邯郸凭实绩任用干部",13
"1997.9.1","廊坊的锣鼓",13
"1997.9.2","廊坊工行全力支持国有企业改革",13
"1997.9.2","河北检察把“卖官买官”者拉下马",13
"1997.9.3","认真执行政策保护农民利益河北以保护价敞开收购议价粮",13
"1997.9.4","在总书记关怀下——记张素珍和张家口二万名失学儿童重返校园",13
"1997.9.5","从提高经济运行质量中获取高效益——河北清河县发展乡镇企业的调查报告",13
"1997.9.8","让讲政治讲学习讲正气深入人心邢台市创建“三讲”文明机关",13
"1997.9.8","农行张家口分行支持农业产业化",13
"1997.9.15","秦皇岛新姿（）",13
"1997.9.16","中朝国际女足对抗赛河北队４∶２胜平壤队",13
"1997.9.17","河北作协等向基层送书",13
"1997.9.18","从“丑小鸭”到“白天鹅”——记河北省沙河市城市形象建设",13
"1997.9.18","农行邯郸分行以形象建设促业务发展",13
"1997.9.19","发展是永恒的追求——记廊坊华美粮油食品有限公司总经理石克荣",13
"1997.9.25","文明富裕路上的“领头雁”——记石家庄市郊区柳辛庄村党委",13
"1997.9.25","初高职教三分离一着走活全盘棋保定初中生全部实现就近入学",13
"1997.9.26","在蓝天碧海背景下做经济文章秦皇岛力促环境经济协调发展",13
"1997.9.26","沧州郊区立足城郊求发展",13
"1997.9.29","保定政协为经济建设献策出力",13
"1997.9.29","邢台市解决群众普遍关心问题",13
"1997.9.30","河北全面实施专家扶贫工程",13
"1997.9.30","唐山边防完善“海上一一○”",13
"1997.10.1","科教兴牧扩大开放河北跨入畜牧大省行列",13
"1997.10.5","一校一所兴一业百校帮建百乡村保定职业教育办出特色",13
"1997.10.6","争取高产再高产——石家庄市小麦持续增产纪实",13
"1997.10.7","保定建成生物钾肥生产线",13
"1997.10.8","河北省首家校企合办中学建成",13
"1997.10.11","见义勇为者反被诬为肇事者，石家庄一名出租车司机的遭遇引起了社会各界的关注，并由此引发了有关社会道德问题的讨论——时代呼唤良知",13
"1997.10.13","当龙头搞合作抓服务石家庄供销社帮农民进市场",13
"1997.10.13","保护价收购使河北农民增收六十亿元",13
"1997.10.14","温家宝在河北农村调研时指出贯彻十五大精神努力实现小康目标",13
"1997.10.15","教学科研生产三结合成果水平效益三突出河北农大整体实力显著增强",13
"1997.10.17","陈俊生在河北调研时提出供销社要积极参与农业产业化",13
"1997.10.20","完善公路巡警职能提高交通安全意识廊坊强化农村交通管理",13
"1997.10.20","秦皇岛安置２００名军嫂就业",13
"1997.10.21","唐山全方位开辟再就业渠道长治妥善安置企业富余人员",13
"1997.10.21","局长微服私访工作真抓实干保定公安机关形象建设成效显著",13
"1997.10.23","唐山市压缩行政开支办教育",13
"1997.10.23","工行邯郸分行贷款坚持四个优先",13
"1997.10.23","建行唐山市分行资金向信用好企业倾斜",13
"1997.10.24","邢台矿业公司成立",13
"1997.10.24","廊坊预备役炮团为经济建设做贡献",13
"1997.10.27","石家庄加大财政支农力度预算内农业投入年均增１５％",13
"1997.10.28","唐山治理煤炭市场取得成效",13
"1997.10.28","百家部委直属企业瞩目廊坊",13
"1997.10.29","保定飞行分院构筑“人才工程”",13
"1997.10.29","成由勤俭败由奢——就治理公款吃喝玩乐问题访河北省纪委书记吴野渡",13
"1997.10.31","廊坊开发区国税分局文明服务",13
"1997.11.3","河北省与南开大学签订长期合作协议",13
"1997.11.3","抓住三个“突破口”——河北省治理公款吃喝玩乐歪风记事",13
"1997.11.5","规范言行提高效率办事公开河北省扎实推进机关形象建设",13
"1997.11.5","廊坊干部唱《廉政歌》做“廉政人”",13
"1997.11.5","河北乐亭十一万农民进学堂",13
"1997.11.6","以公开求公正以制度促规范邯郸车管所实施全方位警务公开",13
"1997.11.6","河北运用市场竞争机制加速成果转化推广重大科技成果实施社会招标",13
"1997.11.7","为人民服务让人民满意保定市人事局坚持办事公开",13
"1997.11.7","旱个明白干个实在——从沧州旱灾看转变农业生产方式",13
"1997.11.10","河北省供销社积极参与农业产业化经营大力兴办专业合作社和龙头企业",13
"1997.11.10","沧州传染病院加强精神文明建设",13
"1997.11.10","秦皇岛杜绝隐疾青年入伍",13
"1997.11.10","盛衰成败皆在人领导班子最关键张家口市委治穷先治本",13
"1997.11.10","石家庄铝厂走科教兴厂之路职工素质高产品身价俏",13
"1997.11.11","中医无国界求医不怕远千余名国外癫痫病患者在邢台治疗",13
"1997.11.11","为了让乡亲们过上好日子——记河北省青联委员、豪峰集团总裁陈晓峰",13
"1997.11.12","河北省新闻出版局正确对待批评",13
"1997.11.13","河北公安海巡支队扶贫助教",13
"1997.11.14","深深扎根在沃土——石家庄市农科院爱农为农纪事",13
"1997.11.18","向跑官要官者亮“红牌”河北公布领导班子换届“十不准”",13
"1997.11.18","你了解张家口吗？",13
"1997.11.19","喜看河北“十不准”",13
"1997.11.19","沧州“分田”到警保民安",13
"1997.11.19","《石家庄日报》喜庆五十华诞",13
"1997.11.21","合力挖“穷”山——承德市“四位一体”信贷扶贫攻坚纪实",13
"1997.11.24","明确范围严格报批河北清理党政机关“大哥大”",13
"1997.11.24","河北临城发现古石笋群",13
"1997.11.25","普及农技搞创收一举多得育人才保定校田建设展现生机",13
"1997.11.26","石家庄陆军学院６０年硕果累累",13
"1997.11.26","石家庄认识到位措施扎实",13
"1997.11.27","邢台抓住热点狠刹吃喝风",13
"1997.11.27","唐山已超额完成发行计划",13
"1997.11.27","沧州华泰商厦以书为媒促销售",13
"1997.11.28","河北党委督察系统为企业办实事",13
"1997.11.29","巧借京津活河北",13
"1997.12.2","尉健行在河北考察时指出村务公开是农村民主制度建设重要内容",13
"1997.12.2","创造平等条件支持共同发展河北个体私营企业纷纷亮“牌”",13
"1997.12.2","心中装着百姓功夫下在基层张家口下花园区委勤政为民",13
"1997.12.4","邯郸市积极发挥特约监察员作用",13
"1997.12.5","河北加大查处大要案力度杨保国等县处级以上干部受到惩处",13
"1997.12.5","河北任务层层落实",13
"1997.12.6","实行强强联合形成规模优势河北组建十家大型企业集团",13
"1997.12.9","秦皇岛港航局８年无重大事故",13
"1997.12.9","加强领导细准备宣传开路抓培训张家口认真搞好人大换届选举",13
"1997.12.9","国有粮站的风范——河北柏乡县粮食局连年增盈记事",13
"1997.12.10","接受正规教育提高自身素质保定市百余名村支书上大学",13
"1997.12.12","石家庄新华区用好教育基地“少年炮校”陶冶少年情操",13
"1997.12.12","洒向桑榆几多情——石家庄市交通局老干部工作一瞥",13
"1997.12.15","河北近八成公有住宅出售给个人",13
"1997.12.15","作风文明高效便捷保定新市区地税局创建青年文明号",13
"1997.12.15","渤海湾畔的科技明星——记秦皇岛海湾安全技术有限公司",13
"1997.12.16","承德为京津保水源堵沙源京津为承德开资源拓财源",13
"1997.12.17","廊坊成立农业高新技术园区",13
"1997.12.17","真心实意为群众——河北省党委督查系统为群众办实事的调查",13
"1997.12.19","铁路秦皇岛东站抓安全促生产",13
"1997.12.19","社区改革有“好棋”——来自石家庄市的报告",13
"1997.12.19","提高改造质量造就有用人才石家庄北郊监狱成为“中华扫盲奖”先进单位",13
"1997.12.22","河北四个轮子一起转三年安置四十万",13
"1997.12.22","河北“窗口”行业公布便民措施",13
"1997.12.23","压锭改造调整重组河北纺织业１０个月减亏１．１亿元",13
"1997.12.23","石家庄地税局清理欠税超亿元",13
"1997.12.24","富民基业——关于河北农村基层组织建设的报告",13
"1997.12.24","青年志愿者服务到衡水",13
"1997.12.26","保定：大力推进农业产业化经营",13
"1997.12.29","石家庄加强个人所得税征收",13
"1997.12.30","廊坊安次许各庄拥军优属重实效",13
