﻿"index","news_title","prov_cde"
"1997.1.2","平顶山资金投放推出“六看”茂名工行三管齐下帮“国企”",41
"1997.1.2","锻铸文明高效之师——河南省焦作市公安局规范化建设纪事",41
"1997.1.2","善借东风建大业——河南省汝阳县栾川县实施“国家贫困地区义务教育工程”纪略",41
"1997.1.6","河南建七个引进国外高效农技示范点",41
"1997.1.7","围绕两个转变发展农机事业——河南省商丘地区农机总公司经营的启示",41
"1997.1.7","洛阳市交警贴近实际学先进",41
"1997.1.7","做党和人民利益坚强捍卫者——河南公安机关铸就威武之师文明之师纪实",41
"1997.1.9","走出深山闯市场——记河南羚锐制药公司总经理熊维政",41
"1997.1.10","群众唱主角——河南新乡市群众性精神文明建设见闻",41
"1997.1.13","许昌交警四大队连续七年创佳绩",41
"1997.1.14","许昌民兵开展“创建”活动",41
"1997.1.20","河南飞播造林成效显著",41
"1997.1.21","他的外号“钢锉子”——记河南省许昌市“十杰青年”刘国贤",41
"1997.1.22","河南破获特大贩卖假币案",41
"1997.1.27","山东因地制宜科学治水河南加大冬修水利投入",41
"1997.1.28","追求一流——记河南商丘地区电业局长雷学彬",41
"1997.1.28","“严打”破大案防范打基础商丘市民对社会治安满意了",41
"1997.1.29","郑州老人免费乘车逛公园",41
"1997.2.5","郑州东站抢运物资",41
"1997.2.5","春节到万家忙下岗职工怎么样——郑州市破产兼并企业职工春节生活安排实录",41
"1997.2.6","南阳棉纺织厂优化产品结构",41
"1997.2.6","平顶山送来对口味的演出",41
"1997.2.9","河南外贸出口突破２０亿美元",41
"1997.2.9","稳定民心稳定生财新乡创建治安模范市",41
"1997.2.12","建设社会主义精神文明要有实招漯河农村普建五个宣传文化阵地",41
"1997.2.13","基层干部队伍建设一项重要内容——新乡市学习吴金印活动综述",41
"1997.2.13","信阳公安机关加强队伍建设",41
"1997.2.14","郑州用电实现电脑管理",41
"1997.2.14","目标：创一流效益——江苏宿豫粮食系统以改革谋发展小记",41
"1997.2.16","南阳“金冠”１０年赚回１４个厂",41
"1997.2.17","河南五百多万人告别高氟水",41
"1997.2.17","河南出台新规定虚报数字要丢官",41
"1997.2.17","从“小不点儿”到大集团——河南豫光金铅集团的成功之路",41
"1997.2.17","郑州：时兴鲜花拜年",41
"1997.2.27","河南省地税局建立社会监督体系",41
"1997.2.28","平顶山复垦土地八万亩",41
"1997.3.1","鱼和熊掌要兼得——河南省舞钢市委书记李长河一席谈",41
"1997.3.4","路畅民安——河南商丘地区公安机关探索改革交通管理勤务制度纪实",41
"1997.3.5","李鹏参加河南代表团讨论时指出千万不能放松农业放松粮食生产",41
"1997.3.6","依农兴工以工促农——访人大代表、河南省委书记李长春",41
"1997.3.19","豫北叙事",41
"1997.3.20","河南成为香港菜园",41
"1997.3.24","效益比规模更重要——安阳钢铁集团公司快速平稳发展探秘",41
"1997.3.24","河南农村春耕抗旱浇麦忙湖北严禁假冒农资下田间",41
"1997.3.25","全国排球优胜赛结束河南上海四川天津四队升级",41
"1997.3.26","平顶山强化国有企业党建坚持与生产经营工作同部署同检查同总结",41
"1997.3.26","开封有座翰园碑林",41
"1997.3.27","洛阳实行村级政务公开",41
"1997.3.27","变思路花小钱办大事河南“小财政”办活“大卫生”",41
"1997.3.27","纳总统会见河南经贸代表团",41
"1997.3.28","河南农副产品加工成经济增长点已形成九大系列三十多种优势产品近三千行政村因此进小康",41
"1997.3.28","河南荒山大县纷纷披绿",41
"1997.3.31","农村推行巡访制城市实行巡警制河南形成治安防控网络体系",41
"1997.3.31","甲Ｂ联赛豫园跃登榜首",41
"1997.4.4","绿云深处好风光——郑州市绿云小区记事",41
"1997.4.4","安阳北关国税局税银联网",41
"1997.4.7","形象重于生命——南阳公安机关队伍建设纪事",41
"1997.4.7","濮阳气管炎研究所成果多",41
"1997.4.7","全国足球甲Ｂ联赛豫园首遭败绩松日重登榜首",41
"1997.4.8","平顶山学邯钢尝到甜头利润连年增长亏损逐年下降",41
"1997.4.8","红旗列车——记郑州铁路局７９８０次北京车队",41
"1997.4.13","河南省煤气化工程破土动工",41
"1997.4.14","周口公安严厉打击团伙犯罪",41
"1997.4.15","市场才是“方向盘”——郑州宇通客车股份有限公司发展纪实",41
"1997.4.15","送金送银不如培养人河南农大选育农村致富“领头雁”",41
"1997.4.15","河南师大制成自充气轮胎",41
"1997.4.15","黄牌警告之后——记河南省周口地区交警队的年轻人",41
"1997.4.16","河南交警签订治理“三乱”责任书",41
"1997.4.21","科学经营显魅力投身田野细耕耘河南广东一批农民重返农门",41
"1997.4.22","安阳北关国税局提高服务质量",41
"1997.5.4","河南多渠道实施再就业工程二十万下岗人员得到安置",41
"1997.5.5","河南采取措施保护农民种粮积极性肇东以粮换肥促春耕",41
"1997.5.6","安阳法院加强经济审判",41
"1997.5.7","郑州清理假冒专利商品",41
"1997.5.8","全国公路自行车锦标赛河南河北各收一金",41
"1997.5.9","许昌加快中小企业改革",41
"1997.5.9","河南羚锐公司培养“四德”员工",41
"1997.5.10","商丘农村经济迈新步",41
"1997.5.12","郑州蝶阀厂通过质量体系认证",41
"1997.5.12","公开选拔竞聘上岗能上能下许昌大力推进干部制度改革",41
"1997.5.20","五大作物高产示范现场会在郑州举行专家攻技术难关科技促农业增产",41
"1997.5.22","风正气顺企业兴——河南新密耐火材料厂“以德治厂”纪事",41
"1997.5.23","丝尽播火情——追记河南农大教授郑祥义",41
"1997.5.26","“人文管理”——记河南新机集团",41
"1997.5.26","驻豫各部队齐心协力重点扶贫",41
"1997.5.27","唱响国企志气歌——焦作矿务局凝聚人心走出亏损泥沼",41
"1997.5.27","开封县委廉勤并举凝聚民心",41
"1997.5.28","姜春云在河南考察“三夏”工作时指出千方百计组织好“三抢”确保丰产丰收",41
"1997.5.28","姜春云在郑州召开的黄淮海防汛工作现场会议上强调做好今年防汛工作确保万无一失",41
"1997.5.29","象棋名人战将在商丘举行",41
"1997.5.29","《新乡村·都市——李富绘画作品展览》",41
"1997.5.30","姜春云在江苏河南农村考察时强调全力以赴打好“三夏”这一仗",41
"1997.5.31","乔石在河南考察工作时强调大胆突破深化改革抓住机遇发展经济",41
"1997.6.3","火腿肠做出大文章——河南漯河双汇集团靠辩证法指导经营",41
"1997.6.4","河南打击文物犯罪３８６件失窃文物被追回",41
"1997.6.5","撬动农村经济发展的杠杆——农业银行河南省分行向商业银行转轨",41
"1997.6.5","点渣成金——安阳钢铁集团治理污染纪实",41
"1997.6.6","该征的征足用好能筹的广筹博纳南阳建立有效的教育投入机制",41
"1997.6.9","年年考评今又评雨过地湿新风景平顶山处理一批县级干部",41
"1997.6.9","唐河成为河南第一养牛大县",41
"1997.6.10","“钱在树上长”——河南新县卡房乡开发荒山致富纪事",41
"1997.6.14","“窗口”新风——郑州市公安交警支队便民服务侧记",41
"1997.6.16","笑着走向文明——现代豫剧《丑嫂》观后随笔",41
"1997.6.17","平原丘陵水地旱地都增产河南夏粮丰收科技立头功",41
"1997.6.17","五部委批准郑州为全国商贸中心改革试点",41
"1997.6.18","漯河车站派出所严打成效显著",41
"1997.6.19","平顶山通过兼并联合培育优势企业８年兼并９４家企业盘活存量资产６．０５亿元",41
"1997.6.22","层层办班分级培训以会代训河南省普法工作有声有色",41
"1997.6.24","郑州装饰建材展览会公开承诺质量",41
"1997.6.25","郑州机务段认真抓党建",41
"1997.6.26","发展与管理结合教育和监督配套河南高校党员队伍面貌变化明显",41
"1997.6.30","河南领导带头学基本法",41
"1997.7.2","郑州黄河喜迎游子处处洋溢深情",41
"1997.7.3","南阳地税直属分局文明服务",41
"1997.7.5","信阳：“山字经”焕发勃勃生机（）",41
"1997.7.7","按保护价敞开收购议购粮深得民心河南农民高高兴兴卖夏粮",41
"1997.7.7","新乡加强公安派出所基础建设",41
"1997.7.7","洛阳医药零售市场管理混乱",41
"1997.7.10","济源加快平原农业综合开发１３万亩中低产田改造成稳产高产田",41
"1997.7.10","加强道路管理提高法规意识商丘农村交通安全宣传深入人心",41
"1997.7.11","焦作山阳区密切军民关系",41
"1997.7.14","小浪底河南淹没区发现文物１３０多处",41
"1997.7.15","没有“绿卡”进不来多头开户被遏制河南开发成功账户管理票据清算系统",41
"1997.7.16","河南：磷化钙农药市场混乱",41
"1997.7.17","河南旱地小麦大幅度增产",41
"1997.7.18","小学生学得活——记安阳市人民大道小学实施学生主体性发展实验",41
"1997.7.19","地方、国企两相依——河南省平顶山市卫东区委书记萧新明一席谈",41
"1997.7.21","河南农民结成销粮联合体自愿互利去开辟粮食市场",41
"1997.7.22","加强农村民主政治建设洛阳推行村级政务公开",41
"1997.7.23","从严治长从严治警从优待警    焦作公安机关建设廉洁高效队伍",41
"1997.7.23","郑州二七区检察院“质量建院”",41
"1997.7.23","全国人大代表、郑州华士达学校校长——杨辉畅想曲",41
"1997.7.24","河南省滑县依法管理计划生育“黄牌”变成“金牌”",41
"1997.7.25","为官清廉过“五关”——记河南省获嘉县楼村党总支书记许福卿",41
"1997.7.25","让红旗渠精神发扬光大——记河南省林州市地税局",41
"1997.7.26","“明年俺还要多种粮种好粮”——河南按保护价收购夏粮见闻之一",41
"1997.7.27","为国分忧多储粮——河南按保护价收购夏粮见闻之二",41
"1997.7.28","“既让马儿跑又让马吃草”——河南按保护价收购夏粮见闻之三",41
"1997.7.30","商丘地区电业局安全效益双丰收连续一千六百一十天无考核事故，七年经济效益增长六倍",41
"1997.7.30","去安阳，一睹甲骨文风采",41
"1997.7.31","河南看守所系统劲吹文明风",41
"1997.7.31","濮阳注重培养选拔非党干部全市县区全部配齐非党副县（区）长",41
"1997.8.1","拥军“四无一创”拥政“三帮两带”河南双拥再上新台阶",41
"1997.8.1","洛阳老城区法院推行立体化管理",41
"1997.8.5","宝剑锋从砥砺出——周口地区公安机关队伍建设纪事",41
"1997.8.11","商丘依法公证计生合同",41
"1997.8.11","细雕精品丹心报国——新乡半导体厂扭亏为盈纪实",41
"1997.8.11","加强执法监察深入清查整改河南切实减轻农民负担",41
"1997.8.11","驻马店地区东西部合作创佳绩",41
"1997.8.14","开封搪瓷厂节约有章可循",41
"1997.8.14","扶贫队伍进村科研项目上山信阳县稻丰茶香换新颜",41
"1997.8.18","靠一套规章制度靠一支政法队伍洛阳着力创建社会治安安全市",41
"1997.8.18","女足超级联赛第五轮结束上海力拼取胜河南虽败犹荣",41
"1997.8.19","突出重点标本兼治河南有效遏制奢侈浪费",41
"1997.8.24","河南：营造交通良好环境",41
"1997.8.25","郑州福利院为国分忧为民解愁",41
"1997.8.29","郑州新郑机场正式通航邹家华出席开航仪式",41
"1997.8.31","邹家华在河南考察时强调重点工程一定要精心组织",41
"1997.9.1","敬业·执著·严谨——记河南省新乡市委组织部副科长李国智",41
"1997.9.3","河南取消四百零四种内部报刊",41
"1997.9.3","１０６国道河南段须整顿",41
"1997.9.5","开封开展商业企业增值税专项检查",41
"1997.9.9","孤岛育桃李丹心映碧波——记宿豫县戴场小学校长杨绪光",41
"1997.9.10","一趟列车两种票价郑州局开行混编列车",41
"1997.9.16","沪粤豫皖内蒙古团欢庆中秋",41
"1997.9.18","河南羚锐公司强化法制建设",41
"1997.9.22","河南商检局严把质量关为一重点工程已索赔四百四十多万美元",41
"1997.9.22","转移农民，才能富裕农民近几年来，河南省偃师市的经济奇迹般地崛起，那里的农民在养殖、加工等多个领域中开辟了新的致富渠道，偃师的体会是——",41
"1997.10.7","把交易放到阳光下——从郑州苏州建设工程交易中心看堵漏洞",41
"1997.10.7","焦作市妥善安置六十九名军嫂",41
"1997.10.7","领导就是服务——河南周口农村采访札记",41
"1997.10.7","接过“小车”向前推——许昌县桂村农中办学纪实",41
"1997.10.8","河南：狠抓基础设施建设",41
"1997.10.8","濮阳检察系统深入开展精神文明建设",41
"1997.10.8","清华大学在郑州建教学基地",41
"1997.10.9","河南工商部门查处一违法广告",41
"1997.10.10","八运会男排赛战罢三轮辽宁河南一路闯关",41
"1997.10.12","河南乒乓女队被挤出四强",41
"1997.10.13","郑州交警支队便民利民",41
"1997.10.15","血染的青春——记郑州市公安局英雄民警宋金魁",41
"1997.10.16","文学选粹与文化积累——由《河南新文学大系》的出版所想到的",41
"1997.10.17","兴办工业企业开展东西合作驻马店加快农业地区经济发展",41
"1997.10.20","濮阳选用干部坚持德才兼备",41
"1997.10.20","郑州公交车上治安状况差",41
"1997.10.20","绿色歌谣——河南淅川县仓房乡造林灭荒纪事",41
"1997.10.21","河南严查民警违法违纪案惩处一批“害群之马”",41
"1997.10.24","“电脑警察”上岗交通违章下降洛阳实行道路信号自动监控",41
"1997.10.24","郑州中原检察院扬剑惩腐建奇功",41
"1997.10.27","河南公安机关破获拐卖妇女案",41
"1997.10.27","保护价保护了生产积极性——从河南省夏粮收购看国家对农业实行有效保护的必要性",41
"1997.10.28","河南冰熊公司重视售后服务",41
"1997.10.29","新乡市国税直属分局通过考试选人才",41
"1997.10.30","郑州１００多部便民投诉咨询电话",41
"1997.10.31","象棋热商丘——全国象棋名人战首日侧记",41
"1997.11.1","中国象棋发展研讨会在商丘举行",41
"1997.11.4","漯河推出新型塑料门窗生产线",41
"1997.11.4","南阳警方：抢占制高点",41
"1997.11.6","河南省法律援助中心挂牌",41
"1997.11.6","新乡市国税局直属分局力促纳税申报率提高",41
"1997.11.7","平顶山新华区法院改进人事管理",41
"1997.11.7","科技兴农在许昌",41
"1997.11.10","“第一支柱”的魅力——南阳黄牛产业化开发纪实",41
"1997.11.13","洛阳夜市好红火",41
"1997.11.13","新乡郊区国税局积极为企业服务",41
"1997.11.14","“愿天下哮喘病患者都呼吸自如”——记河南濮阳气管炎研究所所长张金磊",41
"1997.11.18","南阳经济发展战略研讨会简述",41
"1997.11.19","向不文明交通行为告别郑州集中整顿交通秩序",41
"1997.11.21","工商局举办“假冒骗”案发布会河南曝光１５起典型案件提醒消费者",41
"1997.11.23","山西水利建设向纵深发展河南驻马店地区日出动劳力十二万人",41
"1997.11.23","河南警方破获杀人抢劫银行案",41
"1997.11.26","明珠璀璨耀中原——访郑州高新技术产业开发区",41
"1997.11.26","濮阳农行干部职工追求形象、追求超越，因此才会有——“奉献年”的奉献",41
"1997.11.27","河南联发公司巧打时间差玉米卖出肉价钱",41
"1997.11.28","反贪勇士——记焦作市优秀共产党员秦克来",41
"1997.12.1","河南省博爱县民兵党员带头致富",41
"1997.12.2","新乡国税局直属分局力促纳税申报",41
"1997.12.2","抓教育抓监督抓典型抓班子河南加强公安队伍建设",41
"1997.12.2","送戏下乡三十载板车行程十万里鄢陵豫剧团誉满中原",41
"1997.12.11","淮河的笑声——河南莲花味精集团治理污水纪实",41
"1997.12.11","安阳市文峰国税局税源管理有方",41
"1997.12.12","濮阳市中级法院举行执法形象教育活动",41
"1997.12.12","河南世纪公司开展扶贫活动",41
"1997.12.15","“傻瓜农业”在周口",41
"1997.12.16","“软”指标硬作为——河南省黄淮海农业综合开发见闻",41
"1997.12.16","新乡市郊区国税局设立“委屈奖”",41
"1997.12.18","新乡国税直属分局廉政敢较真",41
"1997.12.19","上海广播交响乐团访欧巡演成功指挥张培豫获巴黎市红宝石奖章",41
"1997.12.19","豫３０万下岗职工投入民营经济",41
"1997.12.22","中行漯河分行狠抓勤俭节约",41
"1997.12.22","面向２１世纪的选择——河南公安机关队伍建设纪实",41
"1997.12.22","洛阳５０多万人告别吃水难",41
"1997.12.22","触目惊心的尾矿废石——豫陕晋接壤地区人为水土流失的调查之一",41
"1997.12.24","“既要金山银山，也要绿水青山”——豫陕晋接壤地区人为水土流失的调查之二",41
"1997.12.24","河南一些地方书市场混乱",41
"1997.12.25","漯河车站派出所扫黄力度大",41
"1997.12.25","献身教育“黄河女”——记郑州黄河科技大学校长胡大白",41
"1997.12.25","新乡市税务代理蓬勃开展",41
"1997.12.26","安阳郊区法院廉政工作常抓不懈",41
"1997.12.29","植根良田沃土突出地方特色周口地区群众文化多姿多彩",41
"1997.12.30","漯河塑料厂效益倍增",41
"1997.12.30","新乡郊区国税局照顾孤寡老人",41
