﻿"index","news_title","prov_cde"
"1997.1.4","站好脱贫岗——广西南丹县委书记陈日华一席谈",45
"1997.1.6","广西开会有创造运用录像说典型",45
"1997.1.8","河池扶贫新规定干部为贫困户“当家”",45
"1997.1.13","兰山村的“功德榜”——广西崇左县兰山村干部自觉接受群众监督小记",45
"1997.1.14","刮目看钦州",45
"1997.1.14","广西军区大力培养少数民族干部",45
"1997.1.16","美军遗骸交接仪式在兴安举行列奥塔代表克林顿等向广西有关方面表示感谢",45
"1997.1.27","螺江之路——广西合浦县螺江村脱贫致富纪实",45
"1997.2.3","广西凭祥：昔日兵家地今日边贸城",45
"1997.2.9","警民联防明确责任桂林共建“安全文明小区”",45
"1997.2.9","百色地区开创“新三村”",45
"1997.2.11","三副担子一肩挑广西两万干部进乡村",45
"1997.2.12","走出大石山——百色地区扶贫移民开发采访札记",45
"1997.2.12","有声有色扎扎实实——广西开展党员“双学”活动的基本经验",45
"1997.2.13","广西经济稳步发展战胜灾害农业丰收",45
"1997.2.14","梧州紧急抢救",45
"1997.2.16","广西风情汇聚北京舞台",45
"1997.2.17","不恋城市恋荒山——五名大学毕业生回广西荔浦创业纪实",45
"1997.2.18","八运会男足各队会集梧州",45
"1997.2.22","千秋伟业留百色",45
"1997.2.24","百色巨变（）",45
"1997.3.5","调整结构发挥优势——人大代表、北海市委书记李克一席谈",45
"1997.3.9","抓住优势发展“甜蜜产业”——访广西团成克杰等代表",45
"1997.3.11","刘华清看望广西湖北河北代表时强调领导干部要把群众利益放在首位",45
"1997.3.13","壮乡风情入画来——看广西新春晋京三台戏",45
"1997.3.19","国家最大扶贫项目西南最佳出海通道南昆铁路全线铺通李鹏总理出席庆祝大会发表讲话并考察百色",45
"1997.3.23","邹家华在广西考察工作时强调建设好西南出海大通道",45
"1997.3.24","立足服务西南加快自身发展北海加大基础设施建设",45
"1997.3.24","柳州五菱又有新车型面市",45
"1997.3.28","从救济走向开发——广西扶贫攻坚纪实",45
"1997.4.1","北海现代化化纤厂动工兴建",45
"1997.4.4","广西百分之八十贫困县绿化达标",45
"1997.4.11","领导重视是关键——职工体育在柳州",45
"1997.4.14","给职工一个空间——广西壮族自治区职工体育纪实",45
"1997.4.15","参与和受益——柳州市龙城路纪事",45
"1997.5.2","桂林—柳州高速公路通车",45
"1997.5.9","扶贫又扶志科技来引路广西军区扶贫帮困成效显著",45
"1997.5.9","广西微雕珍品《心愿》展示会在京举行",45
"1997.5.9","柳州市涌动老年门球热",45
"1997.5.13","梧州招商引资势头好头三个月投资额突破五亿元",45
"1997.5.14","广西广告协会向会员乱摊费用",45
"1997.5.28","南宁个体户帮助下岗职工再就业",45
"1997.6.2","南宁个体户“一帮一”反响强烈广西各界纷纷行动帮助下岗职工再就业",45
"1997.6.4","广西组织扶贫攻坚先进事迹报告团",45
"1997.6.6","南宁关注个体户与下岗职工“一帮一”活动自治区领导勉励个体户",45
"1997.6.9","南宁城市开发惜土如金近年不仅没有突破建设用地指标，相反新增耕地８０００多亩",45
"1997.6.17","南宁各界积极推进再就业工程",45
"1997.6.19","吴邦国在广西海南考察时强调努力使国有企业效益好于去年",45
"1997.6.20","广西表彰个体私营先进营销户",45
"1997.6.22","国防新旅功臣连——记广西“预备役部队全面建设模范连”",45
"1997.6.23","稳步推进强化指导柳州优化资本结构试点有进展",45
"1997.6.26","展现壮乡风貌抒发民族激情广西开展群体活动喜迎香港回归",45
"1997.6.28","广西邮电部门庆七一迎回归确保读者及时看到人民日报",45
"1997.6.29","北海重整土地",45
"1997.6.29","钦州口岸正式对外开放",45
"1997.6.30","《人民日报·华南新闻》“七一”创刊在广州编辑出版　与《人民日报》十二个版在广东、广西、海南三省区一起发行",45
"1997.6.30","“我是越活越有福”——访广西百岁老人肖伯煌",45
"1997.6.30","百色有了高等级公路",45
"1997.7.2","防城港边防支队禁毒战果辉煌",45
"1997.7.3","广西八运会代表团组成　乒乓国手将赴江西老区表演　大学生篮协举办教练培训班北京市三资企业足球赛落幕",45
"1997.7.9","广西抓住重点敢动真格",45
"1997.7.10","桂林村居（）",45
"1997.7.14","桂林居民生活用水污染严重",45
"1997.7.15","南昆线广西段电气化进入最后冲刺",45
"1997.7.17","曹伯纯任广西壮族自治区党委书记",45
"1997.7.18","广西表彰一批乡镇党委书记",45
"1997.7.31","助一名儿童架一座“桥梁”南宁各级领导干部带头扶贫助学",45
"1997.8.3","广西表彰农技开发推广有功者",45
"1997.8.4","邓小平与广西红军的创建",45
"1997.8.6","南宁至百色铁路通信系统开通",45
"1997.8.7","广西夏粮丰收（）",45
"1997.8.7","广西桂黄一级公路建成",45
"1997.8.8","桂林开发成功处理汽车尾气系列产品",45
"1997.8.11","桂林军转干部经济建设挑大梁",45
"1997.8.13","南宁：卫生城再上台阶",45
"1997.8.14","广西切实做好减轻农民负担工作",45
"1997.8.18","南宁：“的士”新风暖人心",45
"1997.8.18","广西取消六十项外企税外收费",45
"1997.8.19","南宁获国家园林城市称号",45
"1997.8.19","投资回报率逐年增加广西４家糖厂合资经营盈利超亿元",45
"1997.8.24","广西艺术团在赞比亚获好评",45
"1997.8.26","罗林斯总统观看广西艺术团演出",45
"1997.9.1","“一把手”抓抓“一把手”——广西加强农村基层党支部建设工作纪事",45
"1997.9.1","拜访百色",45
"1997.9.4","南宁至百色段电气化开通运营",45
"1997.9.8","桂林陆院注重思想政治建设",45
"1997.9.8","用爱谱写的园丁之歌——记广西南宁天桃实验学校教师卢坚",45
"1997.9.10","易地办学质量不保武大行政学院在广西乱发文凭",45
"1997.9.25","南宁推行素质教育（）",45
"1997.9.29","桂林陆院注重科技兴校十多项成果在全军及军区获奖",45
"1997.10.5","北海国际经济发展公司向海洋进军",45
"1997.10.10","广西新万通销毁变质商品",45
"1997.10.14","广西旅游产品介绍会在法开幕",45
"1997.10.16","广西经贸洽谈会将在桂林举行",45
"1997.10.20","壮乡飞出金凤凰——记广西三级跳远小将黄秋艳",45
"1997.10.21","广西首条私人投资修建的铁路专线建成",45
"1997.10.28","桂林宣判一虚开增值税发票案涉及金额３．１亿元玉飞等三人受到严惩",45
"1997.11.3","丁关根在广西调研时强调学习宣传贯彻十五大精神切实加强精神文明建设",45
"1997.11.3","广西：科灌换来稻花香",45
"1997.11.4","排除暗礁清除泥沙北海舰队炸礁队建功三峡",45
"1997.11.12","广西为八运健儿庆功",45
"1997.11.17","广西钦防高速公路建成通车",45
"1997.11.19","“小巨人”争俏——桂林企业改革见闻",45
"1997.11.19","制度到位工作到位传帮到位关心到位玉林市专家带班培养学科尖子",45
"1997.11.19","全国演武大会在南宁举行",45
"1997.11.22","桂林市委常委自费订阅",45
"1997.11.23","冬游北海道",45
"1997.11.26","广西再次移交美方二战美军人员遗骸",45
"1997.12.2","点面结合突出重点广西依法治区气象新",45
"1997.12.5","培训学员八千人次广西“海军少年军校”受表彰",45
"1997.12.7","广开投资渠道增加科技含量广西冬修水利建设出新招",45
"1997.12.9","落实责任突出重点探索新路广西加快扶贫攻坚步伐",45
"1997.12.13","强强联合——柳州冬训话题之一",45
"1997.12.15","为壮乡“蓝色工程”鞠躬尽瘁挂职干部何明海事迹传颂北海市",45
"1997.12.16","只有一个篮圈——柳州冬训话题之二",45
"1997.12.18","广西作为政治任务来抓",45
"1997.12.19","功夫在诗外——柳州冬训话题之三",45
"1997.12.21","钦州对外开放又上一层楼业主责任制开港口建设先河",45
"1997.12.22","广西：大通道建设牵动人心",45
"1997.12.22","走出穷山建新家——广西大化瑶族自治县特困群众异地脱贫",45
"1997.12.23","逐一登记建卡立册广西河池切实帮助困难户过冬",45
"1997.12.28","南宁至曼谷国际航线开通",45
"1997.12.29","让心灵与山水同美——记广西桂林市芦笛岩公园导游班",45
"1997.12.29","广西下决心打好扶贫攻坚战完不成任务将追究领导责任",45
