﻿"index","news_title","prov_cde"
"1997.1.3","实行奖贷助补减多方扶助特困生江西高校不让学生因经济困难辍学",36
"1997.1.4","江西兴国县五万农民参加冬练",36
"1997.1.7","赣州推出绿凉牌苦瓜酒",36
"1997.1.11","联系群众非难事——江西于都县县长陈甫华一席谈",36
"1997.1.12","创造良好外部环境加大内部管理力度江西粮食系统实现扭亏为盈",36
"1997.1.13","南昌市有人私售“洋垃圾”",36
"1997.1.17","九江供电局开展“四有”教育",36
"1997.1.20","九江新火车站落成",36
"1997.1.25","架起心的桥梁——江西樟树市委书记刘发明一席谈",36
"1997.1.28","群众的贴心人——南昌市筷子巷派出所户籍民警邱娥国事迹之一温暖一方百姓心",36
"1997.1.29","群众的贴心人——南昌市筷子巷派出所户籍民警邱娥国事迹之二群众安危系心头",36
"1997.1.30","南昌救济款送到职工手中",36
"1997.1.31","宜春及早落实春耕农用物资化肥农药源源不断运往基层",36
"1997.1.31","公道办实事群众的贴心人——南昌市筷子巷派出所户籍民警邱娥国事迹之三公道办实事",36
"1997.2.2","邱娥国事迹在江西反响强烈各行各业广泛开展树新风活动",36
"1997.2.5","景德镇将办陶瓷博览会",36
"1997.2.5","吉安发现《中华苏维埃共和国邮政暂行章程》",36
"1997.2.9","实事办好好事办实南昌市民生活环境变美了",36
"1997.2.10","完善扶贫机制建立基金组织江西“送温暖工程”扎实",36
"1997.2.13","江西频传丰收捷报农业实现两超一稳",36
"1997.2.13","特色农业见成效科技兴农立头功江西去年农业丰收农民增收",36
"1997.2.13","在江西吃红烧肉",36
"1997.2.27","景德镇陶瓷精品荟萃北京（）",36
"1997.3.9","依托京九提高开放水平——访人大代表、江西省省长舒圣佑",36
"1997.3.20","明爱国之理立报国之志江西财大提高学生文明素质",36
"1997.3.24","江西建行严把贷款评估关十年避免资金风险投入四十多亿元",36
"1997.3.25","南昌铁路局机制新效益好",36
"1997.3.27","江西水产品年产量突破一百万吨",36
"1997.3.28","“科教兴赣”取得新成果６３个县实现“两基”",36
"1997.4.7","一手抓粮一手抓钱江西特色农业惠及千家万户",36
"1997.4.12","吴官正任山东省委书记舒惠国任江西省委书记",36
"1997.4.12","突出重点创名牌扶优助强增效益景德镇市大力推进名牌战略",36
"1997.4.12","立足市场看优势——海南昌江县委书记龚旭光访谈录",36
"1997.4.14","江西成立滕王阁文学院",36
"1997.4.16","认真贯彻落实李鹏总理讲话精神江西公安深入学习邱娥国",36
"1997.4.17","前年九成发财去年九成亏本江西三万椒农败走天涯",36
"1997.4.19","江西森林资源保护进展喜人全国人大常委会执法检查组予以充分肯定",36
"1997.4.20","“艺术使者”到吉安",36
"1997.4.23","“四进家门”创文明——南昌市湖坊乡创建文明户活动纪实",36
"1997.4.23","艺术团辞别信丰前往龙川、河源演出赣南粤北俱欢颜",36
"1997.4.25","古城吉安形成一市两城新格局",36
"1997.5.2","江西于都长征大桥建成",36
"1997.5.8","南昌用计算机控制塑料大棚蔬菜产量提高八至十倍",36
"1997.5.9","南昌六百余名下岗职工走进居委会锦州三名下岗女工到农村办鸡场",36
"1997.5.9","围棋名手赛在南昌举行",36
"1997.5.13","九江民航局为发展庐山旅游作贡献",36
"1997.5.14","吉安市成为钟表生产基地",36
"1997.5.19","江西：乡企走向规模经营",36
"1997.5.23","江西增加资金和科技投入",36
"1997.6.2","传播火种的人——记江西上高县锦江乡农民李万淼",36
"1997.6.2","江西耕地七年稳中有增",36
"1997.6.2","赣州认真学习香港基本法",36
"1997.6.4","好好规划一下南昌车站广场",36
"1997.6.5","江西将赠送瓷板画给香港特别行政区",36
"1997.6.5","包村蹲点加强党建扶贫攻坚改变旧貌江西２万多名干部进驻后进村",36
"1997.6.8","社会效益和经济效益并举江西工行支持国企扭亏为盈    三年扶持一百五十七户国企扭亏一百二十一户实现减亏",36
"1997.6.9","赣州城镇闲资涌农门",36
"1997.6.11","宋健在江西山江湖工程经验交流会上强调实施可持续发展贵在科学实践",36
"1997.6.14","重视职业培训制定优惠政策赣州帮助下岗职工自主就业",36
"1997.6.16","宋健在江西考察时指出要以科技为先导发展生态农业",36
"1997.6.17","共饮一江水——记赣南迎香港回归联欢晚会",36
"1997.6.29","九江发电厂设备合同签字",36
"1997.7.2","江西公安机关缉毒显身手",36
"1997.7.3","广西八运会代表团组成　乒乓国手将赴江西老区表演　大学生篮协举办教练培训班北京市三资企业足球赛落幕",36
"1997.7.7","景德镇艺术陶瓷精品展在京举行",36
"1997.7.7","感受京九——从京城到南昌",36
"1997.7.8","重组资产建集团因地制宜办小区宜春乡镇企业提高增长质量",36
"1997.7.9","可持续发展的跨世纪工程——江西山江湖开发治理纪实",36
"1997.7.10","江西：不动声色发展“三高”农业",36
"1997.7.10","工商银行上饶支行清收“两呆”有成效",36
"1997.7.13","江西浙江奋起抗洪抢险",36
"1997.7.14","建行江西分行当好安居工程“财神爷”",36
"1997.7.14","赣榆东西结对共奔小康",36
"1997.7.15","改革救灾办法落实优惠政策上饶建起百余灾民新村",36
"1997.7.15","以德为本育栋梁——江西省萍乡市中小学德育教育侧记",36
"1997.7.19","田纪云在江西考察时强调放手发展经济加强民主法制建设",36
"1997.7.21","改变企业组织形式转换企业经营机制    南昌工业改制“放小”显生机",36
"1997.7.22","江西农大面向农村搞培训３年推广成果４０余项创效益１７亿元",36
"1997.7.23","大力推进人事制度改革赣州机关干部实行竞争上岗",36
"1997.7.24","插上科技的翅膀——萍乡市乡镇企业发展纪事",36
"1997.7.28","敢问路在何方——南昌市国有企业深化改革纪实",36
"1997.7.28","进千家门认千家人知千家情解千家困江西积极开展创建“群众满意派出所”活动",36
"1997.7.29","南昌起义中的贺龙",36
"1997.7.29","武警江西总队力保京九畅通",36
"1997.7.30","周恩来与南昌起义",36
"1997.7.31","“孝心”滋润下一代“爱心”温暖千万家南昌女职学校实施“孝心工程”",36
"1997.8.1","吉安地区公安局强化从严治警",36
"1997.8.2","南昌纪念建军暨南昌起义七十周年江泽民为南昌“八一”起义纪念馆题词迟浩田在大会上讲话",36
"1997.8.2","军旗升起的地方——南昌八一起义纪念馆巡礼",36
"1997.8.3","收购有了保护价农民吃了定心丸江西早稻收购顺利展开",36
"1997.8.3","迟浩田看望南昌驻军和武警部队时强调高举伟大旗帜永葆人民军队本色",36
"1997.8.6","全国革命文物工作会议在南昌召开李鹏致信祝贺李铁映书面讲话",36
"1997.8.10","九江市歌舞团演出舞剧力作为京九铁路唱英雄之歌",36
"1997.8.11","ＥＭ菌剂在江西批量生产",36
"1997.8.12","实施名牌战略提高附加产值上饶特色农业渐成气候",36
"1997.8.14","南昌：全力治“脏”",36
"1997.8.15","长沙：集中整治“老大难”鹰潭：标本兼治“脏乱差”",36
"1997.8.18","帮扶“老大难”——赣榆县扶贫攻坚纪实",36
"1997.8.18","九江大桥（）",36
"1997.8.19","萍乡反奢反腐厉行节约",36
"1997.8.22","促企业扭亏增盈解农民买难卖难江西“百城万店”下农村",36
"1997.8.26","吴邦国在江西考察时要求努力提高企业整体素质和经济效益",36
"1997.8.27","加强九江长江大桥管理",36
"1997.8.29","吉安公安局加强党建显成效",36
"1997.9.5","以工兴市——江西高安市加快发展工业纪实",36
"1997.9.8","江西物资供应站从“严”治站",36
"1997.9.9","井冈山市话普及率居江西首位",36
"1997.9.14","上饶依靠科技建设“菜篮子”",36
"1997.9.18","南昌大学的带头人潘际銮——矢志科研教育事业",36
"1997.9.22","赣南供销社贴心为农民",36
"1997.9.29","从严执法取信于民江西废止３０多项不合理负担",36
"1997.10.1","南昌实施普及青少年足球“百千万工程”",36
"1997.10.10","工行南昌分行实施服务兴行",36
"1997.10.13","萍乡市委干部驻村蹲点持之以恒",36
"1997.10.17","江西加快乡镇工业小区建设",36
"1997.10.21","“环境”这边独好——记南昌市工商局",36
"1997.10.23","赣州下岗职工青睐钟点工",36
"1997.10.23","江西建行全力支持电力建设",36
"1997.10.29","景德镇新生代陶瓷艺术（）",36
"1997.10.30","赣南老区开通赣州至北京航线",36
"1997.11.4","景德镇当代名人陶瓷精品展出",36
"1997.11.17","江西切实减轻企业负担",36
"1997.11.17","上饶人行查处违规资金",36
"1997.11.19","加强领导加大投入抓住重点因地制宜江西：冬修水利进展快",36
"1997.11.25","江西落实“四个到位”保征订",36
"1997.11.28","南昌客运段在服务上下功夫",36
"1997.12.1","新余农电直供到户惠及万家",36
"1997.12.3","江西第三制药厂下岗职工全部再就业",36
"1997.12.8","妻贤助夫严廉政作贡献江西举办领导干部“贤内助”读书班",36
"1997.12.8","江西建立贫困大学生助学基金",36
"1997.12.8","用好资金搞开发山上水上办“银行”赣州台胞投资农业蔚然成风",36
"1997.12.9","一个极具发展潜力的经济协作区——关于进一步建设好闽粤赣边经济区的思考",36
"1997.12.10","摆正企业改制与保全银行资产的关系工行九江分行有效化解信贷风险",36
"1997.12.10","江西“五个一工程”硕果累累",36
"1997.12.11","汤成奇——带好江西第一乡",36
"1997.12.19","“倒算法”指标包到底搞三产万人重上岗萍乡矿务局甩掉亏损帽子",36
"1997.12.22","江西向农业进军向社区转移",36
"1997.12.24","九江鄱阳湖口大桥动工兴建",36
"1997.12.30","江西四万余干部扶助后进村",36
