﻿"index","news_title","prov_cde"
"1997.1.2","福建剧苑奇葩争艳",35
"1997.1.6","增强干部素质促进作风转变三明市两个文明协调发展",35
"1997.1.11","闽剧《贬官记》在京公演",35
"1997.1.19","建章立规高效持久福建建立帮困新机制",35
"1997.1.20","李岚清在福建考察时强调挖掘“内涵”潜力办好现有学校",35
"1997.1.20","威风锣鼓震寰宇十音八乐特色浓福建涵江“文化走廊”多姿多彩",35
"1997.1.23","福建兴业银行开始增资扩股",35
"1997.1.24","两岸航运界沟通取得成果就福州、厦门港与高雄港试点直航有关技术问题达成一系列共识",35
"1997.1.28","实现政企分开多形式盘活资产宁德小企业改革见效明显",35
"1997.2.2","厦门市委市府重视读者来信要求坚决制止挥霍公款吃喝",35
"1997.2.6","过新年住新房灾民喜心舒畅福建３．５万重灾户节前搬进新居永丰县给倒房户建新房１１０栋",35
"1997.2.13","福建改善投资环境外贸出口百亿美元",35
"1997.2.13","聚英才架金桥兴百业福建科协为经济发展添薪注力",35
"1997.2.15","以现代管理推动综合开发龙岩培育农村支柱产业",35
"1997.2.15","抓重点攻难点——福建将乐县委书记程立双一席谈",35
"1997.2.16","福建邮电树新风",35
"1997.2.27","福建纪念台湾人民“二二八”起义５０周年",35
"1997.3.6","“两会”新闻中心举行记者招待会各级政协履行职能服务大局苏粤闽政协主席接受中外记者采访",35
"1997.3.6","朱镕基在福建西藏代表团参加审议时指出切实加强对金融风险的防范",35
"1997.3.7","把握机遇扩大交流——访福建团陈明义、贺国强、袁启彤代表",35
"1997.3.12","台湾一架客机被劫持到厦门劫机者被厦门公安机关拘留被劫飞机已于当晚返回台湾",35
"1997.3.25","海堤长千里造福百万民福建千里海堤加固工程胜利竣工",35
"1997.3.31","感天动地的乐章——福建省永春县美岭村党总支带领群众脱贫致富纪实",35
"1997.4.8","普及与提高并行——厦门市职工体育一瞥",35
"1997.4.9","钱其琛在福建考察时指出进一步做好侨港台旅游工作",35
"1997.4.10","向大众化转轨——福建省职工体育采风",35
"1997.4.13","首届厦门对台出口商品交易会闭幕",35
"1997.4.16","福建举行香港基本法知识竞赛",35
"1997.4.19","全国人大常委会执法检查组认为福建实施《森林法》成效显著",35
"1997.4.20","福建投巨资兴建千里江堤闽江、晋江、九龙江治理拉开序幕",35
"1997.4.22","工程建设一定要遵守程序——建设部副部长谭庆琏谈莆田塌楼事件",35
"1997.5.1","再次就遣返台湾劫机犯事福建省红十字会致函台湾红十字组织",35
"1997.5.4","厦门市同安县撤县设区厦门经济特区面积扩大八倍多",35
"1997.5.5","泉州市斩黑龙还蓝天三年拆除污染大气铁皮烟囱近两千个",35
"1997.5.6","漳州２５家企业与海防连队“联姻结对”",35
"1997.5.8","改变不良习惯创造良好环境厦门市民向不文明交通行为告别",35
"1997.5.11","福建宁夏对口帮扶落实处６００万帮扶资金到位１０个开发项目启动",35
"1997.5.13","“三任书记一张”——福建省建设“先行工程”纪事",35
"1997.5.14","江苏今年水利投入居历史首位　福建特大防汛费列入财政预算",35
"1997.5.14","福建特大防汛费列入财政预算",35
"1997.5.16","厦门：说不完的环保故事",35
"1997.5.26","特区建设的一大法宝——厦门市开展依法治市工作记事",35
"1997.5.30","八运会女排决赛江苏福建上海解放军进入四强",35
"1997.6.1","福建连城永安间发生５．２级地震",35
"1997.6.2","加强社会化服务工作多渠道开辟就业门路福建１６万下岗职工再就业",35
"1997.6.3","福建首例民告官非法没收车辆案审结",35
"1997.6.4","塑造特区新风采——厦门经济特区精神文明建设纪实之一",35
"1997.6.4","厦门为什么这样美",35
"1997.6.5","以人为本强素质——厦门经济特区精神文明建设纪实之二",35
"1997.6.5","教育与法制相结合——再谈厦门为什么这样美",35
"1997.6.6","借鉴与创新相结合——三谈厦门为什么这样美",35
"1997.6.6","靠法制立规范向管理要文明——厦门经济特区精神文明建设纪实之三",35
"1997.6.11","中行捐资支持闽西教育事业",35
"1997.6.11","泉州帆影",35
"1997.6.14","厦门公交有好思路",35
"1997.6.24","第五届中国模特大赛将在厦门举行",35
"1997.6.26","邹家华在福建考察工作时指出发展经济要以市场为基本出发点",35
"1997.6.29","厦门成立对台贸易促进中心",35
"1997.7.5","厦门精神文明建设实践的思考",35
"1997.7.14","弘扬中华民族精神的丰碑——记厦门郑成功纪念馆",35
"1997.7.18","抨击假恶丑弘扬真善美争做文明人厦门深入开展“向不文明行为告别”活动",35
"1997.7.23","福建：加快闽东南开放开发步伐",35
"1997.7.23","厦门华纶公司选拔任用年轻干部",35
"1997.7.29","赴闽西老区文化慰问团受欢迎",35
"1997.7.31","厦门至北京开行临时旅客快车",35
"1997.8.7","厦门跻身国家园林城市",35
"1997.8.8","世界高力Ｆ１摩托艇赛将在厦门举行",35
"1997.8.11","厦门军民同谱双拥曲",35
"1997.8.11","福建加快落后地区脱贫步伐今年全省可望消灭绝对贫困",35
"1997.8.14","从被动接警到主动出击从坐等求助到上门服务“漳州１１０”越来越灵",35
"1997.8.18","“波音”首辟厦门客货机改装业务",35
"1997.8.19","福建恒安捐资千万设立济困助学金",35
"1997.8.20","党中央国务院关注浙沪闽灾情江泽民李鹏亲切慰问１１号台风受灾干部群众",35
"1997.8.20","解放思想抓住机遇加快发展福建掀起新一轮创业热潮",35
"1997.8.24","福建放活国有小企业三分之二县市预算内小企业无亏损",35
"1997.8.24","修复水毁工程恢复通电通讯福建浙江灾区奋力抗灾自救",35
"1997.8.26","还蓝天本色让清水畅流泉州：黑烟污水一起治",35
"1997.8.27","学习漳州经验推进公安改革全国一一○建设成效显著",35
"1997.8.30","厦门：加快开放求发展",35
"1997.8.31","１４号台风２９日下午在福清登陆福建百万军民奋起抗灾抢险李鹏亲切慰问灾区军民",35
"1997.9.3","农副产品流通不畅闽北农民心急如焚",35
"1997.9.4","总书记的希望变成了现实——福建增创改革开放新优势纪实",35
"1997.9.7","国家环境保护模范城市评出厦门、大连、珠海、深圳、威海榜上有名",35
"1997.9.8","中国女排赴漳州训练",35
"1997.9.10","首届中国投资贸易洽谈会在厦门举行",35
"1997.9.14","建新村奔小康新型村镇遍布八闽大地",35
"1997.9.17","两岸同胞的共同心愿——福建代表团讨论侧记",35
"1997.9.17","“郎平战车”回“娘家”加油——中国女排漳州集训见闻",35
"1997.9.21","闽东南建设大型石化基地",35
"1997.10.6","福建严查非法占用农地",35
"1997.10.16","就“闽长渔４４１８号”渔船事海协致函台湾海基会",35
"1997.10.16","“厦门为什么这样美”展举行",35
"1997.10.20","福建九州综合商社挂牌",35
"1997.10.22","融资扶贫与教育扶贫并举中国银行设立闽西助教奖教金",35
"1997.10.27","因企制宜分类改革福建工业步入健康发展轨道",35
"1997.10.27","《商海军魂·厦门卷》举办发行会",35
"1997.10.30","世界摩托艇高手汇聚厦门",35
"1997.10.31","厦门火车站派出所查获多起毒品案",35
"1997.11.3","走千村万户进百家企业福建党政干部大兴调查研究之风",35
"1997.11.4","世界摩托艇赛第八站比赛在厦门落幕高力队琼斯夺得冠军",35
"1997.11.5","我国崛起６座“环保模范城市”张家港、大连、深圳、厦门、威海、珠海",35
"1997.11.8","福建师范大学教授李建平撰文认为：经济增长方式转变应从宏观层面理解",35
"1997.11.10","厦门海域成为中华白海豚乐园",35
"1997.11.17","福建首艘自建的万吨轮下水",35
"1997.11.19","田纪云在福建考察时强调破除一切阻碍生产力发展传统观念",35
"1997.11.19","福建省军区抓好连队菜园子",35
"1997.11.25","厦门联信正式开业",35
"1997.11.27","建立快速反应机制维护沿海社会安宁福建建立海上治安报警系统",35
"1997.11.28","五台福建地方戏剧将赴京展演",35
"1997.12.1","乔石在福建考察工作时强调大胆探索踏实工作",35
"1997.12.3","福建剧展在京举办",35
"1997.12.5","闽侯县高质量为西藏送兵员",35
"1997.12.6","洪永世连任厦门市市长",35
"1997.12.6","东风又放花千树——写在’９７福建剧展之际",35
"1997.12.7","中国记协致电福建省记协支持《福州晚报》记者顾伟的正义行动",35
"1997.12.9","一个极具发展潜力的经济协作区——关于进一步建设好闽粤赣边经济区的思考",35
"1997.12.15","漳州芦柑有了保品牌措施",35
"1997.12.18","领导机关带头力戒奢侈浪费厦门深入开展反腐倡廉",35
"1997.12.20","再塑戏剧强省形象——专家谈福建剧展",35
"1997.12.21","龙头高昂湄洲湾——福建炼油化工有限公司发展纪实",35
"1997.12.22","福建加快高速公路建设",35
"1997.12.25","福建教育出版社两个效益一齐抓出精品书创名牌社",35
