﻿"index","news_title","prov_cde"
"1996.1.3","合肥：训后上岗争一流",34
"1996.1.3","合肥火车新客站等建成",34
"1996.1.4","安徽省执法严了农民乐了",34
"1996.1.5","云南农田水利建设重点突出滁州冬修人财物足额到位如东各行各业为冬修出力",34
"1996.1.7","纪念皖南事变",34
"1996.1.10","深圳“金鸟”飞入宜黄山区",34
"1996.1.12","安徽吸引首都高校毕业生",34
"1996.1.15","安徽半数县（市）财政收入超亿",34
"1996.1.16","安徽农行坚持社会效益与自身效益统一转轨力度加大支农力度不减",34
"1996.1.17","伍绍祖在安徽考察时强调体育思想政治工作要认真抓",34
"1996.1.22","咬定青山不放松——安徽发展乡镇企业采访札记",34
"1996.1.25","挤占挪用农业资金既丢面子又丢票子安徽公开批评黄淮海农业综合开发项目落实不力的五个县",34
"1996.1.25","安徽推出新型前列腺治疗仪",34
"1996.1.29","宣传一流服务产生一流效应——北京商业劳模赴皖苏传经活动座谈会侧记",34
"1996.1.30","湖北百万大军上阵加固江河堤防　江苏加快淮北地区中低产田改造",34
"1996.2.1","安徽工行一些支行讲排场受批评",34
"1996.2.11","卢荣景当选安徽省政协主席",34
"1996.2.16","淮北市政协提高参政议政水平",34
"1996.2.19","合肥城乡春节文化活动异彩纷呈",34
"1996.2.26","春节期间黄山游客络绎不绝",34
"1996.2.26","严凤英艺术生涯在安庆展出",34
"1996.2.27","他们更需要艺术——安徽省直剧团下乡演出见闻",34
"1996.2.28","安徽加大投入办水利浙江推广机械化施工",34
"1996.2.29","合肥交警支队聘请百名义务监督员",34
"1996.2.29","黄山云峰（）",34
"1996.3.10","“要提倡讲真话”——江泽民总书记与安徽代表一席谈",34
"1996.3.10","江泽民参加安徽贵州代表团审议时强调从实际出发扬长避短实现中西部全面繁荣",34
"1996.3.11","为农业“把脉会诊”——安徽代表团小组会侧记",34
"1996.3.12","抓住历史机遇实现三大跨越安徽省负责人答中外记者问",34
"1996.3.27","安徽文摘报研究会成立",34
"1996.4.1","凝聚人心共筑辉煌——记安徽省思想政治工作先进单位阜阳卷烟厂",34
"1996.4.1","安徽考古又有重要发现",34
"1996.4.2","齐抓共管措施得力合肥市综合治理见成效",34
"1996.4.2","皖二百万农民入养老保险",34
"1996.4.10","安徽九千农艺师下乡科技承包",34
"1996.4.12","安徽省领导严词批评“摆阔风”",34
"1996.4.12","须防“机”多不下“蛋”——对安徽古饶镇小型农机热的思考",34
"1996.4.16","阜阳枢纽主体工程竣工",34
"1996.4.18","安徽选定七十四个淮河治污项目不怨天尤人，不推诿责任，眼睛向内，从我做起",34
"1996.4.20","李岚清在河南安徽考察时谈教育和内外贸工作在实现两个根本性转变上下功夫",34
"1996.4.22","淮河治污工程在蚌埠动工",34
"1996.4.24","宋健在安徽考察工作时强调加大科技开发力度搞好环境保护",34
"1996.4.29","安徽合芜一级高速公路全线铺通",34
NA,NA,34
"1996.5.2","李鹏总理在安徽考察同工人们一起庆祝“五一”国际劳动节",34
"1996.5.6","李鹏总理在安徽考察时指出加大治淮力度抓紧发展农业",34
"1996.5.8","发展与环保同步矿渣和粉尘变宝淮南水泥厂科教兴厂一举多得",34
"1996.5.9","“大包袱”变“摇钱树”蚌埠玻璃工业设计院救活困难企业",34
"1996.5.10","安徽鼓励群众举报",34
"1996.5.15","强化科技开发促进经济转轨安徽涌现大批高科技机械产品",34
"1996.5.20","六安老区农民基本脱贫去年农民人均收入突破千元",34
"1996.5.21","合肥种子公司创品牌",34
"1996.5.27","侯宗宾在安徽就反腐败调研时指出解决领导干部住房以权谋私问题",34
"1996.5.28","实施复活工程银企相互受益安徽建行大力扶持困难企业扭亏",34
"1996.5.29","蚌埠何以水贵",34
"1996.5.30","安庆百名机关干部驻村扶贫",34
"1996.5.30","走安徽看市场",34
"1996.5.31","科技让安徽叉车集团焕发青春使我国叉车制造技术跃进了近２０年",34
"1996.6.5","安庆开展倡导文明新风活动",34
"1996.6.5","安徽百万台农机投入麦收",34
"1996.6.6","安徽灾后重建项目获人居大会范例奖",34
"1996.6.7","“九五”期间安徽体育人口将翻一番",34
"1996.6.8","发生在安徽、上海两地间普通人的故事——用奖牌回报爱心",34
"1996.6.9","乔石在安徽考察工作时强调抓住有利时机加快经济发展",34
"1996.6.14","家家鸡鸭欢户户花果香蚌埠市郊庭院经济发展快",34
"1996.6.19","合肥成都发生破坏机场净空事件",34
"1996.6.22","安徽夏粮获历史最好收成",34
"1996.6.24","安徽农村灾后重建令人瞩目获联合国改善人类居住环境杰出奖",34
"1996.7.3","淮河治污迈出第一步豫皖鲁苏沿淮９９９家小造纸厂全部关闭",34
"1996.7.3","浙赣皖黔部分市县遭暴雨袭击有关省市地县领导到现场和军民一起奋勇抗洪",34
"1996.7.4","国家防汛抗旱总指挥部致电慰问贵州安徽灾区人民",34
"1996.7.5","黔皖浙赣最新水情灾情防汛专家说，目前南方洪水出在中小河流，大江大河水势平稳",34
"1996.7.10","黄山一日",34
"1996.7.14","旅日华侨为黔皖浙灾区捐款",34
"1996.7.15","培养适用人才加强科技合作中国科大为科教兴皖扛鼎",34
"1996.7.17","黄山一日",34
"1996.7.19","党中央国务院关注长江防洪国家防总工作组赴湖南协助抗灾安徽武汉紧急动员防洪",34
"1996.7.19","把政府法制监督放在与立法同等重要位置安徽聘请行政执法监督员",34
"1996.7.19","皖港合作大有可为——访安徽省省长回良玉",34
"1996.7.22","古城亳州传佳话姑娘浴血斗歹徒",34
"1996.7.26","胡锦涛在安徽考察时要求下大力气建设高素质干部队伍",34
"1996.7.29","阜阳：宅基地革命——来自安徽阜阳市的报告",34
"1996.8.5","自己养不活的孩子送人养铜陵人好梦成真大水泥工程提前点火",34
"1996.8.5","安徽城乡全力抗灾自救",34
"1996.8.6","安徽纪念王稼祥诞辰九十周年",34
"1996.8.12","特产经济研讨会在皖召开",34
"1996.8.13","安徽为保护耕地立法“晒太阳”，收取闲置费；占多少，必须开垦多少",34
"1996.8.15","黄山医科大培养乡村医生",34
"1996.8.16","安庆口岸将对外籍轮开放",34
"1996.8.20","宜农造田宜林植树宜草放牧淮北土地复垦领先全国",34
"1996.8.24","同舟共济民为本安徽省泾县县委书记刘志祥一席谈",34
"1996.8.26","高标准严要求干警服气市民满意合肥公安机关加强自身建设",34
"1996.8.29","安徽顺达旅行社推行承诺制",34
"1996.8.30","国务院批准建芜湖长江大桥工程量相当于南京长江大桥和武汉长江大桥的总和",34
"1996.9.1","安徽切实减轻灾区农民负担重灾户可免交全部公益金公积金",34
"1996.9.3","安徽着眼“搞活”抓扭亏",34
"1996.9.28","安徽贫困县工作座谈会在京召开",34
"1996.10.3","黄山第二条索道投入运营",34
"1996.10.6","宋平在安徽考察计划生育工作时强调行政管理与群众工作相结合",34
"1996.10.16","《老屋》中的故乡情——黄山画家庄家汉印象",34
"1996.10.17","科技投入到位政策引导到位安徽灾年农业丰收",34
"1996.10.17","体育，精神文明建设的重要一环——访安徽农民体协主席王立祝",34
"1996.10.18","新型有机复合肥在清原投产",34
"1996.10.21","安徽路地联手整治铁路秩序",34
"1996.10.21","百里煤城气象新——淮北市精神文明建设巡礼",34
"1996.10.23","调整“胃口”　改变“吃法”淮北煤城发展非煤产业",34
"1996.10.26","塑造“黄山松精神”弘扬新时代正气安徽城乡吹拂文明风",34
"1996.11.4","刘少奇研究述评学术讨论会在皖举行",34
"1996.11.5","李贵鲜在安徽考察工作时强调全力支持名牌产品发展",34
"1996.11.11","布赫在安徽考察时要求加强农业法的完善执行监督",34
"1996.11.13","破产带来新契机——蚌埠市优化资本结构试点工作纪实",34
"1996.11.15","米芾书画研究会在皖成立",34
"1996.11.18","安徽冬修水利势头强劲日上工达三百六十多万人",34
"1996.11.21","飞歌空调制造基地落户安徽",34
"1996.11.25","安徽省博物馆喜迎四十周年馆庆",34
"1996.11.28","把最好的精神食粮奉献给人民——访中共安徽省委书记卢荣景",34
"1996.11.29","冀晋浙皖赣等九省国道省道无“三乱”",34
"1996.11.29","农民的健康使者——记安徽省宁国县卫生局局长金玉莲",34
"1996.12.2","引天济蚌工程发挥效益蚌埠人喜喝洁净水",34
"1996.12.3","情系大别山——马钢十万职工为皖西金寨老区人民送温暖（）",34
"1996.12.4","富了不忘本——阜阳鸿远船驳公司经理刘峰捐助社会公益事业二三事",34
"1996.12.4","企业依靠科技不断研制开发新产品，应该从何入手？需要注意什么？怎样做才能获得成功？安徽省天长市科技企业家赵宽从他们创业的历程中体会到——社会需要乃研究开发之母",34
"1996.12.6","安徽力争明年发行数稳中有升",34
"1996.12.6","关键是维护农民利益——安徽临泉县王营村是怎样转变的",34
"1996.12.7","灾后五年看安徽",34
"1996.12.15","黄山脚下（）",34
"1996.12.16","亳州市公安局从自身塑造形象",34
"1996.12.25","党政联手抓两手——安徽刘桥一矿两个文明建设纪实之一",34
"1996.12.25","上海华联超市获超常发展在沪浙皖办起上百家连锁店",34
"1996.12.26","以人为本素质当先——安徽刘桥一矿两个文明建设纪实之二",34
"1996.12.27","开掘“精神富矿”——安徽刘桥一矿两个文明建设纪实之三",34
"1996.12.30","程长庚铜像在安庆落成",34
