﻿"index","news_title","prov_cde"
"1996.1.2","北京安居工程贷款发放进展顺利",11
"1996.1.2","全民健身新年开篇北京举行元旦登长城活动",11
"1996.1.2","全国男篮甲级联赛战罢第七轮北京辽宁两强遇到强硬挑战",11
"1996.1.3","北京“好邻居”发展到十家连锁店",11
"1996.1.3","北京密云乡乡建有卫生院",11
"1996.1.3","北京农学院新希望奖励基金颁奖",11
"1996.1.4","北京恒万公司蝉联鲁班奖",11
"1996.1.4","把民主监督机制引入纠风工作北京“行风评议”评出成效",11
"1996.1.4","北京：轿车缘何热销",11
"1996.1.5","北京四达集团代理荷兰郁金香电脑",11
"1996.1.5","北京研制出新型取暖设备",11
"1996.1.5","北京社科理论著作出版基金设立８４部优秀著作获得资助",11
"1996.1.5","《北京人才市场报》创刊",11
"1996.1.6","易学哲学与中西文化——访北京大学哲学系朱伯崑教授",11
"1996.1.7","北京地方工商税增四成",11
"1996.1.7","一月十日和十一日在北京人民大会堂表演洛林·马泽尔将率巴伐利亚广播交响乐团访华",11
"1996.1.8","连锁成网规模经营北京发展便民利民连锁店",11
"1996.1.8","香河向北京军区总医院赠送病床",11
"1996.1.8","北京报捷：一批盗车贼落网",11
"1996.1.8","成都审结一起计算机软件侵权案被告北京泰勒公司赔偿１３００万元",11
"1996.1.8","美国西北航空公司将开通北京—底特律航线",11
"1996.1.8","八一男篮仍然没有对手以三十一分大胜北京首钢队",11
"1996.1.9","北京城市合作银行成立",11
"1996.1.9","北京海关超额完成去年税收任务",11
"1996.1.9","《北京电子·信息时代导刊》出刊",11
"1996.1.10","北京西站本月投入使用",11
"1996.1.10","心灵舞者——记北京大学生歌舞团",11
"1996.1.11","北京新材厂石膏板产量上新台阶",11
"1996.1.11","世界杯短池游泳赛北京站首日中国队一口气夺１３枚金牌",11
"1996.1.12","世界杯短池游泳赛北京站落幕韩雪再破５０米蛙泳世界纪录",11
"1996.1.13","北京去年财政预算完成较好全年完成财政收入１００多亿元",11
"1996.1.14","东单西单话短长——北京两条商业街的对比",11
"1996.1.14","英国蓝伯特舞蹈团重返北京",11
"1996.1.15","尉健行要求在北京市工作的同志端正指导思想增强服务意识服务要讲求实效，首先从领导干部做起",11
"1996.1.15","堵截黄源有国门——北京海关堵截黄源纪实",11
"1996.1.16","北京朝阳副食批发业务兴旺",11
"1996.1.16","北京整顿“一日五游”取消联票开辟专线车游客自主游览",11
"1996.1.16","北京高校百名优秀生获索尼奖学金",11
"1996.1.16","尝试赛车的刺激北京建了一座微型赛车场",11
"1996.1.16","紧密联系实际扎实学习理论武警北京二总队党委变学习成果为战斗力",11
"1996.1.17","北京蓝岛大厦三年收回投资",11
"1996.1.17","送企业一个“科技孵化器”——访北京理工大学机电一体化人才培训中心",11
"1996.1.18","男篮联赛第一循环结束八一辽宁北京位居前三",11
"1996.1.19","北京西站开通在即近万铁路职工全力以赴作准备",11
"1996.1.19","北京举行刑诉法修正案（草案）座谈会",11
"1996.1.20","事故造成北京西部城区较大范围停电",11
"1996.1.20","北京市首届“金菊花”奖揭晓",11
"1996.1.21","世纪丰碑——写在北京西站通车之际",11
"1996.1.22","扬起京九龙头展现首都风貌北京西站开通运营李鹏出席庆典并剪彩吴邦国代表党中央国务院讲话",11
"1996.1.22","北京建雄集团效益猛增",11
"1996.1.22","北京东区邮局为民办实事",11
"1996.1.22","你好，北京西站！",11
"1996.1.22","全国戏曲现代戏交流演出闭幕北京舞台艺术“金菊花奖”揭晓",11
"1996.1.22","北京西站好气派（）",11
"1996.1.23","北京市举行京耀杯网球邀请赛",11
"1996.1.25","北京军区党委内蒙古自治区党委分别决定开展向李国安学习活动",11
"1996.1.25","北京工商税收任务超额完成",11
"1996.1.26","北京“九龙”突出以文兴企特色",11
"1996.1.26","从严治校育人为本北京第二警校成为育警摇篮",11
"1996.1.27","北京中小学生今日放寒假",11
"1996.1.29","争创一流——北京城建集团基层党建活动一瞥",11
"1996.1.29","宣传一流服务产生一流效应——北京商业劳模赴皖苏传经活动座谈会侧记",11
"1996.1.29","北京西站采用先进网络系统",11
"1996.1.29","小快灵制服双中锋济南军区队战胜北京首钢队",11
"1996.1.30","纪念红军长征胜利６０周年北京举行迎新敬老招待会",11
"1996.1.30","北京举办国际象棋新星大赛",11
"1996.1.30","把汽车住房“捆”起来——从北京的“购车热”说开去",11
"1996.1.31","北京王府井将建成无假一条街",11
"1996.1.31","北京制定措施坚决治理中小学择校高收费",11
"1996.1.31","新年我在北京给娘写信",11
"1996.2.1","王大观的北京风俗画",11
"1996.2.2","北京商家“文化”闹新春",11
"1996.2.2","北京日报在人民大学设奖学金",11
"1996.2.2","北京西站地下通廊（）",11
"1996.2.4","保护北京老字号",11
"1996.2.5","北京又一大型涉外饭店建成",11
"1996.2.5","三晶集团向北京市劳模献爱心",11
"1996.2.6","北京发展综合租赁业",11
"1996.2.6","北京铁路公安处积极查“危”",11
"1996.2.7","北京站：今年景象大不同",11
"1996.2.7","海南首批冷藏保鲜瓜菜启运北京绿色冷链与铁路网实现对接",11
"1996.2.7","民政部总政治部北京市举行座谈会慰问军队离退休老干部",11
"1996.2.7","尉健行与北京市劳模座谈时强调要在全社会形成学赶先进风气",11
"1996.2.7","雷洁琼考察北京高新技术开发区",11
"1996.2.7","北京呼家楼液化气站：为民服务无怨言",11
"1996.2.7","北京西站短歌行",11
"1996.2.8","北京国际交换系统有限公司通过认证",11
"1996.2.8","北京设立“天天３·１５有奖举报热线”",11
"1996.2.8","花儿为什么这样红——北京鲜花市场扫描",11
"1996.2.9","北京看秤分量足不足？",11
"1996.2.9","北京铁路局加强春运安全检查",11
"1996.2.9","北京表彰先进民工和用工单位",11
"1996.2.9","北京西城区举行军警民联欢",11
"1996.2.9","北京市人大常委会副主任铁英严重违法违纪被查处中纪委决定开除其党籍高检决定立案侦查",11
"1996.2.9","北京“百款春联送祝福”活动拉开帷幕",11
"1996.2.9","北京有线台推出《约会星期天》",11
"1996.2.10","北京东城区新春文化活动多",11
"1996.2.11","北京中山公园将有迎春大游园",11
"1996.2.12","“工作忙，不能忘国防”——记北京市朝阳区双拥工作",11
"1996.2.12","民政部北京市慰问基层干部",11
"1996.2.12","文化走向田野春风吹拂山乡北京内蒙古湖南送文化下乡",11
"1996.2.13","北京旅游业挑大梁年收入超过４００亿元",11
"1996.2.13","北京中医药大学实施三级教学管理体制",11
"1996.2.13","北京电话为何要升八位？",11
"1996.2.14","圆满结束对拉美三国和德国的正式访问朱镕基回到北京",11
"1996.2.14","北京军区党委常委座谈学习李国安时表示对照英模找差距用好权力为人民",11
"1996.2.14","天天都有新故事——北京市急救中心速写",11
"1996.2.15","珍爱北京西站",11
"1996.2.15","北京中山公园开办售花厅",11
"1996.2.15","北京举办红木艺术家具展",11
"1996.2.16","北京就是我的家",11
"1996.2.16","北京国安队争取更上一层楼",11
"1996.2.16","不倒的金字招牌——北京同仁堂集团公司侧记",11
"1996.2.17","任建新罗干等看望北京西站民警时说从严治警依法治警",11
"1996.2.22","仰慕你，中关村北二条三号！——北京大学物理系光学应用技术研究室艰苦创业记",11
"1996.2.22","北京市电影改革新举动",11
"1996.2.23","热土难舍——李鹏与在延安的北京知青座谈",11
"1996.2.26","北京管市场的与办市场的脱钩",11
"1996.2.26","加强调解预防纠纷北京出台“护城河工程”",11
"1996.2.26","北京新华书店推出一批礼品书",11
"1996.2.27","北京市领导假日学习计算机",11
"1996.2.27","中直十八单位和北京市扶贫扶根本河北二十六个贫困县面貌改观",11
"1996.2.27","让党支部活跃在工地上北京城建系统党组织工作扎实有效",11
"1996.2.27","制定法规建立社会保障机制北京保证低收入者基本生活",11
"1996.2.27","政策倾斜加大投入强化管理北京为薄弱学校“输血”",11
"1996.2.27","北京国安足球队与球迷聚首",11
"1996.2.28","把北京建成精神文明“首善之区”",11
"1996.2.29","内蒙古北京市和电力部优势互补联合办电北京用电四分之一来自内蒙古",11
"1996.2.29","北京中山公园名兰竞秀",11
"1996.2.29","北京东方城公司捐款建希望小学",11
"1996.2.29","北京大众乒乓球越搞越活跃",11
"1996.2.29","高档食品烤鳗鲡投放北京市场",11
"1996.3.1","工行北京分行三项指标夺冠",11
"1996.3.1","执著育英才——记北京市日坛中学校长刘向荣",11
"1996.3.1","北京国际女子公路赛引人注目马俊仁称弟子名次将好于去年",11
"1996.3.3","出席在曼谷举行的亚欧会议后李鹏总理回到北京朱镕基邹家华李岚清姜春云等在人民大会堂迎接",11
"1996.3.4","目标——奥运会——辽宁女子中长跑队北京参赛记",11
"1996.3.4","北京国际女子公路赛中国新秀身手不凡一举夺冠",11
"1996.3.5","北京将推出《奉献者礼赞》专题",11
"1996.3.5","北京组织科技专家下乡",11
"1996.3.5","北京站公安段积极创造良好乘车环境",11
"1996.3.6","北京民间绝艺在海口展示",11
"1996.3.7","议蓝提建议奋发进取李鹏到北京新疆代表团听取代表审议《报告》意见",11
"1996.3.7","中国消费者基金会公布北京免费检测点",11
"1996.3.9","北京举行中外妇女招待会",11
"1996.3.9","把首都精神文明建设推向新水平尉健行要求北京干部认真学习深刻领会中央精神",11
"1996.3.11","中直机关北京市对口扶贫河北１５６万人脱贫奔小康",11
"1996.3.11","梦想成真——黑龙江代表团参观北京西站侧记",11
"1996.3.11","北京司法干警座谈学习李书奎司法部追授他为二级英模",11
"1996.3.11","中央军委领导和百多位将军在京郊植树美化北京增强环境意识",11
"1996.3.11","北京日报等设立高校记者站",11
"1996.3.13","引导市民养成健康文明科学生活习惯北京推出“双休日行动计划”",11
"1996.3.14","请记者捎个话儿：拉萨感谢北京江苏无私援助",11
"1996.3.15","北京公开审理个人偷税案魏宝林偷逃个人调节税六万多元被判刑两年",11
"1996.3.15","北京市青联委员访问港澳",11
"1996.3.18","北京出租汽车公司服务优质圆满完成人大代表接送任务",11
"1996.3.18","“我不再是娇宝宝”——北京雷锋小学纪事",11
"1996.3.19","北京将举办国际儿童旅游月",11
"1996.3.19","孩子们的书包还有多重——对北京部分中小学生课业负担的调查与思考",11
"1996.3.20","北京举行书画笔会纪念长征胜利６０周年",11
"1996.3.20","“贺龙杯”手球赛在沪闭幕北京部队队和上海女队分获冠军",11
"1996.3.20","纪念贺龙诞辰北京将举行健身活动",11
"1996.3.20","老北京的味儿——赏读关于“京派文化”的三本画集",11
"1996.3.21","北京１０１中学培育英才５０载江泽民李鹏等分别题词祝贺",11
"1996.3.21","《北京文学》小说和散文大奖赛颁奖",11
"1996.3.22","北京市竞赛市场活跃企业界积极竞标参与",11
"1996.3.23","尉健行在为港澳委员举行的招待会上指出北京发展离不开港澳同胞关心和支持",11
"1996.3.23","纪念贺龙诞辰一百周年北京举行全民健身活动",11
"1996.3.24","北京边防局严把国门关",11
"1996.3.25","北京举行群众性网球联谊赛",11
"1996.3.25","北京春季长跑赛将突破万人",11
"1996.3.26","北京电信局承诺改善服务装机时限三个月修机不超过２４小时",11
"1996.3.26","金人庆向港澳人士表示北京不会放慢改革开放步伐",11
"1996.3.26","任重道远——联合国审议北京世界妇女大会后续行动",11
"1996.3.26","北京初高中学历者不能评职称",11
"1996.3.27","北京冶金横河公司成立",11
"1996.3.27","北京四环公司成为大型乡企集团",11
"1996.3.27","北京严惩盗用移动电话码号罪犯",11
"1996.3.28","全国男篮联赛季军争夺战首场辽宁队小胜北京队",11
"1996.3.29","北京加快社会保险改革步伐养老保险扩大到私营企业",11
"1996.3.29","北京狠治公路“三乱”",11
"1996.3.29","北京列车段短予车队优质服务",11
"1996.3.29","北京明天幼稚集团精心育苗",11
"1996.3.29","北京一中改革人才培养模式",11
"1996.3.29","北京加快种子产业化",11
"1996.3.31","丹麦爵士乐队艺倾北京乐迷",11
"1996.4.1","北京试行保证金台帐制度",11
"1996.4.1","北京惠而浦雪花电器有限公司成立",11
"1996.4.1","北京新建公园多",11
"1996.4.1","北京调整蔬菜生产布局",11
"1996.4.2","提高开放水平培育新兴产业北京开放型经济注重高效优质",11
"1996.4.2","北京八大商场联合限定洗衣机价格是改变混乱，还是限制竞争？",11
"1996.4.2","密切警民关系推进文明建设北京开展让群众满意在派出所活动",11
"1996.4.3","做文明球迷创文明赛区北京市采取措施净化赛场风气",11
"1996.4.4","北京仟村百货购物中心开业",11
"1996.4.4","尉健行在北京市十届人大四次会议上强调反腐败工作要强化监督机制",11
"1996.4.4","钱其琛返回北京",11
"1996.4.4","中外儿童将相会在北京",11
"1996.4.5","默默架起爱心之桥——记希望工程北京捐助中心",11
"1996.4.6","北京航空食品有限公司发展迅速跻身国际航空配餐业先进行列",11
"1996.4.7","北京举行税收宣传咨询活动今年税收宣传月主题是“税收征管与市场经济”",11
"1996.4.7","北京尼康合建眼镜公司",11
"1996.4.7","“东京交响于北京”上演",11
"1996.4.7","北京观众选出喜爱的春节电视",11
"1996.4.8","全国男篮联赛大幕降下八一全胜夺冠谁与争锋北京跻身三甲涉险而行",11
"1996.4.9","北京润迅公司强化全网服务",11
"1996.4.9","罗干回到北京",11
"1996.4.9","不向学校乱收费多为学校办实事北京从制止社会向中小学乱收费入手治理中小学乱收费",11
"1996.4.9","中国足球队下月迎战拉齐奥队甲Ａ联赛最佳赛区将获首汽杯北京银潮俱乐部致力培育新人泰国农行队访华比赛一胜一负",11
"1996.4.10","北京利用外资建新型候车亭",11
"1996.4.10","中德合资北京莫泊特公司开业",11
"1996.4.11","北京军区总医院师徒并进声望在老教授希望在中青年",11
"1996.4.11","北京开设双休日书市",11
"1996.4.12","全球电信北京代表处成立",11
"1996.4.12","北京公安机关发放警民联系卡",11
"1996.4.12","北京公开选拔的副局级干部上岗",11
"1996.4.12","北京学者敦促台湾当局以实际行动缓和两岸关系",11
"1996.4.13","北京第一实验小学为教师汇编论文集",11
"1996.4.13","尉健行在北京市政府全体会议上强调振奋精神加快北京各项事业发展",11
"1996.4.14","姜春云在北京考察时指出加快农业发展关键是推进两个转变",11
"1996.4.14","北京将办芭蕾舞周",11
"1996.4.15","圆满结束对法国的正式访问李鹏总理回到北京朱镕基等在人民大会堂迎接",11
"1996.4.15","北京推广新型模板脚手架技术",11
"1996.4.15","拚体力八一１∶０力克北京国安",11
"1996.4.15","生命所托是神圣的——记北京医科大学第一医院心内科教授朱国英",11
"1996.4.15","让近视眼告别眼镜——访北京同仁医院眼科专家李志辉",11
"1996.4.16","英国劳氏船级社北京代表处开业",11
"1996.4.16","北京开展成人预备期志愿服务",11
"1996.4.16","五月八日零时起北京电话升八位",11
"1996.4.17","北京景山学校联合社会力量办学",11
"1996.4.17","做现代文明北京人——北京“双休日行动计划”素描",11
"1996.4.18","北京市森林旅游发展迅速",11
"1996.4.18","北京市劳动局实施“再就业工程”一批下岗女工成为京城“商嫂”",11
"1996.4.18","北京开展双休日家庭读书活动",11
"1996.4.19","张思卿在北京地区调研时指出反腐败要深入“严打”要狠抓",11
"1996.4.20","’９６北京国际电视周将举办",11
"1996.4.22","地矿部向北京军区给水工程团赠钻机",11
"1996.4.23","北京西站通信枢纽程控中心开通",11
"1996.4.23","诺基亚在北京建立合资公司",11
"1996.4.23","北京液化气公司推广先进典型",11
"1996.4.23","北京兴建抗战纪念馆二期工程",11
"1996.4.24","乔石结束访问五国回到北京李瑞环等到人民大会堂迎接",11
"1996.4.24","钱其琛回到北京",11
"1996.4.24","北京举办赏石艺术展",11
"1996.4.25","北京市档案馆新馆正式启用首批三十五万卷档案向社会开放",11
"1996.4.25","工行北京分行支持北药千吨ＶＣ改造",11
"1996.4.26","北京航空材料研究所创汇猛增",11
"1996.4.26","浦东发展银行北京分行开业",11
"1996.4.26","叶利钦总统夫人参观北京外国语大学",11
"1996.4.26","大眼睛的小女孩到北京（）",11
"1996.4.28","北京音乐观众调查他们为什么听音乐？",11
NA,NA,11
"1996.4.30","北京：精心组织各方配合",11
"1996.4.30","北京市十大杰出青年评选揭晓",11
"1996.4.30","着眼应用攻理论——记北京科技大学高学东博士",11
"1996.4.30","北京电话号码升位何以要加“６”",11
"1996.5.1","车间搭舞台歌声献工人“五月花正红”晚会在北京第一机床厂举行",11
"1996.5.2","优秀工人劳模代表游览北京城",11
"1996.5.2","中航技北京公司出口基地建成",11
"1996.5.2","北京限制养犬取得成效",11
"1996.5.2","北京企业家向老区潜山捐化肥",11
"1996.5.2","中国高尔夫球公开赛五月再临北京",11
"1996.5.4","北京宣判五起严重刑事案件赵多国等八名主犯被判处死刑",11
"1996.5.4","胡锦涛考察北京河北“严打”工作时强调各方配合扎扎实实打出成效",11
"1996.5.5","亚美尼亚总统返抵北京中亚两国元首今天将举行会谈",11
"1996.5.5","“严打”合乎民意深得民心北京广东湖南群众纷纷表示坚决拥护积极配合",11
"1996.5.6","八位：一个大台阶——写在北京电话升位之际",11
"1996.5.6","北京房山区举办旅游文化节",11
"1996.5.6","施德楼产品走进北京市场",11
"1996.5.6","唱响主旋律再塑企业魂——北京燕山石化公司“铸魂塑形工程”纪事",11
"1996.5.6","北京铁路公安局开展群防群治",11
"1996.5.6","一九九六年度北京邮品拍卖会将举行",11
"1996.5.6","北极点至北京距离测出",11
"1996.5.6","北京八中七十五年育才数万名",11
"1996.5.6","万宝路足球联赛第四轮北京国安广州太阳神掀破门高潮",11
"1996.5.6","北京明光中学成为“无烟学校”",11
"1996.5.6","北京化工大学与北京化工管理干部学院合并",11
"1996.5.7","北京抓捕负案在逃犯",11
"1996.5.7","北京开设１６家戒烟门诊",11
"1996.5.8","北京电话今天成功升位李鹏题词吴邦国写信祝贺",11
"1996.5.8","北京举办双龙汽车展示会",11
"1996.5.9","北京至长治直达列车开通",11
"1996.5.9","民星企业集团北京总部成立",11
"1996.5.9","北京丰台公安分局侦破百万元诈骗案",11
"1996.5.10","北京整顿“一日五游”力度大“票提”骗客“黑车”拉客“回扣”宰客基本得到遏制",11
"1996.5.10","北京儿童摆脱结核病威胁",11
"1996.5.11","北京平谷县发现进口“洋垃圾”李岚清指示国家商检局迅速查清严肃处理",11
"1996.5.12","北京市积极查处“洋垃圾”事件",11
"1996.5.13","北京朝阳区依靠群众深入“严打”",11
"1996.5.14","北京长吉加油设备有限公司建成",11
"1996.5.14","国务院妇儿工委和北京市政府召开大会动员实施《妇女发展纲要》",11
"1996.5.14","北京“洋垃圾”事件调查全面进行",11
"1996.5.14","中铁陆路杯桥牌赛在北京举行",11
"1996.5.14","北京推出双休日健康健身活动",11
"1996.5.15","北京铁路公检法严惩犯罪分子",11
"1996.5.15","北京，迎接第６２届国际联大会",11
"1996.5.15","汲取知识营养的殿堂——北京东城书馆落成",11
"1996.5.16","北京举办旅游咨询日活动",11
"1996.5.17","北京百乐民族杯摔跤赛结束",11
"1996.5.19","北京有个王黎光",11
"1996.5.20","无悔的选择——记北京八宝山殡仪馆女工尹凤霞",11
"1996.5.20","预防残疾增进健康——第六次全国助残日北京见闻",11
"1996.5.21","傅全有一行回到北京",11
"1996.5.21","北京提出建立“首都大科普”",11
"1996.5.21","为加速《环境保护法》的实施全国人大常委会对北京进行环保执法检查",11
"1996.5.22","北京铁路分局安全生产势头好",11
"1996.5.22","北京首次评出十佳法官",11
"1996.5.23","北京首届卡丁车大奖赛结束",11
"1996.5.23","《北京立交桥》画册面世",11
"1996.5.24","建行北京分行发行龙卡破十万张",11
"1996.5.24","北京万寿路西部乐园正式开业",11
"1996.5.24","本报连续发表北京蓄电池厂寻求合作伙伴的两篇报道后电话传来的信息北京蓄电池厂追踪（三）",11
"1996.5.24","北京站试行“一米线”购票制（）",11
"1996.5.24","管理畅服务优面貌新蚌列北京车队实行“汰劣待岗”",11
"1996.5.25","圆满结束非洲之行并在珠海短暂停留后江泽民主席回到北京李鹏乔石李瑞环刘华清荣毅仁等到人民大会堂迎接",11
"1996.5.25","在京全国人大代表视察北京农业",11
"1996.5.27","北京建灿烂阳光少儿农庄",11
"1996.5.27","圆满结束东南亚三国之行朱镕基副总理回到北京",11
"1996.5.27","北京西联石材陶瓷专业市场开业",11
"1996.5.27","北京审判机关依法重判刑事犯",11
"1996.5.27","北京军区某师加强干部队伍建设",11
"1996.5.27","“老北京”辅导普通话（）",11
"1996.5.27","北京晓林棋校成立",11
"1996.5.28","第四届北京国际印刷展览会将举行",11
"1996.5.28","北京西城区查获贩卖淫秽光盘团伙",11
"1996.5.28","全国人大环保执法检查组结束在北京的检查北京环保要标本兼治",11
"1996.5.28","北京举行老年网球赛",11
"1996.5.28","北京万辆“面的”被淘汰喜耶？忧耶？",11
"1996.5.29","北京妇女就业服务中心成立",11
"1996.5.29","上海荣臣集团进军北京市场",11
"1996.5.29","北京纺织总公司教育优先",11
"1996.5.29","’９６北京国际电视周成果丰硕",11
"1996.5.30","北京市政汽车改装厂效益好",11
"1996.5.30","下大气力抓落实北京军区基层建设蓬勃发展",11
"1996.5.30","优势互补密切合作北京内蒙古对口支援双受益",11
"1996.5.30","北京公厕建设文化展筹备就绪",11
"1996.5.30","北京第三药厂新品上市",11
"1996.5.31","情系农家——记北京华戎生物激素厂",11
"1996.5.31","九六北京国际汽车工业展将举办",11
"1996.5.31","北京兴起清洗业",11
"1996.5.31","宛如平常一段歌——记北京八宝山殡仪馆整容师张浩林",11
"1996.5.31","加强思想教育培养优良作风北京城建集团既建楼又树人",11
"1996.5.31","北京体育大学将培养台球专门人才",11
"1996.5.31","做现代文明北京人",11
"1996.6.3","北京推出燃煤反烧制气新技术",11
"1996.6.3","北京通信信息协会成立",11
"1996.6.3","北京至釜山航线正式开通",11
"1996.6.4","北京曼帕尔公司成立",11
"1996.6.5","国航增加北京－纽约货运航班",11
"1996.6.5","河北北京足球队预赛出线",11
"1996.6.5","上海北京拆除质量低劣的城雕",11
"1996.6.6","北京站——买票的长龙不见了",11
"1996.6.6","“文明使者”相会在北京",11
"1996.6.6","六千多学者报名参加北京国际地质大会",11
"1996.6.7","北京１６家出租汽车公司被勒令停业整顿",11
"1996.6.7","交给总理的优秀答卷——北京实现居民生活不拉闸限电纪实",11
"1996.6.9","北京曲剧团又推力作《龙须沟》搬上曲剧舞台",11
"1996.6.10","坚持走自己的路——记北京燕京啤酒集团",11
"1996.6.10","北京协和国际医学影像中心建成",11
"1996.6.10","北京全民健身宣传周健康快车将驶进中关村",11
"1996.6.11","北京出现雷雨冰雹",11
"1996.6.11","全国体操锦标赛北京队女团摘金莫慧兰全能折桂",11
"1996.6.11","北京东城少年宫坚持活动育人",11
"1996.6.11","卓玛的北京之行",11
"1996.6.12","世界跳伞冠军空中举行婚礼北京将举办首界航空跳伞表演",11
"1996.6.13","北京骅骝汽车批量投产",11
"1996.6.13","北京大学医学中心创办",11
"1996.6.14","北京海淀军民同唱连心曲",11
"1996.6.14","北京２５中尝试“民办公助”",11
"1996.6.14","中国国际航空公司在澳举行招待会庆贺北京—墨尔本直航十周年",11
"1996.6.15","古籍文献的保护神——北京书馆分馆剪影（）",11
"1996.6.17","广泛引进技术资金北京加快建设“菜篮子工程”",11
"1996.6.17","北京与哥德堡环保研讨会召开",11
"1996.6.17","万宝路足球甲Ａ联赛第十轮激战大连平上海广东胜北京",11
"1996.6.18","北京“帝基”知耻而后勇",11
"1996.6.18","李岚清在北京考察旧货市场时强调积极培育和发展旧货市场",11
"1996.6.18","北京大众汽车零件销售电脑联网",11
"1996.6.19","北京国际汽车展开幕",11
"1996.6.19","北京铁路局配车助“严打”",11
"1996.6.20","北京地区：久旱逢雨（）",11
"1996.6.20","北京金万利油脂有限公司开业",11
"1996.6.20","让农业走向世界——北京市利用外资加快农业发展评述",11
"1996.6.20","民盟北京市委纪念成立５０周年",11
"1996.6.20","北京首座公益桥竣工",11
"1996.6.20","北京动物园大批动物添幼仔",11
"1996.6.21","江泽民参观北京国际汽车展",11
"1996.6.23","上海—北京—慕尼黑通航",11
"1996.6.23","“北京龙王”",11
"1996.6.24","北京市延长末班车发车时间",11
"1996.6.24","北京军区科技表彰会简朴隆重",11
"1996.6.25","北京大阪专用数字通信网开通",11
"1996.6.26","北京军区系统培训中高级指挥员",11
"1996.6.26","北京—酒泉卫星发射中心航班开通",11
"1996.6.26","亚太经合组织在北京举行研讨会",11
"1996.6.26","中国奥委会获生力集团赞助　为北京国安队进言征文开始　名华杯台球赛决出团体名次　金穗卡杯保龄球对抗赛结束",11
"1996.6.27","北京大学攻克补硒难题",11
"1996.6.27","瓦里格航空公司将开辟巴西直飞北京的航线",11
"1996.6.28","继沪宁线开出快速列车后，７月１日起北京至北戴河快速列车的时速也提高４０多公里我国列车开始“快速”",11
"1996.6.28","尉健行在北京市党组织党员先进事迹报告会上强调把干部队伍建设提高到一个新水平",11
"1996.7.1","每年安排经费三千万北京加强薄弱学校建设",11
"1996.7.2","北京实施城镇居民最低生活保障制度",11
"1996.7.2","北京举办摔跤表演赛",11
"1996.7.2","北京站将试行磁卡售票",11
"1996.7.3","北京出租车行业作承诺司机拒载：两人举报即认定举报宰客：向乘客退一奖十",11
"1996.7.3","北京地中宝中心以质量攻市场",11
"1996.7.3","北京举行国际讨论会纪念帖木儿诞辰６６０周年",11
"1996.7.3","北京市举行朝阳青年歌颂党合唱比赛",11
"1996.7.4","捷安特支持北京自行车队",11
"1996.7.4","北京召开经济研讨会",11
"1996.7.5","北京国际家电展览会将举行",11
"1996.7.5","北京将开办首家“电子世界”",11
"1996.7.5","北京开展“百万党员连民心”活动",11
"1996.7.5","古巴妇联讨论落实北京世妇会目标",11
"1996.7.6","全国田径大奖赛下周移师北京奥运选手最后一次热身",11
"1996.7.7","圆满结束对欧亚六国的国事访问江泽民主席回到北京李鹏乔石李瑞环刘华清荣毅仁等在人民大会堂迎接离哈前江主席和纳扎尔巴耶夫进行了亲切友好话别",11
"1996.7.7","北京乙烯工程通过验收",11
"1996.7.7","北京舞蹈学院推出新作",11
"1996.7.8","乌鲁木齐至北京开行空调列车",11
"1996.7.8","北京纪念闻一多殉难５０周年",11
"1996.7.11","７月１日，北京市出租汽车行业就解决拒载等问题向社会做出了新的承诺。１０天来，情况如何？请看——暗访“面的”看拒载",11
"1996.7.11","尉健行在北京市的一次会议上强调坚持“严打”方针保持“严打”势头",11
"1996.7.11","北京服装学院设羊毛实验室",11
"1996.7.11","过去排队如长龙现在省时又方便北京天坛医院改革着眼患者",11
"1996.7.12","部分全国人大代表和政协委员慰问北京公安干警",11
"1996.7.12","北京中小学生暑假丰富多彩",11
"1996.7.12","在冠军的背后——记北京格林沃德营养保健品有限公司",11
"1996.7.13","北京“一日五游”变专线旅游游客行动自主花４６元即可游览主要景点",11
"1996.7.13","全国田径大奖赛北京站比赛结束五名奥运选手进行最后热身",11
"1996.7.15","节水要从水龙头抓起北京推广家用节水器具",11
"1996.7.15","尉健行在总结北京工作时提出在稳定基础上加快改革和发展",11
"1996.7.16","北京将建祥云体育村",11
"1996.7.16","北京：生活垃圾有新去处",11
"1996.7.17","注视（北京）新装饰艺术公司成立",11
"1996.7.17","北京日报举办奥运竞猜活动",11
"1996.7.18","尉健行在北京与内蒙古对口支援座谈会上说北京应加强区域经济技术合作",11
"1996.7.18","北京工行与六家企业签订银企协议",11
"1996.7.18","北京举办“我们如何对待观众——’９６中国电影与观众需求座谈会”",11
"1996.7.19","北京举行薄一波著作研讨会《七十年奋斗与思考》反响热烈",11
"1996.7.19","北京军区总医院科技建院为兵为民",11
"1996.7.22","北京国际互联网用户近万家",11
"1996.7.22","工行北京朝阳支行注重廉政教育",11
"1996.7.22","北京查处王宝森私管住房",11
"1996.7.23","北京崇文区依法保护国有著名商标",11
"1996.7.23","北京西站首次召开公捕大会",11
"1996.7.24","北京电视台开设“周末电视学校”",11
"1996.7.25","麦道公司在北京成立备件服务中心",11
"1996.7.25","北京海关非贸物品监管中心开通",11
"1996.7.26","北京朝阳公安分局表彰百名贤内助",11
"1996.7.27","托起新世纪的希望——记北京景山学校校长崔孟明",11
"1996.7.29","垃圾成堆秩序混乱北京西站有损“京门”之誉",11
"1996.7.29","北京向解放军赠理疗仪",11
"1996.7.30","北京进一步整顿交通秩序",11
"1996.7.30","北京军区某团为地方办实事",11
"1996.7.31","有源音箱在北京面世",11
"1996.7.31","北京国际汽车展实施新举措",11
"1996.7.31","北京查处一贩卖走私卷烟窝点",11
"1996.7.31","北京西城区全方位关怀军烈属",11
"1996.8.1","北京工商局依法查处仿冒产品",11
"1996.8.1","北京国际发明展九月举行",11
"1996.8.1","北京列车段：餐车服务比绝技",11
"1996.8.2","不断强化首都意识和服务意识北京市积极推行社会服务承诺制",11
"1996.8.2","北京加强警灯警笛管理",11
"1996.8.4","《今日北京》新闻专版将在美创刊",11
"1996.8.5","北京山东闯入足协杯决赛",11
"1996.8.6","北京中行承诺计时服务",11
"1996.8.7","北京通县实施质量效益工程",11
"1996.8.7","北京市加大反腐力度上半年立案七百余件结案处分四百余人",11
"1996.8.7","罗干在首都规划建设委员会全会上强调北京规划建设要处理好四个关系",11
"1996.8.7","北京的公共汽车变了",11
"1996.8.7","从容出入书斋——记“北京十大杰出青年”之一陆建华",11
"1996.8.7","北京文艺台有新貌",11
"1996.8.8","北京推出购房安全卡",11
"1996.8.8","记者目击票贩出没北京站",11
"1996.8.8","北京三里屯街道兴办“小饭桌”",11
"1996.8.9","北京组织青年学生“重走长征路”",11
"1996.8.9","公正公平公开——北京高校招生录取第一天",11
"1996.8.10","北京又一所私立中学招生",11
"1996.8.11","《北京纪事》开展优稿评选活动",11
"1996.8.12","北京国际儿童旅游月拉开帷幕",11
"1996.8.12","北京市首届全民健身体育节将举办中国华录奥运之星竞猜揭晓",11
"1996.8.12","中国足协杯赛决赛将在北京举行",11
"1996.8.13","好事何以尴尬——北京站磁卡售票机见闻",11
"1996.8.13","陈佳洱任北京大学校长",11
"1996.8.13","北京国际邮票博览会将举行",11
"1996.8.13","奥运会北京健儿表彰会举行",11
"1996.8.13","北京市将举办三人篮球挑战赛",11
"1996.8.14","教改有新招学校无差生北京力迈学校给学生发展空间",11
"1996.8.15","北京农业大力利用外资",11
"1996.8.15","北京中旅４０年坚持优质服务",11
"1996.8.16","赴汤蹈火在所不辞北京军区支援华北抗洪抢险",11
"1996.8.16","北京开展少儿电脑竞赛",11
"1996.8.17","’９６北京国际儿童少年棒球赛落幕",11
"1996.8.18","北京又办广场音乐会",11
"1996.8.18","北京刘诗昆钢琴艺术中心成立",11
"1996.8.18","北京举行“花木兰文化艺术笔会”",11
"1996.8.19","九六北京国际美发美容节开幕",11
"1996.8.19","北京晚上亮了（）",11
"1996.8.19","让群众得到实惠——北京市精神文明建设纪实",11
"1996.8.19","夏季吹来“凉爽的风”高雅艺术吸引北京观众",11
"1996.8.19","北京国际象棋特级大师赛进入尾声",11
"1996.8.20","建行北京王府井储蓄所开业",11
"1996.8.20","北京监狱加强对押犯的监管改造",11
"1996.8.21","北京席殊书屋别具一格",11
"1996.8.22","北京城乡建总获境外经营权",11
"1996.8.22","北京地区近期开行三对京九铁路客车",11
"1996.8.22","九六北京种子交易会将举办",11
"1996.8.22","诗琳通公主参观北京语言文化大学",11
"1996.8.23","北京中创新技术研究中心成果丰",11
"1996.8.26","北京苏杭丝绸城建成开业",11
"1996.8.26","盛夏鸡蛋和鲜奶售价何处便宜？青岛鸡蛋每千克６．８０元北京鲜奶每千克２．４９元",11
"1996.8.26","北京河南大厦落成使用",11
"1996.8.26","首都民警的承诺：让群众满意——北京公安机关学济南交警树文明新风",11
"1996.8.26","北京国际象棋公开赛赛毕三轮年轻棋手战绩出色",11
"1996.8.27","列车上的默默奉献——记北京列车段优秀共产党员尹思伯",11
"1996.8.28","北京检察机关加强执法监督",11
"1996.8.28","北京国际象棋公开赛进入高潮新人显露头角",11
"1996.8.28","在北京中国国际贸易中心，店客关系曾经备受传媒关注，工商银行进驻才两年，就以骄人的业绩表明——商业信誉：丰厚的无形资产",11
"1996.8.29","北京凌奇印刷有限责任公司成立",11
"1996.8.29","北京汉高丽源化妆品公司开业",11
"1996.8.29","北京国际象棋赛赛程过半外国名将称赞中国棋手进步快",11
"1996.8.30","北京推出多文种字处理平台",11
"1996.8.30","怎样促进儿童健康成长？北京新设一家咨询服务中心",11
"1996.8.31","’９６北京国际书博览会开幕",11
"1996.9.2","二十一世纪服装设计大赛获奖作品北京巡回展开幕",11
"1996.9.2","首本八位数《北京电话号簿》上市",11
"1996.9.3","北京投产黑加仑饮料",11
"1996.9.3","北京举行军地优秀教师“园丁之家”活动",11
"1996.9.3","北京中医药大学喜迎四十华诞13个博士点24个硕士点引人注目",11
"1996.9.3","北京徐悲鸿中学创办",11
"1996.9.3","北京举办少儿三棋公开赛",11
"1996.9.4","竞争难分高下形势扑朔迷离北京国际象棋公开赛临近尾声",11
"1996.9.5","北京煤气用具厂抓管理增效益",11
"1996.9.5","北京引进“丹麦草”见成效",11
"1996.9.5","北京举行国际电子出版暨多媒体展览会",11
"1996.9.5","展示青春风采洋溢育人芳香第五届全国大学生运动会闭幕陕西广东北京代表团获金牌和总分前3名",11
"1996.9.5","北京国际象棋公开赛落幕土耳其选手夺冠中国小将进步明显",11
"1996.9.5","全国女篮甲级联赛开赛八一辽宁北京等首战告捷",11
"1996.9.5","北京举行报告文学创作座谈会",11
"1996.9.6","北京举行昆曲新剧目观摩展演朱镕基观看首场演出",11
"1996.9.6","女排劲旅移师北京大奖赛今日再开战",11
"1996.9.6","全国女篮甲级联赛再战一轮北京力克河北辽宁挫败浙江",11
"1996.9.6","北京举办元老网球邀请赛",11
"1996.9.6","北京慕田峪长城（）",11
"1996.9.7","李岚清考察北京市国有菜店要求充分发挥国有蔬菜企业主渠道作用",11
"1996.9.7","全国女篮甲级联赛八一北京等队连战连胜",11
"1996.9.7","师表京华垂范塞外——北京市优秀教师范淑娟赴疆义务讲学纪事",11
"1996.9.9","应邀对法国意大利进行正式友好访问刘华清离开北京",11
"1996.9.9","北京群众积极支持“严打”斗争",11
"1996.9.9","北京长安大戏院重建落成",11
"1996.9.9","北京至沙迦航线开通",11
"1996.9.9","北京尊师重教好戏连台育新花园喜迎“园丁”望京花园破土动工",11
"1996.9.9","中国南方航空（集团）公司开通北京—乌鲁木齐—沙迦航线",11
"1996.9.10","北京“全球通”数字移动电话容量将扩大",11
"1996.9.10","最好的房子是学校最高的待遇是教师北京黑庄户乡尊师重教",11
"1996.9.10","回顾《北京宣言》和《行动纲领》执行情况国际妇女论坛会在华盛顿举行",11
"1996.9.10","贯彻体育法落实体育法北京颁布体育场所管理办法",11
"1996.9.11","瑞琪净水器在北京问世",11
"1996.9.11","北京推出鱼用“951”浓缩饲料",11
"1996.9.11","陈俊生鼓励北京商管学院教师培养更多新型合作经济人才",11
"1996.9.11","难忘北京",11
"1996.9.11","北京网球公开赛推出强大阵容张德培再次上阵并作示范表演",11
"1996.9.12","北京将办九六中国汽车开发演示会",11
"1996.9.12","北京龙潭街道为居民办实事",11
"1996.9.12","北京香格里拉又有新举措",11
"1996.9.13","北京老福爷百货开业",11
"1996.9.13","新时期连队建设的楷模——记北京军区某团三连",11
"1996.9.13","展示国内外最新发明成果’96北京国际发明展览会启幕",11
"1996.9.13","九六北京书市开幕",11
"1996.9.16","北京市“三五普法”起步",11
"1996.9.16","中东欧国家讨论落实北京世妇会行动纲领",11
"1996.9.17","北京出入境管理处提供快捷服务",11
"1996.9.18","北京语言文化大学培养“中国通”",11
"1996.9.18","’96北京医药知识产权保护国际研讨会举行我国医药知识产权保护受好评",11
"1996.9.18","“感谢北京，感谢中国”——各国议联第96届大会侧记",11
"1996.9.19","北京倡导旅游购物放心活动",11
"1996.9.19","北京房地产交易展示会将举行",11
"1996.9.19","北京书画摄影艺术博览会开幕",11
"1996.9.19","’96北京国际发明展览会闭幕",11
"1996.9.19","北京国际马拉松赛下月举行",11
"1996.9.20","北京通港陆运服务中心合同签字",11
"1996.9.21","彭真在北京燕化考察",11
"1996.9.21","北京三起特大持枪抢劫运钞车案破获公安部通令嘉奖破案有功人员",11
"1996.9.21","全国男篮俱乐部赛揭幕北京击败空军八一轻取江苏",11
"1996.9.21","○国际乒乓元老下月聚北京○全国田径冠军赛昨天揭幕○全国网球团体赛上海夺冠○全国自行车场地赛出两金",11
"1996.9.23","北京军区某师严把“用人”关",11
"1996.9.23","北京景山学校分部落成",11
"1996.9.24","罗干结束访非回到北京",11
"1996.9.24","北京朝阳公园举办大型灯会",11
"1996.9.24","有钱也买半年闲今夏北京皮服热",11
"1996.9.25","北京“朝副”批发业务挑大梁",11
"1996.9.26","圆满结束对法国意大利正式友好访问刘华清回到北京",11
"1996.9.26","周思聪回顾展将在北京中国美术馆举行",11
"1996.9.27","北京医院为公安干警义诊",11
"1996.9.28","北京凯利华石材有限公司成立",11
"1996.9.28","摩托罗拉在北京开设专营店",11
"1996.9.28","北京兴起民办足球俱乐部",11
"1996.9.29","北京中华长安戏剧文化周开幕",11
"1996.9.30","李瑞环结束访欧回到北京胡锦涛等到人民大会堂迎接",11
"1996.9.30","钱其琛返回北京",11
"1996.10.3","北京送戏到平山",11
"1996.10.3","北京国际京剧票友赛闭幕",11
"1996.10.3","梁巨廷在北京举办画展",11
"1996.10.4","岗位作奉献真情为他人——记北京市二十一路公共汽车售票员李素丽",11
"1996.10.4","北京蓝岛大厦举办系列展览",11
"1996.10.4","北京举办摔跤表演赛",11
"1996.10.5","李素丽事迹引起强烈反响北京市各行业开展学先进赶先进活动",11
"1996.10.5","全国女篮甲级队联赛北京赛区八一队首战失利",11
"1996.10.7","曾经十分火爆的北京九龙游乐园，如今却显冷清——“九龙”如何再起舞",11
"1996.10.7","北京出租汽车业资助希望工程",11
"1996.10.7","美湾流飞机公司在北京设立商务机构",11
"1996.10.7","香港—北京拉力赛",11
"1996.10.7","全国女篮联赛北京站收兵八一辽宁并驾齐驱",11
"1996.10.8","北京黎马敦太平洋包装有限公司成立",11
"1996.10.8","北京东方电子集团走出新路",11
"1996.10.8","中国教育电视台北京35频道正式开播我国形成大规模教育电视网",11
"1996.10.8","沙场秋点兵——香港—北京拉力赛前瞻",11
"1996.10.9","北京街头矗立“文明牌”",11
"1996.10.9","瞄准二十一世纪人才需求北京八十中突出特色全面育人",11
"1996.10.9","北京市成立人才交流协会",11
"1996.10.9","北京针灸骨伤学院专家义诊度生日",11
"1996.10.10","北京整顿扎啤市场",11
"1996.10.10","“李素丽服务”成为北京一景徐虎观摩后说：“能像李素丽这样做不容易呀！”",11
"1996.10.10","第三届“北京·汉城·东京”戏剧节举办",11
"1996.10.11","中共十四届六中全会在北京举行",11
"1996.10.11","邹家华姜春云参观北京国际水利技术装备展",11
"1996.10.11","北京龙泉驾校抓廉政促服务",11
"1996.10.11","维也纳爱乐乐团在北京演出李鹏、弗拉尼茨基出席音乐会",11
"1996.10.11","北京六所大学设立复印服务中心",11
"1996.10.11","北京网球公开赛爆冷张德培无缘晋八强",11
"1996.10.11","北京国际元老乒乓赛开幕一批乒坛宿将“重操旧业”",11
"1996.10.14","北京麦格回医眼科诊所开办",11
"1996.10.14","北京国际元老乒乓球公开赛结束",11
"1996.10.14","北京网球公开赛收拍",11
"1996.10.14","北京女子网球公开赛开拍",11
"1996.10.15","北京市委市政府决定全市学习李素丽",11
"1996.10.15","北京举行金秋钓鱼赛",11
"1996.10.15","北京女子网球公开赛开拍",11
"1996.10.16","尉健行要求北京市各级干部充分认识六中全会决议重要性首都精神文明建设要为全国做出榜样",11
"1996.10.16","走出深闺人初识——北京市档案资源开发利用概况",11
"1996.10.17","西门子在北京建邮件分拣系统",11
"1996.10.17","北京举办民族寿险业咨询活动",11
"1996.10.17","北京隆重纪念鲁迅逝世六十周年",11
"1996.10.17","拔河场上气盖世——记北京大力士夺冠",11
"1996.10.18","盛开的精神文明之花——记北京市朝阳青年文化节",11
"1996.10.19","北京国际马拉松赛鸣枪在即",11
"1996.10.21","北京纪念卡尔逊百年诞辰",11
"1996.10.21","北京国际马拉松水平高规模大出乎意料　纳尔逊夺冠军囊中取物　任秀娟创佳绩",11
"1996.10.21","加油！北京国际马拉松",11
"1996.10.21","陈莉获北京女网公开赛亚军",11
"1996.10.22","工行哈铁支行坚持服务兴行北京西单商场依靠服务促销",11
"1996.10.24","山东陵县今年收获各类蔬菜50万吨。有人算过，这些蔬菜装满卡车，首尾相接可从陵县排到北京。围绕销售问题，干部群众曾捏了一把汗。请看——50万吨蔬菜怎样被消化",11
"1996.10.25","北京军区表彰抗洪抢险模范",11
"1996.10.25","北京纪念斯诺访问陕北60周年",11
"1996.10.25","奋力登攀力克顽症北京肿瘤防治研究所饮誉九州",11
"1996.10.25","体操冠军赛北京选手再逞威奎媛媛女子全能笑傲群芳",11
"1996.10.26","北京加强体育场馆精神文明建设",11
"1996.10.26","香港—北京汽车拉力赛落幕三菱车队包揽前三名",11
"1996.10.26","全国体操冠军赛落幕北京女队独秀男队众强争雄",11
"1996.10.28","北京钢琴厂产品获奖",11
"1996.10.28","唐山与北京加强经济技术合作",11
"1996.10.28","“宁愿一人脏，换来万人净”精神流芳北京为时传祥塑像",11
"1996.10.28","北京百家书店推出瀚海书香活动",11
"1996.10.29","北京将办国际钱币博览会",11
"1996.10.29","北京“东福”推出三大系列方便面",11
"1996.10.29","北京三建公司通过质量体系认证",11
"1996.10.29","北京天文台又发现一颗超新星",11
"1996.10.29","与体育同根——记北京利生体育用品商厦",11
"1996.10.30","贾庆林任北京市代市长陈明义任福建省委书记贺国强任福建省代省长",11
"1996.10.30","北京大学设立宗教学系",11
"1996.10.31","吴邦国就北京、长春开展“经济效益纵深行”活动强调探索提高经济效益途径和对策",11
"1996.10.31","北京建工学院广开勤工俭学之门",11
"1996.10.31","北京有线电视台播出《今日香港》",11
"1996.11.1","北京推出法律自助系列软件",11
"1996.11.4","飞利浦中国足协杯赛决赛北京国安队大比分夺冠",11
"1996.11.5","北京西曼航空服务中心成立",11
"1996.11.5","北京理工大新建国家重点实验室",11
"1996.11.5","全国女足联赛临近尾声上海北京两队决赛相逢",11
"1996.11.6","北京朝阳家庭教育中心学校关心青少年思想道德建设",11
"1996.11.6","北京推出低胆固醇鸡蛋",11
"1996.11.7","当家超浓洗衣液将投放北京市场",11
"1996.11.7","北京果脯：别那么甜",11
"1996.11.8","北京推出洗印业保险业务",11
"1996.11.8","北京泛美储运公司开业",11
"1996.11.8","北京纪念联合国教科文组织成立５０周年",11
"1996.11.9","北京中山堂将长期对海内外开放",11
"1996.11.9","第九届国际军体男子手球锦标赛北京军区队夺得亚军",11
"1996.11.9","发展北京工业需要处理好几个关系",11
"1996.11.10","北京举办歌曲佳作展演",11
"1996.11.11","石化北京设计院获标准认证",11
"1996.11.11","《鲸的故事》展在北京自然博物馆开展",11
"1996.11.11","北京市大学生讲精神文明从我做起",11
"1996.11.11","华盛顿市长将访问北京",11
"1996.11.11","北京国安队负于那不勒斯队",11
"1996.11.12","北京盛福大厦破土动工",11
"1996.11.12","北京今年的行风怎么样？各界代表深入基层明察暗访",11
"1996.11.12","北京华远杯桥牌赛结束",11
"1996.11.13","北京广货大商城开门迎客",11
"1996.11.13","北京军区总医院服务到边防",11
"1996.11.13","商业标识的文化品位——北京蓝岛大厦的探索",11
"1996.11.14","北京朝阳区注重提高居民素质",11
"1996.11.14","北京财保公司保费收入稳定增长",11
"1996.11.15","北京富特波尔容器公司开业",11
"1996.11.17","北京展出波兰宣传画",11
"1996.11.17","北京国际音响展盛况空前",11
"1996.11.17","北京青年宫剧场推出公益电影专场",11
"1996.11.18","北京建安公司成为全国先进施工企业",11
"1996.11.18","北京世通公司推出大哥大终身保用",11
"1996.11.18","中德工商界人士聚会北京",11
"1996.11.18","北京动物园大熊猫喜得“千金”",11
"1996.11.18","北京力迈学校开办“希望班”",11
"1996.11.18","北京白家庄小学重视德育",11
"1996.11.19","结束四国访问出席世界粮食首脑会议后李鹏总理回到北京朱镕基等在人民大会堂迎接",11
"1996.11.19","绿色工程建设者的摇篮北京农学院造就八千高级人才",11
"1996.11.20","北京形成新一代医学专家梯队",11
"1996.11.20","北京国际半导体设备及材料展开幕",11
"1996.11.20","第二十四届世界海洋和平大会闭幕通过《北京海洋宣言》",11
"1996.11.21","北京朝阳口岸设货流保税公司",11
"1996.11.21","北京急冻水饺首次出口日本",11
"1996.11.21","北京西站开设“绿色通道”",11
"1996.11.21","北京保税仓库进出境货物大增",11
"1996.11.22","北京外企职工关心公益事业",11
"1996.11.22","北京“大豆行动计划”启动",11
"1996.11.22","北京人艺推出剧目创作的新举措",11
"1996.11.23","男篮职业联赛福建险胜北京精狮",11
"1996.11.25","’９６北京国际室内装饰展将举行",11
"1996.11.25","爱华北京事务所成立",11
"1996.11.25","工行北京崇文区支行加强技术防范",11
"1996.11.26","北京铁路局培训基层体育干部",11
"1996.11.26","司法部团委与北京军区某部十年携手共建取得突出成绩",11
"1996.11.27","结束对亚洲五国正式友好访问乔石委员长回到北京李瑞环等在人民大会堂迎接",11
"1996.11.27","北京雍和宫举行法会庆祝十一世班禅坐床一周年",11
"1996.11.27","芝加哥第一国民银行北京分行开业",11
"1996.11.27","北京西山国际语言学校创办",11
"1996.11.28","胡锦涛参观北京“严打”展览时希望保持严打态势加强综合治理",11
"1996.11.28","生命的承诺——记武警北京一总队优秀基层干部霍山生",11
"1996.11.29","南航开通广州—北京—阿姆斯特丹航线",11
"1996.11.30","北京大学泰国研究所成立",11
"1996.12.2","北京海关查获大批走私猎隼",11
"1996.12.2","北京举办国际室内装饰展",11
"1996.12.2","北京举行艾滋病日宣传活动一百六十位预防和控制艾滋病先进个人受表彰",11
"1996.12.3","北京“严打”一线民警受赠《京都预审官》",11
"1996.12.3","北京工人作家到“燕化”采风",11
"1996.12.3","北京精狮篮球俱乐部成立",11
"1996.12.4","北京城建安装公司通过质量认证",11
"1996.12.5","男篮联赛北京队重振士气四川队主场显威",11
"1996.12.6","出席亚太经合组织领导人非正式会议并访问亚洲四国后江泽民主席回到北京李鹏乔石李瑞环刘华清荣毅仁等到人民大会堂迎接",11
"1996.12.6","北京法院树立一批审判业务标兵",11
"1996.12.6","北京湖广会馆恢复戏迷园地",11
"1996.12.7","北京百所中小学大会操",11
"1996.12.8","中日韩音乐家携手合作亚洲乐团将在北京亮相",11
"1996.12.9","北京ＰＳＥ展出最新电动汽车",11
"1996.12.9","屹立于世界医学之林——记北京神经外科研究所所长王忠诚院士",11
"1996.12.11","团中央北京市为“中国青年高级人才培训中心”青年突击队命名授旗",11
"1996.12.12","中宣部国家教委北京市委举行报告会四名模范教师事迹撼动人心",11
"1996.12.12","北京书批发市场净化源头",11
"1996.12.12","北京市今年群体竞技双丰收",11
"1996.12.12","虽是夕阳仍暖人——北京市煤炭零售业扫描",11
"1996.12.12","北京电视台《文化潮》节目引起关注",11
"1996.12.13","联合义诊在北京举行",11
"1996.12.15","北京乙烯工程通过国家验收",11
"1996.12.15","北京市表彰“严打”先进",11
"1996.12.15","增强土地忧患意识切实保护耕地资源耕地保护调研团结束江苏广东北京调研活动",11
"1996.12.16","北京建大型服装商贸城",11
"1996.12.16","爱心倾注特别人——记北京市朝阳区工读学校特殊教育新模式",11
"1996.12.17","京郊顺义高丽营发生四级地震国家地震局负责人说，北京居民不必为此不安",11
"1996.12.21","北京第一热电厂举行技改工程开工典礼李鹏强调建设优质工程",11
"1996.12.24","北京整顿财税秩序见成效今年完成财政收入可比去年增长２８．９％",11
"1996.12.24","一个牌子，你打，他也打；一个店号，北京有，上海也有。看似亲如一家，其实没啥关系——一“牌”多主为哪般",11
"1996.12.25","迟浩田结束访美回到北京",11
"1996.12.26","北京市政工程总公司获殊荣",11
"1996.12.26","北京中级法院对一著作权案作出判决",11
"1996.12.27","严重违法违纪北京市政协副主席黄纪诚被查处",11
"1996.12.27","深化商业改革提高服务水平北京市场持续繁荣",11
"1996.12.27","北京电信职工捐助希望工程",11
"1996.12.27","北京高校毕业生总体供求平衡",11
"1996.12.27","北京迎来首场排球联赛",11
"1996.12.28","力争重振雄风——访北京首钢篮球队总教练马家驿",11
"1996.12.29","圆满结束对俄罗斯工作访问李鹏总理回到北京朱镕基等在人民大会堂迎接",11
"1996.12.29","新年音乐会接二连三北京音乐厅元旦前后格外忙",11
"1996.12.30","乔石参观北京鲁迅博物馆",11
"1996.12.30","善变者胜——北京八一之战观后",11
"1996.12.31","北京培育发展旧货市场",11
"1996.12.31","北京边防局党委注重学理论",11
"1996.12.31","林文漪出任北京市副市长",11
