﻿"index","news_title","prov_cde"
"1996.1.1","厦门坚持扫黄打非",35
"1996.1.2","特区“拓荒牛”——记空后厦门企业局党委一班人",35
"1996.1.8","有声有色有趣有益莆田六中精心安排双休日",35
"1996.1.11","著名侨乡泉州铺通铁路",35
"1996.1.12","福建决定公开选拔部分副厅级干部",35
"1996.1.13","田纪云在福建考察时指出要健全社会主义民主法制",35
"1996.1.15","福建严查审判人员职务犯罪",35
"1996.1.15","甲级女排邀请赛福建队夺冠",35
"1996.1.27","福建清理税外费",35
"1996.1.28","福建六成县市财政超亿",35
"1996.2.2","福建各界人士表示继续做好对台工作",35
"1996.2.4","澳门至厦门航线将开通",35
"1996.2.6","福建南孚电池质量获好评",35
"1996.2.12","厦门建行推出住房公积金卡",35
"1996.2.13","中国女排结束漳州冬训",35
"1996.2.15","福建文化下乡红红火火",35
"1996.2.22","克服粗放型经营方式厦门着力提高经济运行质量",35
"1996.2.22","为经济发展夯实基础福建初步形成立体交通网络",35
"1996.2.24","美岭之路——福建永春县美岭村党总支带领村民脱贫致富纪实",35
"1996.2.26","破除千年陋俗——漳州市制止“普度”等封建迷信活动调查之一",35
"1996.2.27","石头山上围菜地砂子地上挖鱼塘福建海防部队副食自给有余",35
"1996.2.28","万竿青竹起南平农村人均纯收入５０％来自竹业开发",35
"1996.2.28","除旧布新的九年——漳州市制止“普度”等封建迷信活动调查之二",35
"1996.3.1","厦门外贸集团为驻军办实事",35
"1996.3.1","莆田青年推出“服务贫困村行动”",35
"1996.3.4","值得深思的三个问题——漳州市制止“普度”等封建迷信活动调查之三",35
"1996.3.6","以创业精神迎接新世纪——福建代表团访谈录",35
"1996.3.9","山中岁月新——浙西闽东贫困县纪行",35
"1996.3.12","乔石在参加福建团审议《报告》时要求大力促进“两个转变”",35
"1996.3.12","我国十二省区消灭宜林荒山广东福建实现绿化达标",35
"1996.3.15","李鹏听取山东福建代表团意见时希望两个文明一齐抓一年一个新面貌",35
"1996.3.15","闽冀陕今春将赴港招商引资",35
"1996.3.16","决策出效益——福建莆田市副市长杨鹏飞访谈录",35
"1996.3.26","漳州经济林成为高产优质产业百分之九十五的贫困户靠山地开发脱贫",35
"1996.3.29","中国乒协杯赛将在漳州举行",35
"1996.3.30","全国重点男排结束漳州集训",35
"1996.3.30","厦门二章",35
"1996.4.2","清正廉明——记漳州市委常委、政法委书记曹盛文",35
"1996.4.3","泉州邮电系统增添“双百万”",35
"1996.4.8","靠自己的骨头长肉——福建安溪县自强不息走出贫困",35
"1996.4.12","着眼提高关键工序一次合格率福建企业开展“降废减损”活动",35
"1996.4.12","中国乒协杯赛在漳州开战",35
"1996.4.25","提倡文明节俭办丧事福建推行火葬保护林地",35
"1996.4.27","斯里兰卡总统访问厦门",35
NA,NA,35
"1996.5.1","福建喜迎工运盛会",35
"1996.5.2","福建职工“老有所养”规定明确扩大受益范围建立个人帐户酌减企业负担",35
"1996.5.7","严打初战告捷群众拍手称快四川福建群众希望严打深入进行下去",35
"1996.5.7","福建足球队立志东山再起",35
"1996.5.10","武警部队在厦门召开工作会议要求做好城市警备工作",35
"1996.5.13","福建一批流氓团伙落网",35
"1996.5.20","厦门加强流动人口管理",35
"1996.5.21","厦门“严打”力度大有声威",35
"1996.5.22","全国女排锦标赛在漳州结束四川队获得冠军",35
"1996.5.23","耕山牧海植竹种果栽茶养鳗漳州农业成为支柱产业",35
"1996.5.28","漳浦水果产量居福建省榜首",35
"1996.5.31","湖南坚决治理农村“三乱”福建制止农民负担“反弹”",35
"1996.5.31","莆田江口镇党员统一佩带党徽",35
"1996.5.31","武警厦门市支队积极配合“严打”",35
"1996.6.5","公安部授予福建漳州芗城分局巡警大队一等功",35
"1996.6.6","不以牺牲环境换得经济一时发展福建增加环境保护投入江苏宜兴扶持环保产业发展",35
"1996.6.6","厦门武警力创文明形象",35
"1996.6.6","厦门公布商检签证时限",35
"1996.6.15","一路花香走漳州",35
"1996.6.19","现代都市：公交是篇大文章——来自厦门市公交总公司的报告",35
"1996.6.20","香港地区事务顾问结束福建访问",35
"1996.6.23","闽东南高新技术产业带崛起",35
"1996.6.25","福建认真落实“检察长接待日”",35
"1996.7.1","司法部国家技术监督局中央电视台联合主办《中华人民共和国产品质量法》实施三周年知识竞赛协办：中国福建·万利达电子有限公司人民日报群众工作部",35
"1996.7.9","厦门保护涉台文物古迹",35
"1996.7.10","福建公安机关与英国警方联手一起跨国绑架案告破",35
"1996.7.12","福建浦源村天然鲤鱼溪揽胜（）",35
"1996.7.14","不再“撒胡椒面”选择重点产业福建优化财政支农",35
"1996.7.15","沿海发达地区扶贫的启示——福建省扶贫调研报告",35
"1996.7.16","“人民”二字重似泰山——记福建漳州市一一○报警服务台",35
"1996.7.17","特区繁荣不忘农村身居闹市心系基层厦门农村党建实施四项工程",35
"1996.7.19","守着金海岸岂能当穷汉宁德走上脱贫致富路",35
"1996.7.19","百余位书画印名家在厦门聚会",35
"1996.7.23","献给长城的挚爱——福建人民爱国拥军纪实",35
"1996.7.24","漳州兴建５０公里花卉长廊",35
"1996.7.27","闽西，与贫困决战",35
"1996.7.28","全国各经济特区代表聚集厦门研讨特区精神文明建设要走在全国前列",35
"1996.8.2","建设不忘海防致富不忘驻军厦门双拥办实事重实效",35
"1996.8.2","福建台湾遭８号台风袭击",35
"1996.8.6","福建省委倡导年轻干部多学习少应酬多读书少游乐",35
"1996.8.7","厦门：休闲式购物",35
"1996.8.13","厦门市政协成为特区“智囊团”",35
"1996.8.14","福建瑞闽铝板带有限公司投产",35
"1996.8.18","推动群众性精神文明建设上新台阶福建重点办好１０件实事",35
"1996.8.19","宁德：军民共建小康村",35
"1996.8.22","设立投诉中心推行效能监督厦门市加强勤政建设",35
"1996.8.22","福建工行引进新式大型计算机",35
"1996.8.24","摇篮情——漳州支持女排打翻身仗纪实",35
"1996.8.26","人民警察的神圣天职——记漳州１１０报警服务台",35
"1996.8.30","加快快速反应步伐增强治安防控能力公安部推广“漳州１１０”报警台经验",35
"1996.9.2","漳州警方破获一起重大盗窃文物案",35
"1996.9.6","厦门有家昼夜服务的储蓄所",35
"1996.9.6","姜春云在福建考察时强调确保农业和二三产业协调发展",35
"1996.9.9","福建建瓯以竹富市",35
"1996.9.13","海峡两岸（漳州）农业合作试验基地启动",35
"1996.9.13","福建贸洽会成果丰硕",35
"1996.9.17","公私分明自不凡——记福建省清流县国税局专管员袁庭钰",35
"1996.9.17","厦门两章",35
"1996.9.23","龙岩：扶贫扶到户普遍推行“两个一千”工程",35
"1996.9.23","点草成“金”——记福建农大高级农艺师林占熺",35
"1996.9.24","全国羽毛球锦标赛男女团体赛广东福建湖北广西分获决赛权",35
"1996.9.26","维护边沿临界地区社会稳定闽粤赣公安加强协作",35
"1996.9.26","全国羽毛球锦标赛团体赛福建湖北分获男女冠军",35
"1996.10.3","为国有企业改革与发展营造良好环境福建帮助国企解“三难”",35
"1996.10.3","旅游·文化·文明——福建省创建文明旅游区暨旅游文化研讨交流会侧记",35
"1996.10.4","厦门开始建设“台湾一条街”",35
"1996.10.6","再访三明看政风",35
"1996.10.7","福建实施四大环保工程",35
"1996.10.7","国办军办转发南京军区有关情况报告福建适应新形势大力拥军优属",35
"1996.10.10","福建工行开辟服务新天地",35
"1996.10.18","三代同龙——记福建舞龙队",35
"1996.10.21","福建党政军领导及各界群众集会龙岩",35
"1996.10.26","还我青山——福建宁德地区治理乱建坟墓纪实",35
"1996.10.28","省人大常委会通过有关议案福建环卫工有了自己节日",35
"1996.10.30","贾庆林任北京市代市长陈明义任福建省委书记贺国强任福建省代省长",35
"1996.10.31","中国羽毛球公开赛福建女将刘桢战胜韩国好手",35
"1996.11.11","千里寄情联手治贫福建宁夏对口帮扶共谋发展",35
"1996.11.12","《党和国家领导人在福建》大型画册出版发行",35
"1996.11.12","闽侯公安多路出击破大案",35
"1996.11.17","保护耕地加大投入福建粮食连年增产",35
"1996.11.17","举全力以攻坚——看泉州怎样缩小贫富差别",35
"1996.11.18","为特区再添光彩——厦门市社会用字清理整顿工作纪实",35
"1996.11.19","恰似白鹭栖厦门",35
"1996.11.19","福建联通公司开通移动电话",35
"1996.11.20","交流体育宣传经验报道侨乡体育新貌全国日报体育新闻学会年会在闽召开",35
"1996.11.23","男篮职业联赛福建险胜北京精狮",35
"1996.11.26","厦门金卡工程启动",35
"1996.11.26","中国银行闽西扶贫重开发既向老区倾斜又讲信贷效益",35
"1996.11.28","机制的力量——记河南平顶山医药集团",35
"1996.11.28","共同富裕思想在福建农村的实践",35
"1996.11.30","培养跨世纪的文武全才——访泉州南少林武术学校校长陈忠文",35
"1996.11.30","繁忙的厦门东渡港",35
"1996.12.2","严格执法执纪加大减负力度福建制止农民负担反弹",35
"1996.12.3","农科教结合提高整体素质三明形成高效农业产业链",35
"1996.12.5","朱镕基在福建考察时指出正确看待国有企业困难严格控制新上工业项目",35
"1996.12.10","福建省立法加强文物保护与管理",35
"1996.12.19","乘风逐潮再扬帆——写在厦门经济特区建设１５周年之际",35
"1996.12.19","厦门庆祝经济特区建设１５周年李鹏致信祝贺田纪云出席讲话",35
"1996.12.22","讲究科学规划注重配套开发厦门抓基础设施促经济增长",35
"1996.12.27","厦门银城足球队力争明年冲进甲Ｂ",35
"1996.12.28","同则安安则富——厦门市同安县委书记卓钦锐一席谈",35
"1996.12.30","四年拓宽改造四千公里国道省道福建完成公路“先行工程”",35
