﻿"index","news_title","prov_cde"
"1996.1.4","老区翻身领头人——记巴中地委书记韩忠信",51
"1996.1.5","中国成都人才市场开业",51
"1996.1.8","成都审结一起计算机软件侵权案被告北京泰勒公司赔偿１３００万元",51
"1996.1.11","泸州：老窖池群成文物",51
"1996.1.14","成都公众信息网开通",51
"1996.1.17","成都双流机场更名国际机场",51
"1996.1.23","查封仅一个多月又热闹如旧；各种药品无所不有，批量小了没有发票；摊位多逾百家，提货另有地方；市场管理人员对非法药贩不管——成都非法药市暗访记",51
"1996.1.24","明察暗访逐家清查四川把“扫黄打非”引向深入",51
"1996.1.24","大凉山上群体花开",51
"1996.1.26","上海查获重大假药案已有１４吨假药流向四川河南等地",51
"1996.1.27","广元散记",51
"1996.2.13","宋宝瑞当选四川省省长",51
"1996.2.13","四川实施“千亿工程”",51
"1996.2.14","敬业创业兴业广安建区两年经济发展迅速去年与建区前相比，粮食总产增长８．２％，乡镇企业总产值增３倍多",51
"1996.2.15","四川省慰问甘孜受灾藏族群众",51
"1996.2.16","成都１０万居民喜迁新居",51
"1996.2.16","慰问遭受寒潮雪灾的群众　国务院工作组深入甘孜灾区",51
"1996.2.24","纪检监察机关将监督关口前移广元廉政教育出新招",51
"1996.2.25","四川抓住机遇富民兴川力争“九五”期间经济发展再上一个新台阶",51
"1996.2.26","达川乡镇企业名列四川前茅",51
"1996.2.26","成都艾特航空制造公司成立",51
"1996.3.7","巴西总统表示将全面发展巴中关系澳大利亚政府将保持对华友好政策瑞典外长重申奉行“一个中国”政策",51
"1996.3.9","李鹏听取四川代表团审议时指出抓住机遇发展四川大有希望",51
"1996.3.14","乔石参加四川代表团讨论时强调努力建设社会主义法制国家",51
"1996.3.24","四川检察机关严查经济罪案立案查办经济罪案四千余件挽回损失三亿余元",51
"1996.3.25","第十届贺龙杯赛四川全兴队捧杯",51
"1996.3.26","巴基斯坦是中国挚友——克齐大使谈中国改革和巴中合作",51
"1996.3.27","成都市开设直销菜摊点",51
"1996.3.28","大凉山的彝族乡医",51
"1996.4.2","四川首座余能发电站在涪陵建成",51
"1996.4.2","成都铁路公安严打刑事犯罪",51
"1996.4.3","由封闭管理走向透明服务成都百万职工领取社会保险卡",51
"1996.4.4","“长征·世纪丰碑”纪念活动拉开帷幕    电视《长征纪事》在四川首映",51
"1996.4.9","唐巴公路巴中段竣工",51
"1996.4.15","揭幕战上海申花３∶０大胜四川全兴",51
"1996.4.19","环境整治有力资源保存完好    峨眉山申报世界文化与自然遗产",51
"1996.4.22","四川用抓农业劲头抓工业争取“九五”末技术进步贡献率提高到４０％",51
NA,NA,51
"1996.4.29","天津城建系统开展文明服务四川坚持十年创建文明城市",51
"1996.4.29","峨眉山——乐山大佛申报世界自然与文化遗产",51
"1996.4.30","发挥综合优势积极参与建设四川联大为区域经济发展扛鼎",51
"1996.5.1","四川职工体育活跃",51
"1996.5.2","蜀道难将有明显改观四川积极修筑高速公路",51
"1996.5.3","全国青少年软式网球锦标赛将在成都举行",51
"1996.5.6","贝·布托说巴中友谊久经考验",51
"1996.5.7","严打初战告捷群众拍手称快四川福建群众希望严打深入进行下去",51
"1996.5.10","陈俊生在四川考察时强调农村要把支柱产业建设好",51
"1996.5.12","山水成诗更生财——“三苏”故里眉山县兴农见闻",51
"1996.5.13","四川建我国最大赖氨酸装置",51
"1996.5.14","四川采取措施保障农民利益防止小春收购出现卖难和“白条”现象",51
"1996.5.15","绵阳电子工业靠科技增强竞争力",51
"1996.5.17","陈俊生在四川考察时强调扶贫攻坚关键在团结苦干",51
"1996.5.20","重庆歌乐山烈士陵园受蚕食",51
"1996.5.21","南充纪念罗瑞卿九十诞辰",51
"1996.5.21","庆贺巴中建交４５周年巴领导人致电盛赞巴中友谊我驻巴使馆举行招待会和展卡齐说巴中关系是国家关系典范",51
"1996.5.21","峨眉山乡（）",51
"1996.5.22","成都光纤综合信息网初具规模",51
"1996.5.22","全国女排锦标赛在漳州结束四川队获得冠军",51
"1996.5.23","西水东调富四川——记国家重点大型水利骨干工程武都引水工程",51
"1996.5.23","庆贺巴中建交四十五周年吉拉尼议长致电乔石巴中友好协会举行庆祝招待会",51
"1996.5.24","保卫成都平原——来自四川的耕地报告",51
"1996.5.25","第六届文华奖在成都颁奖",51
"1996.5.29","四川凉山州整治治安混乱地带",51
"1996.6.3","四川造地与占用耕地持平有余平顶山开发复垦率居全国先进水平",51
"1996.6.6","亚行向四川铁路项目提供贷款",51
"1996.6.7","发挥资源优势振兴地方经济雅安因地制宜抓“三头”产业",51
"1996.6.7","“天府”热土——四川台商投资一瞥",51
"1996.6.13","成都警民联手“严打”",51
"1996.6.15","司法部与四川省将共建西南政法大学",51
"1996.6.19","合肥成都发生破坏机场净空事件",51
"1996.6.20","夯实农业基础推进“两个转变”　河北农业产业化进程加快四川农田水利建设见实效",51
"1996.6.21","让百姓吃上“放心肉”——记四川省乐山市的畜禽防检工作",51
"1996.6.22","为官要实为人要真——四川省通江县委书记刘道平一席谈",51
"1996.6.24","广元警方摧毁特大车匪团伙",51
"1996.6.26","成都军区某部开出“法制宣传大篷车”",51
"1996.7.1","要生存，必须发展——记四川绵阳城郊信用社",51
"1996.7.10","重庆致力保护歌乐山烈士陵园",51
"1996.7.11","“人心也是资产”——成都前锋电子股份有限公司思想政治工作采访录",51
"1996.7.15","今日乐山更秀美（）",51
"1996.7.17","四川组织民间奥运拉拉队",51
"1996.7.18","四川省贸易博览会在内罗毕开幕",51
"1996.7.22","四川探明九十四种矿产储量",51
"1996.7.29","为用户服务对用户负责让用户满意四川５５家企业发表质量保证声明",51
"1996.7.29","宜宾投放３０尾中华鲟鱼入长江",51
"1996.8.7","走出书斋深入工农四川大中学生踊跃参加暑期社会实践",51
"1996.8.7","“连成一串珠走活一盘棋”——四川农村“评三户”促精神文明建设探秘",51
"1996.8.8","整顿基层组织增强“细胞”活力四川强乡村班子",51
"1996.8.12","用科学思想教育农民——四川农村拆小庙引发的思考",51
"1996.8.13","沙龙网球赛成都站比赛收拍杭州站比赛移师成都继续进行",51
"1996.8.16","南充确保粮油稳定增长",51
"1996.8.19","立草为业种草养畜凉山牧业兴旺",51
"1996.8.19","全国网球巡回赛成都站落幕潘兵李婷单打夺冠",51
"1996.8.21","加强基础建设壮大经济实力四川确定１００个重点项目",51
"1996.8.27","焦作小康文化进村入户巴中重视爱国主义教育",51
"1996.8.28","四川省将承办第六届全国大学生运动会",51
"1996.9.1","研究实际问题提高决策水平四川各级干部学理论形成制度",51
"1996.9.5","中国足协处罚四川全兴队",51
"1996.9.6","全国人大常委会加强《教育法》执法检查四川依法治教实现三个增长",51
"1996.9.6","吸取教训　从严治队四川全兴队痛定思痛",51
"1996.9.9","成都郊区兴起花木专业村",51
"1996.9.10","成都公交公司——取信于民收复“失地”",51
"1996.9.12","心血凝成巴中路（）",51
"1996.9.19","四川省经贸洽谈会在法国举行",51
"1996.9.20","成都铁路局实现减员增效",51
"1996.9.23","胡锦涛在四川考察时强调路线是根本干部是关键",51
"1996.9.23","广安：谁加重负担罢谁的官",51
"1996.9.26","乔石在四川考察时要求加快发展高新技术产业",51
"1996.10.2","四川“严打”取得阶段性成果",51
"1996.10.8","成都毛巾二厂靠技改增效益",51
"1996.10.8","绵阳八方挖潜带活全盘",51
"1996.10.9","四川城乡同步创文明",51
"1996.10.9","阿拉法特盛赞巴中传统友谊",51
"1996.10.10","“园丁小区”拔地起“红烛新村”配套全四川广厦工程初报捷",51
"1996.10.13","卡杜米赞扬巴中友谊",51
"1996.10.18","四川深化投资体制改革",51
"1996.10.18","创建文明城市塑造美好心灵巴中“细胞工程”充满活力",51
"1996.10.20","第三届全国农运会在沪落幕下届将于2000年在四川绵阳举行",51
"1996.10.21","圣火照亮大凉山",51
"1996.10.22","成都国营肉店销鲜储活",51
"1996.10.23","为下届农运会早做准备——访四川省副省长敬正书",51
"1996.10.29","成都—曼谷正式通航",51
"1996.10.30","“绵阳杯新闻摄影比赛”征稿启事",51
"1996.11.4","朱镕基在四川考察时指出贫困地区要把解决温饱放首位国有企业要振奋精神提高效益",51
"1996.11.4","成都龙泉驿区对入伍青年“管全程”",51
"1996.11.9","夕阳茶馆“红”泸州",51
"1996.11.18","巴中工行服务地方两个文明建设",51
"1996.11.18","四川推出英汉翻译机",51
"1996.11.19","绵阳市足球俱乐部成立",51
"1996.11.21","巴中地区注重保全银行资产",51
"1996.11.25","国务院近日发出通报重申严禁非法金融活动维护经济秩序稳定兰溪非法成立的金融机构被取缔四川省直属机关工会擅自设立互助基金会被查处",51
"1996.11.28","勤“补脑”慎换人四川着力提高农村干部素质",51
"1996.11.29","搞宣传抓班子找路子四川为扶贫攻坚“约法四章”",51
"1996.12.4","大凉山的选择——四川凉山彝族自治州巨变纪实",51
"1996.12.5","男篮联赛北京队重振士气四川队主场显威",51
"1996.12.7","当好国企“清道夫”——四川省泸州市纳溪区委书记侯本立一席谈",51
"1996.12.7","峨眉山——群猴大迁移",51
"1996.12.8","成都至雅安高速公路动工",51
"1996.12.9","四川二十三家特困企业走出低谷",51
"1996.12.9","改善基础设施实施产业倾斜四川扶持川中川北",51
"1996.12.9","峨眉山—乐山、庐山风景区列入《世界遗产名录》",51
"1996.12.11","四川广安引资项目在京签字",51
"1996.12.12","成都严格考核县级领导班子",51
"1996.12.16","巴中共赞和平共处座谈会举行",51
"1996.12.16","泸州市纳溪区连续１７年粮食丰收",51
"1996.12.22","四川白玉新龙之间发生５．５级地震",51
"1996.12.28","中华武术散手擂台赛在成都开赛",51
"1996.12.30","全国排球甲级联赛再战四川男队八一上海女队两战两胜",51
