﻿"index","news_title","prov_cde"
"1996.1.2","杭州千名青年向全国青年发出倡议爱国敬业岗位成才",33
"1996.1.4","大连温州澳门航线开通",33
"1996.1.4","办文明事做文明人杭州加强公德意识教育",33
"1996.1.4","绍兴成为没有围墙的博物馆",33
"1996.1.4","钱少也能办大事——温州建成体育馆侧记",33
"1996.1.5","浙江首条高速公路通车",33
"1996.1.5","浙江试行定额银行本票业务",33
"1996.1.8","以改革求发展靠服务促效益浙江供销社利润居同行前茅",33
"1996.1.8","“海外宁波人研究会”成立",33
"1996.1.8","自然科学基金会鼎力相助浙江青年科学家勇攀高峰",33
"1996.1.9","浙江工会向困难职工家庭送温暖　盐城农村党员与群众结对奔小康",33
"1996.1.10","杭州推出“钟点厨师”沈阳走俏家庭式快餐",33
"1996.1.10","交警规范执勤杭州市民高兴",33
"1996.1.10","金华站售货车坑人",33
"1996.1.12","李鹏总理致信浙江人民美术出版社希望继续关心少儿的健康成长",33
"1996.1.12","杭州“解百”管理上新台阶",33
"1996.1.12","浙江人民美术出版社精心出版大型卡通连环画中华少年多奇才",33
"1996.1.12","浙江农大让小气候变大气候",33
"1996.1.16","温州向国外输出大家电生产线",33
"1996.1.16","送戏下乡服务农民浙江“小百花”香飘原野",33
"1996.1.16","浙江三家无照经营民航单位被停业",33
"1996.1.17","杭州组织名演员坚持送戏到远山",33
"1996.1.18","歌颂新时代儿女弘扬新时代精神浙江宣传百名先进人物",33
"1996.1.18","李鹏考察浙江、江苏、上海时指出上海建成国际航运中心意义重大",33
"1996.1.19","浙江师大举办第十届大学生电影节",33
"1996.1.22","保护耕地不能成为空话——关于台州市黄岩区繁三村耕地锐减情况的调查",33
"1996.1.23","经济与党建“四同步”——浙江省绍兴县党建工作纪实",33
"1996.1.25","杭州专业市场跟大商场叫板西泠家电撤出大商场",33
"1996.1.26","浙南建成大型水产品批发市场",33
"1996.1.27","铁路建设“中取华东”又结硕果浙赣复线全线开通运营东到杭州西至株洲",33
"1996.1.29","浙江全面创建文明城市",33
"1996.2.3","男篮联赛杭州赛区受处罚",33
"1996.2.6","浙江收购棉花三万四千吨比上年增长近三成价格执行良好",33
"1996.2.8","扶持优势企业组建集团浙江努力提高经济运行质量",33
"1996.2.12","衢州建桥展新容",33
"1996.2.12","温州“海上长城”崛起东海之滨",33
"1996.2.13","绍兴书法展在京举行",33
"1996.2.15","浙江涌暖流各界“攀穷亲”",33
"1996.2.16","浙江省出版总社千方百计保证优秀读物出版渠道的畅通。他们把多出精品视为——历史的责任",33
"1996.2.22","宁波围绕经济建设加强党建三分之一行政村步入小康",33
"1996.2.26","为有奇葩俏枝头——绍兴丝绸印花厂创一流增效益纪事",33
"1996.2.26","杭州强化城市规划管理",33
"1996.2.28","安徽加大投入办水利浙江推广机械化施工",33
"1996.2.29","钢厂为何选它为代理商——浙江金属材料公司推行“代理制”小记",33
"1996.3.1","浙江春耕物资准备充足",33
"1996.3.4","杭州历时８年修成《西湖志》",33
"1996.3.5","张蔚文当选为宁波市市长",33
"1996.3.7","乔石参加浙江代表团审议《报告》时强调依靠自己力量解决农业问题",33
"1996.3.9","山中岁月新——浙西闽东贫困县纪行",33
"1996.3.14","温州球迷自费赴马为国奥助阵",33
"1996.3.14","柳州举办“银荔杯”中国足球精英赛温州球迷自费赴马为国奥助阵",33
"1996.3.14","浙江农资的《自律公约》",33
"1996.3.15","国际女篮赛移师宁波",33
"1996.3.23","为了群众的生活质量——温州市瓯海区委书记翁锦武一席谈",33
"1996.3.25","全国男篮联赛第五名争夺战山东客场击败浙江",33
"1996.3.26","浙江给地注册",33
"1996.3.27","舟山：渔岛变成“风景岛”",33
"1996.4.3","浙江归来话期货",33
"1996.4.4","杭州出租车：“有零找零，无零让零”",33
"1996.4.8","杭州牡丹芍药花展开幕",33
"1996.4.9","温州举办歌唱家成名歌曲演唱会",33
"1996.4.11","汽车电路故障监护器在湖州问世",33
"1996.4.12","浙北筑起“通天路”",33
"1996.4.13","“雏鹰行动”在温州",33
"1996.4.17","烟柳画桥写新韵——专家纵论杭州文化发展战略",33
"1996.4.18","第二次飞跃——绍兴市企业尝试资本经营",33
"1996.4.24","浙江一读者致函本报建议多宣传徐虎式的先进典型",33
"1996.4.24","绍兴文理学院成立",33
"1996.4.24","青山为何被“白化”——温州部分地区滥建坟墓的调查",33
"1996.4.26","经济发展迅速绿水青山如故杭州保护西子湖",33
NA,NA,33
"1996.4.29","温州电机总厂实施“人才工程”",33
"1996.4.30","江浙服装何以称雄？",33
"1996.5.3","迟浩田考察驻江浙部队时强调把讲政治的要求落到实处",33
"1996.5.9","湖州高起点建设建材基地",33
"1996.5.9","浙江破案势如破竹摧毁一批带有黑社会性质的犯罪团伙",33
"1996.5.9","“双向交流”添活力——浙江江山水泥厂加强干部队伍建设记事",33
"1996.5.13","杭州抗咸一期工程建成通水",33
"1996.5.13","杭州加快城市基础设施建设",33
"1996.5.14","降低学校菜价的好办法——宁波尝试市场直供",33
"1996.5.15","杭州丝绸火京城",33
"1996.5.16","兴洋浙东毛毯公司投产",33
"1996.5.18","３０多年前，３０００多名来自江浙一带的儿童在马背上开始了新的人生。如今，在他们的心中——草原永远是故乡",33
"1996.5.19","浙江专业市场实施管办分离",33
"1996.5.20","突出政绩造福于民良好政风取信于民名绍兴加强乡镇干部思想政治教育",33
"1996.5.20","杭州古玩书画展卖备受青睐",33
"1996.5.21","浙江基础设施建设成就显著五年投资两百多亿元建设重点项目六十五项",33
"1996.5.29","积极参与上海国际航运中心建设宁波港国际集装箱运输加快",33
"1996.5.29","自编自演形式多样浙江环东集团企业文化有特色",33
"1996.5.30","浙江一批案犯投案自首",33
"1996.5.31","嘉兴天天集团靠质优立足市场",33
"1996.6.4","小事做起讲勤俭精打细算求效益工行台州分行不摆阔",33
"1996.6.6","不在市场后面转当季服装当季产宁波“一休”推行快速生产法",33
"1996.6.8","吴邦国在浙江考察时强调坚持“三个有利于”标准加快企业改革和发展",33
"1996.6.9","本报浙江记者站新闻大楼启用",33
"1996.6.10","浙江城镇人均居住面积居全国前茅",33
"1996.6.11","浙江商业厅转制为集团公司",33
"1996.6.12","巧架财务重组之桥解除银企两家之难金华建行帮企业化解不良资产",33
"1996.6.13","钱其琛在浙江考察时指出发挥地方优势促进经济发展",33
"1996.6.14","浙江：农资价格涨幅回落新涨因素逐月增大",33
"1996.6.16","修水利开荒山办渔场绍兴县企业投资办农业",33
"1996.6.17","加强农村精神文明建设重要举措浙江“拆坟还耕”专项治理见成效",33
"1996.6.18","浙江飞雁公司勇闯国际市场",33
"1996.6.20","中国浙江省在巴黎举行经贸洽谈会",33
"1996.6.21","浙东“唐诗之路”",33
"1996.6.27","浙江党员干部带头拆坟还耕",33
"1996.7.2","金华温州铁路全线铺轨",33
"1996.7.3","浙赣皖黔部分市县遭暴雨袭击有关省市地县领导到现场和军民一起奋勇抗洪",33
"1996.7.5","黔皖浙赣最新水情灾情防汛专家说，目前南方洪水出在中小河流，大江大河水势平稳",33
"1996.7.5","杜绝“人情方”不开“搭车药”杭州第三医院与企业双向管理医药费",33
"1996.7.8","创建文明新社区——杭州市下城区精神文明建设巡礼",33
"1996.7.11","昨日下岗女工今朝改变观念杭州涌现“新保姆”",33
"1996.7.11","行动快工作实浙江对口支援三峡库区成效好",33
"1996.7.14","浙江森林覆盖率冠全国",33
"1996.7.14","旅日华侨为黔皖浙灾区捐款",33
"1996.7.15","宁波改水",33
"1996.7.22","金华今华（）",33
"1996.7.29","关键在于怎么干——温州市二次创业散记",33
"1996.7.29","宁波军营文化与群众文化互补",33
"1996.7.29","典型在身边对照找差距陈金水事迹在浙江反响强烈",33
"1996.7.29","浙江１００所初中建在贫困地区",33
"1996.7.30","杭州大学提高办学效益",33
"1996.7.31","生产门类齐全技术装备先进浙江二轻经济迅速崛起",33
"1996.8.9","不脱产不离岗边工作边攻读浙江上千名领导干部学习研究生课程",33
"1996.8.9","宁波开展告别尼古丁妙语赛",33
"1996.8.12","“青春宝”：合资更促资产增值——杭州中药二厂与泰国“正大”合资记事",33
"1996.8.12","上海五位老教授温州种田当大户",33
"1996.8.12","改革办学体制的有益探索——浙江温州民办教育调查",33
"1996.8.13","温州企业界成立ＣＩＳ联谊会",33
"1996.8.13","沙龙网球赛成都站比赛收拍杭州站比赛移师成都继续进行",33
"1996.8.14","依法用地节约用地保护耕地台州造地改田工程全面启动",33
"1996.8.14","浙江严治公路“三乱”三名县处级干部受处分",33
"1996.8.14","浙江小记者赴香港采访",33
"1996.8.15","宁波农资连锁经营农资价格降低１０％左右",33
"1996.8.15","杭州邮电部门全面实施承诺服务",33
"1996.8.19","浙江金华公安机关从严治警",33
"1996.8.25","绍兴企业投资建设旅游景点",33
"1996.8.25","浙江财政收入增长较快",33
"1996.8.26","绍兴出现全新模式的汽车市场",33
"1996.8.26","引进八方人才完善用人机制绍兴惜才如金",33
"1996.8.26","浙江３０００民办农研所为农技推广播火添薪",33
"1996.8.26","遏制不入腰包的腐败——让人警醒的浙江３７件特大玩忽职守案透视",33
"1996.9.1","电视《毛泽东在浙江》开播",33
"1996.9.1","定制度勤检查浙江加强干部廉洁自律",33
"1996.9.2","浙江农民现金收入增幅回落",33
"1996.9.4","绍兴万达公司白手起家渐成气候",33
"1996.9.5","海协复信台湾海基会就浙江和台湾两渔船绞网纠纷事作答复",33
"1996.9.5","荒坡崛起工业城——浙江省义乌经济开发区巡礼",33
"1996.9.6","浙江帮扶特困职工克服困难",33
"1996.9.6","全国女篮甲级联赛再战一轮北京力克河北辽宁挫败浙江",33
"1996.9.10","杭州电信局——电话现装故障随修",33
"1996.9.23","台州基建行业犯罪增多",33
"1996.9.25","洋洋宁波港",33
"1996.9.25","绍兴关停78家黄酒生产企业",33
"1996.10.3","浙江金华海关正式开关",33
"1996.10.4","浙江移动电话容量上百万",33
"1996.10.7","平价是法宝——记宁波华侨交家电市场",33
"1996.10.8","为化清泉驻人间——工商银行浙江分行优质服务记事",33
"1996.10.11","开发农业成了投资新热点宁波五家企业共拎菜篮子",33
"1996.10.16","“德者，才之帅也”——浙江艺德讨论引起广泛共鸣",33
"1996.10.17","瞄准“两个市场”——浙江大陈服装开拓国内国际市场记事",33
"1996.10.20","沪甬联手解救舟山“水困”",33
"1996.10.21","宁波奥克斯空调产销量增长快",33
"1996.10.21","资本增值低耗产品优质高效绍兴工业步入良性发展",33
"1996.10.22","杭州明确亏损企业考核监督措施不扭亏不提拔调动连亏两年就地免职或降职安排",33
"1996.10.22","宁波住宅产业科技园区揭幕",33
"1996.10.29","浙中山区崛起科技五金城",33
"1996.10.31","浙江边防部队为巩固边防做贡献",33
"1996.10.31","宁波大学喜庆建校十周年",33
"1996.11.1","以道德建设为基础努力创造成材条件杭州大学全面提高学生文明素质",33
"1996.11.4","浙江乡企转制后优势明显",33
"1996.11.4","“借”出名牌来——浙江安松集团的经营术",33
"1996.11.6","姜春云在浙江考察时强调抓好农业两个转变引导农民进入市场",33
"1996.11.7","水库，靠谁投资建设？过去提出这个问题，答案肯定惊人的相似。可是现在，浙江出了“新名堂”——用“五自”办法建水库",33
"1996.11.9","荣毅仁会见香港苏浙同乡会访京团",33
"1996.11.11","浙江工行资金向重点倾斜",33
"1996.11.12","浙江商检局开展质量认证",33
"1996.11.17","新闻界在浙江金华集会纪念邵飘萍诞辰一百一十周年",33
"1996.11.18","绍兴公安局加强自身督察",33
"1996.11.19","台州路桥区加强市民意识教育",33
"1996.11.21","中华武术散手挑战赛将在温州举行",33
"1996.11.24","德国总统赫尔佐克访问杭州",33
"1996.11.25","确立社会主义义利观——访中共浙江省委书记李泽民",33
"1996.11.26","温州市举办反腐败斗争成果展",33
"1996.11.28","为农民进市场架桥梁提高农产品商品率浙江涌现５０００家农业龙头企业",33
"1996.11.28","浙江中欣打响头炮",33
"1996.11.29","冀晋浙皖赣等九省国道省道无“三乱”",33
"1996.11.30","走出拜金主义误区的温州人，如今富而治假，富而求洁，富而思文，富而兴教，精神面貌有了喜人而深刻的变化——刮目看温州",33
"1996.12.1","集体家底殷实了——浙江农村见闻",33
"1996.12.2","李鹏在浙江考察能源重点项目指出国家支持核电实现资金技术与人才的滚动发展",33
"1996.12.5","１９８４年，温州市的龙港还只有几个小渔村；１２年后，这里已有近１４万人口，工农业总产值２５亿元，两个文明建设取得丰硕成果。龙港——中国农民的骄傲",33
"1996.12.6","浙江粮食大丰收",33
"1996.12.11","轰动全国的宁波三星仪表厂陈氏姐妹劳动争议案，在工会的帮助下，最近终于画上了句号。请看报道——讨回公道",33
"1996.12.17","上海工行当好国企“金融参谋”浙江工行为企业联营做“红娘”",33
"1996.12.22","利用独特优势调整经济结构宁波抓港口建设促产业发展",33
"1996.12.23","台州路桥区建立基层宣传员队伍",33
"1996.12.25","一种新型涂料在温州研制成功",33
"1996.12.25","上海华联超市获超常发展在沪浙皖办起上百家连锁店",33
"1996.12.26","青岛深圳宁波大连对口帮扶贵州已投资１．８３亿元首批扶贫开发项目全面启动",33
"1996.12.27","武警部队决定向浙江三中队学习",33
"1996.12.30","经济强县办教育水乡绍兴更夺目",33
"1996.12.31","已有西湖天下景再造“天堂”新形象杭州提高城市综合素质",33
