﻿"index","news_title","prov_cde"
"1996.1.1","江泽民在汕头考察时希望所有经济特区继续开拓前进走在全国前面",44
"1996.1.2","省港杯足球赛广东队大胜香港队",44
"1996.1.2","舟桥劲旅展雄风——记广州军区某舟桥旅党委“一班人”",44
"1996.1.2","粤城灯火",44
"1996.1.3","广东外贸突破千亿美元",44
"1996.1.4","深圳将办照相器材博览会",44
"1996.1.4","中国鸵鸟走向海外广东英吉利公司首批将出口日本２００只",44
"1996.1.4","人民日报在陕粤桂发行量全面上升陕西比上年增长３２．２３％，升幅居全国之首",44
"1996.1.5","以张家港为榜样三五年内见成效广东精神文明建设从发达县市抓起",44
"1996.1.5","珠海开发区６年成果显著又一批新项目年前奠基",44
"1996.1.5","打工仔的“保护神”——记珠海市劳动监察大队",44
"1996.1.6","脱贫致富希望在山——广东省始兴县县长李石保一席谈",44
"1996.1.7","深圳探索共同富裕之路向受灾贫困地区捐款贷款数亿扶持百余项目",44
"1996.1.7","赣粤边游击战争纪念馆建成",44
"1996.1.8","保护知识产权净化文化市场琼粤湘津查禁非法放映雷厉风行",44
"1996.1.8","粤桂联手破获特大银行抢劫案７名主犯已有４名落网，其余正在追捕",44
"1996.1.8","省港杯足球赛广东队大胜捧杯",44
"1996.1.10","深圳“金鸟”飞入宜黄山区",44
"1996.1.10","东莞建成大型润滑油市场",44
"1996.1.11","十五万次铃声十个春秋真情广州市长电话成为民意渠道",44
"1996.1.11","全国大中企业乒球赛在汕头揭幕",44
"1996.1.14","汕头各界向西北献爱心送温暖１０天捐衣被５０余万件、１２０多万元",44
"1996.1.15","深圳进出口贸易再创佳绩",44
"1996.1.16","“动大手术”之后——深圳赛格集团转变经营方式纪事",44
"1996.1.17","第五届国际粤方言研讨会强调加强粤方言研究推动普通话教学",44
"1996.1.18","深圳市工商税收达到１２５亿元",44
"1996.1.19","吸纳八方人才促进经济建设深圳１５年引进人才１０余万",44
"1996.1.19","肇庆旅游带动第三产业",44
"1996.1.22","深圳扶贫基金增加九千万元",44
"1996.1.22","严厉打击盗版和非法出版活动广东向光盘生产厂派驻监督员",44
"1996.1.23","朱镕基在广东考察加工贸易时说建立银行保证金台帐利于监管",44
"1996.1.26","广东天网卫星监控保安系统启用",44
"1996.1.28","年轻的广州芭蕾舞团将在京演出",44
"1996.1.29","广东汇丽公司只顾收钱不寄货",44
"1996.1.30","深圳“采购”南籍球员",44
"1996.1.30","出色的答卷——记云浮市六都管理区党支部书记刘植兴",44
"1996.1.31","武警广东边防总队医院谱写奉献曲",44
"1996.2.1","“廉价甩卖”、“买一送一”，这些流行的营销方式，在中山商厦没有市场。进货渠道、商品加价率，这些传统的“商业秘密”，在中山商厦被一概公开。商务公开：商家竞争又一招",44
"1996.2.4","洛林·马泽尔火爆京沪广东创作歌曲大赛颁奖《苍天在上》引起强烈反响音乐舞蹈演出多",44
"1996.2.5","汕头邮电系统心系老区教育事业",44
"1996.2.6","广州盘古电子有限公司奠基",44
"1996.2.6","广东严厉打击知识产权犯罪去年检察机关共受理侵权案二百余件立案侦查一百件",44
"1996.2.6","《话说汕头》开拍（）",44
"1996.2.7","广东“兴水安邦”起高潮吴江经济发展更重视水利建设",44
"1996.2.8","湛江赤坎区税务管理电子化",44
"1996.2.11","卢瑞华当选广东省省长",44
"1996.2.11","北京中山公园将有迎春大游园",44
"1996.2.13","查荒灭荒复耕还田广东五月份后不留闲置地",44
"1996.2.15","北京中山公园开办售花厅",44
"1996.2.15","广州小康住宅示范小区开工",44
"1996.2.17","荣毅仁田纪云与广州军民联欢",44
"1996.2.18","追根溯源从严执法连战连捷深圳破获５宗特大制黄贩黄盗版案",44
"1996.2.19","乔石在广东考察时强调扎实工作开创现代化建设新局面",44
"1996.2.22","广东加大农业投入",44
"1996.2.23","刘华清看望广州军区红一连强调把思想政治建设放在首位努力建设全面过硬的连队",44
"1996.2.24","港澳同胞回内地探亲人数骤增广州站来了军校大学生",44
"1996.2.25","广州的旅游前景",44
"1996.2.26","理清思路大胆探索广州加快国有企业改革步伐",44
"1996.2.27","福冈市长杯足球赛广州太阳神队获亚军",44
"1996.2.27","深圳宏昌公司资助体育事业",44
"1996.2.27","敢顶歪风的硬脊梁——记广州军区优秀党委书记、某仓库政委卓名信",44
"1996.2.29","大连中山公安分局破案效率高",44
"1996.2.29","北京中山公园名兰竞秀",44
"1996.2.29","中国奥委会深圳新闻中心揭牌",44
"1996.2.29","金融：深圳经济助推器",44
"1996.3.2","美是人类探求的永恒主题——深圳国际美学美育会议综述",44
"1996.3.4","何香凝美术馆在深圳奠基",44
"1996.3.9","敢做第一责任人——广东省惠东县委书记李锡鹏一席谈",44
"1996.3.11","广州向市民推荐《中国公民手册》’９６系列全市公民教育活动揭幕",44
"1996.3.11","“中山舰”打捞前期工程告捷整体打捞将于１１月１２日孙中山诞辰纪念日进行",44
"1996.3.11","全国男篮联赛半决赛八一广东首战告捷",44
"1996.3.12","我国十二省区消灭宜林荒山广东福建实现绿化达标",44
"1996.3.13","京粤沪举行仪式和活动纪念孙中山逝世７１周年",44
"1996.3.14","基层党建要抓实——来自广东农村的人大代表谈党建",44
"1996.3.14","深圳销毁一批非法出版物",44
"1996.3.15","四国女排下月会战广州南京",44
"1996.3.16","刘华清在广东代表团参加讨论时说真抓实干事业就会兴旺发达",44
"1996.3.18","关于授权汕头市和珠海市人民代表大会及其常务委员会、人民政府分别制定法规和规章在各自的经济特区实施的决定",44
"1996.3.18","汕头珠海负责人就获得全国人大立法授权表示搞好地方立法促进经济发展",44
"1996.3.18","全国男篮联赛冠军争夺战广东宏远将挑战八一",44
"1996.3.20","营造商海中的精神绿洲——《广州文艺》的文化追求",44
"1996.3.21","企业文化：深圳的实践与探索",44
"1996.3.26","打防结合全民参与标本兼治珠海社会治安步入良性循环",44
"1996.3.27","“新”光灿烂——记茂名石化公司３０万吨乙烯工程",44
"1996.3.27","黄龙云当选珠海市市长",44
"1996.3.28","广州军区总院积极参与社会急救",44
"1996.3.29","珠海公共汽车推广ＩＣ卡",44
"1996.3.29","落实打私责任制加大打击力度广东力争近期改变走私严重局面",44
"1996.3.29","深圳交警：文明执勤创优质服务城厢分局：严打犯罪护一方平安",44
"1996.3.29","发生在沈阳中山路上的感人一幕光天化日有人胆敢抢皮包路见不平众人接力擒歹徒",44
"1996.3.31","早春二月节目多万众瞩目春节晚会俄罗斯舞蹈质量高广州人进京演芭蕾",44
"1996.4.2","促进廉政建设提高办事效率湖南各级政府实施政务公开深圳七万家企业评议市政府工作",44
"1996.4.3","广东邮政多项业务全国领先",44
"1996.4.4","国务院经济特区工作会议在珠海召开李鹏发表重要讲话，指出经济特区要增创新优势，更上一层楼。在抓紧物质文明建设同时，要把精神文明建设提到更加突出地位",44
"1996.4.4","李鹏在广东考察工作时强调加快产业结构调整大力发展高新技术",44
"1996.4.5","东莞铲除流氓恶势力",44
"1996.4.7","文明健康丰富多彩——汕头市开展职工文化活动纪实",44
"1996.4.7","广东北电程控交换设备生产线投产",44
"1996.4.9","深圳为贵州三都教育捐资１３００多万元",44
"1996.4.10","韶关火车站还在乱收费",44
"1996.4.10","长忆河源",44
"1996.4.11","知名企业展示中心将在广州兴建",44
"1996.4.11","给人们多开市场“入口”——访大连市工商管理局中山分局",44
"1996.4.11","陈醉在广东举办画展",44
"1996.4.15","发挥辐射和带动作用深圳企业向内地转移",44
"1996.4.15","误战机济南泰山０∶０踢平广州太阳神",44
"1996.4.15","失晚节广东宏远１∶１战和延边现代",44
"1996.4.15","损大将深圳０∶０战平广州松日",44
"1996.4.16","深圳金融机构签订公约",44
"1996.4.16","六月八日零时起广州电话升八位",44
"1996.4.17","“汕头杯新闻摄影比赛”征稿启事",44
"1996.4.18","碧水蓝天花鸟城——中山市环境保护纪事",44
"1996.4.19","佛山鳗鱼缘何狂跌",44
"1996.4.20","严重违纪违法收受巨额贿赂原广东人大常委会副主任欧阳德被开除党籍",44
"1996.4.20","国家帆板队在汕尾进行封闭式训练",44
"1996.4.22","圆满结束对乌克兰俄罗斯希腊古巴加拿大的访问乔石委员长回到珠海",44
"1996.4.22","深圳为光彩事业投入２亿多元",44
"1996.4.22","广东格兰仕产品销路好",44
"1996.4.22","甲Ａ第二轮平局多破门少六仗仅入九球粤战一阵和风",44
"1996.4.23","广州兴建炎黄二帝巨型塑像",44
"1996.4.24","尼泊尔王国首相离开深圳回国",44
"1996.4.24","珠海神话",44
"1996.4.25","恰是风华正茂时——访广东风华公司总经理梁力平",44
"1996.4.26","建行广州分行发行公积金ＡＴＭ卡",44
"1996.4.26","洋人穿中山装什么感觉",44
"1996.4.27","外交部发言人宣布亚欧海关署长非正式会议将在深圳举行",44
"1996.4.27","李嘉诚捐建潮州山区５０所小学",44
"1996.4.29","万绿丛中一点红——记武警深圳市支队沙头角中队",44
"1996.4.29","茂名工业三年迈三大步",44
NA,NA,44
"1996.4.29","《珠海经济特区好》出版",44
"1996.4.29","全国网球巡回赛（广州站）结束",44
"1996.4.30","佛山南电牌稳压器精度高",44
"1996.5.3","湛江港口经济研讨会召开",44
"1996.5.4","亚美尼亚总统访问广东",44
"1996.5.5","“严打”合乎民意深得民心北京广东湖南群众纷纷表示坚决拥护积极配合",44
"1996.5.6","万宝路足球联赛第四轮北京国安广州太阳神掀破门高潮",44
"1996.5.7","广东海关严厉打击外币走私",44
"1996.5.7","广东实施南粤锦绣工程六大文化骨干网络建设开始启动",44
"1996.5.9","公交系统引进竞争机制你追我赶广州“老爷车”基本消失",44
"1996.5.9","广东公安机关连破大案公安部要求各地借鉴广东经验",44
"1996.5.9","广东中山边检站文明守关",44
"1996.5.15","湛江的启示",44
"1996.5.17","山区用什么法子筑致富路？广东云浮市的做法是广开门户，外引内联，多渠道筹资——云浮：招引外资多修路",44
"1996.5.20","追求“高、大、名”——记深圳康佳集团股份有限公司",44
"1996.5.20","建文明家园当四有公民广州公民教育活动步入千家万户",44
"1996.5.20","万宝路全国足球甲Ａ联赛战况激烈上海紧追大连广州饮恨工体",44
"1996.5.21","搞好项目引进优化产业结构广州开发区努力增创新优势",44
"1996.5.22","佛山市为驻军办实事双向服务同步提高",44
"1996.5.24","满载非洲人民的深情厚谊江泽民主席回到珠海广东省广州军区和珠海市主要领导到机场迎接",44
"1996.5.25","圆满结束非洲之行并在珠海短暂停留后江泽民主席回到北京李鹏乔石李瑞环刘华清荣毅仁等到人民大会堂迎接",44
"1996.5.27","万宝路全国足球甲Ａ联赛第七轮大连上海深圳高奏凯歌",44
"1996.5.28","各民主党派中央全国工商联和无党派人士“京九”铁路考察团在深圳考察",44
"1996.6.4","汕尾重拳打击犯罪团伙",44
"1996.6.5","深圳研制成功高级水晶瓷砖",44
"1996.6.5","广东肇庆积极招商引资",44
"1996.6.5","广东海关依靠社会监督执法",44
"1996.6.5","广州日报报业集团成立",44
"1996.6.6","全国人大常委会检查组赴广东《教育法》执法检查开始",44
"1996.6.6","亚洲俱乐部男篮赛广东宏远首战胜约旦队",44
"1996.6.6","那不勒斯队胜广州太阳神队",44
"1996.6.7","治标有成绩治本有突破广东清查黄色和盗版音像制品",44
"1996.6.8","王汉斌在广东考察时指出政府要依法行政真正做到政企分开",44
"1996.6.9","首都理论界座谈建设有中国特色社会主义理论与广东实践研究丛书出版",44
"1996.6.9","武警广东总队铁拳惩凶顽",44
"1996.6.10","严厉打击侵犯知识产权活动广东查封４条非法光盘生产线",44
"1996.6.11","深圳世界之窗接待游客８００万人次",44
"1996.6.11","广州新事——公共场所设急救点",44
"1996.6.13","广东严厉打击侵权盗版行为广州海关销毁四点八万件走私盗版音像制品",44
"1996.6.13","贯彻实施《教育法》要加大力度见实效人大常委会《教育法》执法检查组结束在粤检查",44
"1996.6.13","茂名金融机构强化自律管理",44
"1996.6.14","优势互补西电东送粤桂黔滇联合办电显效",44
"1996.6.14","面对压力的抉择——来自广东的耕地报告",44
"1996.6.16","广州，呼唤公民意识",44
"1996.6.17","广东华立集团公开发行股票",44
"1996.6.17","广州纪念黄埔军校建校七十二周年",44
"1996.6.17","万宝路足球甲Ａ联赛第十轮激战大连平上海广东胜北京",44
"1996.6.17","用社会全面进步的尺度衡量特区——深圳南山区区委书记虞德海一席谈",44
"1996.6.19","高科技与延年梦——记珠海天年高科技企业公司",44
"1996.6.20","全国航空水上健身运动会将在深圳举行",44
"1996.6.20","《珠海经济特区好》简介",44
"1996.6.21","深圳动植物检疫局推出口岸改革新措施",44
"1996.6.24","广东扶持大型企业集团",44
"1996.6.24","建筑工程的保护神——广东推行建设监理采访札记",44
"1996.6.24","广州港出海航道浚深工程动工",44
"1996.6.24","广东严厉打击毒品犯罪去年十月至今共破案一千九百多宗",44
"1996.6.25","李岚清在广东考察工作时指出创造优良环境促进外经贸发展",44
"1996.6.26","京沪粤文化人解析面临的挑战在市场经济条件下繁荣文化事业",44
"1996.6.27","播洒爱心在人间——记共产党员、深圳市沙头角镇退休女工陈观玉",44
"1996.6.28","第一只石油股票在深圳上市",44
"1996.6.28","澳大利亚新南威尔士队胜佛山",44
"1996.7.2","一个共产党员的胆识——记广东潮州三环（集团）股份有限公司总经理、党总支书记张万镇",44
"1996.7.3","广州地铁进展顺利（）",44
"1996.7.5","广州军区东山宾馆捐建希望小学",44
"1996.7.5","定点包干驻点帮助抓点办点广东推进农村基层党组织建设",44
"1996.7.6","国无兵不稳民无兵不安——广东台山市委书记方庭旺一席谈",44
"1996.7.9","广州医专树立护士新形象同仁医院防治盲聋显奇功",44
"1996.7.9","深圳市义务工作者联合会简介",44
"1996.7.12","深圳上半年国税收入增三成",44
"1996.7.12","原广东省人大常委会副主任欧阳德受贿被判刑",44
"1996.7.13","加大扶贫力度强化扶贫措施广东力争明年消除贫困县",44
"1996.7.15","为民族未来投资——随全国人大常委会《教育法》执法检查组赴广东、黑龙江、青海检查工作采访札记",44
"1996.7.16","湛江港口经济发展战略研讨会综述",44
"1996.7.17","珠海“双拥”又有新举措",44
"1996.7.17","遏制“白色瘟疫”的蔓延——广东省积极开展禁毒斗争",44
"1996.7.18","专家学者汇集珠海研讨培养青年人才",44
"1996.7.18","深圳端溪酒店发生大火２９人死亡、１３人受伤，事故原因在调查中",44
"1996.7.20","广东学生暑假服务队下乡扶贫",44
"1996.7.22","洪森结束访问珠海前往深圳",44
"1996.7.25","一靠机制二靠人才深圳国有企业净资产年均递增４８％",44
"1996.7.26","双拥热潮起南粤",44
"1996.7.28","共筑长城凝深情——珠海特区新时期“双拥”活动纪实",44
"1996.7.29","珠海港口岸正式对外开放",44
"1996.7.29","广州军区某舟桥旅抢险救灾立新功",44
"1996.7.31","东莞武警支队领导争做表率",44
"1996.8.1","深圳石化集团深挖潜力上半年实现利润六千三百多万元",44
"1996.8.2","一心为民——东莞长安镇抓党建促经济纪事",44
"1996.8.5","武警广东总队医院番禺分院为民服务",44
"1996.8.6","汕头汉高开拓黏合剂市场",44
"1996.8.8","广东建行支持茂名石化工程",44
"1996.8.12","让沉下的贷款浮上来广东工商行帮企业加快资金周转",44
"1996.8.13","国务院检查组在广东强调治理公路“三乱”政策不变",44
"1996.8.13","肇庆军分区强化人武部领导班子建设",44
"1996.8.16","广东宣判建国以来最大走私毒品案七名毒枭伏法",44
"1996.8.17","汕头再创业明珠更璀璨",44
"1996.8.22","广东三资企业稳步发展",44
"1996.8.25","第二届中国珠海电影节将举行",44
"1996.8.29","广场夜色真迷人——大连市中山区群众文化一瞥",44
"1996.8.30","广州：“汽车旅馆”悄然兴起",44
"1996.8.30","惠州富绅公司举办工商联谊会",44
"1996.8.31","珠海机场临时对外开放",44
"1996.8.31","全国大学生运动会又决出十九枚金牌广东选手日进五金",44
"1996.8.31","正视淋漓的鲜血讴歌民族的精神——广东话剧院演出的话剧《火红木棉花》漫评",44
"1996.9.2","学习讲话精神结合本省实际广东下大决心反腐保廉",44
"1996.9.2","增强法制观念　促进依法行政——佛山“香烟案”引发的思考",44
"1996.9.3","特区帮老区先富带后富深圳贵州对口帮扶全面启动",44
"1996.9.5","展示青春风采洋溢育人芳香第五届全国大学生运动会闭幕陕西广东北京代表团获金牌和总分前3名",44
"1996.9.9","广州设置盲人过街装置（）",44
"1996.9.10","“八佰伴”上海，“沃尔玛”开业深圳……国外大商业进军中国市场——洋店带来了什么",44
"1996.9.11","国家防总致电慰问粤桂受灾群众",44
"1996.9.11","菜籽饼脱毒制作剂在广州面世",44
"1996.9.11","男篮甲级劲旅下旬云集东莞",44
"1996.9.12","中行支持云南拓展东南亚机电市场广州市建行资金投向大行业大企业",44
"1996.9.12","江门海关支持地方大型企业",44
"1996.9.13","着眼兴利除弊　立足打持久战广东探索精神文明建设新路",44
"1996.9.13","人大常委会执法检查组认为广东贯彻劳动法初见成效",44
"1996.9.14","联合救灾工作组赴广东查看灾情",44
"1996.9.14","昔日销烟地　今变霓裳城——东莞市虎门镇纪行",44
"1996.9.18","美国篮球教练将授课东莞",44
"1996.9.18","全国乒乓球锦标赛团体比赛结束广东男队江苏女队夺冠",44
"1996.9.18","深圳一外企发生重大集体工业中毒事故",44
"1996.9.19","汕头杯新闻摄影比赛评选揭晓",44
"1996.9.20","转动科技的“魔方”——深圳建行开拓服务领域纪事",44
"1996.9.20","全国男篮俱乐部赛揭幕十二支劲旅汇集东莞四个队引进外援",44
"1996.9.23","全国男篮俱乐部鏖战南粤",44
"1996.9.24","汕头侨乡老干部书画展在京举行",44
"1996.9.24","全国羽毛球锦标赛男女团体赛广东福建湖北广西分获决赛权",44
"1996.9.25","东莞重视文明小区建设",44
"1996.9.25","全国男篮俱乐部赛产生四强八一山东辽宁广东小组出线",44
"1996.9.26","广东团组织创办青年星火培训基地一年培养带头人2380名，推广星火项目149项",44
"1996.9.26","维护边沿临界地区社会稳定闽粤赣公安加强协作",44
"1996.9.28","提高服务水平强化社会监督广东海关大力支持外贸发展",44
"1996.9.29","广州火车东站正式启用",44
"1996.9.29","《孙中山与华侨》美展将在全球巡回展出",44
"1996.10.2","广州东新客站正式投入运营",44
"1996.10.3","造一代新风——广东社会公德建设巡礼",44
"1996.10.3","深圳开发生产珍珠强生米",44
"1996.10.5","飓风何所惧——湛江搏击15号强台风纪实",44
"1996.10.8","茂名大型乙烯工程试产",44
"1996.10.10","江河源头话建设",44
"1996.10.16","李瑞环会见泰国潮州会馆访华团",44
"1996.10.16","广东环卫工人的节日",44
"1996.10.17","南国画坛的生力军——广州画院作品选登",44
"1996.10.18","深圳金众公司荣获“鲁班奖”",44
"1996.10.18","全国足球乙级联赛落幕天津万科深圳金鹏晋级甲B",44
"1996.10.19","首支国产车队参加珠海汽车赛",44
"1996.10.19","东阳有座“南粤城”",44
"1996.10.20","人民日报驻珠海记者站成立",44
"1996.10.21","大连万达队甲A夺冠深圳飞亚达广州松日队降组",44
"1996.10.22","吴邦国在珠海考察时要求办好中国国际航空航天博览会",44
"1996.10.24","广东隆重纪念彭湃诞辰100周年李鹏为纪念文集题写书名乔石为纪念活动题词",44
"1996.10.24","我驻英使馆举办活动纪念孙中山诞辰130周年",44
"1996.10.24","广州海关首次查获毒品MDMA",44
"1996.10.29","浙中山区崛起科技五金城",44
"1996.10.29","广州建筑集团有限公司挂牌",44
"1996.10.29","旅英华人华侨纪念孙中山诞辰希望早日实现祖国统一",44
"1996.10.29","广东广告服务收费标准须备案",44
"1996.10.29","广州市全面调整房地产收费",44
"1996.10.30","深圳新增六条国际国内航线",44
"1996.10.31","全国象棋个人锦标赛结束广东许银川荣获冠军",44
"1996.10.31","广州海关提前完成税收任务",44
"1996.11.1","珠海国际汽车赛拉开战幕",44
"1996.11.3","柬航金边至广州航线开通拉那烈首相赴广州参加庆祝活动",44
"1996.11.4","深圳抓好个体户守法经营",44
"1996.11.4","自行车环中赛深圳站结束",44
"1996.11.4","万宝路珠海国际汽车赛结束",44
"1996.11.5","中山舰（）",44
"1996.11.5","沉没江底铁未销重见天日在今朝湖北将于近日打捞中山舰",44
"1996.11.5","百步之内价差千元——深圳机场候机厅商场见闻",44
"1996.11.6","赴拉美三国访问出席世界粮食首脑会议顺访意大利李鹏总理昨离开珠海离京时朱镕基等前往人民大会堂送行",44
"1996.11.6","万宝路珠海国际汽车赛表明——我国赛车运动待上档次",44
"1996.11.6","健牌国际自行车环中赛广州赛段结束美国选手包揽前３名",44
"1996.11.7","有益的探索——广东发展银行为何收购中银信托",44
"1996.11.7","世界乒乓明星赛在汕头揭幕",44
"1996.11.8","专题《中山巍巍》将与观众见面",44
"1996.11.9","北京中山堂将长期对海内外开放",44
"1996.11.9","我驻日本和马来西亚大使馆举行招待会纪念孙中山诞辰一百三十周年",44
"1996.11.10","刘华清在珠海参观国际航展指出经济发展要有强大国防保卫",44
"1996.11.10","第七届全国书市在深圳开幕",44
"1996.11.11","深圳累计利用外资突破百亿美元",44
"1996.11.11","孙中山与华侨美术巡回展在京开幕",44
"1996.11.11","我驻美大使举行招待会纪念孙中山诞辰一百三十周年",44
"1996.11.12","更高举起振兴中华的伟大旗帜——纪念孙中山先生诞辰一百三十周年",44
"1996.11.12","全国各地举行多种活动纪念孙中山诞辰１３０周年",44
"1996.11.12","人行发行孙中山金银纪念币",44
"1996.11.12","上海披露一批孙中山史料",44
"1996.11.13","首都隆重纪念孙中山诞辰１３０周年",44
"1996.11.13","全国政协举行招待会欢迎孙中山先生亲属及海内外来宾李瑞环出席",44
"1996.11.13","在孙中山先生诞辰一百三十周年纪念大会上的讲话",44
"1996.11.13","全国各地举行多种活动纪念孙中山诞辰１３０周年",44
"1996.11.13","世界各地举行集会纪念孙中山诞辰１３０周年",44
"1996.11.14","吴邦国在广东考察时强调加快改革步伐提高开放水平",44
"1996.11.14","王汉斌会见孙中山亲属",44
"1996.11.15","我国驻外使、领馆举行活动纪念孙中山诞辰一百三十周年",44
"1996.11.16","何鲁丽等晋谒中山陵",44
"1996.11.17","潮儿会汕尾碧波竞风流’９６亚太帆板赛在汕尾开幕",44
"1996.11.17","东莞醒狮以惊人技艺获大奖第六届群星奖成就斐然",44
"1996.11.18","孙中山诞辰珍钞纪念票首发",44
"1996.11.19","我国将加快建立法律援助制度首次全国法律援助工作研讨会在广州召开",44
"1996.11.19","辛亥时期志士仁人为何选择革命？——纪念孙中山先生诞辰一百三十周年",44
"1996.11.20","邹家华在广东海南考察时强调勇于开拓创新避免重复建设",44
"1996.11.20","广东组成八运会省男足代表队",44
"1996.11.21","广东逸仙书画研究促进会成立",44
"1996.11.23","孙孚凌会见香港中山社团联合会访京团",44
"1996.11.24","有关部门在深圳举行座谈会听取港人对驻军法（草案）意见",44
"1996.11.28","深圳美容美发商会成立",44
"1996.11.28","广东宏远差点翻船",44
"1996.11.28","体育，为汕尾扬名——访汕尾市副市长郑木胜",44
"1996.11.29","南航开通广州—北京—阿姆斯特丹航线",44
"1996.11.30","纪念孙中山交响音乐会在京举办",44
"1996.12.1","合唱节将在广东举行",44
"1996.12.2","温家宝在广东江门调研时强调保持清醒头脑确保农业持续增长",44
"1996.12.3","肇庆国有企业“蛋糕”越做越大实行注资经营责任制搞活中小企业",44
"1996.12.3","广东珍源公司慰问科学家",44
"1996.12.3","广州举办’９６国际摩托车展",44
"1996.12.3","抓龙头工程建文明城市深圳创建安全文明小区",44
"1996.12.3","谢非率团深入广西贫困地区考察粤桂领导共商扶贫攻坚大计",44
"1996.12.3","研究开发生产培训市场有机结合东莞“三面向教育科技园”悄然兴起",44
"1996.12.4","铁腕治乱大得人心——广东治理乱收费启示录",44
"1996.12.5","民主党派中央负责人调研团在粤考察认为广东保护耕地见成效",44
"1996.12.5","深圳证券所向教师基金捐款",44
"1996.12.5","孙中山学术研讨会综述",44
"1996.12.6","广东科技兴省取得新进展    高新技术产业成为全省新的经济增长点",44
"1996.12.6","人大工作研讨班在深圳开学田纪云要求加强改进人大工作推进法制建设",44
"1996.12.6","曹大元获深圳围棋邀请赛冠军",44
"1996.12.9","广东７０家国有大企业发展势头好",44
"1996.12.9","中山凯达通过ＩＳＯ９００１评审",44
"1996.12.9","广州四建三夺鲁班金奖",44
"1996.12.9","以人为本——构筑命运共同体——广州远洋运输公司纪事",44
"1996.12.10","田纪云在深圳考察时强调要牢记“发展才是硬道理”",44
"1996.12.13","香港特区筹委会七次全会在深圳举行通过了关于报请国务院任命特区第一任行政长官的报告等",44
"1996.12.14","人大工作研讨班在深圳结束",44
"1996.12.14","服务大局发展——广东发展银行机制改革纪实",44
"1996.12.15","增强土地忧患意识切实保护耕地资源耕地保护调研团结束江苏广东北京调研活动",44
"1996.12.15","合唱节在广东显风采",44
"1996.12.16","粤澳就加强社会治安合作达成共识",44
"1996.12.16","广东清理音像市场和生产企业查获两条激光视盘地下生产线",44
"1996.12.16","孙中山与复旦大学",44
"1996.12.18","数字音频广播在佛山试播",44
"1996.12.19","中央军委授予广州军区某部六连荣誉称号号召全军向“深圳特区精神文明好六连”学习",44
"1996.12.19","居高路自远——深圳中兴新通讯设备有限公司的“中兴之道”",44
"1996.12.20","广东“扫黄”“打非”取得重大战果一周内连续破获九条地下光盘生产线",44
"1996.12.20","潮州建总五公司靠科技创优",44
"1996.12.20","湛江成为南方最大北运菜基地",44
"1996.12.21","深圳国有企业快速健康发展五项效益指标位居全国首位",44
"1996.12.22","推委会第四次全体会议在深圳举行香港特区临时立法会议员选举产生钱其琛强调设立临立会是维护中英联合声明确保香港平稳过渡重要举措",44
"1996.12.23","迟浩田结束访美回到广州",44
"1996.12.24","精神文明先从“国门”抓起珠海重视建设“文明口岸”",44
"1996.12.24","“深圳特区精神文明好六连”命名大会举行迟浩田要求把军队精神文明建设提高到新水平",44
"1996.12.24","深圳小学推广史丰收速算法",44
"1996.12.26","青岛深圳宁波大连对口帮扶贵州已投资１．８３亿元首批扶贫开发项目全面启动",44
"1996.12.26","广东１８万门移动电话项目签字",44
"1996.12.26","东莞探索双拥工作新路子",44
"1996.12.26","高祀仁当选为中共广州市委书记",44
"1996.12.26","深圳与清华合作建立研究院",44
"1996.12.26","第十九届省港杯足球赛在即广东队集中精兵强将志在卫冕",44
"1996.12.27","特区文明好六连——广州军区某部驻深圳六连记事",44
"1996.12.27","深圳无偿献血达一点五万人次",44
"1996.12.28","从深圳书市看读书热——第七届全国书市述评",44
"1996.12.29","１９９７广东文艺涌新潮",44
"1996.12.30","省港杯首回合广东队告捷",44
"1996.12.31","珠海占地一亩造地十亩十六年造地近三十万亩",44
"1996.12.31","“全国第一街”的发展与超越——关于广州南华西街两个文明建设的调查报告",44
