﻿"index","news_title","prov_cde"
"1996.1.1","上海重新排演《海瑞罢官》",31
"1996.1.2","上海高校普遍开设邓小平理论课程",31
"1996.1.2","上海贺岁杯赛申花不敌戛纳",31
"1996.1.3","上海财政收入逾四百亿",31
"1996.1.3","上海贵州发行人民日报数量上升",31
"1996.1.4","江泽民同志倡导力行历任市领导全力以赴上海十年办实事逾百件群众的生活环境得到改善，生活质量有了提高",31
"1996.1.5","沪港杯上海队卫冕成功",31
"1996.1.9","上海暂停向外省市招工",31
"1996.1.9","国际友谊珍品展在沪开幕",31
"1996.1.9","新一代红旗轿车在沪问世（）",31
"1996.1.9","警花威震上海滩",31
"1996.1.10","上海海关征税入库一百五十三亿元",31
"1996.1.10","缅甸国家元首访问上海",31
"1996.1.11","乔石在上海、江苏考察强调抓紧探索深化国企改革路子",31
"1996.1.11","热爱祖国自强不息听众观众在沪座谈残疾人报告演出",31
"1996.1.12","江泽民总书记致信上海美术电影制厂为少儿提供更多更好精神食粮",31
"1996.1.12","太阳城物流交易中心在沪兴建",31
"1996.1.12","上海美术电影制厂全力投拍百集动画系列自古英雄出少年",31
"1996.1.13","沪古树名木获平安保险",31
"1996.1.15","推动产业结构战略性调整上海高新技术产业快速发展",31
"1996.1.15","上海后面有“花园”——青浦县掠影",31
"1996.1.17","中美在沪合建石化企业荣毅仁祝愿双方合作成功",31
"1996.1.18","李鹏考察浙江、江苏、上海时指出上海建成国际航运中心意义重大",31
"1996.1.20","可敬可爱的母亲——记沪剧演员陈苏萍",31
"1996.1.22","上海开通“急救卡系统工程”",31
"1996.1.23","上海人冷落白酒",31
"1996.1.24","上海初中入学办法配套措施出台泰安市泰山区强化薄弱学校建设",31
"1996.1.26","上海查获重大假药案已有１４吨假药流向四川河南等地",31
"1996.1.28","上海举办九六春夏礼服展示会",31
"1996.1.30","中央军委授予吴孟超荣誉称号“模范医学专家”命名大会在沪举行",31
"1996.1.31","全面实行资产负债管理扩大贷款利率浮动范围上海金融改革推出重大举措",31
"1996.2.1","“人保”上海分公司总经理何静芝提出：搞好保险资金运用加快走向国际市场",31
"1996.2.4","洛林·马泽尔火爆京沪广东创作歌曲大赛颁奖《苍天在上》引起强烈反响音乐舞蹈演出多",31
"1996.2.5","中国上海承建的客轮交付缅甸使用",31
"1996.2.6","上海加快科普场馆建设现代化科技新城将在浦东耸立",31
"1996.2.7","上海摩托罗拉寻呼产品公司成立",31
"1996.2.7","沪上涌春潮学习李国安黄菊说上海需要这样活生生的榜样",31
"1996.2.8","自古英雄出少年。上海美术电影制厂拍摄百集系列儿童动画，王二小、曹冲、卓娅等一批古今中外名人出现在孩子们面前——“少年英雄”牵动少年心",31
"1996.2.9","上海看购物退货方便不方便？",31
"1996.2.11","深入基层情况明保证决策科学化上海市委坚持调查研究先行",31
"1996.2.13","上海申花队教练球员自觉纳税",31
"1996.2.14","政府支持社会参与个人参加上海“送温暖”制度化社会化",31
"1996.2.18","上海喜降瑞雪",31
"1996.2.19","上海梅岭中小学校少先队员倡议比一比谁过春节最讲文明",31
"1996.2.20","７０万民工高高兴兴在沪过年有关领导前往慰问并听取他们的意见",31
"1996.2.21","上海现代企业制度试点见效经济综合效益指数比面上企业高出１５个百分点",31
"1996.2.21","巴金周谷城在沪贺春深信中国大有希望",31
"1996.2.22","一年之计在于春一生之计重健身上海举办新春全民健身咨询",31
"1996.2.24","丙子新春于伶喜迎９０华诞上海市党政领导看望巴金",31
"1996.2.26","中科院上海计算机网络建成",31
"1996.2.26","上海实施国有工业资本重组按集约化和现代企业制度要求培育大集团",31
"1996.2.27","突出重点不撒胡椒面上海解困帮困工作深细",31
"1996.2.28","沪宁高速公路全线贯通",31
"1996.2.29","罗大明和沪上农工商旋风",31
"1996.3.1","上海督促各医院提高诊断质量",31
"1996.3.2","上海音像公司新春推出新音带",31
"1996.3.6","“贺龙杯”全国手球赛将在上海举行",31
"1996.3.8","上海编辑“大上海小说丛书”",31
"1996.3.9","江泽民同上海团共商发展大计就台湾问题、搞好国有企业、科教兴国等发表重要意见",31
"1996.3.9","中小学应加强伦理道德教育——访全国人大代表、上海市第二中学校长吴小仲",31
"1996.3.13","京粤沪举行仪式和活动纪念孙中山逝世７１周年",31
"1996.3.14","世界室内足球锦标赛东亚预赛即将在沪揭幕",31
"1996.3.14","上海货难觅“老面孔”",31
"1996.3.15","不能放松价格管理——上海基层代表马桂宁一席谈",31
"1996.3.20","“贺龙杯”手球赛在沪闭幕北京部队队和上海女队分获冠军",31
"1996.3.24","武警上海指挥所被誉为“援建铁军”",31
"1996.3.26","亚洲俱乐部杯足球赛抽签揭晓中国上海申花队又遇韩国队",31
"1996.3.27","优势互补互惠互利联合发展上海同中西部联合走上新台阶",31
"1996.3.28","“中国国际新闻奖”在沪颁发本报《中国发展有利于世界和平与进步》等获一等奖",31
"1996.3.28","泰国总理访问西安上海",31
"1996.3.29","上海铁路局实现安全生产八百天",31
"1996.3.29","希望所在——记上海交大茁壮成长的青年教师群",31
"1996.3.30","在世界室内足球赛预选赛上三战三捷中国上海队进军西班牙",31
"1996.4.1","进一步完善“两级政府三级管理”体制上海确定社区建设管理目标",31
"1996.4.1","收获尽在耕耘中——《京剧走向青年》上海展演侧记",31
"1996.4.2","“上海农工商号”列车首发",31
"1996.4.3","龙头带龙尾互补促互利沪蓉经济合作前景广阔",31
"1996.4.3","完成第１２次南极科学考察任务“雪龙”号考察船返抵上海",31
"1996.4.4","李瑞环在沪考察工作时希望上海要乘势再上新台阶",31
"1996.4.5","造价不高水平高　面积不大功能全住宅小区试点在沪交流经验",31
"1996.4.6","中国工程院院士赴沪作科技报告",31
"1996.4.7","走出大上海四十年扎根黄土地结硕果西安交大成为人才培养科技开发基地",31
"1996.4.7","《上海人在东京》引起争论",31
"1996.4.8","上海控烟以后",31
"1996.4.9","交通大学建校百年桃李满天下上海交大、西安交大分别举行庆祝会江泽民李鹏乔石李瑞环刘华清荣毅仁等题词祝贺",31
"1996.4.9","上海私有住房达五成",31
"1996.4.11","饮水思源爱国荣校——爱国主义教育在上海交大",31
"1996.4.12","让出老地盘寻找新生点上海服装业痛下决心调整结构",31
"1996.4.15","内衣及沙滩装展览会将在沪举办",31
"1996.4.15","揭幕战上海申花３∶０大胜四川全兴",31
"1996.4.16","上海盘活国有房地产存量试点开始十四家企业与政府部门签订授权经营合同",31
"1996.4.18","昔日黑臭煞风景今朝协力斩浊流上海改造苏州河容颜",31
"1996.4.19","树新风促管理上水平上海房地系统开展学徐虎活动",31
"1996.4.19","芬兰驻沪总领事馆开馆",31
"1996.4.22","树立出租车行业良好形象上海强生集团公司改革增活力",31
"1996.4.22","不带框框实事求是突出重点解决问题全国人大赴沪环保执法检查拉开序幕",31
"1996.4.22","哈外长谈五国首脑上海会晤认为是２０世纪重大外交行动之一",31
"1996.4.23","社区美：文明新风入万家（京津沪精神文明巡礼之三）",31
"1996.4.23","上海经济发展与环境保护协调同步全国人大赴沪环保执法检查组听取市政府汇报",31
"1996.4.23","上海国际女排邀请赛古巴队上海队分获冠亚军",31
"1996.4.24","举办科技讲座踏进培训课堂上海领导层求知若渴",31
"1996.4.24","日八佰伴集团总部将迁上海",31
"1996.4.25","上海市委号召全市人民学习徐虎“徐虎群体”在上海涌现",31
"1996.4.26","签署边境地区加强军事领域信任协定江泽民主席抵达上海塔吉克斯坦、吉尔吉斯斯坦、哈萨克斯坦三国总统先后抵沪",31
"1996.4.26","哈总统纳扎尔巴耶夫强调“上海协定”将是历史性文件",31
"1996.4.27","中俄哈吉塔五国元首在上海正式签署在边境地区加强军事领域信任的协定五国元首就协定重大意义发表讲话江泽民主席欢宴俄哈吉塔四国元首",31
"1996.4.27","哈萨克斯坦总统离沪回国",31
"1996.4.27","吉尔吉斯斯坦总统离沪回国",31
"1996.4.28","塔吉克斯坦总统离沪回国",31
"1996.4.28","集欣赏、咨询、游乐、健身于一体上海兴建国际会所",31
NA,NA,31
"1996.4.30","上海：行动迅速措施得力",31
"1996.4.30","明亮的“窗口”——上海邮电行业规范服务达标纪实",31
"1996.4.30","全国人大环保执法检查组结束在沪检查时希望上海要在可持续发展中带好头",31
"1996.4.30","德国汉莎航空公司将开辟直飞上海航线",31
"1996.5.1","江泽民出席上海《世纪回响》歌会与各族各界劳动者１５０００多人共庆“五一”国际劳动节江泽民高度赞扬徐虎等劳模在各自平凡岗位为国家和人民做出的突出成就",31
"1996.5.2","学习邓小平建设有中国特色社会主义理论上海交大学生成立研究会",31
"1996.5.3","上海出台制止虚假标价规定",31
"1996.5.4","发扬优良传统争当“四有”新人京沪纪念“五四”运动７７周年",31
"1996.5.6","江泽民在上海考察时强调坚定信心加强领导狠抓落实加快国有企业改革发展步伐",31
"1996.5.7","京津沪等地电影制厂落实电影会议精神抓重点保质量出精品",31
"1996.5.7","上海对工程高估冒算进行审价",31
"1996.5.7","谱写服务艺术新乐章——记上海市第一百货商店营业员马桂宁",31
"1996.5.8","温家宝在上海血液所等单位考察时指出我国科技创新有深厚的基础",31
"1996.5.12","荣毅仁在上海考察工作时说浦东开发开放要再上新台阶",31
"1996.5.12","歌剧、舞剧、音乐剧不同凡响上海艺术节有重头戏",31
"1996.5.15","为了蓝天碧水——记全国人大常委会环保执法检查组在上海",31
"1996.5.17","首架引进Ａ３４０客机飞抵上海",31
"1996.5.17","全国女排锦标赛精彩纷呈上海反败为胜力克八一",31
"1996.5.20","无悔的选择——记北京八宝山殡仪馆女工尹凤霞",31
"1996.5.20","普陀山海军兵器馆受欢迎",31
"1996.5.20","万宝路全国足球甲Ａ联赛战况激烈上海紧追大连广州饮恨工体",31
"1996.5.21","伟大的共产主义战士杰出的无产阶级革命家陆定一同志遗体火化李鹏乔石李瑞环胡锦涛等前往八宝山送别陆定一病重期间和逝世后，江泽民邓小平彭真朱镕基刘华清荣毅仁等到医院看望或表示慰问",31
"1996.5.22","上海在新疆建棉花基地工程启动",31
"1996.5.22","上海查获进口“洋垃圾”平谷“洋垃圾”装箱封存",31
"1996.5.22","全国男排锦标赛结束上海队全胜夺得冠军",31
"1996.5.23","增资减债抓大扶强放小搞活上海国有经济持续健康发展今年三分之二国有企业将进入现代企业制度运行框架",31
"1996.5.27","上海车站开展群众性“三学”活动",31
"1996.5.27","万宝路全国足球甲Ａ联赛第七轮大连上海深圳高奏凯歌",31
"1996.5.28","第六届国际音响乐器展在沪举行",31
"1996.5.28","上海高斯公司经营额上亿元",31
"1996.5.28","万宝路上海国际足球赛将于６月举行",31
"1996.5.29","上海荣臣集团进军北京市场",31
"1996.5.29","积极参与上海国际航运中心建设宁波港国际集装箱运输加快",31
"1996.5.29","上海纪念宋庆龄逝世十五周年",31
"1996.5.29","上海举办邓小平文艺理论交流会倡导文艺为人民服务为社会主义服务为现代化服务",31
"1996.5.29","上海申花队负于ＡＣ米兰队",31
"1996.5.30","全国围棋团体赛结束上海二队湖北队分获男女冠军",31
"1996.5.31","宛如平常一段歌——记北京八宝山殡仪馆整容师张浩林",31
"1996.5.31","中国乒乓球队将投入最后封闭训练集训后将赴上海参加热身赛",31
"1996.6.3","全国人大侨委在沪进行涉侨法律执法检查",31
"1996.6.4","上海人保公司为干警提供保险",31
"1996.6.5","上海大盈公司发挥扁担效应一头挑生产风险一头挑供应重担",31
"1996.6.5","上海北京拆除质量低劣的城雕",31
"1996.6.7","上海建成第二水源工程日引长江原水一百三十万吨",31
"1996.6.7","开发普陀山“紫竹石”资源",31
"1996.6.8","发生在安徽、上海两地间普通人的故事——用奖牌回报爱心",31
"1996.6.8","上海调查“好家长标准”显示关心别人团结合作被忽视",31
"1996.6.9","多彩的五月遗憾的《廊桥遗梦》出色的上海艺术节永远的贝多芬",31
"1996.6.10","中日学者在沪研讨东方思想",31
"1996.6.10","全国网球巡回赛移师上海",31
"1996.6.11","“松辽汽车”股票在沪上网发行",31
"1996.6.11","联想计算机学院在沪成立",31
"1996.6.11","上海维蒙特公司推出新型灯杆",31
"1996.6.11","让每个孩子都学会关心他人——记上海市第二中学开展的“孝心活动”",31
"1996.6.13","上海法院全力投入“严打”",31
"1996.6.16","黎巴嫩总理抵沪访问",31
"1996.6.16","上海查处侵犯美国“呋喃丹”商标专用权案",31
"1996.6.17","万宝路足球甲Ａ联赛第十轮激战大连平上海广东胜北京",31
"1996.6.17","上海建立大学生勤工助学连锁店",31
"1996.6.18","上海建成多功能综合性会所",31
"1996.6.20","上海电信免费业务多",31
"1996.6.20","上海企业在南非投资办厂",31
"1996.6.22","上海街头树格言",31
"1996.6.23","上海—北京—慕尼黑通航",31
"1996.6.24","万宝路足球甲Ａ联赛战罢第一循环大连上海八一排在前三位",31
"1996.6.26","万宝路杯国际足球赛开战上海申花队点球失利",31
"1996.6.26","京沪粤文化人解析面临的挑战在市场经济条件下繁荣文化事业",31
"1996.6.26","北普陀夕照（）",31
"1996.6.28","多亏政府为我们做了主——上海消费者谈打假",31
"1996.6.28","继沪宁线开出快速列车后，７月１日起北京至北戴河快速列车的时速也提高４０多公里我国列车开始“快速”",31
"1996.6.28","上海成立三个留学人员创业园区",31
"1996.6.30","王兆国在上海考察",31
"1996.6.30","保罗·泰勒舞蹈团将在京沪演出",31
"1996.7.2","万宝路杯上海国际足球赛落幕乌拉圭保加利亚分摘金银",31
"1996.7.3","上海大众开展文化扶贫",31
"1996.7.4","王丙乾在人大常委会上指出京津沪环境形势不容乐观",31
"1996.7.5","汉莎航空公司开辟法兰克福至上海的直飞航线",31
"1996.7.5","中国队迎奥运乒乓球热身赛在沪收拍孔令辉邓亚萍获男女单打冠军",31
"1996.7.6","第８届全运会会徽与吉祥物在沪揭晓",31
"1996.7.8","“育星杯”全国青年女排赛在沪落幕",31
"1996.7.9","上海大学生暑期活动精彩纷呈",31
"1996.7.15","上海露天电影重返农村",31
"1996.7.16","上海信息港工程启动",31
"1996.7.16","冷却肉将进入京沪市场",31
"1996.7.16","以“三乘一体”强化基层党组织建设上海铁路局“流动堡垒”工程取得实效",31
"1996.7.18","适应现代企业特点形成党政领导合力上海国企党建新机制初步形成",31
"1996.7.21","上海口岸上半年进口税逾百亿",31
"1996.7.22","近万名科技人员苦战八年上海一批工业项目攻关告捷",31
"1996.7.24","精心营造国防绿洲——上海人民关心支持国防建设记事",31
"1996.7.24","社会保障与养老保险国际研讨会在沪举行",31
"1996.7.25","浦江吹来绿色的风——记上海邮电系统实现全行业规范服务达标",31
"1996.7.25","邮电部发出通知学习上海邮电规范服务认真解决热点难点问题",31
"1996.7.25","老厂新容——上海光华仪表厂“二次创业”记",31
"1996.7.26","上海的“阳光”天天是新的",31
"1996.7.30","李岚清同京津沪有关负责人座谈强调坚决制止中小学乱收费高收费",31
"1996.8.1","上海与古巴圣地亚哥省结为友好省市",31
"1996.8.2","学邯钢抓管理降成本上海工业实现三增长一回升",31
"1996.8.3","金鑫南的上海情结",31
"1996.8.4","按照国际规范发展民族医药国家上海医药基地开始建设",31
"1996.8.7","“全国学我们，我们怎么办？”上海邮电改善服务再上层楼",31
"1996.8.7","上海研制生产新型建筑涂料",31
"1996.8.8","让群众高兴使人民放心上海树良好政风",31
"1996.8.8","上海综合治理择校乱收费",31
"1996.8.8","上海新药质量千里行开始",31
"1996.8.12","上海五位老教授温州种田当大户",31
"1996.8.12","花钱让孩子多一点磨练上海“吃苦夏令营”受欢迎",31
"1996.8.12","上海长宁区民营科技企业迅速崛起",31
"1996.8.12","上海二百五十万人接受成人教育",31
"1996.8.13","上海徐浦大桥顺利合龙",31
"1996.8.15","上海国有早餐网点增多",31
"1996.8.15","打破条块分割提高办学效益上海高校加快管理体制改革步伐",31
"1996.8.18","上海“师范热”再度升温",31
"1996.8.19","上海试制成功“垃圾固化复合块”",31
"1996.8.19","全国女足联赛第一阶段战罢十一月上海再战",31
"1996.8.22","赛义布主席离京赴上海",31
"1996.8.22","京津沪鲁全民健身乒乓球赛将举行",31
"1996.8.23","文明，在上海街头",31
"1996.8.23","首届亚洲世界语大会在沪举行",31
"1996.8.23","距开幕还有五十天上海市召开动员会农运会筹备进入最后阶段",31
"1996.8.26","京津沪鲁群众乒乓赛天津队成绩佳",31
"1996.8.28","“上海的昨天、今天和明天”在澳开展",31
"1996.8.29","澳大利亚教育展将在京沪穗举行",31
"1996.8.31","上海构建再就业良性循环新机制",31
"1996.9.2","承诺服务贵在践诺上海铁路部门十项服务接受监督郑州电业局自加压力让用户满意",31
"1996.9.5","亚洲俱乐部杯足球赛上海申花再胜快译通",31
"1996.9.9","万宝路甲A联赛大连一枝独秀穗沪京等形成第二集团",31
"1996.9.10","找准改革与稳定的结合点上海国企改革力度大步子稳资本总量两年增长百分之三十",31
"1996.9.10","“八佰伴”上海，“沃尔玛”开业深圳……国外大商业进军中国市场——洋店带来了什么",31
"1996.9.11","上海海关20余天连查6起重大香烟走私案",31
"1996.9.13","上海友谊出租汽车公司——层层承诺　严格监督",31
"1996.9.16","全国人大常委会加强《教育法》执法检查上海市确保教育优先发展内蒙古重点发展民族教育",31
"1996.9.16","上海申花队不敌韩国天马一和队",31
"1996.9.19","平凡小事见精神——上海民兵为民服务活动记事",31
"1996.9.20","上海将首次拍卖破产企业国有土地使用权",31
"1996.9.21","○国际乒乓元老下月聚北京○全国田径冠军赛昨天揭幕○全国网球团体赛上海夺冠○全国自行车场地赛出两金",31
"1996.9.22","上海举行民兵参加精神文明建设表彰大会南京路民兵为民服务15年从未间断",31
"1996.9.23","迟浩田考察驻沪海陆空军和武警时强调要把讲政治落到实处",31
"1996.9.24","百万盆鲜花装点首都迎国庆上海节日市场一派兴旺",31
"1996.9.25","全国田径冠军赛落下帷幕上海牛健跃过2米31横杆",31
"1996.9.26","手足情心相印——上海党员干部联系群众见闻录",31
"1996.9.27","上海各界挥泪送白杨江泽民李瑞环朱镕基等送花圈",31
"1996.10.2","沪宁线上开行新型快速列车",31
"1996.10.4","上海“花王”建希望小学",31
"1996.10.6","上海画坛不老松",31
"1996.10.8","多功能力度键电子琴在沪问世",31
"1996.10.10","上海至大同航线开通",31
"1996.10.10","大力加强新时期企业精神文明建设——上海企业精神文明建设调查与思考",31
"1996.10.11","上海罗氏制药新厂落成",31
"1996.10.11","北普陀杯全国航海模型锦标赛将举行",31
"1996.10.13","展示中国农民新的精神风貌第三届全国农运会在沪开幕姜春云代表党中央国务院出席开幕式",31
"1996.10.13","崇尚文化崇尚科学崇尚文明上海博物馆新馆全面开放",31
"1996.10.14","上海轻工等依靠职工办企业取得经验中国轻工业工会予以推广",31
"1996.10.14","农民健身活动取得突出成绩姜春云在沪接见先进乡镇代表",31
"1996.10.14","万宝路甲A联赛争夺扣人心弦上海申花紧追大连万达",31
"1996.10.16","全国游泳锦标赛落幕上海队雄踞榜首",31
"1996.10.16","京沪等地走出“假日小队”",31
"1996.10.17","姜春云在上海考察时指出现代工业必须有现代农业支撑",31
"1996.10.20","第三届全国农运会在沪落幕下届将于2000年在四川绵阳举行",31
"1996.10.20","沪甬联手解救舟山“水困”",31
"1996.10.20","弘扬优秀文化传统促进精神文明建设纪念鲁迅逝世六十周年大会在沪举行",31
"1996.10.21","“万岁产业”——上海耕地保护报告（上）",31
"1996.10.23","全国青年男篮联赛激战上海",31
"1996.10.28","冯学敏摄影艺术展在沪举行",31
"1996.10.29","优势互补互惠互利上海对口帮扶云南共同发展",31
"1996.10.29","建设部推广上海文明工地经验",31
"1996.10.29","上海，文明工地添新景",31
"1996.10.30","’96全国“教与爱”活动研讨会在沪举行",31
"1996.11.1","上海铁路局获“安全奖杯”",31
"1996.11.1","徐青在上海检查工作时强调创建文明行业重在实效",31
"1996.11.1","陈良宇冯国勤任上海市副市长",31
"1996.11.1","第七届十杰青年颁奖典礼在沪举行",31
"1996.11.1","亚洲男篮小将聚上海争夺明年世青赛入场券",31
"1996.11.2","孟建柱任中共上海市委副书记",31
"1996.11.3","文明的丰碑——上海博物馆新馆记",31
"1996.11.4","上海６６万下岗职工走上新岗位",31
"1996.11.4","走向集中——上海耕地保护报告（下）",31
"1996.11.5","全国女足联赛临近尾声上海北京两队决赛相逢",31
"1996.11.6","亚洲篮球裁判在沪受训",31
"1996.11.7","全国女足联赛落幕上海远东队蝉联冠军",31
"1996.11.8","健牌自行车环中赛上海赛段今日开赛中国队力争佳绩",31
"1996.11.8","上海游泳从娃娃抓起",31
"1996.11.9","健牌国际自行车环中赛在上海继续激战美国选手再次包揽前三名",31
"1996.11.11","第六届上海电视节开幕",31
"1996.11.11","环保意识入童心——记上海真如中心小学",31
"1996.11.12","上海披露一批孙中山史料",31
"1996.11.13","足球大厦的一块基石——记上海东方明珠少年俱乐部",31
"1996.11.14","上海努力创建精神文明城区",31
"1996.11.14","科特迪瓦总统接见上海市政府代表团",31
"1996.11.14","上海推出《当代文坛大家文库》",31
"1996.11.15","跨越万水千山奉献深情一“上海京剧万里行”誉满大江南北",31
"1996.11.17","’９６上海全国商品交易会开幕",31
"1996.11.18","俄罗斯外长访问上海",31
"1996.11.18","“成功教育”的背后——记上海闸北八中校长刘京海",31
"1996.11.18","上海二千名优秀大学生成为榜样群体",31
"1996.11.19","开始执行第１３次南极考察任务“雪龙”号科考船离沪启航",31
"1996.11.20","世界杯室内足球赛开赛在即上海申花队代表中国出征",31
"1996.11.20","雏凤展翅欲高飞——记上海东方女篮俱乐部",31
"1996.11.21","第六、七届全国人大常委会副委员长中国农工民主党中央名誉主席周谷城遗体在上海火化",31
"1996.11.22","德国总统访问上海",31
"1996.11.22","第三届音像“双向奖”在沪颁奖《阿姐鼓》荣获声乐类一等奖",31
"1996.11.24","墨西哥总统塞迪略访问上海",31
"1996.11.25","层次提高规模扩大上海商业系统积极拓展国内市场",31
"1996.11.26","沪成立航运交易所",31
"1996.11.26","沪宁高速路的冲击",31
"1996.11.27","加中贸易理事会年会在上海举行李鹏克雷蒂安发表演讲",31
"1996.11.27","加拿大总理离沪回国",31
"1996.11.27","世界室内足球锦标赛上海申花队负于阿根廷队",31
"1996.11.28","上海东方服装城开业",31
"1996.11.28","上海为“寒窗”送暖近四万名高校贫困生获不同程度资助",31
"1996.11.28","八一险胜上海东方",31
"1996.11.29","李鹏总理在上海考察时指出加快建设上海国际航运中心开发集成电路产品起点要高注重规模经营",31
"1996.11.29","超大规模集成电路项目在沪奠基李鹏等出席仪式",31
"1996.11.29","上海航运交易所鸣锣开市",31
"1996.11.29","上海首届全民健身节将举行",31
"1996.11.29","上海举行木兰拳表演",31
"1996.11.30","上海建成第三条越江隧道",31
"1996.11.30","李鹏考察沪宁高速公路称赞为我国水网地区建高速路提供了新经验",31
"1996.12.2","上海外滩金融街具雏形",31
"1996.12.2","普陀山：海天佛国更洁净",31
"1996.12.4","比利时音乐家在沪演出",31
"1996.12.5","四军医大二大队学员先进事迹在沪引起反响",31
"1996.12.5","上海治疗恶性肿瘤取得重大成果基因疗法治癌进入临床试验",31
"1996.12.6","上海开通公共信息网",31
"1996.12.10","长宁检察院积极帮教失足孩子",31
"1996.12.11","３Ｍ公司在沪建反光材料厂",31
"1996.12.11","上海市首届全民健身节降下帷幕",31
"1996.12.12","男篮甲级联赛爆冷上海东方击败辽宁猎人",31
"1996.12.15","中国国际交响音乐年圆满结束上海交响乐团又添精彩一笔",31
"1996.12.16","上海海关查获香蕉走私大案",31
"1996.12.16","杨浦检察院推出选才育人工程",31
"1996.12.16","男篮联赛上海锐气不减八一继续不败",31
"1996.12.16","灿烂的夜上海告诉我……",31
"1996.12.17","上海工行当好国企“金融参谋”浙江工行为企业联营做“红娘”",31
"1996.12.18","斯托依可夫抵沪出任申花队主教练",31
"1996.12.19","全国短池游泳赛在沪开幕首日比赛创一项全国纪录",31
"1996.12.20","乒乓球俱乐部男女团体赛上海江苏夺走桂冠",31
"1996.12.21","上海书馆新馆建成开放（）",31
"1996.12.23","用开放机制吸引国际学术前沿带头人上海生命中心组建国际合作实验室",31
"1996.12.23","全国短池游泳锦标赛落幕上海队尽显风流",31
"1996.12.24","首届全国教育新闻研讨会在沪举行",31
"1996.12.24","全国八运会速滑预赛揭幕上海队首次亮相引人注目",31
"1996.12.24","一个牌子，你打，他也打；一个店号，北京有，上海也有。看似亲如一家，其实没啥关系——一“牌”多主为哪般",31
"1996.12.25","上海华联超市获超常发展在沪浙皖办起上百家连锁店",31
"1996.12.25","“活血”三招——上海华联集团授权经营后国资保值增值",31
"1996.12.26","一爱心献学生——记上海市优秀教师黄静华",31
"1996.12.27","ＩＢＭ将在上海浦东设立独资公司",31
"1996.12.27","抓好促销活动规范营销手段上海市场销售增长",31
"1996.12.28","“大上海小说丛书”第一辑出版",31
"1996.12.30","五国元首签约上海中俄哈吉塔结睦邻（）",31
"1996.12.30","全国排球甲级联赛再战四川男队八一上海女队两战两胜",31
"1996.12.30","男篮甲级联赛第十轮上海东方八连胜",31
"1996.12.31","’９６中国音乐电视大赛在沪揭晓",31
