﻿"index","news_title","prov_cde"
"1996.1.2","维护群众利益净化猪肉市场湖南下力整治注水猪肉",43
"1996.1.2","科技投入新机制促进企业大发展湖南百条“巨龙”呈腾飞之势",43
"1996.1.2","肖通湖作品讨论会在衡阳举行",43
"1996.1.3","长沙市十九对新婚夫妇简办婚礼捐助失学儿童",43
"1996.1.3","为各界人士广开言路提供渠道长沙市设立“诤言奖”",43
"1996.1.4","衡阳实施“文化扶贫工程”",43
"1996.1.5","湖南加快精神文明“硬件”建设十大基础设施项目相继启动",43
"1996.1.7","湘江大源渡工程开工",43
"1996.1.8","保护知识产权净化文化市场琼粤湘津查禁非法放映雷厉风行",43
"1996.1.8","湖南成立职工扶贫基金会",43
"1996.1.10","西安长沙澳门航线开通",43
"1996.1.10","“送温暖工程”暖人心湖南河北采取措施帮助一大批职工解决生活困难",43
"1996.1.12","湖南三十九个县普降瑞雪",43
"1996.1.14","株洲双季稻亩产过吨成为第一个双季稻亩产过吨地级市",43
"1996.1.15","湖南农村刑事案件逐月下降",43
"1996.1.19","心窥湘西",43
"1996.1.20","六十载风云犹记千百年英烈永存红军长征突破湘江烈士纪念碑园落成",43
"1996.1.22","湖南向文化大省迈进书出版、戏剧创作名列全国前茅",43
"1996.1.25","湖南表彰见义勇为先进个人",43
"1996.1.26","自我教育自我管理自我服务长沙“外来嫂”热心计生管理",43
"1996.1.26","衡阳：农民协会成为科技“二传手”",43
"1996.1.27","铁路建设“中取华东”又结硕果浙赣复线全线开通运营东到杭州西至株洲",43
"1996.1.28","湖南表彰１８名见义勇为者",43
"1996.1.30","长铁娄底机务段民主监督抓得实",43
"1996.1.31","株洲下力气防止农民负担“反弹”",43
"1996.2.2","衡阳站内“五子经”",43
"1996.2.4","《湘女多情》——献给希望工程的一份情",43
"1996.2.5","长沙抓住“热点”评议行风",43
"1996.2.12","面向市场多方投入形成规模衡阳百万亩丘岗成“绿色银行”",43
"1996.2.12","文化走向田野春风吹拂山乡北京内蒙古湖南送文化下乡",43
"1996.2.13","岳阳班子争创“三强”干部争做“五好”",43
"1996.2.14","走回穷山沟——记湖南爱民制药有限公司董事长蒋永彰",43
"1996.2.14","湖南实行杂交种子专营全省关闭３５０多个非法经营单位",43
"1996.2.14","展示“湘军”的新风采",43
"1996.2.16","湖南筹集资金扶助困难职工",43
"1996.2.16","科学训练缩短差距——全国重点女排郴州集训侧记",43
"1996.2.17","百字长联歌盛世老翁稚子打擂台长沙：十万春联装点城乡",43
"1996.2.18","广开货源加强调控湖南市场年货丰富价格平稳",43
"1996.2.21","送礼者望而却步老百姓拍手称快“拜年车”娄底受阻",43
"1996.2.22","衡阳农民开发荒山",43
"1996.2.24","湖南备耕工作动手早",43
"1996.2.25","湖南六天连降四场春雪",43
"1996.2.26","货源充足取信于民着力控价让利于农湖南农民冬购春肥好热闹",43
"1996.2.26","湖南科技出版社不忘科普之本",43
"1996.2.27","长沙望城坡经济开发区讲实效",43
"1996.2.27","株洲车辆厂电教节目有声有色",43
"1996.2.28","郴州实施“开放兴郴”战略见成效",43
"1996.2.29","推行现代流通方式交易规模日益扩大湖南：流通改革迈出新步伐",43
"1996.2.29","岳阳楼漫记",43
"1996.3.5","衡阳市全面推行“执法责任制”",43
"1996.3.6","衡阳公车迎亲歪风日甚",43
"1996.3.8","朱镕基与湖南代表审议《报告》时强调经济发展最重要的还是农业",43
"1996.3.10","吴邦国会见胡应湘一行",43
"1996.3.15","田纪云参加湖南代表团审议时指出全国人大须加快立法步伐帕巴拉·格列朗杰参加西藏代表团审议",43
"1996.3.19","湘西学童游长沙（）",43
"1996.3.24","长沙实施企业自办中小学分离",43
"1996.3.27","株洲创建城市安全小区",43
"1996.3.28","精心组织加强协作整体联动湖南检察机关积极追捕经济逃犯",43
"1996.3.28","全国电影工作会议在长沙举行共商电影繁荣大计推出更多精品力作丁关根李铁映出席会议并讲话",43
"1996.3.29","湖南高院改善行政审判执法环境",43
"1996.4.2","促进廉政建设提高办事效率湖南各级政府实施政务公开深圳七万家企业评议市政府工作",43
"1996.4.5","从整体上搞活国有企业——株洲市国有大中型企业的调查",43
"1996.4.8","开展思想道德教育丰富群众文化生活长沙强化精神文明建设",43
"1996.4.10","综合开发一水多用衡阳水利部门碧水捞“黄金”",43
"1996.4.12","邹家华在湖南考察时指出水力资源要坚持流域梯级滚动综合开发",43
"1996.4.22","淮河治污工程在蚌埠动工",43
"1996.4.23","称职的村干部为何想“撂担子”？——湖南省常德市１８７０个农村党支部的调查",43
"1996.4.28","共青团全国组织工作会议在长沙举行",43
NA,NA,43
"1996.4.29","湖南水稻烂秧厉害",43
"1996.5.2","湖南长沙农民新村开村",43
"1996.5.2","益阳汛前清除行洪障碍近四百处",43
"1996.5.2","长沙实行“两公开一监督”公开办事程序公布办事结果接受群众监督",43
"1996.5.3","１９９６年全国小品比赛在长沙举行",43
"1996.5.5","“严打”合乎民意深得民心北京广东湖南群众纷纷表示坚决拥护积极配合",43
"1996.5.6","西安珠江潇湘峨眉长春五厂落实全国电影工作会议精神明确职责多出精品建设队伍",43
"1996.5.6","调销难中话棉花——来自湖南棉产区的调查",43
"1996.5.7","湖南健全推广网络五年推广农科成果一千五百项",43
"1996.5.9","“大包袱”变“摇钱树”蚌埠玻璃工业设计院救活困难企业",43
"1996.5.9","益阳农行存款大增",43
"1996.5.10","自求生存自我发展郴州工业学校坚持联合办学",43
"1996.5.11","长沙：一纸“诤言”值千金",43
"1996.5.15","残运会金牌大户——访广西湖南代表团",43
"1996.5.16","修复工程清理河障储备器材湖南积极做好防大汛准备工作",43
"1996.5.17","李岚清在湖南考察工作时强调教育应向素质教育转轨外贸以效益质量为中心",43
"1996.5.20","机关公务交社会监督衡阳办事公开受百姓赞扬",43
"1996.5.21","衡阳破获一批刑事案",43
"1996.5.21","毁在“大款”手里的市长——原湖南娄底市市长廖升阳犯罪纪实",43
"1996.5.22","增加排涝面积改善生产条件衡阳百万中低产田变粮仓",43
"1996.5.22","湖南专利申请量居全国前列",43
"1996.5.24","长沙工程兵学院注重人生观教育近八千名毕业学员矢志报国英模辈出中宣部教委总政团中央联合转发该学院育人经验",43
"1996.5.27","锻造奉献者的熔炉——长沙工程兵学院引导学员树立正确人生观记事",43
"1996.5.27","强省之本——来自湖南的耕地报告",43
"1996.5.28","铁路首座国家工程研究中心落户株洲",43
"1996.5.29","蚌埠何以水贵",43
"1996.5.29","湘剧《白兔记》的主旨与风貌",43
"1996.5.31","湖南坚决治理农村“三乱”福建制止农民负担“反弹”",43
"1996.5.31","长沙净化街头招牌广告",43
"1996.5.31","用承租完善承包——湖南怀化地区建立山地产权制度的探索",43
"1996.6.3","总参总政中宣部等座谈长沙工程兵学院经验院校要坚持培养政治合格人才",43
"1996.6.5","衡阳农村党员老有所养",43
"1996.6.5","长沙纪念李维汉诞辰一百周年",43
"1996.6.6","以产业化为突破口建设农业强省湖南十二大主导产业开始启动",43
"1996.6.6","南天一柱——记湖南衡阳百富利客车制造有限公司",43
"1996.6.6","李维汉铜像在长沙揭幕江泽民总书记为铜像题名",43
"1996.6.7","依托区位优势追踪沿海行情永州农业面向市场开发",43
"1996.6.7","湖南油菜产销矛盾突出",43
"1996.6.10","和衷共济建三湘——湖南省政协工作规范化制度化建设纪实",43
"1996.6.10","岳阳改善环境外资成倍增",43
"1996.6.10","湖南湘潭：农家兴起科技热",43
"1996.6.11","湘西寻梦",43
"1996.6.12","长沙体育实施“封闭式”考试学校满意家长放心",43
"1996.6.13","湘剧《布衣毛润之》晋京演出",43
"1996.6.14","家家鸡鸭欢户户花果香蚌埠市郊庭院经济发展快",43
"1996.6.14","精雕细琢再创佳境——湘剧《布衣毛润之》二度晋京有感",43
"1996.6.15","李铁映在湖南考察时指出加快中西部发展须加大改革力度",43
"1996.6.17","湖南农行强化优质服务",43
"1996.6.17","树立先进典型强化监督机制湖南推进国有企业领导干部廉洁自律",43
"1996.6.19","长沙在押犯罪人员立功赎罪",43
"1996.6.20","境外人士当选长沙“荣誉市民”",43
"1996.6.21","湘鄂两省严肃查处非法境外期货交易和外汇按金交易",43
"1996.6.26","峰雄地胜张家界",43
"1996.7.3","湖南丘岗山地开发成绩斐然",43
"1996.7.4","长沙市教师人均住房居全国前列",43
"1996.7.4","湖南人保支持农业科研",43
"1996.7.9","为缓解内政危机以内阁同意增设基础设施部前国防部长沙龙出任部长",43
"1996.7.10","湘江",43
"1996.7.13","善用“加减法”——湖南省临澧县县委书记刘春林一席谈",43
"1996.7.16","开放兴衡阳——对中部经济发展的一点思考（上）",43
"1996.7.16","湖南干群奋力抗洪抢险",43
"1996.7.16","冯志湘同志逝世",43
"1996.7.16","健全考核机制深化制度改革益阳十年调整不胜任现职领导干部八百余人",43
"1996.7.17","开放兴衡阳——对中部经济发展的一点思考（下）",43
"1996.7.17","湘江",43
"1996.7.18","创建党校充实师资长沙青年学生党课教育重实效",43
"1996.7.19","党中央国务院关注长江防洪国家防总工作组赴湖南协助抗灾安徽武汉紧急动员防洪",43
"1996.7.19","湖南教育出版社推出“百科史苑”",43
"1996.7.22","李鹏赴湖南湖北察看灾情代表党中央国务院和江泽民总书记慰问抗灾一线军民勉励大家再接再厉争取抗洪救灾全面胜利",43
"1996.7.22","钮茂生赴湖南指导抗洪救灾",43
"1996.7.23","情暖灾民心——李鹏总理看望湖南洪水灾区群众",43
"1996.7.23","三名伊朗人在湘行窃被拘留",43
"1996.7.26","湖南严查“穷庙”里“富和尚”上半年查办犯罪案件四百零九件四百五十人挽回直接损失二千七百余万元",43
"1996.7.29","战浊流护堤垸众志成城湖南上下一心抗洪灾",43
"1996.8.1","岳阳市地税局实行挂证上岗",43
"1996.8.1","双向交流互办实事长沙市双拥工作制度化",43
"1996.8.2","舍小家保大家舍自己保群众驻湘鄂桂部队奋力抗洪抢险",43
"1996.8.5","湖南雄军公司闯入影视圈",43
"1996.8.5","压缩会议开支增加科技投入长沙科技年唱红“科技戏”",43
"1996.8.5","湘莲第一县",43
"1996.8.6","长沙企业通勤车开向社会",43
"1996.8.9","农民有病不愁医——湖南华容县农村卫生改革见闻",43
"1996.8.13","湖南省对口支援重灾区",43
"1996.8.15","多吉才让考察湖南灾情时强调民政部门要安排好灾民生活",43
"1996.8.16","湖南积极开展灾后生产自救湖北五峰治山治水抗御洪灾",43
"1996.8.20","湖南司法行政机关开展联防联调",43
"1996.8.23","转变观念步入市场开拓新路长沙三万下岗职工二次就业",43
"1996.8.27","湘潭：积极培养优秀青年干部",43
"1996.8.29","分离企业自办中小学全国试点城市研讨会在长沙召开",43
"1996.8.29","怀化地区打击盗伐林木犯罪",43
"1996.8.30","变救灾投入为防灾投入长沙７０个上千亩堤垸无一溃决",43
"1996.9.3","昔日为教育分忧今朝有政府相助长沙企业子弟学校另寻婆家",43
"1996.9.5","花卉业在岳阳迅速崛起",43
"1996.9.8","长沙自来水公司——承诺是金贵在兑现",43
"1996.9.9","永州告别广种薄收",43
"1996.9.10","湖南八运会小荷露尖角",43
"1996.9.10","坚不可摧的战斗堡垒——益阳市基层党支部抗洪救灾记事",43
"1996.9.10","危难时刻显本色——记怀化地区党员干部抗洪抢险的事迹",43
"1996.9.13","湘潭国税局女干部大显身手",43
"1996.9.15","“山上银行”梦成真——湖南丘岗山地开发见闻",43
"1996.9.16","潇潇湘江鱼水情",43
"1996.9.18","中南最大的摩托车城在湘奠基",43
"1996.9.18","湘西农田水利设施管护差",43
"1996.9.21","走开放带动之路——湖南省衡阳市市长贺同新一席谈",43
"1996.9.23","湖南最大水禽项目通过评审",43
"1996.9.27","首届亚洲体操锦标赛在长沙开幕",43
"1996.9.29","诱人的新招牌——长沙“不良文化倾向”招牌更改以后",43
"1996.10.4","岳阳巡警重健身",43
"1996.10.7","强化机制建设坚持标本兼治湖南反腐倡廉“关口”前移",43
"1996.10.7","湖南大学庆祝定名70周年李鹏乔石等题词祝贺",43
"1996.10.8","湖南放活国有小企业六百多家实行产权制度改革",43
"1996.10.8","湖南秋季水利建设起高潮",43
"1996.10.9","湖南繁荣文化出精品",43
"1996.10.10","湖南农村试验推广硅锰肥",43
"1996.10.11","带去党中央国务院的问候国务院救灾工作组到湖南考察灾情",43
"1996.10.11","湖南表彰抗洪救灾先进",43
"1996.10.21","湘黔铁路电气化工程进入决战阶段",43
"1996.10.21","长沙：减轻负担“回头看”",43
"1996.10.22","长沙工业扭亏增盈取得进展",43
"1996.10.22","怀化地委精心培植载体　满足群众需求把墟场建成精神文明大课堂",43
"1996.10.23","长沙电厂一期工程BOT项目向全球招标",43
"1996.10.29","湖南抓好秋冬种减灾补损秋冬种面积比去年增加656万亩",43
"1996.11.5","湖南灾民住房建设加快",43
"1996.11.5","想大事办实事——湖南长沙市委、市政府为人民服务纪事",43
"1996.11.6","以活动为载体从小事情做起岳阳深入开展“三德”教育",43
"1996.11.7","精神文明建设如何进一步深入？湘潭各级一把手说：“向我看齐”全市出现争做奉献争讲文明局面",43
"1996.11.10","湖南开发式扶贫成效显著近两年减少贫困人口４５万",43
"1996.11.11","小辣椒大市场——记“湘研”辣椒名牌战略",43
"1996.11.13","永州贫瘠红壤变“黄金地”",43
"1996.11.13","破产带来新契机——蚌埠市优化资本结构试点工作纪实",43
"1996.11.14","搞好规划增加投入长沙打好水利攻坚战",43
"1996.11.16","尽心尽职为百姓——湖南郴州市苏仙区委书记雷渊利一席谈",43
"1996.11.18","湖南水利建设加大投入冬修水利资金已达十二亿多元",43
"1996.11.18","不搞形式主义不做表面文章衡阳县规范窗口行业行为",43
"1996.11.19","从严治警综合治理邵阳市社会治安明显好转",43
"1996.11.19","“阳光行动”在三湘",43
"1996.11.20","娄底车站扩建工程初战告捷",43
"1996.11.22","宁夏粮食获大丰收株洲市再创水稻单产新纪录",43
"1996.11.22","求富先求知育人先读书衡阳涌现千余“农家书院”",43
"1996.11.25","湖南发挥社会保险的保障功能",43
"1996.11.26","岳阳巡警受到百姓好评",43
"1996.12.2","以形象促发展以发展促文明——常德市“形象工程”纪实",43
"1996.12.2","引天济蚌工程发挥效益蚌埠人喜喝洁净水",43
"1996.12.2","廉洁治校严谨办学——来自湘北外语学校的报告",43
"1996.12.3","株洲车辆厂的“连心桥”",43
"1996.12.5","国家级鱼类原种场在长沙建成",43
"1996.12.5","加强规划审批加强基础建设常德综合整治城市环境",43
"1996.12.6","湖南计算机厂靠技改称雄市场",43
"1996.12.6","湖南向贫困地区和灾区赠报",43
"1996.12.9","湖南百万灾民安然入冬",43
"1996.12.13","湖南文坛成效喜人",43
"1996.12.17","湖南大批年轻干部走上领导岗位",43
"1996.12.20","长沙至湘潭高速公路通车",43
"1996.12.21","道德教育贵有恒——湖南省衡南县委书记谢军一席谈",43
"1996.12.23","岳阳洞庭湖公路桥奠基",43
"1996.12.23","抓住重点分类指导湖南精神文明建设重实效",43
"1996.12.28","长沙市民学校春意浓",43
"1996.12.29","本世纪又一重大考古发现长沙出土三国孙吴纪年简牍",43
"1996.12.30","益阳重点水利工程进展顺利",43
"1996.12.30","湖南广播电视网四通八达覆盖全省８５％的人口",43
"1996.12.30","拜师有门学艺有道株洲车辆厂“青年职工导师”在行动",43
