﻿"index","news_title","prov_cde"
"1996.1.7","赣粤边游击战争纪念馆建成",36
"1996.1.11","既抓批发环节也向零售渗透南昌国有蔬菜公司唱起“主角”",36
"1996.1.15","生产自救重建家园华厦落成喜迎新春江西贵州灾民生活安定情绪饱满",36
"1996.1.16","让每个选民投下庄严一票江苏江西乡镇人大换届选举全面展开",36
"1996.1.16","江西怎样从后进村入手加强党的建设",36
"1996.1.18","景德镇建行支持瓷都再现异彩",36
"1996.1.19","李岚清在江西考察时强调深化教育改革办好各类学校",36
"1996.1.24","江西建行大力支持公路建设",36
"1996.1.25","公证：赣州百姓生活新风景",36
"1996.1.27","铁路建设“中取华东”又结硕果浙赣复线全线开通运营东到杭州西至株洲",36
"1996.2.5","强化领导责任完善管理机制滇赣中小学教师工资全部兑现",36
"1996.2.12","舒圣佑当选江西省省长",36
"1996.2.17","百团下农村百戏送农民江西：“文艺年货”丰盈",36
"1996.2.19","修复倒损住房见成效江西省灾民喜迁新居",36
"1996.2.26","上栗成为赣西最大红薯加工基地",36
"1996.3.1","南昌开出学生专列",36
"1996.3.2","现代戏求取进步的新信息——评萍乡采茶戏《榨油坊风情》",36
"1996.3.9","朱镕基参加江西代表团审议《报告》时强调要坚决解决农民负担过重问题",36
"1996.3.13","宜春不让伪劣农资进农家",36
"1996.3.15","扭住“实”字不放——江西省代表团访谈录",36
"1996.3.28","赣南果业工程发展迅速",36
"1996.4.1","送政策送科技送温暖宜春精神文明宣讲队活跃乡村",36
"1996.4.10","赣江桥工程获“青年文明号”殊荣",36
"1996.4.11","再不精打细算还得了新余钢铁公司年初以来封存四十多辆进口高级豪华小车和几十部“大哥大”，董事会成员和正副总经理开始骑自行车上下班",36
"1996.4.11","可喜的突破——九江市企业职工医疗保险制度改革纪实",36
"1996.4.12","廉政勤政当好公仆南昌重视提高领导干部素质",36
"1996.4.12","江西厂拍成《两个孩子和狗》",36
"1996.4.15","中共南昌市委发出通知，号召全市党员干部向高招利同志学习。高招利心系群众，无私奉献，在一场扑灭山火的战斗中献出了４１岁的生命……让生命化作一团火焰",36
"1996.4.19","赣榆县人工养殖对虾获好收成",36
"1996.4.19","江西建行支持重点企业增效益",36
"1996.4.23","千名干部驻村包点百村农民齐奔小康南昌市干群合力促进农村发展",36
"1996.4.25","江西铜业公司电解铜走向世界在伦敦金属交易所一次注册成功",36
"1996.4.27","南昌青年栽种爱情树（）",36
"1996.4.29","赣县高科技项目发展强劲",36
NA,NA,36
"1996.4.29","自家乐变为大家乐赣县双休日文化下乡形式多样",36
"1996.4.29","稳住现有耕地，山上再造“江西”。当代江西人决心——无愧祖宗荫及子孙——来自江西的报告",36
"1996.5.8","朱镕基在贵州江西考察时强调银行要支持国有企业和粮食生产",36
"1996.5.9","赣州组织千余下岗职工再就业",36
"1996.5.9","吃水不忘挖井人——纪念红军长征胜利６０周年赣南行",36
"1996.5.14","全国新闻界乒乓球赛在赣举行",36
"1996.5.17","刘华清在江西考察时强调弘扬井冈山精神靠科技进步创业",36
"1996.5.17","赣榆审结一起劣种案受害农民获赔款三十万元",36
"1996.5.24","江西省依法管理庐山",36
"1996.5.29","江西供销出口创汇态势良好",36
"1996.5.31","吉安甲鱼养殖规模化",36
"1996.5.31","宁可自己磨破嘴不让他人跑断腿九江为重点工程排忧解难",36
"1996.6.7","南昌市村村配科技干部致富种子撒向千家万户",36
"1996.6.10","新余纪检监察部门为企业挂牌服务对重点企业实行重点保护",36
"1996.6.10","江西瑞金：科技书屋办得火",36
"1996.6.13","江西建行资金向乡镇企业倾斜",36
"1996.6.13","江西破获一批车匪路霸案",36
"1996.6.13","江西省积极安置军转干部",36
"1996.6.14","江西学邯钢推动扭亏增盈",36
"1996.6.14","围棋热九江",36
"1996.6.19","九江民航机场正式通航",36
"1996.6.21","南昌大学并校三年追踪",36
"1996.6.21","江西吉安籍台胞热心家乡建设",36
"1996.6.24","变劣地为优地变死地为活地九江市依法治地创新路",36
"1996.7.3","浙赣皖黔部分市县遭暴雨袭击有关省市地县领导到现场和军民一起奋勇抗洪",36
"1996.7.5","黔皖浙赣最新水情灾情防汛专家说，目前南方洪水出在中小河流，大江大河水势平稳",36
"1996.7.10","山上产竹山中办厂山下开店宜春推动毛竹开发产业化",36
"1996.7.12","建卫生城育文明人赣州着力培养市民公德意识",36
"1996.7.13","第四届中国体育用品博览会将在南昌举行",36
"1996.7.15","取得进入世界市场的通行证——江西铜业公司提高质量纪实",36
"1996.7.15","赣榆农村树碑风盛",36
"1996.7.16","江西实施以工代赈扶贫工程坚持十余年使二百万人脱贫",36
"1996.7.19","拆除煤窑治本绿化环境清源景德镇重现“蓝天碧水”",36
"1996.7.19","为迎京九铁路开通江西进行全面整容",36
"1996.7.22","真心实意为农民——江西省转变后进村工作纪事",36
"1996.7.26","南昌街头扫“垃圾”",36
"1996.8.1","江西加强与沿海地区横向联合优势互补共同发展",36
"1996.8.6","赣州三万城镇青年创业农村",36
"1996.8.9","南昌铁路局成立",36
"1996.8.9","萍乡：农家幼儿学武术",36
"1996.8.10","江西夏粮收购不打“白条”",36
"1996.8.13","建行江西分行资金向公路倾斜",36
"1996.8.16","特色农业的魅力——来自江西南丰县的报告",36
"1996.8.21","京赣小学生“手拉手”",36
"1996.8.22","九江石化总厂：保障职工民主权利",36
"1996.8.25","江西早稻喜获丰收",36
"1996.8.29","新余着力调整产业结构",36
"1996.8.30","九江精心组织“严打”",36
"1996.9.2","借京九东风促市场繁荣南昌市洪城大市场日趋红火",36
"1996.9.4","耕地不保仓廪难实——九江市庐山区砖瓦窑厂违法用地现象透视",36
"1996.9.11","流通活农业兴　市场兴农民富宜春十万农民走南闯北跑销售",36
"1996.9.12","南昌市烟草专卖局提高职工素质",36
"1996.9.13","景德镇罗家机场正式通航",36
"1996.9.14","出路在于转变——江西宜春行署专员伍自尧一席谈",36
"1996.9.16","江西“在山上再造江西”山地产值占粮食作物总产值的六成",36
"1996.9.19","叶挺将军纪念馆在上饶落成",36
"1996.9.26","维护边沿临界地区社会稳定闽粤赣公安加强协作",36
"1996.10.3","江西三清山旅游索道开通",36
"1996.10.6","江西上高县农民摄影展在京举行",36
"1996.10.7","江西建行支持企业增效益",36
"1996.10.14","南昌县城地下水受污染",36
"1996.10.17","抓大稳中放小上规模——宜春地区乡镇企业在转变增长方式中提高",36
"1996.10.18","九江大化肥工程建成投产",36
"1996.10.22","努乔马总统抵江西访问",36
"1996.10.28","赣州果业扶贫成效显著",36
"1996.10.29","吉安老区培植支柱产业解决九十万贫困人口温饱去年人均纯收入逾一千四百元",36
"1996.10.31","抓住京九机遇提高整体素质南昌塑造文明城市形象",36
"1996.10.31","发展体育产业多创国产名牌中国体育用品博览会在南昌开幕",36
"1996.11.1","风景正好看赣南",36
"1996.11.6","推动体育产业发展——访江西省体委副主任胡开志",36
"1996.11.9","津巴布韦议长结束访问江西",36
"1996.11.11","姜春云在江西考察时强调丰收后千万不能轻视农业",36
"1996.11.13","上饶国有工业扭亏从源头抓起",36
"1996.11.14","建行江西分行扶持老区发展经济",36
"1996.11.15","萍乡矿务局甩掉亏损帽子",36
"1996.11.18","赣南咬住“特色”",36
"1996.11.22","赣榆立足旱涝　抓好排灌",36
"1996.11.26","九江大桥获鲁班奖",36
"1996.11.29","冀晋浙皖赣等九省国道省道无“三乱”",36
"1996.12.4","南昌市整修八一起义纪念馆",36
"1996.12.9","建行服务企业企业不忘付息江西铜基地累计付建行利息９亿元",36
"1996.12.10","吉安三年开发新产品１５０项",36
"1996.12.15","江西粮食总产创历史最高纪录",36
"1996.12.18","南昌工行中办实行上门服务",36
"1996.12.18","宜春工程机械公司塑造企业形象",36
"1996.12.30","切实加强干部队伍思想作风建设江西开展“三讲”活动见成效",36
"1996.12.30","南昌县地下水变洁有望",36
