﻿"index","news_title","prov_cde"
"1996.1.3","十堰部分学校挪用学生保险金",42
"1996.1.5","城市环境净化社会风气改变十堰市民公民意识增强",42
"1996.1.11","身为银行不忘为国培育栋梁湖北建行尊师重教成风",42
"1996.1.11","湖北：捕获一头白鳍豚",42
"1996.1.16","湖北：犀牛化石现红坪",42
"1996.1.17","湖北少数企业兜售假劣电子散件",42
"1996.1.20","大家都来支持教育湖北建行尊师重教的事迹激起各界强烈反响",42
"1996.1.20","一枝一叶总关情——湖北省枝江县委书记张业玉一席谈",42
"1996.1.21","施鸿鄂享誉美国",42
"1996.1.22","潜江科技队伍现状亟待改变",42
"1996.1.23","湖北咸宁团地委立足“四沿”地区建设共青团小康工程区域经济",42
"1996.1.26","湖北今年加强对种子的管理",42
"1996.1.30","湖北百万大军上阵加固江河堤防　江苏加快淮北地区中低产田改造",42
"1996.1.31","湖北工行存款连续１１年居全省榜首",42
"1996.1.31","咸宁推行“公贷私押”保障银行信贷安全",42
"1996.2.3","当个好“挑夫”——湖北省监利县委书记张琼江一席谈",42
"1996.2.5","武警湖北总队党委坚持学习制度",42
"1996.2.5","湖北省棉花压库量大",42
"1996.2.6","湖北省工人技师家属可“农转非”",42
"1996.2.26","学校办到村头书架请进柴门宜昌农民爱读书",42
"1996.2.28","梦游神农架",42
"1996.2.28","鄂温克之春",42
"1996.3.7","江泽民与青海湖北代表共商发展大计抓机遇扬优势加快中西部发展",42
"1996.3.8","宜昌农民靠种鱼腥草致富",42
"1996.3.15","刘华清在湖北代表团参加审议时强调坚持从实际出发从群众利益出发",42
"1996.3.27","面对艰苦的生活，面对艰巨的任务，武警湖北总队神农架林区中队的官兵抖擞精神，不辱使命，被誉为——林海守护神",42
"1996.3.29","建行“三千工程”已在湖北启动",42
"1996.3.30","当官莫患“富贵病”——湖北荆沙市市长张道恒一席谈",42
"1996.3.31","湖北舞台分外忙",42
"1996.4.12","仙桃中队获拥政爱民先进单位称号",42
"1996.4.18","农发行湖北分行开发贷款落实早首批７６００万元资金早到位",42
"1996.4.23","孝感市粮食系统送政策送信息为农民预报“市场天气”",42
"1996.4.25","体外循环注入体内预算外资金进“专户”湖北盘活财政带动全局",42
NA,NA,42
"1996.5.3","湖北省向德国专家授奖",42
"1996.5.6","田纪云在湖北考察时强调提高立法质量加大监督力度",42
"1996.5.6","鄂城区公证处未为违法活动作公证",42
"1996.5.19","国务院正式批准设立黄冈市",42
"1996.5.20","李瑞环在川鄂沿江地区考察时强调发展经济要坚持实践第一",42
"1996.5.20","困扰湖北农业的五个问题效益趋降，大部分优惠政策未落实，科技成果储备不足，科技事业费严重不足，耕地锐减",42
"1996.5.21","湖北农行启动“银桥工程”",42
"1996.5.27","湖北侦破一批团伙犯罪大案",42
"1996.5.28","黄石交警规范交接岗制度",42
"1996.5.29","孔明躬耕何处专家确指襄阳",42
"1996.5.30","宜昌书香浓",42
"1996.5.30","鄂南山区推出电话租赁业务",42
"1996.5.30","全国围棋团体赛结束上海二队湖北队分获男女冠军",42
"1996.5.31","宜昌交警巡警合一执法",42
"1996.6.4","恩施积极发展农村党员",42
"1996.6.7","湖北油菜忧思录",42
"1996.6.10","全国体操锦标赛湖北男团夺冠小双全能称雄",42
"1996.6.12","我国将全面实施新的养老保险金计发办法国务院养老保险调研组在湖北考察时指出",42
"1996.6.12","要勇于和善于“抢前争先”——与恩施土家族苗族自治州州委书记刘贤木对话录",42
"1996.6.13","湖北强强联合组建华林公司",42
"1996.6.13","十堰建行发行“金税卡”",42
"1996.6.14","湖北学邯钢从降成本入手",42
"1996.6.19","湖北各级法院判决一批刑事案件",42
"1996.6.20","党建上水平经济增实力宜昌市十万党员带领农民奔小康",42
"1996.6.20","咸宁青年建起“绿色走廊”",42
"1996.6.21","湘鄂两省严肃查处非法境外期货交易和外汇按金交易",42
"1996.6.24","湖北重器集团产品畅销国内市场",42
"1996.6.28","湖北纪念中原突围５０周年中原突围烈士纪念碑奠基",42
"1996.6.28","效益：增产增收的关键——湖北省襄樊市确保粮食增产农民增收的调查",42
"1996.7.4","豫鄂六市县加强金融监管协作",42
"1996.7.9","黄石建行与企业建立新型关系",42
"1996.7.11","将高品位与普及化相结合湖北出版界抓“大众化精品”",42
"1996.7.12","孝感市公安局重视群体活动",42
"1996.7.15","中央党校和十堰市联合举办活动纪念杨献珍百年诞辰",42
"1996.7.18","湖北１３万大学生暑假服务到农村",42
"1996.7.22","李鹏赴湖南湖北察看灾情代表党中央国务院和江泽民总书记慰问抗灾一线军民勉励大家再接再厉争取抗洪救灾全面胜利",42
"1996.7.23","严重违反防汛纪律湖北两干部被免职",42
"1996.7.24","姜春云受江泽民总书记和李鹏总理委托慰问湖北抗洪军民指导抗洪抢险",42
"1996.7.24","宜昌越权征收城建资金被查处",42
"1996.7.25","举全省之力保安全夺丰收湖北抗洪生产两不误",42
"1996.7.25","十堰市一亿多元体外循环资金转入体内",42
"1996.7.30","抓两头促中间抓重点带一般黄冈市加强农村基层组织建设",42
"1996.8.2","舍小家保大家舍自己保群众驻湘鄂桂部队奋力抗洪抢险",42
"1996.8.8","随州避雷器厂出口大增",42
"1996.8.9","“植物王国”神农架",42
"1996.8.13","“湖北第一村”",42
"1996.8.15","湖北表彰一批见义勇为者",42
"1996.8.16","湖南积极开展灾后生产自救湖北五峰治山治水抗御洪灾",42
"1996.8.16","潜江农民饮上自来水",42
"1996.8.19","农业大县出路在农业——襄阳县实施农业产业化的启示",42
"1996.8.20","宜昌天桥冲击波",42
"1996.8.30","宜昌农村的“双带工程”",42
"1996.8.30","洪波载忠魂——记在抗洪中以身殉职的武警鄂州支队参谋长吉宏善",42
"1996.9.4","四成薪水系于文化素质——仙桃供销商厦的尝试",42
"1996.9.9","工运会孝感赛区赛事新颖大众体育创编项目显风流",42
"1996.9.10","工运会孝感赛区又决出18枚金牌",42
"1996.9.11","湖北红安26所希望小学全部竣工“将军县”八千师生告别危房",42
"1996.9.16","全国工运会孝感赛区成绩喜人大众体育创编项目创一批新纪录",42
"1996.9.18","工运会孝感赛区鸣锣收兵",42
"1996.9.19","孝感，群众体育的乐土",42
"1996.9.20","职工体育重在健身——写在工运会孝感赛区鸣金之际",42
"1996.9.24","仙桃交警文明执勤受称赞",42
"1996.9.24","全国羽毛球锦标赛男女团体赛广东福建湖北广西分获决赛权",42
"1996.9.26","全国羽毛球锦标赛团体赛福建湖北分获男女冠军",42
"1996.10.7","湖北农发行注巨资保收购",42
"1996.10.7","贝尔公司捐建鄂西希望中学",42
"1996.10.10","湖北建行尊师重教有实招",42
"1996.10.14","随州市支持人武部建设",42
"1996.10.14","湖北崇阳淘金殃及水库",42
"1996.10.17","宜昌海关正式开关",42
"1996.10.17","“常胜将军”的奥秘——记湖北凯乐塑管股份有限公司",42
"1996.10.19","湖北推进绿色致富工程经济林年总产值达到25亿元",42
"1996.10.21","宜昌三峡机场正式落成",42
"1996.10.22","李鹏考察三峡工程建设及移民工作希望全体建设者齐心协力，全力以赴，为实现明年大江截流而努力奋斗国务院三峡工程移民暨对口支援工作会议在宜昌召开",42
"1996.10.22","湖北长城移动通信网组建",42
"1996.10.29","湖北黄冈市王家店乡立足养殖作文章",42
"1996.10.30","服务求全治病求精行医便民仙桃市中医院德艺双馨",42
"1996.10.31","孝感高中注重科学教育",42
"1996.11.2","自我加压出动力——湖北松滋市委书记王光泰一席谈",42
"1996.11.5","沉没江底铁未销重见天日在今朝湖北将于近日打捞中山舰",42
"1996.11.7","美从民间来——《三峡坝区宜昌县现代民间版画展览》作品选",42
"1996.11.14","奇：灾区有条无灾河湖北罗田县北丰乡小流域治理显奇效",42
"1996.11.14","甘洒心血育幼苗——记湖北龙泉中学教师隗天良",42
"1996.11.15","湖北车桥公司学邯钢成本下降",42
"1996.11.17","鄂尔多斯歌舞剧团又演大作品《鄂尔多斯情愫》颂母亲",42
"1996.11.20","荆门热电厂开展继续教育",42
"1996.11.21","“湖北邮电杯”书法大赛获奖作品选登（）",42
"1996.11.23","全国人大检查组认为　湖北实施农业法成效显著",42
"1996.11.24","湖北大灾之年夺得大丰收粮食总产量达２４８亿公斤",42
"1996.11.26","文明耀农家——湖北竹山县文明农户创建活动纪实",42
"1996.11.26","仙桃四中德育工作延伸校外",42
"1996.11.29","潜江农民包机搞运销",42
"1996.12.1","山东农田水利建设行动快湖北浠水加固整修百里长江大堤",42
"1996.12.2","邹家华在湖北考察时强调水利要标本兼治综合治理",42
"1996.12.2","荆门：探索管水新途径",42
"1996.12.3","孝感市综合治理府环河",42
"1996.12.3","动力之源——记荆门石化总厂两个文明一起抓",42
"1996.12.5","湖北车桥公司跨地区发展",42
"1996.12.5","孝感加大精神文明建设力度",42
"1996.12.5","湖北兴建特色书馆",42
"1996.12.13","草原天高处四时歌舞多鄂温克旗加大文化投入",42
"1996.12.15","湖北校市联手开发农村人才",42
"1996.12.20","湖北启动“金企”工程",42
"1996.12.21","“鄂州拆庙”一得",42
"1996.12.22","特大洪水唤起全民水患意识湖北冬修水利对症下药",42
"1996.12.24","湖北又有６５万贫困人口脱贫",42
"1996.12.24","潜江选派专业人才为幸福集团注活力",42
"1996.12.25","襄阳培育有本地特色龙头企业财政收入连续三年递增４０００万元",42
"1996.12.30","南航湖北公司扶贫助困献爱心",42
"1996.12.30","宜昌站已停止收费供水",42
"1996.12.30","十堰公路交通状况待改善",42
