﻿"index","news_title","prov_cde"
"1996.1.2","名牌开路科技先行钦州规模经营“名牌农业”",45
"1996.1.3","桂林新火车站日前兴建",45
"1996.1.4","女篮冬训誓师大会在柳州举行中国队提出奥运目标：保六争三",45
"1996.1.8","广西重奖农技有功人员",45
"1996.1.15","广西烧毁一批“精神垃圾”",45
"1996.1.19","北海发展战略研讨会在京召开",45
"1996.1.22","拱北海关新风如潮",45
"1996.1.23","北海稳妥解决空置商品房",45
"1996.1.24","迟浩田考察广西驻军时强调高标准抓好各项工作落实",45
"1996.1.24","拱北海关加大扫黄力度",45
"1996.1.25","南宁聘请交警监督员",45
"1996.1.26","旅游上去工业上去污染下来桂林山水依旧甲天下",45
"1996.2.4","第一年有饭吃第二年得温饱广西近１０万特困移民异地发展",45
"1996.2.8","胡锦涛在广西考察时要求各级领导干部牢固树立群众观点帮助解决实际困难",45
"1996.2.10","柳州国际足球邀请赛明日决战",45
"1996.2.17","银荔杯足球赛将在柳州举行",45
"1996.2.22","保持经济持续健康增长广西提出五个重点",45
"1996.2.24","广西６６万各族群众告别贫困",45
"1996.2.26","严打斗争持续不断综合治理全面开展广西刑事案件大幅减少",45
"1996.2.26","玉林地区经济振兴之路",45
"1996.2.28","足球后备军会聚梧州",45
"1996.3.13","两起案件侦破有功人员受表彰公安部给《奇异的性婚俗》专案组记集体一等功柳州市奖励侦破“１２·２２”特大抢劫杀人案功臣",45
"1996.3.14","柳州举办“银荔杯”中国足球精英赛温州球迷自费赴马为国奥助阵",45
"1996.3.17","抓“两个转变”达小康目标——广西代表团访谈录",45
"1996.3.26","桂林陆院提高教员素质",45
"1996.3.27","桂林开发区建设进展快",45
"1996.3.27","广西边防总队打击罪犯显神威",45
"1996.4.1","借东风——贫困户王玉林造屋记",45
"1996.4.2","防城港边防支队严打走私贩毒显神威",45
"1996.4.6","讲政治讲正气讲程序抓试点抓措施抓落实广西严格按《条例》选拔任用干部",45
"1996.4.6","国家语委召开语言文明建设座谈会柳州万名中小学生签名倡导净化语言",45
"1996.4.11","桂林开发区迈上新台阶",45
"1996.4.11","林业造福社会社会兴办林业广西半宙集团开发万亩林果场",45
"1996.4.12","“壮乡”广西县县通光缆",45
"1996.4.16","越南国家足球队战胜广西银荔队",45
"1996.4.17","柳州市作出决定禁止“三室一厅”对中小学生开放",45
"1996.4.21","南宁万人签名共建城市文明",45
"1996.4.21","’９６广西国际民歌节开幕",45
"1996.4.26","绿茵女儿苦为乐——访柳州女足主教练邓广忠",45
NA,NA,45
"1996.5.3","国务院纠风办查处公路“三乱”事件玉林等地有关责任人分别受到党纪政纪处理",45
"1996.5.8","玉林抽调干部包村整顿",45
"1996.5.9","南宁基础工程公司领导以身作则",45
"1996.5.10","南宁站成立铁路首家装卸公司",45
"1996.5.10","三月春歌满柳江——’９６广西国际民歌节侧记",45
"1996.5.11","河内国际女足赛柳州女足夺冠",45
"1996.5.13","“天下第一大事”——来自广西的耕地报告",45
"1996.5.14","广西来宾电厂Ｂ厂ＢＯＴ项目开标",45
"1996.5.14","边境堵内地查面上扫广西重点打击枪毒犯罪",45
"1996.5.15","广西渔船首次到印度洋作业",45
"1996.5.15","寻史迹忆传统话使命比奉献桂林利用历史文物教育下一代",45
"1996.5.15","残运会金牌大户——访广西湖南代表团",45
"1996.5.18","足球柳州赛区建设电力民航三队出线",45
"1996.5.18","广西宜州乡间旅游日趋红火",45
"1996.5.21","中华武术散手擂台赛将在桂林举行",45
"1996.5.27","加快科技一体化进程拱北海关提高办事效率",45
"1996.5.29","广西凤山金矿建成投产",45
"1996.5.29","桂林陆院开展读书育人活动",45
"1996.5.30","广西灵山矿泉水伴随健儿闯奥运",45
"1996.5.31","跨过“低门槛”——北海走出“房地产热”经济扎实启动",45
"1996.6.4","北海加快以港兴市",45
"1996.6.9","广西自然保护区建设成绩显著",45
"1996.6.10","防城港市交警根治公路“三乱”",45
"1996.6.12","因地制宜分类指导广西职教占据“半壁江山”",45
"1996.6.15","自尊莫过办实事——广西灵山县委书记梁春禄一席谈",45
"1996.6.15","桂林风光摄影艺术首次进京",45
"1996.6.17","广西３７家企业就产品质量向社会公开承诺",45
"1996.6.23","广西加大保护耕地力度划定基本农田保护区三千三百多万亩",45
"1996.6.27","广西山区沿海联手扶贫",45
"1996.6.27","让漓江更加清澈——访桂林市市长黎明智",45
"1996.7.10","第三届全国工运会游泳赛在钦州落幕打破或创造４０项大会纪录",45
"1996.7.12","广西侦破利用增值税发票犯罪大案",45
"1996.7.15","南宁每月邀请专家作报告",45
"1996.7.15","殚精竭虑为富民——记广西恭城县委书记张明沛",45
"1996.7.16","南宁百岁寿星享受政府津贴（）",45
"1996.7.23","国家防总派员赴柳州指导抗洪",45
"1996.7.24","暴雨猛烈袭桂林游客安然游漓江",45
"1996.7.27","确保有吃有住有穿设法尽快恢复生产广西抗洪救灾措施有力",45
"1996.7.29","广西甩掉教育落后帽子小学入学率高于全国平均水平",45
"1996.7.31","广西９３％以上农户使用省柴节煤灶",45
"1996.7.31","广西叠彩区为武装部排忧解难",45
"1996.8.2","孔繁森同志事迹展览在南宁展出",45
"1996.8.3","保险公司为柳州受灾保户赔款",45
"1996.8.8","北海市收回大面积撂荒土地",45
"1996.8.14","广西八运会在柳州举行",45
"1996.8.15","凭证免交费用平价直销蔬菜    南宁物价指数降至全国最低水平",45
"1996.8.20","桂林两江国际机场提前建成",45
"1996.8.28","桂林红军长征地成为教育基地",45
"1996.9.2","“软”“硬”兼顾再造优势钦州治理投资环境",45
"1996.9.6","中央地方密切合作工程建设进展顺利桂林两江机场建成使用在即年吞吐量为原机场能力的10倍",45
"1996.9.7","广西表彰残疾人体育健儿",45
"1996.9.8","柳州铁路局——乘坐壮乡车　满意伴你行",45
"1996.9.9","河池地区采取措施减轻干部负担",45
"1996.9.22","北海列为农村改革实验区",45
"1996.9.24","全国羽毛球锦标赛男女团体赛广东福建湖北广西分获决赛权",45
"1996.9.25","国务院批准北海市为农村改革试验区",45
"1996.10.2","桂林两江国际机场通航李鹏为通航剪彩并参加桂林市国庆文艺晚会",45
"1996.10.4","广西打好“侨牌”引来海外投资新疆抓住机遇加快利用外资",45
"1996.10.5","数字、政绩与做官——广西临桂县委书记阳春喜一席谈",45
"1996.10.6","李鹏在广西考察工作",45
"1996.10.7","钦州港加快配套设施建设",45
"1996.10.11","广西对污染环境企业亮红牌",45
"1996.10.17","“太保”为柳州水灾支付1．5亿元赔款",45
"1996.10.24","让心灵与山水同美桂林结合旅游优势开展精神文明建设",45
"1996.10.24","东西合作扶贫富民北海异地扶贫开发综合改革试验以国际参与、国家支持、政府组织、地区合作、企业运作的方式进行",45
"1996.10.25","《邓小平文选》壮文版在南宁首发",45
"1996.10.26","摸实情求实效广西桂林市市长黎明智一席谈",45
"1996.10.28","杨汝岱在广西考察时说动员社会各界广泛参与扶贫",45
"1996.10.29","广西平果县新更村修公路通市场",45
"1996.10.30","广西省举办第八届运动会",45
"1996.11.1","柳州铁路局对海南反季节瓜菜北运作出——跨越琼州海峡的承诺",45
"1996.11.1","全国农村珠算比赛在桂林举行",45
"1996.11.2","广西扎扎实实开展“三德”教育",45
"1996.11.6","“决心已下定，关键在落实”——江泽民考察贵州、广西扶贫工作纪实",45
"1996.11.7","钦州农业综合开发高潮迭起",45
"1996.11.8","广西八运会取得喜人收获",45
"1996.11.11","群山托起新锡都——记广西柳州大厂矿务局的变化",45
"1996.11.12","我国第一个ＢＯＴ试点项目启动广西来宾电厂Ｂ厂特许权协议草签",45
"1996.11.12","北海舰队某基地加强文化设施建设",45
"1996.11.13","广西临桂适龄青年踊跃应征",45
"1996.11.18","南宁街头新添读报栏",45
"1996.11.24","乔石同诺哈会见圆满结束对老挝正式友好访问乔石回国抵桂林",45
"1996.11.26","“我本是山里的放牛娃”——记广西“十杰青年”、桂平市市长助理莫兆钦",45
"1996.11.28","广西又有１４个县脱贫",45
"1996.12.3","谢非率团深入广西贫困地区考察粤桂领导共商扶贫攻坚大计",45
"1996.12.3","足球甲Ａ后备军在梧州练兵",45
"1996.12.17","桂林公安局实行领导干部轮岗交流",45
"1996.12.18","“三严四自”树正气——广西区党委加强干部队伍建设的调查",45
"1996.12.18","中韩女子围棋赛主队获胜　国际女子曲棍球赛中国队失利　辽宁中长跑队抵南宁冬训　中日梅里雪山登山队蓄势待来年",45
"1996.12.23","广西粮食生产获得丰收",45
"1996.12.23","桂林秀峰区军民共建有成效",45
"1996.12.24","观海测浪爱岗敬业——记国家海洋局北海洋观测站",45
"1996.12.25","广西边陲建新城",45
"1996.12.31","广西银荔足球队增兵易帅",45
