﻿"index","news_title","prov_cde"
"1996.1.1","烟台安排富余职工搞三产年创利税两亿元",37
"1996.1.2","潍坊纯碱厂开拓国际市场",37
"1996.1.3","青岛电厂扩建工程完工",37
"1996.1.3","山东一些中小学乱摊派高收费",37
"1996.1.4","淄博农村家家户户用上自来水乡镇办起“水公司”顺着水路找财路",37
"1996.1.5","鲁南磷铵一枝花山东临沂化工总厂科技成果丰硕",37
"1996.1.6","为农民办实事为小康打基础——枣庄市“四通”建设带动农村发展",37
"1996.1.7","山东中狮制药厂投产",37
"1996.1.7","青岛港二期工程开工",37
"1996.1.9","山东省切实加强对知识产权保护",37
"1996.1.12","冰城交警战“三九”——记哈尔滨交警支队“学济南，创一流”活动",37
"1996.1.12","临沂物资站生意活效益高",37
"1996.1.15","济南机务段严守财经纪律",37
"1996.1.15","山东开展冬季“扫黄打非”",37
"1996.1.16","山东：发掘龙山文化城",37
"1996.1.18","山东个体工商户数全国最多",37
"1996.1.18","小镇播种星火人——记淄博市聂村支部书记杨文友",37
"1996.1.19","办好“天下第一难事”枣庄市峄城区引导农民自觉计划生育",37
"1996.1.22","重塑形象——全国公安机关学习济南交警活动综述",37
"1996.1.22","济南车站办理货运一票到底",37
"1996.1.23","青岛——实行纳税人申报制",37
"1996.1.23","山东名演员献艺乡镇剧院",37
"1996.1.24","上海初中入学办法配套措施出台泰安市泰山区强化薄弱学校建设",37
"1996.1.26","威海开发区拒上污染项目亿元项目亮“红牌”优美环境成优势",37
"1996.1.27","扎根山区拔穷根——山东枣庄市山亭区委书记褚庆观一席谈",37
"1996.1.29","建得广厦千万间青岛教师展欢颜",37
"1996.1.29","小快灵制服双中锋济南军区队战胜北京首钢队",37
"1996.1.30","无故克扣拖欠工资国法不容当官敢为百姓作主市府可亲青岛为打工者讨工资",37
"1996.2.1","山东积极为群众解困难",37
"1996.2.1","山东制成阿胶枣汁饮品",37
"1996.2.7","烟台奥尔呼斯公司开发新产品",37
"1996.2.13","中国工商银行表彰济南工商行",37
"1996.2.15","烟台“蔬菜年礼”失宠了",37
"1996.2.15","山东省直剧院送戏到沂蒙",37
"1996.2.18","济南住房特困教师喜迁新居",37
"1996.2.19","彻底告别点油灯历史山东省实现户户通电",37
"1996.2.26","德州市乡镇企业重科技投入",37
"1996.2.26","枣庄举办鲁南民俗艺术节",37
"1996.2.27","潍坊奎文区抓治安重在预防",37
"1996.2.28","山东口岸加工贸易进出口逾７０亿美元",37
"1996.2.28","淄博建成一大型服装批发市场",37
"1996.2.28","聊城有聊头",37
"1996.2.29","以人均评实绩依国策抓落实山东经济社会发展得益于人口控制",37
"1996.2.29","青岛制成食品脱水生产线",37
"1996.2.29","“人造皮肤”在青岛研制成功",37
"1996.3.1","工行潍坊分行全力支持企业发展",37
"1996.3.1","淄博市工业发展战略研究论证会举行",37
"1996.3.3","赵志浩补选为山东省人大常委会主任",37
"1996.3.4","宁夏山东人大代表共话发展（）",37
"1996.3.4","菏泽地区党员带头科技兴农",37
"1996.3.5","这本是一起普普通通的经济纠纷案件，且诉讼标的也不大，但是由于诸多原因，在近３年的时间里，法院的判决始终未能得到执行，怎么办？法网恢恢，疏而不漏！山东桓台法院依法执行判决，实实在在地维护了——法律的尊严",37
"1996.3.6","山东成武农村碘盐短缺",37
"1996.3.7","都市之钟——济南交警礼赞",37
"1996.3.8","山东拍摄二十二集电视剧《孙子》",37
"1996.3.10","刘华清在山东代表团审议《报告》时强调更好地实施科教兴国科技强军战略",37
"1996.3.11","向济南交警学什么？",37
"1996.3.11","爱心滋润后进生——记山东沂源县实验中学校长李振华",37
"1996.3.14","对济南“交警现象”的思考",37
"1996.3.15","李鹏听取山东福建代表团意见时希望两个文明一齐抓一年一个新面貌",37
"1996.3.15","全国竞走锦标赛山东男选手称雄",37
"1996.3.22","党政干部上一线万顷麦田得浇灌山东上下一心战旱魔",37
"1996.3.24","勤政廉政加公正求实务实抓落实泰安市委真心实意办实事",37
"1996.3.25","山东大连队获银荔杯赛决赛权",37
"1996.3.25","全国男篮联赛第五名争夺战山东客场击败浙江",37
"1996.3.27","济南军区某部坚持开展法制宣传",37
"1996.3.28","朱镕基在山东调研时指出尽快实现两个根本转变促进国有企业健康发展",37
"1996.3.28","济宁少年国防教育学校成绩显著",37
"1996.3.28","齐鲁大地第一声——淄博科教兴市巡礼",37
"1996.3.29","山东军转安置步入法制轨道",37
"1996.3.29","泰安市加强文物管理",37
"1996.3.30","青岛有个“扶贫病房”",37
"1996.3.31","山东久旱逢甘霖",37
"1996.4.1","山东德州体校重视德育教育",37
"1996.4.5","全国交警学济南引起连锁效应各大中城市交通管理秩序出现明显好转",37
"1996.4.6","济宁古道行",37
"1996.4.8","醋酸乙酯生产线在山东投产",37
"1996.4.8","泰安老油路改造成效大",37
"1996.4.9","成功之本——青岛港务局全心全意依靠工人阶级纪事",37
"1996.4.9","烟台“西进”企业无一亏损",37
"1996.4.9","青岛开通集装箱运输信息交换系统",37
"1996.4.10","潍坊两厂“强强联合”效果显著",37
"1996.4.11","激光模压生产线在泰安兴建",37
"1996.4.15","强化首位意识突出重中之重山东实施农业良种产业化开发工程",37
"1996.4.15","误战机济南泰山０∶０踢平广州太阳神",37
"1996.4.16","学习孔繁森活动向深入发展西藏山东辽宁以高尚精神塑造人促进两个文明建设",37
"1996.4.19","建造辉煌的“教育大厦”——淄博市科教兴市巡礼",37
"1996.4.22","擦亮国有银行的牌子——农行山东桓台县支行优质文明服务小记",37
"1996.4.24","第五届国际牡丹花会在菏泽举行",37
"1996.4.24","德州市邮局长期额外收取用户“押金”",37
"1996.4.26","烟台建成优质大樱桃基地",37
"1996.4.26","学根本树形象办实事聊城深入开展学习孔繁森活动",37
"1996.4.26","自学“热”了枣庄人",37
"1996.4.27","山东大面积养殖银鱼成功",37
"1996.4.27","菏泽地区博物馆建成",37
NA,NA,37
"1996.4.29","济南市民营科技产业园形成规模",37
"1996.5.2","山东建大型涂布白板纸工程",37
"1996.5.2","无私奉献青春路——记济南军区某高炮旅排长仲米辉烈士",37
"1996.5.2","借水行舟借梯登高烟台芝罘区镇村工业加深科技内涵",37
"1996.5.4","云南夏粮获得丰收山东小麦长势良好（夺取今年农业丰收）",37
"1996.5.9","树立名牌产品名牌企业名牌产业潍坊实施“大名牌”战略",37
"1996.5.9","声像文进村入户泰安创“全方位立体化计生宣教法”",37
"1996.5.14","优化产业结构利用科技增效烟台农村经济向集约型转化",37
"1996.5.14","山东各界积极参与“严打”八成破案线索由群众提供",37
"1996.5.14","“人和”做出好文章——山东孔府宴酒厂依靠职工办企业记事",37
"1996.5.16","改革中找出路农字上做文章德州职业教育越办越兴旺",37
"1996.5.16","青岛—威海开通假日旅游车",37
"1996.5.17","一“诺”千金——烟台市推行社会服务承诺制度纪实",37
"1996.5.17","建设部国务院纠风办联合召开现场会推广烟台“社会服务承诺制”经验",37
"1996.5.18","健美操将在泰安开赛",37
"1996.5.22","拉齐奥队１∶０胜山东队",37
"1996.5.24","青岛崂山花边厂注重党风建设",37
"1996.5.24","巩固成果再创佳绩石家庄交警深化学济南活动",37
"1996.5.24","为党增光为国出力为民谋福淄博干部加强思想作风建设",37
"1996.5.27","青岛免费送戏大中小学生",37
"1996.5.29","纠正不正之风树立良好形象山东公安机关实施禁酒令",37
"1996.5.30","烟台崛起高新技术产业群四百零六个高新技术企业去年创产值六十二亿元",37
"1996.5.31","青岛清理不良文化现象",37
"1996.5.31","青岛开工兴建中辉电子城",37
"1996.6.4","陈俊生在山东考察时强调供销合作社要推动农业产业化",37
"1996.6.5","烟台建成无公害苹果出口基地",37
"1996.6.7","建立制度便民利民菏泽公安机关争创一流",37
"1996.6.10","取消专管员管户之后——山东省地税系统征管改革纪实",37
"1996.6.10","铁路运输与市场经济接轨的有效尝试青岛７对旅客列车实行冠名招商",37
"1996.6.10","济宁民兵积极投入“严打”",37
"1996.6.10","重在有效贵在有恒——交警学济南的启示",37
"1996.6.11","青岛举办英语大集活动",37
"1996.6.12","临沂火车站全力抢运苍山蒜薹",37
"1996.6.12","加强农村基层组织建设青岛涌现百个“红旗村”",37
"1996.6.13","淄博交警科学管理交通",37
"1996.6.13","济宁交行支持地方经济共同发展",37
"1996.6.14","青岛加大个人所得税征管",37
"1996.6.17","借得春风花正红——山东胶州市东店子村精神文明建设见闻录",37
"1996.6.17","新“莱芜战役”——来自山东莱芜市的报告",37
"1996.6.17","山东夏津棉花大量积压",37
"1996.6.17","乡村教坛孺子牛——记山东宁津县宁津镇詹庄村小学教师乔桂莲",37
"1996.6.19","聊城研制成功高压背负式喷雾器",37
"1996.6.20","东西合作手拉手发展经济共繁荣烟台乡镇企业挺进中西部",37
"1996.6.20","济南军区１４１医院设立扶贫病房",37
"1996.6.24","青岛个体户陆桂珍销毁３０００元过期商品",37
"1996.6.25","公安部推广山东省公安厅禁酒令",37
"1996.6.26","强化激励机制突出技能培训淄博电业局鼓励职工岗位成才",37
"1996.6.28","山东选派机关干部下村治散治瘫创一番业绩富一村百姓练一身本领",37
"1996.6.28","济南泰山队点球负于巴西劲旅",37
"1996.6.29","“换位”思考决策开窍——山东省临邑县委书记王佑成一席谈",37
"1996.7.2","济南有辆“受理投诉车”（）",37
"1996.7.3","加强管理严格控制科学调度济南市民有望告别停电之苦",37
"1996.7.4","张震在一一五师暨山东军区战史编委会议上强调用党和军队斗争历史教育人民",37
"1996.7.5","济南国有商店以诚信吸引消费者“国有”二字又成金字招牌",37
"1996.7.5","天津交警学济南见成效",37
"1996.7.6","宋健在山东考察时指出加强科学研究发展海洋产业",37
"1996.7.6","淄博停办艺术节的思考",37
"1996.7.8","济南军区组织机关干部下连当兵",37
"1996.7.9","改善办学条件加强师资队伍山东临沂抓教育形成网络",37
"1996.7.10","天下不敢小聊城——从聊城借京九促发展看欠发达地区的希望",37
"1996.7.10","山东节庆活动趋冷对外招商走向务实",37
"1996.7.10","青岛街头有“高考的士”",37
"1996.7.13","无视国法以权谋私收贿索贿数额特别巨大泰安原６名领导干部被依法严惩胡建学卢胶青孔利民被判死缓；孙庆祥徐洪波被判无期徒刑；李惠民被判处死刑",37
"1996.7.16","民不富心不安——记山东省冠县县委书记潘太银",37
"1996.7.16","勤政廉洁的带头人——记济南市黄河河务局局长郝金之",37
"1996.7.16","临沂从村支书中选聘２５９名干部",37
"1996.7.17","先治病后收钱济宁脉管炎医院试行“包疗制”",37
"1996.7.19","政协委员考察山东",37
"1996.7.19","社会统筹个人分担企业补助烟台职工尝到医疗保险改革甜头",37
"1996.7.22","济南国际集装箱分流中心开通",37
"1996.7.22","烟台公安机关深挖犯罪线索",37
"1996.7.26","掺矸使假成为过街老鼠济宁果断整治煤炭市场",37
"1996.7.26","最高人民检察院山东省委召开表彰大会为查办“泰安案件”成绩突出者庆功",37
"1996.7.29","小步走不停步——山东兖州矿业（集团）公司积极为分离社会职能创造条件",37
"1996.7.29","淄博工商行依靠法律转化贷款风险",37
"1996.7.29","济南军区某部帮驻地农民致富",37
"1996.7.30","充分发挥基层司法行政职能作用山东强化社会治安“第一道防线”",37
"1996.7.31","山东淄博市节省经费支援部队",37
"1996.7.31","栽种梧桐树引来金凤凰青岛高科园推出“双五百工程”",37
"1996.8.1","济南市郭店镇重视廉政勤政建设",37
"1996.8.4","建急救通道立双向承诺设扶贫病房青岛缓解群众“看病难”",37
"1996.8.5","夏雨清风扑面来——烟台市双拥共建社会主义精神文明记事",37
"1996.8.5","北京山东闯入足协杯决赛",37
"1996.8.7","大宇重工投资烟台生产挖掘机",37
"1996.8.7","山东实施“百千万引智计划”",37
"1996.8.9","今年３月２８日，拥有固定资产５０００多万元、停产半停产达３年之久的河北沙河市磷铵总厂被山东鲁北企业集团总公司以２６３０万元跨省租赁，租期８年。这个消息在沙河乃至整个冀南引起强烈震动“沙鲁现象”探析",37
"1996.8.9","济南：满城泉水吐清波",37
"1996.8.10","为官莫虚热闹——山东省夏津县委书记刘炳义一席谈",37
"1996.8.12","改变“西部下山东部下海”资金流向江苏亿元项目西移青海",37
"1996.8.12","济南军区某部重视基层党支部建设",37
"1996.8.13","山东师范院校热起来",37
"1996.8.13","临沂选调优秀大学毕业生到乡村任职",37
"1996.8.14","第六届青岛国际啤酒节开幕",37
"1996.8.15","千金一诺万象新——烟台推行社会服务承诺制综述",37
"1996.8.15","银企联手双方得益济南金融界重点扶植大企业",37
"1996.8.17","目标同向政治同心工作同步济宁市双拥共建深入扎实",37
"1996.8.17","为政以德造福百姓——山东省曹县县委书记朱保忠一席谈",37
"1996.8.17","实施名牌战略促进两个转变——第四届“风筝文化与潍坊经济”理论研讨会综述",37
"1996.8.18","菏泽乡镇干部新风",37
"1996.8.18","公安部通令嘉奖济南破案有功人员",37
"1996.8.19","有信必诺有诺必践——学习推广烟台经验",37
"1996.8.19","烟台社会服务承诺经验报告会举行将在国务院八部门和部分城市试点推广",37
"1996.8.19","算帐同样出效益泰安二棉一月至七月实现利税五百多万元",37
"1996.8.19","红旗渠遇暴雨遭受破坏济南军区官兵奋力抢修",37
"1996.8.20","烟台建成集约化肉鸡生产基地",37
"1996.8.20","济南强化政府行为谁开口子谁挨“刀”",37
"1996.8.20","枣庄市中区抓好家庭法制道德建设",37
"1996.8.21","心系群众警德高尚——邢台交警支队学习济南交警记事",37
"1996.8.25","青岛出版社向社会奉献好书十年没卖过一个书号没出过一本劣质书",37
"1996.8.26","盛夏鸡蛋和鲜奶售价何处便宜？青岛鸡蛋每千克６．８０元北京鲜奶每千克２．４９元",37
"1996.8.26","首都民警的承诺：让群众满意——北京公安机关学济南交警树文明新风",37
"1996.8.26","济南军区某部以法促训",37
"1996.8.28","徐州交警学济南交警扎实有效",37
"1996.8.28","“交警效应”转化为“公安效应”山东公安机关学济南交警",37
"1996.8.30","长远有目标年年出新意烟台精神文明建设规范有序",37
"1996.8.30","山东乡村科技人才大显身手",37
"1996.9.2","从“泸河”看“两个转变”——山东泸河集团总公司十年改革与发展述评",37
"1996.9.3","节省投资壮大实力救活企业青岛海信集团多渠道盘活存量资产",37
"1996.9.8","济南建行——三级作承诺　一环扣一环",37
"1996.9.9","青岛西流高架桥雄姿（）",37
"1996.9.12","淄博神头派出所“严打”显威风",37
"1996.9.12","“潍坊美林窑业”向消费者承诺",37
"1996.9.13","彭珮云在山东枣庄考察工作时指出“三结合”是搞好计生工作的必由之路",37
"1996.9.16","济南东方药业开发出阿胶口服液",37
"1996.9.17","淄博法院救灾办案两不误",37
"1996.9.18","济宁电业局安全生产一千五百天",37
"1996.9.22","烟台崛起新城区（）",37
"1996.9.24","在继承中发展在改革中提高济南拓宽双拥新路子",37
"1996.9.25","青岛金星矿业集团效益猛增",37
"1996.9.25","全国男篮俱乐部赛产生四强八一山东辽宁广东小组出线",37
"1996.9.26","八一山东男篮今晚争冠",37
"1996.10.2","山东四十八个城市统一推行八项社会承诺",37
"1996.10.3","德州经贸洽谈联谊会圆满结束",37
"1996.10.4","青岛建行加大对重点项目投入",37
"1996.10.4","“小鸭人”在行动——记济南洗衣机厂售后服务",37
"1996.10.5","“济南工行现象”与精神文明建设——“济南工行现象”理论研讨会综述",37
"1996.10.6","这儿的投资环境真好——烟台经济技术开发区见闻",37
"1996.10.7","山东灾后及早部署水利建设",37
"1996.10.9","英国军舰首次访问青岛",37
"1996.10.10","新加坡投资兴建青岛工业园",37
"1996.10.10","济南工行——优质服务在延伸",37
"1996.10.10","济南交警——从零开始谱新曲",37
"1996.10.10","烟台承诺制——满意答卷交人民",37
"1996.10.13","全国新闻界书画邀请展在菏泽举行",37
"1996.10.14","生命，为人民燃烧——记山东省济宁市民警程广泉",37
"1996.10.14","山东实施“丰收计划”加速农业科技进步十年新增产值四十五亿多元",37
"1996.10.15","让“济南交警”精神发扬光大",37
"1996.10.15","把忠诚献给人民——全国公安机关学济南交警一周年综述",37
"1996.10.16","全国公安机关学习济南交警总结表彰大会召开",37
"1996.10.16","山东中医大治疗骨伤有特色",37
"1996.10.16","烟台港职工不该这样对待旅客",37
"1996.10.17","山东举办纪念长征胜利六十周年展",37
"1996.10.17","山东省清理中小学乱收费",37
"1996.10.21","日照街道的“闲事官”",37
"1996.10.24","山东陵县今年收获各类蔬菜50万吨。有人算过，这些蔬菜装满卡车，首尾相接可从陵县排到北京。围绕销售问题，干部群众曾捏了一把汗。请看——50万吨蔬菜怎样被消化",37
"1996.10.25","我企业专利申请量年递增17％经验交流会在济南举行",37
"1996.10.28","济南企管人才市场开业",37
"1996.10.29","依靠技术进步扩大市场占有济南轻骑实现产品升级",37
"1996.10.30","车票有价情无价——青岛长途汽车站精神文明建设纪事",37
"1996.10.30","菏泽人口教育从娃娃抓起",37
"1996.11.4","国际渔业博览会在青岛开幕",37
"1996.11.4","济南住宿岂可另征税",37
"1996.11.5","青岛黄金公司注重勘探",37
"1996.11.6","内蒙古建行扶贫先扶志山东实施交通扶贫战略",37
"1996.11.6","烟台港接受读者批评处理粗暴待客服务员",37
"1996.11.7","攀穷亲结贫缘日照市领导带头帮困扶贫",37
"1996.11.8","随到随上车上买票济南铁路局服务出新招市场报提出铁路部门要改变“铁老大”思想以优质服务争客源",37
"1996.11.11","济南泰山将军队不敌八一队",37
"1996.11.13","临沂电业局实现安全生产二千五百天",37
"1996.11.16","治标治本抓减负——山东省宁阳县委书记王平一席谈",37
"1996.11.18","济南市窗口行业遍新风",37
"1996.11.18","山东起重机厂创佳绩",37
"1996.11.18","电影《军嫂》在山东首映",37
"1996.11.19","威海市“双拥”工作迈新步",37
"1996.11.19","扶贫看成果业绩百姓说淄博周村区探索培养青年干部途径",37
"1996.11.22","烟台干休所对老干部体贴入微",37
"1996.11.22","威海积极探索精神文明建设新途径",37
"1996.11.23","心系百姓——山东栖霞市委书记吕志海一席谈",37
"1996.11.25","“归根结底靠科技”——烟台中策药业公司的成功之路",37
"1996.11.25","结构调整财路大开——山东冠县靠农业富民富县纪实",37
"1996.11.28","韩轮香雪兰号将首航青岛",37
"1996.12.1","山东农田水利建设行动快湖北浠水加固整修百里长江大堤",37
"1996.12.2","烟台首钢电装公司投产",37
"1996.12.2","精神丰碑永立人间《孔繁森事迹展览》在石家庄开幕。《孔繁森之歌》艺术团聊城演出反响热烈",37
"1996.12.3","山东超额完成粮食定购任务",37
"1996.12.3","重在建设关键在人潍坊着力提高人的素质",37
"1996.12.4","烟台聚建公司实行承诺服务",37
"1996.12.4","尽力而为量力而行协力而干——访山东省委书记赵志浩",37
"1996.12.6","“明星村”的带头人——记枣庄市黄庄村党支部书记董顶珍",37
"1996.12.10","济南军区某师为驻地教育事业做贡献",37
"1996.12.11","改革征管体制提高执法水平青岛国税局加强税收稽查",37
"1996.12.11","武术走向社会化——记全国武术之乡淄博市博山区",37
"1996.12.11","以针作笔写万象——记山东汉子王静波的刺绣画",37
"1996.12.12","实现农业第二个飞跃的战略选择——山东推进农业产业化、发展农村合作经济的实践与思考",37
"1996.12.13","淄博市张店区田家村注重培养村民道德情操",37
"1996.12.15","坚决打击非法出版物临沂西郊书刊市场被关闭",37
"1996.12.16","重新认识农业、农民和农村——对山东省欠发达地区农村发展变化的观察与思考（上）",37
"1996.12.17","强化文明建设推动机关工作烟台莱山区树良好政风",37
"1996.12.19","活力从何而来——从山东鲁抗集团看机制效应",37
"1996.12.20","重新认识农业、农民和农村——对山东省欠发达地区农村发展变化的观察与思考（下）",37
"1996.12.23","山东１３０万残疾人就业",37
"1996.12.23","西进太行“第一师”——山东新牟国际集团易地创业记",37
"1996.12.24","济南国税局强化执法促征管",37
"1996.12.25","为了残疾同胞——记烟台永康残疾人大学",37
"1996.12.26","青岛深圳宁波大连对口帮扶贵州已投资１．８３亿元首批扶贫开发项目全面启动",37
"1996.12.26","威海交通指挥系统通过鉴定",37
"1996.12.30","山东机床附件总厂小产品做出大文章",37
"1996.12.31","济宁改造老变电站",37
