﻿"index","news_title","prov_cde"
"1996.1.1","苏州工业园区外商投资逾２０亿美元",32
"1996.1.2","宿迁农民喜售粮（）",32
"1996.1.3","立足江南面向全国市场报·江南市场版在南京出版",32
"1996.1.3","江苏正昌集团靠科技实现“撑杆跳”",32
"1996.1.3","南京有家电脑书馆（）",32
"1996.1.3","他有一个梦——南京天地公司总裁杨休小记",32
"1996.1.5","“周恩来班”报道又有续闻南京市和玄武区掀起扶贫助学活动热潮",32
"1996.1.8","南通天生港电厂１０号机组并网",32
"1996.1.8","“军中白求恩”——追记南京军区福州总医院骨科医生温端生",32
"1996.1.9","浙江工会向困难职工家庭送温暖　盐城农村党员与群众结对奔小康",32
"1996.1.9","江苏基本扫除青壮年文盲",32
"1996.1.11","乔石在上海、江苏考察强调抓紧探索深化国企改革路子",32
"1996.1.11","车用电饭煲在无锡问世",32
"1996.1.12","苏州古城改造工程启动",32
"1996.1.14","徐州观音机场开工",32
"1996.1.15","扬州兴建大型电力建设项目",32
"1996.1.16","让每个选民投下庄严一票江苏江西乡镇人大换届选举全面展开",32
"1996.1.18","李鹏考察浙江、江苏、上海时指出上海建成国际航运中心意义重大",32
"1996.1.19","苏州撤销不合格三资企业",32
"1996.1.19","徐州市向贫困村赠订人民日报",32
"1996.1.19","挚爱这沃土——记台商投资江苏",32
"1996.1.25","南京依维柯汽车有限公司成立",32
"1996.1.29","像抓“菜篮子”一样抓国有企业——从无锡看搞活国有企业（一）",32
"1996.1.29","古彭城，今徐州",32
"1996.1.30","查处无锡新兴实业总公司非法集资案做出重要贡献中纪委给曹克明记一等功",32
"1996.1.30","湖北百万大军上阵加固江河堤防　江苏加快淮北地区中低产田改造",32
"1996.1.30","徐州列车段开展列车服务打假",32
"1996.1.31","苏州地区三资企业问题多加强管理莫等闲",32
"1996.2.1","扬州交通局整肃行风下重药",32
"1996.2.1","党的忠诚卫士——记江苏省委副书记、省纪委书记曹克明",32
"1996.2.1","把两篇文章作深——从无锡看搞活国有企业（二）",32
"1996.2.1","南京旧摩托车交易中心成立",32
"1996.2.1","苏州新区营造良好投资环境",32
"1996.2.1","江苏省文德中国山水画研究会作品（）",32
"1996.2.2","江苏各界人士盼望早日实现祖国和平统一",32
"1996.2.2","发挥三个积极性造就一代新农民淮安科普触角入农户",32
"1996.2.3","新声皆从里巷出——简评江苏获“五个一工程奖”的戏剧作品",32
"1996.2.5","苏州驻军与工业园区优势互补携手加强思想政治建设",32
"1996.2.5","提高政治觉悟加强党性锻炼江苏省干部向曹克明学习",32
"1996.2.5","一个名不见经传的穷村为何一跃成为徐州市首批小康示范村？关键在于——白集善抓机遇",32
"1996.2.6","营造“企业家机制”——从无锡看搞活国有企业（三）",32
"1996.2.6","南京国企领导不得领取兼职酬金",32
"1996.2.6","全国山水画研讨会在无锡举行",32
"1996.2.9","苏州工业园开发力度加大九个国家级大公司参股园区中方财团",32
"1996.2.9","一种新式蓄电池在无锡问世",32
"1996.2.12","打出三张外字牌崛起一个富裕村江苏飞达集团发展快效益高",32
"1996.2.12","徐州首期安居工程竣工",32
"1996.2.13","江苏最大秧盘生产线在海安建成",32
"1996.2.13","南京限期扭亏违者就地免职",32
"1996.2.14","登镇江芙蓉楼",32
"1996.2.16","江苏各级工会帮助企业减亏",32
"1996.2.26","盐城贫困村全部脱贫",32
"1996.2.27","常州高新技术开发区初具规模",32
"1996.2.29","盐城加紧建设沿海经济走廊",32
"1996.2.29","南京梅花山万梅吐蕊",32
"1996.3.1","加强学科建设启动“名师工程”南京师大改革不失师范特色",32
"1996.3.1","南京搬掉了垃圾箱",32
"1996.3.5","首届“江苏十大模范警嫂”揭晓颁奖",32
"1996.3.8","江泽民与海南、江苏代表团审议《报告》时强调建设有中国特色社会主义根本目的是为人民谋利益",32
"1996.3.11","宿迁市委为基层办实事",32
"1996.3.11","南京大学与东台市签订合作协议",32
"1996.3.12","淮安市重用乡镇团委书记",32
"1996.3.13","江苏加大力度支援春耕",32
"1996.3.13","陕西上下齐心抗旱保苗江苏加大力度支援春耕",32
"1996.3.14","请记者捎个话儿：拉萨感谢北京江苏无私援助",32
"1996.3.14","全国男篮联赛护级之战前卫形势不妙江苏尚存希望",32
"1996.3.15","守土有责育人为本——来自苏州的全国人大代表认为精神文明建设须加大力度",32
"1996.3.15","四国女排下月会战广州南京",32
"1996.3.16","进一步提高对外开放水平——江苏省领导及部分市负责人答中外记者问",32
"1996.3.19","江苏推出青少年绿化“三百”工程",32
"1996.3.21","全国男篮联赛护级战争夺激烈前卫南京军区两队降级",32
"1996.3.25","苏州新区建成大型食品城",32
"1996.3.25","长崎原爆资料馆屈服压力竟然删掉南京大屠杀史料",32
"1996.3.26","我国最大的电子合资项目在南京动工",32
"1996.3.26","当年侵华日军士兵出版日记证实南京大屠杀铁案如山",32
"1996.3.27","常州机场扩建工程竣工",32
"1996.3.29","常州市电子企业年出口一亿美元",32
"1996.4.1","扶优扶强稳固成果江苏组建企业集团不铺新摊子",32
"1996.4.1","“周光召星”在南京命名",32
"1996.4.8","老同志为振兴盐城献计献策",32
"1996.4.8","南京民营科技园进京招商",32
"1996.4.10","江苏六百万少儿唱自己的歌",32
"1996.4.10","迈出第一步——镇江市职工医疗保险改革试点纪实",32
"1996.4.10","人力物力共享投入少效益大江苏高校兴办“地方学院”",32
"1996.4.12","组织多方投资发展海洋经济江苏加速建设“海上苏东”",32
"1996.4.14","吴邦国在江苏考察时强调国有企业改革要加强领导狠抓落实",32
"1996.4.15","美伊顿公司与苏州电器工业集团公司签定合资协议",32
"1996.4.16","四国女排移师南京中国胜日本古巴胜荷兰",32
"1996.4.17","彭珮云在江苏考察时强调    进一步发展农村合作医疗制度",32
"1996.4.17","南京四国女排赛战罢两轮中古两队今日争夺冠军",32
"1996.4.18","徐州炭化厂靠兼并增强企业实力",32
"1996.4.18","昔日黑臭煞风景今朝协力斩浊流上海改造苏州河容颜",32
"1996.4.19","“牛奶浴”缘何短命南京一家浴室推出“牛奶浴”，本想吸引顾客，可是只过了二十一天就告停办",32
"1996.4.22","南京大型烷基苯装置投产",32
"1996.4.23","南京政院培养千名理论宣传骨干",32
"1996.4.23","加强管理注重培训竞争上岗淮安抓紧培育奔小康领头人",32
"1996.4.24","细微之处识“突破”——从苏州看苏南经济社会新发展",32
"1996.4.25","江苏秋粮面积增加",32
"1996.4.25","镇江专项清理党政领导干部住房４７５名违反规定者受到处理",32
"1996.4.25","抵制日本右翼势力骚扰“南京１９３７画展”在神户开幕",32
"1996.4.27","江苏太仓商业大港加紧建设",32
"1996.4.27","东京地方法院在一判决中竟鼓吹“南京大屠杀未定论”",32
"1996.4.28","大学生士兵的追求——记“南京路上好八连”班长公举东",32
NA,NA,32
"1996.5.1","李鹏在徐州考察指出粮食增产主要寄希望中低产田改造，要严格控制占用耕地",32
"1996.5.5","宋平在江苏考察",32
"1996.5.7","江苏侦破车匪路霸大案",32
"1996.5.7","南京限期淘汰白炽灯",32
"1996.5.8","专家研讨徐州在新亚欧大陆桥的作用",32
"1996.5.17","中纪委交流江苏等地办案经验加强办案队伍建设建立查办案件责任制",32
"1996.5.20","江苏将开发百万亩滩涂",32
"1996.5.21","南京铁路分局安全行车二千五百天",32
"1996.5.21","武警徐州市支队帮助失学儿童重返校园",32
"1996.5.24","医改：职工为何说好——镇江所见所闻",32
"1996.5.30","徐州贾汪区检察院重视举报工作",32
"1996.5.31","沙龙全国网球巡回赛南京站比赛种子选手多闯入八强",32
"1996.6.3","全国网球巡回赛南京站比赛收拍郑宇丁丁分获男女单打冠军",32
"1996.6.4","陈裕光子女向南京农大捐款",32
"1996.6.6","不以牺牲环境换得经济一时发展福建增加环境保护投入江苏宜兴扶持环保产业发展",32
"1996.6.7","江苏层层签订防汛责任状黑龙江全力以赴抗旱保苗",32
"1996.6.7","苏州交警面貌一新",32
"1996.6.7","徐州有个曝光台",32
"1996.6.7","消长之间求平衡——来自江苏的耕地报告",32
"1996.6.8","南京海关查处两起侵犯知识产权案收缴和罚没所有侵权产品",32
"1996.6.10","南京交警向科技要警力",32
"1996.6.10","出技术出人才出活力扬州职业教育唱大戏",32
"1996.6.11","南京军区某部支持驻地经济建设",32
"1996.6.11","徐州环境小记者团获联合国“全球环境５００佳”奖",32
"1996.6.12","江苏南沙举重学校成立",32
"1996.6.15","从量的扩张转向质的提高苏州经济二次突起",32
"1996.6.15","一部爱国主义教育的好教材——评《可爱的南京》丛书",32
"1996.6.16","上规模创名牌聚优势江苏崛起大中型乡镇企业群",32
"1996.6.18","抓好学习培训加大执法力度江苏唱好“重头戏”",32
"1996.6.20","与消费者共筑打假长城苏州创建“顾客学校”",32
"1996.6.24","服务有真心展示无假情苏州商业实行“服务打假”",32
"1996.6.24","江苏不让犯罪分子有藏身之所",32
"1996.6.25","统一战线干部培训工作会议在苏州召开",32
"1996.6.25","江苏铜山首创“汽车银行”",32
"1996.6.26","如何抓好职工读书自学活动，江苏省总工会的经验是——贵在坚持重在引导",32
"1996.6.27","连云港市供电局以科技为先导",32
"1996.6.28","苏州综合治理谱新篇",32
"1996.7.3","瞄准社会需要优化专业结构苏州大学教育改革结硕果",32
"1996.7.3","南京新世纪高科技广场落成",32
"1996.7.4","南京“熊猫”新彩电优于洋货",32
"1996.7.4","强化协调功能发挥集团优势江苏出版业以管理促繁荣",32
"1996.7.7","南京长江大桥公路桥面整修",32
"1996.7.8","南京三十万党员捐资建忠魂亭",32
"1996.7.9","江苏大学生投身暑期社会实践",32
"1996.7.12","江苏提出搞好企业思想政治工作四项基本任务用科学理论教育职工用企业精神凝聚职工用职业道德规范职工用健康文化陶冶职工",32
"1996.7.13","科特迪瓦总理访问苏州",32
"1996.7.16","西安制药厂控股镇江制药有限公司",32
"1996.7.17","华能南通电厂二期工程设备合同签字",32
"1996.7.26","江苏首家特殊教育少年军校成立",32
"1996.7.30","常州市推出双拥新举措",32
"1996.7.30","围绕经济社会重大课题江苏组织专家参与决策",32
"1996.7.30","敢于“顶天”善于“立地”——记南京大学智能机系统课题组",32
"1996.7.30","讲质量求实效盐城深化党员“双学”活动",32
"1996.7.31","连云港涉外税收达一千四百万元",32
"1996.8.1","南京推出爱国主义教育旅游专线",32
"1996.8.2","靠科技保持活力——苏州阀门厂二次创业记",32
"1996.8.3","无锡：“蘑菇”公厕成“风景”",32
"1996.8.4","南京路上“好工商”",32
"1996.8.4","西安制药厂投资控股镇江制药公司",32
"1996.8.6","扬州“捷康电器”慰问武警官兵",32
"1996.8.8","打铁先得自身硬身正不怕影子斜徐州反贪局廉洁自律办大案",32
"1996.8.9","合格一个验收一个徐州整顿庄稼医院",32
"1996.8.9","江苏铲除恶势力犯罪团伙",32
"1996.8.10","屈从于所谓“政治团体”压力日枚方市停办南京大屠杀美术展",32
"1996.8.12","改变“西部下山东部下海”资金流向江苏亿元项目西移青海",32
"1996.8.13","世界高力Ｆ１摩托艇锦标赛将在无锡开赛",32
"1996.8.13","党风正经济兴——江苏吴县市甪直镇党建纪事",32
"1996.8.15","南京实施错案追究制五名法官受处罚",32
"1996.8.15","徐州建设商贸大都会",32
"1996.8.21","镇江形成对外开放新格局江阴借浦东优势促进发展",32
"1996.8.24","世界摩托艇赛在无锡开战各路好手竞驰太湖",32
"1996.8.25","南京长江大桥维修竣工",32
"1996.8.26","他是块“好钢”——记宿迁市龙河乡党委书记葛钢",32
"1996.8.26","世界摩托艇锦标赛在无锡落幕意大利选手夺冠",32
"1996.8.26","金色的回报——徐州小麦单产创纪录探源",32
"1996.8.28","徐州交警学济南交警扎实有效",32
"1996.8.30","国务院批准建芜湖长江大桥工程量相当于南京长江大桥和武汉长江大桥的总和",32
"1996.8.30","徐州泉山区公安分局加强治安巡逻",32
"1996.9.1","挖出“蛀虫”保护“支柱”江苏纪检部门“剖亏”促扭亏",32
"1996.9.3","南京铁路分局安全行车二千六百天",32
"1996.9.3","激励群众投身“严打”江苏重奖有功人员",32
"1996.9.12","三星在苏州兴建家电基地",32
"1996.9.12","发展来自改革——江苏省供销社发展纪实（上）",32
"1996.9.12","李光耀离苏州回国",32
"1996.9.13","发展为了服务——江苏省供销社发展纪实（下）",32
"1996.9.13","马里总统在江苏访问",32
"1996.9.14","倪志福在江苏检查执法情况时强调积极推进《劳动法》的贯彻实施",32
"1996.9.16","南京军区某红军团扶助失学儿童",32
"1996.9.17","无锡，名牌产品评星级",32
"1996.9.18","全国乒乓球锦标赛团体比赛结束广东男队江苏女队夺冠",32
"1996.9.19","南京通信工程学院形成学科群体",32
"1996.9.19","《走向现代化的苏州》评介",32
"1996.9.19","《开埠——中国南京路一百五十年》〖长篇纪实文学〗",32
"1996.9.20","无锡轮胎商城借名牌唱大戏",32
"1996.9.21","全国男篮俱乐部赛揭幕北京击败空军八一轻取江苏",32
"1996.9.22","上海举行民兵参加精神文明建设表彰大会南京路民兵为民服务15年从未间断",32
"1996.9.30","常州一大型合资企业投产",32
"1996.10.2","南京八万下岗职工重新上岗",32
"1996.10.2","南京梅园新村纪念馆陈列改造竣工",32
"1996.10.7","国办军办转发南京军区有关情况报告福建适应新形势大力拥军优属",32
"1996.10.7","江苏省美术馆举行建馆六十周年庆典暨展览开幕式",32
"1996.10.9","国际中小企业经贸洽谈会在常州举行",32
"1996.10.11","江苏在中小学普及消防知识",32
"1996.10.11","日本应明确反省侵略罪行南京大屠杀事实不容置疑",32
"1996.10.15","苏州工业园区又引进一批项目",32
"1996.10.15","扬州警方抓获重特大逃犯",32
"1996.10.16","徐州铁路新客站竣工通车",32
"1996.10.16","苏州“一百”拒假保真",32
"1996.10.16","无锡太湖国际钓鱼节举行",32
"1996.10.17","苏州建成百万台彩电出口基地",32
"1996.10.17","南通社会治安持续稳定",32
"1996.10.17","“绝不让军国主义复活”——记日本新制作座参观南京大屠杀遇难同胞纪念馆",32
"1996.10.17","江苏建行为重点交通项目撑腰把关",32
"1996.10.18","情注国防——苏州市委书记杨晓堂拥军优属二三事",32
"1996.10.21","江苏外商投资财产鉴定法制化",32
"1996.10.22","江苏捷康集团成立",32
"1996.10.22","培养良好职业道德树立文明行医形象南京军区总医院医德为先",32
"1996.10.23","南京消防器材厂新厂区落成",32
"1996.10.27","天鹅振翅排云上——记无锡小天鹅股份有限公司",32
"1996.10.27","荣毅仁在江苏考察时强调群众参与是精神文明建设的保证",32
"1996.10.30","苏州黑猫集团钟情农业",32
"1996.11.1","南京金蛙集团向老区捐赠农用车",32
"1996.11.1","江苏公安机关擦亮“窗口”",32
"1996.11.4","全军出版管理干部培训班在南京举行",32
"1996.11.5","胡锦涛在江苏考察强调把推动两个文明建设同加强党建结合起来",32
"1996.11.5","常州推出空心铆钉机系列产品",32
"1996.11.5","一点浩然气千里快哉风——徐州市国税一分局局长刘晓东为政清廉纪事",32
"1996.11.8","李贵鲜在江苏考察时提出要大力提倡社区服务",32
"1996.11.11","疏而不漏铸天网——江苏省社会治安防控体系概览",32
"1996.11.12","无锡北塘区征兵实行“对口入伍”",32
"1996.11.15","江苏开展“满意在商检”活动",32
"1996.11.15","常州大运河里又可钓鱼了（）",32
"1996.11.18","既要金山银山也要绿水青山江苏推行环保“三个一”工程",32
"1996.11.19","最新阻尼材料生产线在无锡投产",32
"1996.11.21","刘华清考察江苏时强调加强军政军民团结推动两个文明建设",32
"1996.11.21","第十三届全国版画展在南京举办",32
"1996.11.22","深挖“蛀虫”——南京市纪检监察机关查办案件工作述评",32
"1996.11.25","南京军区某炮连树新风受表彰",32
"1996.11.25","创新才能超越——记南京大学锗硅超晶格材料与应用研究",32
"1996.11.26","常州加强税收征管",32
"1996.11.27","采摘百花保健康——记苏州北兵营医院谢志庆大夫",32
"1996.11.28","连云港实施农村“小康文化工程”",32
"1996.11.29","胡之刚出任江苏加佳足球队主教练",32
"1996.11.30","精神状态为先——江苏洪泽县委书记吕胜年一席谈",32
"1996.12.2","尽一分责任献一分爱心添一分光彩无锡爱国主义教育常抓不懈",32
"1996.12.3","叫响中国走向世界——记南京熊猫电子集团公司",32
"1996.12.4","江苏党报发行势头良好",32
"1996.12.6","连云港核电站全面筹建",32
"1996.12.6","法制春风沐古城——南京依法治市纪实",32
"1996.12.7","精神文明建设的一项重要成果江苏见义勇为事业发展迅速",32
"1996.12.9","江苏新棉收购进度快秩序稳",32
"1996.12.9","东西联手优势互补共同发展江苏陕西结对扶贫",32
"1996.12.10","常州推进名牌工程产品销路大增",32
"1996.12.10","正气压倒邪气——“南京大屠杀幸存者证言会”侧记",32
"1996.12.10","南京铁路公安处破获一盗窃案",32
"1996.12.11","每天看一小时书报，每月读一本好书，每年参加一次读书活动——常州无处不书声",32
"1996.12.15","增强土地忧患意识切实保护耕地资源耕地保护调研团结束江苏广东北京调研活动",32
"1996.12.16","江苏省规划建设滨海港",32
"1996.12.20","乒乓球俱乐部男女团体赛上海江苏夺走桂冠",32
"1996.12.23","彭珮云在南京考察时强调计划生育工作要寓管理于服务之中",32
"1996.12.23","产学研结合迈开成功一步南通人“烧炭”烧出国际水平",32
"1996.12.23","全国男篮甲级联赛战至第八轮加时定胜负江苏险过关",32
"1996.12.24","关于拉贝日记连续报道之一找寻南京大屠杀新证据",32
"1996.12.27","让高科技落户企业——江苏实施ＣＩＭＳ推广应用试点侧记",32
"1996.12.28","江苏技术进步为经济增活力新增产值利税大半由技术进步实现",32
"1996.12.30","名牌的一半是文化——江苏红豆集团发展企业文化纪实",32
"1996.12.30","“顽症”可治——从江苏看机械工业结构调整的潜力",32
"1996.12.30","南京出租车出行麻烦多",32
"1996.12.31","足球伴此生——记江苏省宝应县足球教练张其齐",32
