﻿"index","news_title","prov_cde"
"1996.1.2","合理设置网点不断挖掘潜力廊坊建行算好资金效益帐",13
"1996.1.3","河北农村基层组织“治瘫”成效显著先进党支部已占总数一半",13
"1996.1.4","三个煤炭技术项目在河北通过鉴定",13
"1996.1.10","“送温暖工程”暖人心湖南河北采取措施帮助一大批职工解决生活困难",13
"1996.1.11","让宗旨观念回归政法——河北政法系统“为人民服务大讨论”纪实",13
"1996.1.12","昔日“环宇”有名今朝难以为继石家庄电视机厂破产",13
"1996.1.12","沧州民用机械总厂强化质量管理",13
"1996.1.12","补充新鲜血液注入生机活力石家庄六千青年农民入党",13
"1996.1.15","廊坊工行塑造商业银行新形象",13
"1996.1.15","党政配合新气象邢台织染厂十二年获各种荣誉称号三十多个",13
"1996.1.16","打击犯罪维护治安承德守好首都北大门",13
"1996.1.18","河北乐亭靠科技换新颜",13
"1996.1.19","唐山严厉打击窃电行为",13
"1996.1.22","邢台交警支队为民办实事",13
"1996.1.25","国务院批转《关于邯郸钢铁总厂管理经验的调查报告》",13
"1996.1.25","关于邯郸钢铁总厂管理经验的调查报告",13
"1996.1.26","名牌“环宇”的凋落——石家庄电视机厂破产连续报道①",13
"1996.1.26","衡水电机公司获国际质量体系认证",13
"1996.1.26","廊坊市开展打击犯罪的“冬季行动”",13
"1996.1.29","“唱洋戏”“唱京戏”“走西口”“东南飞”张家口开放开发好戏连台",13
"1996.1.30","“环宇”，破产原因何在——石家庄电视机厂破产连续报道②",13
"1996.1.31","绞吸式挖泥机在河北投产",13
"1996.2.1","奠基之年抓法宝——河北实施干部联系群众制度纪实",13
"1996.2.2","环宇，艰难又顺利的破产——石家庄电视机厂破产连续报道③",13
"1996.2.2","文化扶贫书搭桥——石家庄市城乡中小学生“赠书交友”活动纪实",13
"1996.2.4","发放解困基金组织经营自救邢台市多方扶助困难职工",13
"1996.2.4","石家庄建超级批发市场",13
"1996.2.5","环宇，比破产本身更重要的——石家庄电视机厂破产连续报道结束篇",13
"1996.2.5","同呼吸共命运心连心民政部河北省联合慰问保定驻军和优抚对象",13
"1996.2.5","借钱借物不如借智力靠天靠地不如靠科技衡水科教兴区棋活全盘",13
"1996.2.5","衡水殡葬改革步履维艰",13
"1996.2.6","石家庄彩管玻壳生产线投产",13
"1996.2.8","转变职能转变作风服务经济服务基层邯郸市直机关整顿作风",13
"1996.2.9","建行石家庄分行三办存款猛增",13
"1996.2.12","燕赵新农民——石家庄郊区见闻",13
"1996.2.13","建行邢台分行存款突破２０亿元",13
"1996.2.15","深情厚谊送企业嘘寒问暖到山村保定市领导奔赴基层送温暖",13
"1996.2.15","邯郸战役及其历史作用——纪念邯郸战役胜利五十周年",13
"1996.2.16","太行山麓擂大鼓　白洋淀边跑旱船　保定城乡春意闹",13
"1996.2.21","解困基金救急扶贫捐款解难保定扶贫济困暖人心",13
"1996.2.22","河北制药集团实行强迫竞争机制被称为投资少见效快效益高的改革",13
"1996.2.24","文明更能生财石家庄市出租汽车司机争做“文明使者”",13
"1996.2.26","起步晚行动快势头好唐山在环渤海开放中快马加鞭",13
"1996.2.26","“为特困企业送个好项目”邢台开拓延伸“送温暖工程”",13
"1996.2.26","讲经济效益不忘政治抓全面管理促进繁荣河北出版行业“精品”迭出",13
"1996.2.26","承德深山有戏台评剧进村七年演出千余场",13
"1996.2.27","中直十八单位和北京市扶贫扶根本河北二十六个贫困县面貌改观",13
"1996.2.28","高楼拔地起古迹依旧在邢台搞建设不毁文物",13
"1996.2.29","唐山地税局坚持依法治税",13
"1996.2.29","沧州市国税系统强化稽查促税收",13
"1996.2.29","保定邮电局国际商函系统开发成功",13
"1996.3.1","河北取缔１５个假冒伪劣商品集散地",13
"1996.3.2","多为群众解忧愁——河北省高阳县委书记刘飞一席谈",13
"1996.3.4","城乡联动整体作战河北严厉打击刑事犯罪",13
"1996.3.6","发挥文物优势服务精神文明——河北省博物馆由冷变热启示录",13
"1996.3.11","中直机关北京市对口扶贫河北１５６万人脱贫奔小康",13
"1996.3.11","沧州抓“两基”落实到人",13
"1996.3.14","石家庄风筝飞满天",13
"1996.3.19","留得住适应快用得上廊坊师专培养“合格＋特长”师资",13
"1996.3.19","河北率先颁布省级科普法规",13
"1996.3.22","科技人员进农家抗旱物资到田头河北全力以赴保春耕",13
"1996.3.25","农家肥走俏承德",13
"1996.3.27","姜春云在河北河南检查抗旱双保时强调旱情不除抗旱不止",13
"1996.3.27","河北退伍军人带头奔小康",13
"1996.3.28","河北与清华设科技开发基金",13
"1996.3.29","石家庄陆军学院育人铸魂",13
"1996.4.1","以优势企业为龙头改组传统产业河北三个大型企业集团挂牌",13
"1996.4.1","“五马”倒肥——河北深州市商贸城农资一条街见闻",13
"1996.4.1","衡水成为冀东南新粮仓",13
"1996.4.2","邯郸集中力量抗旱保春播",13
"1996.4.3","擅自扩大自销比例今春未交一斤化肥    河北两家化肥厂挨批",13
"1996.4.4","邢台新亚商城下功夫打假保真",13
"1996.4.5","“能把资金投到这里吗？”——随一位外商在河北某地洽谈项目手记",13
"1996.4.5","吴邦国在保定考察大中型企业时强调企业改革要结合实际发挥创造性",13
"1996.4.6","难在“实”成在“实”——河北省赵县县委书记宋东发一席谈",13
"1996.4.7","承德市对内对外开放势头强劲",13
"1996.4.8","唐山地震遗迹吸引近２００万中外游客",13
"1996.4.8","十年如一日为农民送科技河北农大走出“太行山道路”",13
"1996.4.9","沧州华泰商厦焚毁伪劣过期商品",13
"1996.4.9","聂荣臻元帅塑像在张家口落成",13
"1996.4.12","荫庇太行——来自河北省邢台县前南峪的报告",13
"1996.4.17","抓身边典型扬正气除社会公害刹歪风秦皇岛精神文明建设有进展",13
"1996.4.18","用社会主义市场经济的办法扶贫云南裕钢开发龙江河谷一举三得河北实施“共富工程”，两千余特困村条件改善",13
"1996.4.19","为了增粮百亿斤——河北耕地保护纵览",13
"1996.4.22","沧州依托京津加强经济协作",13
"1996.4.22","唐山古冶公安分局破获一盗车团伙",13
"1996.4.23","邯郸市委市府实行“无会月”",13
"1996.4.23","秦皇岛旅游点向军人免费开放",13
"1996.4.25","沧州民机总厂功夫下在质量上",13
"1996.4.29","公开透明竞争有序石家庄规范建筑市场",13
NA,NA,13
"1996.4.29","张家口鲜花俏京城",13
"1996.4.29","立足管理着眼繁荣——河北音像市场管理巡礼",13
"1996.4.30","廊坊“太保”业务拓展快",13
"1996.4.30","田纪云在唐山考察",13
"1996.4.30","唐山南站派出所查获买卖假币人员",13
"1996.5.1","张家口千人参加长跑",13
"1996.5.3","河北农大的“焦点时刻”",13
"1996.5.4","胡锦涛考察北京河北“严打”工作时强调各方配合扎扎实实打出成效",13
"1996.5.6","保定菜市场接轨京广干线",13
"1996.5.6","河北加速构筑再就业工程今年安排一点五亿元安置救济失业职工",13
"1996.5.7","“穷庙”不养“阔方丈”衡水１３家明盈暗亏企业经营者被撤职",13
"1996.5.11","主要练“做功”——河北省涉县县委书记张树山一席谈",13
"1996.5.13","争做文明使者——石家庄市出租汽车司机提高服务质量纪实",13
"1996.5.13","承德依靠科技脱贫致富",13
"1996.5.15","石家庄市公用电话迅速增加",13
"1996.5.15","分类指导重点突破整体推进承德企业改革探索新路子",13
"1996.5.18","富民·安民·济民——河北唐山市委书记梁志忠一席谈",13
"1996.5.20","河北实行破大案责任制",13
"1996.5.20","河北推出“赵子龙故乡游”",13
"1996.5.21","沧州郊区公安分局开展“十登门”",13
"1996.5.21","河北部分处级职位竞争上岗",13
"1996.5.24","湾里庙崛起新城——石家庄新华区旧城改造纪实",13
"1996.5.24","农行帮扶张家口脱贫",13
"1996.5.24","巩固成果再创佳绩石家庄交警深化学济南活动",13
"1996.5.25","学会创造性地工作——河北省邯郸市委书记刘健生一席谈",13
"1996.5.27","唐山成为陶瓷出口创汇基地",13
"1996.5.28","河北沧运发挥整体优势",13
"1996.5.29","自从有了６个“新生儿”——河北任县搞活国有商业记事",13
"1996.5.29","石家庄市一批犯罪分子落网",13
"1996.5.29","足球赛保定赛区揭幕",13
"1996.5.30","河北群众积极提供破案线索",13
"1996.5.30","秦皇岛发放文明行为规范卡",13
"1996.6.4","张家口军地共建绿色长廊",13
"1996.6.4","河北一批逃犯落入法网",13
"1996.6.4","“五大工程”陶冶心智河北大学注重学生素质教育",13
"1996.6.4","二十五年当头雁——记河北省武安市优秀党总支书记王有栓",13
"1996.6.5","学习石家庄出租汽车行业座谈会提出加强“窗口”行业精神文明建设",13
"1996.6.5","河北北京足球队预赛出线",13
"1996.6.6","龙凤自行车走出唐山",13
"1996.6.6","廊坊预备役炮团积极维护社会治安",13
"1996.6.7","写好山区致富大文章——承德市科教兴农的调查",13
"1996.6.9","一抓水利建设二抓科技推广衡水崛起华北新粮仓",13
"1996.6.9","承德警方为港商追回被骗汽车",13
"1996.6.10","河北农大送科技进沂蒙沂源苹果丰产又丰收",13
"1996.6.10","衡水殡葬改革有新措施",13
"1996.6.11","河北地质学院更名",13
"1996.6.11","提供多种服务解除后顾之忧沧州郊区计生工作事半功倍",13
"1996.6.13","刘华清考察河北时强调军队要积极支持地方建设",13
"1996.6.13","张家口中级法院依法从快审理案件",13
"1996.6.14","冲破“楚河汉界”——衡水地区开放兴区纪实",13
"1996.6.15","中国青年足球队大胜河北队",13
"1996.6.15","渔水情深——秦皇岛海军后勤办事处掠影（）",13
"1996.6.17","石家庄清理预算外资金动真格    两个多月自查自报违纪资金一点二亿多元",13
"1996.6.18","从难点热点入手从具体事情抓起河北精神文明建设不唱“空城计”",13
"1996.6.19","河北确保夏粮收购不打白条",13
"1996.6.20","石家庄彩壳生产线通过验收",13
"1996.6.20","夯实农业基础推进“两个转变”　河北农业产业化进程加快四川农田水利建设见实效",13
"1996.6.20","河北乡镇企业投资公司确保投资成功率复式决策制减少失误",13
"1996.6.20","唐山加快外经贸发展步伐",13
"1996.6.21","石家庄出租汽车行业文明服务研讨会强调大力推进职业道德建设",13
"1996.6.21","一藤两瓜——石家庄开启利门窗公司科技兴厂的故事",13
"1996.6.22","寸草难报三春晖——唐山地震孤儿追踪",13
"1996.6.23","占一亩耕地还十亩良田承德８年净增耕地２８万亩",13
"1996.6.24","廊坊民兵“严打”建功",13
"1996.6.25","河北出土大批古代墓葬壁画",13
"1996.6.25","石家庄新设“曝光”屏幕（）",13
"1996.6.27","新唐山站全面投入使用",13
"1996.6.27","输血造血十年不辍河北医大四院坚持医疗扶贫",13
"1996.6.27","新型铁路车辆闸瓦在保定问世",13
"1996.6.27","群众投诉政府干预唐山煤气公司强卖灶具被纠正",13
"1996.6.28","沧州市不拘一格吸引人才",13
"1996.7.3","道路宽了城市美了石家庄市政建设加快",13
"1996.7.3","着力推进京津廊经济一体化廊坊以地生财快速发展",13
"1996.7.3","河北平山着力营造软环境",13
"1996.7.8","从深化改革入手加快企业发展河北帮助国有企业增资减债",13
"1996.7.11","廊坊军分区等清理领导干部超占住房问题",13
"1996.7.13","越陌度阡为万家——记河北永年县农业技术员王赐芳",13
"1996.7.15","河北又有２４５万人告别贫困",13
"1996.7.15","环境优美秩序优良管理优化秦皇岛展示文明城市新风貌",13
"1996.7.16","《唐山地震孤儿今日》出版发行",13
"1996.7.17","20年后赴唐山（）",13
"1996.7.18","河北将举办清河国际羊绒交易会",13
"1996.7.18","唐山给参加“严打”的干警上保险",13
"1996.7.19","沧州农民向农大赠“铁狮”",13
"1996.7.20","想民爱民为民——河北邢台市委书记王建忠一席谈",13
"1996.7.23","来自唐山的报道之一唐山抬起“龙头”",13
"1996.7.23","弘扬“抗震精神”——为纪念唐山抗震救灾２０周年而作",13
"1996.7.23","保定北市区公安分局打治并举",13
"1996.7.24","邢台推行集体合同制",13
"1996.7.26","来自唐山的报道之二磨砺廿载起宏",13
"1996.7.26","《唐山地震２０年祭》将播出",13
"1996.7.27","把军人当亲人爱驻地如故乡保定双拥共建谱新篇",13
"1996.7.27","让公众了解地震——“七·二八”唐山大震灾启示录之一",13
"1996.7.27","唐山之歌——唐山大地震二十周年抒怀",13
"1996.7.28","江泽民在唐山考察工作祝贺唐山人民二十年来取得的伟大成就唐山人民的抗震精神是全国人民的宝贵财富中华民族和中国人民具有巨大的凝聚力和创造力",13
"1996.7.28","预报是防震减灾的基础——“七·二八”唐山大震灾启示录之二",13
"1996.7.29","唐山集会纪念抗震救灾２０周年李鹏代表党中央国务院向英雄的唐山人民致以崇高敬意在考察中指出有了自强不息的民族精神国家就大有希望",13
"1996.7.29","在纪念唐山抗震救灾二十周年大会上的讲话（一九九六年七月二十八日）",13
"1996.7.29","来自唐山的报道之三撼天动地是精神",13
"1996.7.29","沧州郊区人武部开展警民联防",13
"1996.7.29","综合防御降震魔——“七·二八”唐山大震灾启示录之三",13
"1996.7.29","沧州市严查制造公路“三乱”者",13
"1996.7.30","唐山大力发展高速公路",13
"1996.7.30","衡水依托京九加快发展",13
"1996.7.30","秦皇岛乐为军人办实事",13
"1996.7.30","邯郸万名机关干部下基层",13
"1996.7.30","《震后新唐山》特种邮票首发",13
"1996.7.31","河北法院掀起学谭彦热潮",13
"1996.7.31","帮助企业扭亏为盈解决社会热点问题邯郸启动“鱼水工程”",13
"1996.8.1","石家庄加大为驻军办实事力度",13
"1996.8.2","唐山新车站开通运营",13
"1996.8.2","忆唐山军民抗震救灾二三事",13
"1996.8.3","保定大旗杆",13
"1996.8.5","栾城人均交售小麦河北第一",13
"1996.8.5","沧州郊区对领导干部实行诫勉制度",13
"1996.8.5","财务政务公开干部接受监督唐山农村推行“两议七公开”制度",13
"1996.8.5","唐山工人医院坚持科技兴院",13
"1996.8.5","管理出效益——河北省冀东水泥厂加强企业内部管理的调查",13
"1996.8.5","毁不灭的精神家园——观电视《唐山地震二十年祭》",13
"1996.8.6","河北大刀阔斧精文简会让领导干部从文山会海中解脱出来",13
"1996.8.7","唐山孤儿喜得部队训练金牌",13
"1996.8.7","廊坊重视军转安置工作",13
"1996.8.7","震后新唐山邮票展新颜",13
"1996.8.8","疏通城市“大动脉”——石家庄市修建二环路纪实",13
"1996.8.8","河北沙河市积极招商引资",13
"1996.8.9","今年３月２８日，拥有固定资产５０００多万元、停产半停产达３年之久的河北沙河市磷铵总厂被山东鲁北企业集团总公司以２６３０万元跨省租赁，租期８年。这个消息在沙河乃至整个冀南引起强烈震动“沙鲁现象”探析",13
"1996.8.9","河北组建辛集钡盐集团",13
"1996.8.9","任建新在看望河北法院干警时指出深入持久开展“严打”斗争",13
"1996.8.12","保定报社支援老区教育",13
"1996.8.13","姜春云受江泽民总书记李鹏总理委托慰问河北灾区抗洪救灾军民",13
"1996.8.14","感受文明——再访石家庄出租车",13
"1996.8.14","让村民明白保干部清白河北推行村务公开制",13
"1996.8.15","邯郸拍卖“四荒”１０６万亩",13
"1996.8.15","河北蠡县朱佐村迁坟建工厂",13
"1996.8.16","石家庄：出租车计价器“会说话”",13
"1996.8.16","让人依法交先得依法征——邯郸市国税局建立新的稽查制度小记",13
"1996.8.17","李鹏总理考察秦皇岛煤码头四期工程要求河北省弘扬唐山抗震精神夺取抗洪救灾全面胜利",13
"1996.8.19","石家庄乳业集团重视科技效益高",13
"1996.8.19","自力更生重建家园邢台抗洪救灾取得成效",13
"1996.8.19","李大钊纪念馆在河北乐亭奠基",13
"1996.8.21","心系群众警德高尚——邢台交警支队学习济南交警记事",13
"1996.8.22","燕赵抗天歌——河北军民抗洪抢险纪实",13
"1996.8.25","河北各保险公司对受灾户快速理赔",13
"1996.8.26","人行河北分行扶持山区教育",13
"1996.8.28","秦皇岛对外经贸洽谈会硕果累累",13
"1996.8.29","代表党中央国务院代表江总书记李鹏视察河北灾情慰问灾民勉励灾区人民自强自立艰苦奋斗恢复生产重建家园",13
"1996.8.29","暴雨无情人有情——石家庄市公安交警一支队抗洪救灾记事",13
"1996.8.29","承德八项并举加强与京津合作",13
"1996.8.30","与灾区人民心连心——中央机关捐助河北灾区纪实",13
"1996.8.30","石家庄治疗再障贫血病获突破",13
"1996.8.31","河北“白衣天使”奔赴灾区防病灭病",13
"1996.8.31","河北确保灾区学生课本课前到书",13
"1996.8.31","杨汝岱率团赴河北慰问",13
"1996.8.31","抓信访安民心河北省沙河市市委书记石树林一席谈",13
"1996.9.2","河北推出加强人武部建设",13
"1996.9.2","19万灾区学生不会忘记——河北省新闻出版局为灾区学生抢送教材纪实",13
"1996.9.3","小小舞台唱大戏——记河北省邢台市中桥商场经理张洪需",13
"1996.9.4","让爱变得永恒——唐山市青年志愿者行动纪实",13
"1996.9.5","石家庄地税稽查局实行新制度",13
"1996.9.5","重点突出政策扶持河北力争大灾之年农业丰收",13
"1996.9.5","河北“三作家”作品讨论会召开",13
"1996.9.6","太行山上著巨篇——记河北农大走“太行山道路”的教师们",13
"1996.9.6","邢台下大力气抓好灾后发展",13
"1996.9.6","廊坊运输公司改革促扭亏",13
"1996.9.6","全国女篮甲级联赛再战一轮北京力克河北辽宁挫败浙江",13
"1996.9.9","“太行山道路”报道引起强烈反响河北农大自加压力坚持为农服务",13
"1996.9.9","河北教育合理利用工程资金",13
"1996.9.10","中宣部国家教委农业部河北省委联合举行座谈会河北农大“太行山道路”受称赞",13
"1996.9.12","爱心铸师魂——记河北省模范教师戴俊秀",13
"1996.9.13","邯郸市治理社会加油站",13
"1996.9.13","为东亚运动会选拔人才全国田径冠军赛将在石家庄举行",13
"1996.9.14","团结出成果——承德作家群与山庄文学",13
"1996.9.16","河北百万民兵抗洪救灾立新功",13
"1996.9.17","河北适你用旅游用品公司开业",13
"1996.9.19","河北农大“太行山道路”后继有人",13
"1996.9.20","河北出台我国首部地方新闻法规",13
"1996.9.20","“博士村长”——记河北农大副教授孙建设",13
"1996.9.21","公仆当是中流砥柱——河北省涿州市委书记穆春林一席谈",13
"1996.9.24","“梁洁华希望学校”在河北顺平落成",13
"1996.9.24","勤政廉洁写春秋——记河北省宁晋县大陆村镇党委书记张世平",13
"1996.9.27","拨亮一盏灯　照亮一大石家庄实施“文明形象工程”",13
"1996.9.28","石家庄开发出溴化锂制冷机",13
"1996.9.28","巴比伦文化“融入”河北古墓",13
"1996.9.29","河北重点扶持特困村副省级以上领导每人帮扶一个特困村近五千名干部深入扶贫工作第一线",13
"1996.10.3","折扣商品、优惠供应、有奖销售、全市最低价……面对激烈纷繁的价格竞争，石家庄不少商家精疲力尽，效益低下——商战为何少赢家？",13
"1996.10.7","公开公平公正竞争石家庄建筑市场走向规范",13
"1996.10.7","科技带动典型示范张家口开发名特优经济林",13
"1996.10.7","唐山新小站稻米享誉京津",13
"1996.10.7","石家庄市文化广场落成",13
"1996.10.7","争冠世界——记河北定兴丽华制帽厂",13
"1996.10.10","石家庄出租车行业——文明活动制度化",13
"1996.10.10","“空中体育场”在石家庄建成",13
"1996.10.11","突出重点　狠抓办案保定检察机关强化民行监督",13
"1996.10.14","河北小造纸厂污水酿祸",13
"1996.10.14","张家口大杏扁喜获丰收",13
"1996.10.15","秦皇岛东站日卸煤创纪录",13
"1996.10.15","警民情——河北省磁县交警二中队抢救伤员纪实",13
"1996.10.16","河北民航安全飞行十二年",13
"1996.10.17","石家庄东方城市广场开业",13
"1996.10.17","变“体外循环”为“财政统管”邯郸市加强预算外资金管理",13
"1996.10.17","沧州郊区公安机关“严打”有力度",13
"1996.10.17","八所农林院校领导座谈学习河北农大经验走太行山道路坚定不移",13
"1996.10.18","邯郸市不拘一格选拔人才",13
"1996.10.19","建行35万职工资助贫困大学生健力宝集团向河北希望工程捐款",13
"1996.10.22","保定建行对贷款企业“分锅立灶”",13
"1996.10.22","邢台县加强纪检监察工作环境",13
"1996.10.22","想发展抓科技——看河北制药集团如何崛起",13
"1996.10.23","化工成为沧州支柱产业",13
"1996.10.28","唐山与北京加强经济技术合作",13
"1996.10.30","全国助老工程慰问京郊河北灾区",13
"1996.10.30","邯郸国税三分局提高干部素质",13
"1996.10.30","门好进事好办党政机关率先垂范邢台树立新形象",13
"1996.10.31","河北省任县大力招商引资",13
"1996.11.1","承德市扶贫扶志奔小康两年来农民人均增收572元，千余村庄22万多人口告别贫困",13
"1996.11.5","组队面向市场联手服务社会石家庄专家咨询团巧解科技难题",13
"1996.11.6","着眼社会基层抓住难点热点邯郸精心培育“文明细胞”",13
"1996.11.7","河北开展技术救灾",13
"1996.11.7","《唐山大地震百人亲历记》简介",13
"1996.11.8","石家庄鼓励市民买公房",13
"1996.11.8","河北职能部门强化服务观念“想民爱民为民”温暖燕赵人心",13
"1996.11.8","靠科技推进山区生态经济建设邢台县被誉为“太行明珠”",13
"1996.11.12","石家庄太和电子城落成",13
"1996.11.12","为维护首都治安尽责——记河北怀来县公安局",13
"1996.11.13","学邯钢走出困境——记河北省长征企业集团",13
"1996.11.13","谒承德棒棰山",13
"1996.11.18","西安武汉石家庄沈阳学习天津和平区经验重落实重行动重实效",13
"1996.11.18","潜力从哪里来？——承德发展高产优质高效农业纪实",13
"1996.11.19","廊坊安次区严把新兵体检质量关",13
"1996.11.20","地方关心部队生活部队支援地方建设“双拥”增强邢台军民凝聚力",13
"1996.11.20","邢台残联骨伤科医院创康复佳绩",13
"1996.11.22","努力实现农村基层政治生活民主化河北加强乡镇人大建设",13
"1996.11.23","河北举办音像政策宣传周活动",13
"1996.11.25","邢台煤矿煤质管理获好评",13
"1996.11.25","给群众明白促干部清廉河北大力推行村务公开",13
"1996.11.28","河北信临果蔬公司投产",13
"1996.11.30","立足长远决策——河北新乐市委书记高书辰一席谈",13
"1996.11.30","扎根沃土情暖灾区——全总文工团赴河北灾区慰问演出侧记",13
"1996.12.2","廊坊预备役一团重视法制教育",13
"1996.12.2","精神丰碑永立人间《孔繁森事迹展览》在石家庄开幕。《孔繁森之歌》艺术团聊城演出反响热烈",13
"1996.12.3","“输血”“造血”并举高雅通俗共赏衡水农村文化火起来",13
"1996.12.4","石家庄市公安收教所精心挽救失足者",13
"1996.12.4","河北建立科技名人馆",13
"1996.12.10","河北柏乡粮库塑造文明形象",13
"1996.12.12","教育融会贯通活动有机结合廊坊国防教育生动活泼",13
"1996.12.15","河北灾年夺得粮食丰收",13
"1996.12.16","国有商业企业要树立良好形象保定打假治劣成效显著",13
"1996.12.20","一心为民的好书记——记全国劳动模范、石家庄市郊区南高营村党委书记何胜国",13
"1996.12.24","河北加大精神文明建设投入建立规范有效的筹资机制，形成多渠道投入体制",13
"1996.12.25","八一足球队主场“敲定”石家庄",13
"1996.12.27","邢台市北大街办事处创办市民学校去除陋习培育文明市民",13
"1996.12.30","非法经营有罪管理不严失职河北落实文化市场管理责任制数十人因管理失职受党纪政纪处分和被追究刑事责任",13
"1996.12.30","做文明市民创文明单位保定加大文明城市创建力度",13
"1996.12.31","廊坊严打整治“冬季行动”战绩斐然",13
