﻿"index","news_title","prov_cde"
"1996.1.3","新乡粮改试验评估会在京举行",41
"1996.1.3","三门峡出土三块春秋盾牌",41
"1996.1.3","河南组建职业乒乓球俱乐部",41
"1996.1.4","焦作四路两桥建成",41
"1996.1.4","洛阳石化工程公司硕果累累",41
"1996.1.5","开封至洛阳高速路建成",41
"1996.1.5","安阳有线台注重社会效益",41
"1996.1.7","南阳拍电视剧《情系我心》",41
"1996.1.8","郑州矿务局改建公司",41
"1996.1.10","河南跨入火电大省行列",41
"1996.1.10","五年走过百年路——郑州商品交易所采访印象",41
"1996.1.10","郑州蝶阀厂获国家十项专利",41
"1996.1.10","人民日报发行取得好成绩冀鲁豫京辽内蒙古等地收订量名列全国前茅",41
"1996.1.10","商丘严查假冒输液器厂家",41
"1996.1.11","郑州：书店请进大商场",41
"1996.1.11","改革春秋扬正气——河南入选“五个一工程”电视剧述评",41
"1996.1.14","大别山麓听春声——河南信阳科教兴区见闻",41
"1996.1.14","《岸上的妹妹》和平顶山",41
"1996.1.17","新乡：科普拨动农民心",41
"1996.1.17","新时期河南小说创作的特色",41
"1996.1.18","河南财政收入破二百亿元大关",41
"1996.1.22","“心脏ＢＰ机”进入洛阳百姓家",41
"1996.1.25","河南各项税收突破２００亿元",41
"1996.1.26","上海查获重大假药案已有１４吨假药流向四川河南等地",41
"1996.1.31","平顶山市卫东区人口下降经济增长",41
"1996.2.5","开办“解困市场”和“工薪商场”开封为困难职工送温暖",41
"1996.2.6","周口地区民警力保春运安全",41
"1996.2.6","濮阳落实领导干部选拔任用《条例》",41
"1996.2.7","打工仔、打工妹是职工队伍中的一部分。南阳水泥厂的领导如何对待这些职工？请看报道——关心农民合同工",41
"1996.2.8","关心人温暖人教育人凝聚人南阳增强干部公仆意识",41
"1996.2.9","中农信投资驻马店大型农贸市场",41
"1996.2.9","三门峡农行两个文明双获丰收",41
"1996.2.12","建好原料基地加强技术改造河南卷烟工业实施名牌战略",41
"1996.2.12","濮阳市农行向班主任颁奖",41
"1996.2.13","河南建成防伪陶瓷瓶生产线",41
"1996.2.13","新乡研制出家用冷暖锅炉",41
"1996.2.14","坚守家园与寻找突破——当代文学格局中的河南作家群",41
"1996.2.15","濮阳市区乡镇企业焕发生机",41
"1996.2.24","政府统筹校企联姻社会参与许昌社区学院办出职教特色",41
"1996.2.25","让机遇落地生金——喜看商丘地区借京九促发展",41
"1996.2.26","郑州矿务局改制走向市场",41
"1996.2.26","河南公安机关提高干警素质全省五万多人接受培训",41
"1996.2.27","心系百姓奔小康——记河南省太康县逊母口镇党委书记刘世范",41
"1996.2.29","铺进大山的路耸立心中的碑——交通部洛阳扶贫纪实",41
"1996.2.29","加强培养严格考察新乡注重选好县级党政干部",41
"1996.3.2","“身入”方能“深入”——河南省民权县委书记毕福海一席谈",41
"1996.3.4","商丘积极开展科技拥军",41
"1996.3.8","南阳花市人如潮（）",41
"1996.3.8","河南１５０余万吨油料待售",41
"1996.3.10","乔石参加河南代表团审议《报告》时强调切实加快国有企业改革",41
"1996.3.17","河南全力抗旱保麦",41
"1996.3.18","漯河棉花收购无白条",41
"1996.3.26","信阳地区供电局为驻军某部解难",41
"1996.3.27","姜春云在河北河南检查抗旱双保时强调旱情不除抗旱不止",41
"1996.3.27","开封积极安置随军家属就业",41
"1996.3.27","驻马店“村民警察”保国道",41
"1996.3.29","科技水利是财神——河南省滑县发展农业纪略",41
"1996.4.1","“夕阳迷戏团”走红洛阳",41
"1996.4.1","新乡百余打工仔回乡办厂",41
"1996.4.4","漯河探索发展内陆经济",41
"1996.4.4","洛阳百货大楼打假治劣不手软",41
"1996.4.7","平顶山矿工背土植树矸石山一年成林",41
"1996.4.7","农民得到了实惠——河南农村合作医疗印象",41
"1996.4.8","河南一些金融机构以贷顶储",41
"1996.4.11","农行河南省分行全力支持抗旱",41
"1996.4.11","自觉体察民情虚心听取意见高青县变群众上访为干部下访平顶山市鼓励市民提批评建议",41
"1996.4.11","河南台前县专设“教育帐号”",41
"1996.4.12","农民种棉为啥犹豫？",41
"1996.4.15","安阳北关国税局加强税收征管",41
"1996.4.15","从严治长从严治警从厚待警焦作公安干警面貌一新",41
"1996.4.17","我家枕着平顶山",41
"1996.4.18","濮阳市直机关人员挂牌上岗",41
"1996.4.19","民俗风情演示为洛阳添欢乐",41
"1996.4.20","李岚清在河南安徽考察时谈教育和内外贸工作在实现两个根本性转变上下功夫",41
"1996.4.22","洛阳制冷厂效益名列同行前茅",41
"1996.4.23","河南民主选择企业经营者",41
"1996.4.24","弹簧钢生产线在郑州投产",41
"1996.4.24","邹家华在河南考察时强调地区经济发展要因地制宜发挥优势",41
"1996.4.24","南阳激光镭射厅：招牌改了内容依旧",41
"1996.4.25","“南阳妹”与“三味书屋”",41
"1996.4.28","重游开封",41
NA,NA,41
"1996.4.29","河南小麦病虫害严重",41
"1996.4.30","憎爱分明——记河南省临颍县公安局局长钮遂长",41
"1996.5.3","断掌埋入地下１６小时后再植成功河南一农民手掌失而复得",41
"1996.5.5","河南研讨跨世纪发展战略",41
"1996.5.5","彭珮云在河南考察合作医疗时说开封和林州经验有借鉴意义",41
"1996.5.6","焦作大力发展节水灌溉",41
"1996.5.6","面向主战场协作解难题河南科技攻关出成果增效益",41
"1996.5.9","中信郑州合作发展汽车业",41
"1996.5.9","许昌车站专项治理取得战果",41
"1996.5.10","河南打击车匪路霸",41
"1996.5.10","河南办大学生科技文化艺术节",41
"1996.5.15","河南农行开展“四讲一服务”活动",41
"1996.5.15","焦作市山阳区法制宣传制度化",41
"1996.5.15","青年志愿者在郑州作报告各界青年表示要为社会献爱心",41
"1996.5.17","农行许昌支行支持“菜篮子”工程",41
"1996.5.20","“虚”功实做——郑州铁路分局思想政治工作采访记",41
"1996.5.21","整顿思想作风解决突出问题濮阳市全面加强乡镇党委建设",41
"1996.5.22","豫东平原上的奇迹——莲花味精集团发展纪实",41
"1996.5.22","焦作市一批重大逃犯投案自首",41
"1996.5.24","英雄流血不流泪——南阳争相安置舍己救人退伍战士群体记事",41
"1996.5.26","以小康村建设统揽全局焦作农村经济加快产业化",41
"1996.5.27","发展社会生产力提高部队战斗力郑州科技双拥军民受益",41
"1996.5.28","南阳公安机关实施“大治安”战略",41
"1996.5.28","许昌市中级法院措施到位",41
"1996.5.29","找准切入点面貌大改观焦作市公安局加强队伍建设",41
"1996.5.30","除精神垃圾还文明本色郑州清除街头不良文化现象",41
"1996.5.30","河南重视感化失足犯罪少年",41
"1996.6.3","平顶山开发复垦率居全国先进水平",41
"1996.6.3","四川造地与占用耕地持平有余平顶山开发复垦率居全国先进水平",41
"1996.6.6","河南农行下力助“三夏”",41
"1996.6.6","周口国税局直属分局加强税源管理",41
"1996.6.6","郑州：新闻记者斗凶犯",41
"1996.6.7","江泽民在河南考察时强调始终抓紧农业尤其是粮食生产农业的持续发展也要依靠两个转变，农村经济和社会应当协调发展",41
"1996.6.7","“味精大王”其人其事——记全国人大代表、河南莲花味精企业集团总经理李怀清",41
"1996.6.7","’９６郑州广场文化活动好戏连台",41
"1996.6.8","沃野上的希望——江泽民总书记河南考察基层党组织纪实",41
"1996.6.8","知民冷暖多办实事——河南省鹿邑县委书记王富国一席谈",41
"1996.6.10","新乡力促欠发达县快“发达”",41
"1996.6.10","濮阳县破获一起特大盗窃案",41
"1996.6.11","发人深省——河南息县张氏父子流氓恶势力团伙覆灭引发的思考",41
"1996.6.12","揭示考试与人才消长的关系《河南考试史》值得一读",41
"1996.6.14","昔日是害如今是宝安阳市水泥厂变钢渣为财富",41
"1996.6.14","曼海姆击败豫园本菲卡大胜八一",41
"1996.6.14","河南：农资价格再度上涨农资经营困难增大",41
"1996.6.17","新乡郊区法院狠抓干警队伍建设",41
"1996.6.18","以法为据合理评估整体收购全员安置郑州七家破产企业走再生之路",41
"1996.6.19","河南夏粮收购资金落实到位",41
"1996.6.20","“洪水走廊”变样了——河南淮滨县发展县域经济记事",41
"1996.6.20","河南整顿规范社会力量办学２２５所不合格学校被撤销，１２３所学校被取消招生资格",41
"1996.6.21","南阳加强供港澳优质活畜基地建设",41
"1996.6.24","山上建银行山下开粮仓南阳山区十年耕地增一倍",41
"1996.6.24","张海燕——我叫“郑州站”",41
"1996.6.24","技术创新激发活力传统产业焕发青春高新技术在河南国有企业中唱主角",41
"1996.6.26","齐心合力打假理直气壮护真——从商丘市医疗器械厂遭遇引出的思考",41
"1996.6.27","寻求人生价值基层建功立业河南教委引导高校毕业生择业",41
"1996.7.3","淮河治污迈出第一步豫皖鲁苏沿淮９９９家小造纸厂全部关闭",41
"1996.7.4","平顶山狠抓企业目标成本管理三年消化增支减利因素十五亿元",41
"1996.7.4","河南省在英举行“经贸洽谈会”",41
"1996.7.4","豫鄂六市县加强金融监管协作",41
"1996.7.6","吴邦国在河南考察国有企业时强调坚定信心不断推进企业改革深入发展",41
"1996.7.8","洛阳牡丹盛夏开",41
"1996.7.15","加强农业基础深化农村改革推进农村经济和社会全面发展——在河南考察农业和农村工作时的讲话",41
"1996.7.16","京城大案在豫告破",41
"1996.7.18","本报邀请有关部委负责人座谈江泽民考察河南时的重要讲话始终抓紧农业和农村工作进一步加快农村经济改革",41
"1996.7.18","开封火车站安全生产创佳绩",41
"1996.7.21","河南省领导表示治污要克服地方保护主义",41
"1996.7.24","河南连破两起破坏农业生产大案",41
"1996.7.26","许昌县创办“农民大专班”“土秀才”成为“科技财神”",41
"1996.7.28","交钱不多受益不小开封农民尝到合作医疗甜头",41
"1996.7.29","安阳文峰区法院依法办案",41
"1996.7.30","商丘市举办庆京九通车建材促销会",41
"1996.7.30","台湾著名女指挥家张培豫呼吁——愿更多的人关心中国交响乐",41
"1996.7.30","解放思想优化环境促进发展信阳开展干部思想作风大讨论",41
"1996.7.31","信阳毛尖富农家",41
"1996.7.31","明确办学目标适应“普九”需要濮阳教育学院培养“一专多能”师资",41
"1996.7.31","凭专利打市场——郑州蝶阀厂科技兴厂纪事",41
"1996.8.1","焦作市马村区领导关心人武部建设",41
"1996.8.2","南阳法院积极处理涉农案件",41
"1996.8.6","郑州军供站注重思想政治工作",41
"1996.8.6","豫苏滇川甘夏粮喜获丰收收购入库工作进度加快",41
"1996.8.6","青春正是创业时——记河南省濮阳高新技术产业开发区的建设者",41
"1996.8.7","河南清理领导干部违规住房地厅级干部退房１０２套交超面积市场价款１４１．７万元",41
"1996.8.7","不拘一格选人育人用人豫光集团让青年人挑大梁",41
"1996.8.8","信阳金融系统联合支持重点企业",41
"1996.8.14","冲破观念的“死亡”线——看河南油田如何走出资源短缺困境",41
"1996.8.14","漯河市群众体育蓬勃发展连续五年被评为河南省先进群体地市",41
"1996.8.14","尽享运动的乐趣——记建行驻马店分行开展群体活动",41
"1996.8.15","洛阳大佳公司严把进货关",41
"1996.8.15","安阳县法院采取措施积极预防少年犯罪",41
"1996.8.19","郑州金水公安分局荣立集体一等功",41
"1996.8.20","安阳车站延伸服务区域",41
"1996.8.20","自戴“紧箍咒”专啃“硬骨头”济源破获一批疑难积案",41
"1996.8.22","精神面貌新工作效率高周口公安机关实施目标管理",41
"1996.8.23","开封车务段加快外运大蒜",41
"1996.8.23","焦作马村区检察院领导廉洁自律",41
"1996.8.24","自加压力实干富民——河南省宁陵县县委书记高道春一席谈",41
"1996.8.26","北京河南大厦落成使用",41
"1996.8.26","交行郑州分行业务电子化国内领先“神通卡”走向用户",41
"1996.8.26","总把人民装在心——记河南省安阳县法院吕村法庭副庭长苗长青",41
"1996.8.27","焦作小康文化进村入户巴中重视爱国主义教育",41
"1996.8.28","开封县建立警务工作站",41
"1996.8.28","河南为特困新生送“盘缠”",41
"1996.8.28","易学易记易用通用字元法在洛阳诞生",41
"1996.8.29","河南首家交通事故巡回法庭挂牌",41
"1996.8.29","河南职技师院开展社会实践",41
"1996.8.30","安阳玻壳公司加快新品开发",41
"1996.8.30","许昌加强农村民主法制建设目前全市７０％的村实现村民自治",41
"1996.8.30","营造英才荟萃的大舞台——河南华鑫制药厂发展纪事",41
"1996.8.30","文明使者遍山阳——焦作市山阳区社区志愿服务活动纪实",41
"1996.9.2","文明号进安阳",41
"1996.9.2","承诺服务贵在践诺上海铁路部门十项服务接受监督郑州电业局自加压力让用户满意",41
"1996.9.3","郑州全国商品交易会开幕",41
"1996.9.3","破大案打团伙成绩卓著郑州市公安局金水分局荣立集体一等功",41
"1996.9.3","信阳打击经济诈骗成绩显著",41
"1996.9.4","安阳工务段实现安全生产两千天",41
"1996.9.5","周口建行重视贷款绿色效益",41
"1996.9.7","发掘地方拳种促进武术繁荣全国演武大会在郑州开幕",41
"1996.9.9","李光耀访问河南",41
"1996.9.9","丹青难写是精神——记河南安阳县第一职业高中校长张有善",41
"1996.9.13","从看得见摸得着的实事抓起河南精神文明建设重实效",41
"1996.9.13","许昌走出高效农业管理新路产出率和商品率得到提高",41
"1996.9.13","河南风湿病医院成立",41
"1996.9.14","给群众一个明白——郑州市金水区区委书记本",41
"1996.9.16","维护农民利益和主渠道信誉河南供销社推出农资“质量信誉卡”",41
"1996.9.16","平顶山开发区提高引资质量",41
"1996.9.16","讲政治讲法制讲服务河南公安机关开展“三讲”教育",41
"1996.9.16","生死攸关的抉择——河南治理淮河污染纪实",41
"1996.9.18","山乡“孺子牛”——记河南林州市石板岩乡民政所所长杨凤岐",41
"1996.9.19","全国自行车场地赛河南队再破全国青年纪录",41
"1996.9.24","搭起一座桥梁——河南虞城县扶贫工作调查",41
"1996.10.3","文理渗透理工兼容郑州大学办学有特色",41
"1996.10.4","催生理性新枝的绿风——记新乡市解放军前卫门诊部医师王林",41
"1996.10.7","河南配套资金将足额到位",41
"1996.10.10","河南纪念人民治黄五十年",41
"1996.10.11","焦作中站区民兵协助搞社会治安",41
"1996.10.12","竹林深处有文章——河南省竹林镇精神文明建设纪事",41
"1996.10.14","用人在公——平顶山市人民检察院干部竞聘制改革纪实",41
"1996.10.15","濮阳挤掉23万亩虚报林果面积空军某军处分16名作假干部",41
"1996.10.16","河南开秤收购新棉",41
"1996.10.16","河南濮阳举行法官运动会",41
"1996.10.19","决不让贫困进入21世纪——河南虞城县靠苦干脱贫纪实",41
"1996.10.21","焦作研制出砂状冰晶石",41
"1996.10.21","形成群防群治网络治安绿洲初具规模漯河强化社会治安综合治理",41
"1996.10.21","三余载巧匠修胜迹九百年古渡逢盛世洛阳桥修复壮美如初",41
"1996.10.24","迈出坚实的脚步——记河南医科大学第一附属医院赵德华",41
"1996.10.26","中西部对外经济技术合作洽谈会在郑州开幕钱其琛等剪彩二十多个国家和地区与会",41
"1996.10.27","广泛开展群众性精神文明创建活动许昌农村“文化大院”作用不凡",41
"1996.10.28","濮阳县注重民兵科技培训",41
"1996.10.28","周口市积极征订党报党刊",41
"1996.10.30","钱其琛在河南考察时强调对外开放中发挥旅游先行作用",41
"1996.10.31","破除旧习俗树立新风尚新乡县村容村风大为改观",41
"1996.11.1","洛阳开发一项炼油新技术",41
"1996.11.4","传技能帮思想带作风郑州：国企导师带徒热",41
"1996.11.4","河南省举办首届农民门球赛",41
"1996.11.5","安阳县增大水利建设投入",41
"1996.11.7","改革供应体制改善供需衔接全国棉花交易会在郑州举行李鹏总理给大会发了贺信",41
"1996.11.7","布赫在河南考察时强调依法兴农要常抓不懈",41
"1996.11.7","徐光豫剪纸作品欣赏",41
"1996.11.8","郑州铁路与银行联手开拓运输市场银行营业厅也卖火车票",41
"1996.11.8","焦作市马村区千名民兵攀穷亲",41
"1996.11.9","要“土气”弃“官气”——河南扶沟县委书记陈永石一席谈",41
"1996.11.12","濮阳法院推行审判服务承诺制",41
"1996.11.13","目标管理量化考核南阳健全领导干部监督管理制度",41
"1996.11.14","用科学技术推动农业全面增长周口地区实施粮食安全工程",41
"1996.11.15","安阳车站引导青年读书成材",41
"1996.11.19","新乡市郊区法院切实为农民着想",41
"1996.11.19","商丘借京九办教育",41
"1996.11.19","豫南的阳光",41
"1996.11.20","制止非法开采保护国有煤矿平顶山整顿矿业秩序",41
"1996.11.22","围绕两个转变依靠自身求生存求发展河南煤炭行业扭亏为盈年产量突破１亿吨今年前１０个月盈利近３亿元",41
"1996.11.25","驻豫某部法制教育有成效",41
"1996.11.25","河南滑县一中教师生活条件改善",41
"1996.11.25","医德院风好转医疗设施改善郑州医疗行业步入良性循环",41
"1996.11.26","“有困难找我们”——郑州车站文明服务一瞥",41
"1996.11.28","机制的力量——记河南平顶山医药集团",41
"1996.11.28","汉梁文化研讨会在商丘举行",41
"1996.12.2","南阳审判机关当好“经济卫士”",41
"1996.12.4","检察机关履行职责加大反腐败斗争力度河南查处一批领导干部经济罪案",41
"1996.12.4","焦作市山阳区重视环境治理",41
"1996.12.5","贵在持之以恒力戒形式主义——访河南省委书记李长春",41
"1996.12.6","河南各级领导重视发行工作",41
"1996.12.8","洛阳关停取缔污染严重企业",41
"1996.12.9","强化职业道德温暖患者之心河南省人民医院新风拂面",41
"1996.12.9","洛阳师专美术教师画展在京举行",41
"1996.12.16","全国汽车展销订货会在郑州召开",41
"1996.12.18","加强金融监管规范经营行为三门峡认真整顿金融秩序",41
"1996.12.23","老问题新路子——郑州市推广农村政务管理经验",41
"1996.12.24","查人员查商品查手续河南大力清理联营柜台",41
"1996.12.24","洛阳交警支队严格执法保畅通",41
"1996.12.25","开封县靠科技带动发展",41
"1996.12.26","郑州实施“平安工程”",41
"1996.12.27","安阳县法院执行案件实行时限限制",41
"1996.12.27","农八师豫剧团进京演出《边城警魂》",41
"1996.12.31","中原风情时代画卷——看豫剧《蚂蜂庄的新姑爷》",41
